descriptor,mae,r2
lumo_ev|dipole_moment_debye|sasa|hbd,1.159665363727538,0.7423611285410477
homo_ev|gap_ev|h_nbo_charge|hbd,1.184147627475826,0.7400990949607058
omega|molecular_volume_A3|h_nbo_charge|logp,1.1914977261827395,0.7267981525952115
omega|dipole_moment_debye|sasa|hbd,1.1293450435204049,0.7114828662358497
omega|h_nbo_charge|sasa|hbd,1.3517124953252595,0.6996560676961014
gap_ev|omega|sasa|hbd,1.3072107964741466,0.6939405638079479
omega|sasa|hbd|hba,1.3072183831098445,0.6939396415182858
omega|sasa|4and5|hbd,1.3072106598822604,0.69393935187865
homo_ev|omega|sasa|hbd,1.3072258645871393,0.6939358637204609
omega|polar|sasa|hbd,1.307256164544081,0.6939130815572476
omega|o_nbo_charge|sasa|hbd,1.3088776110182174,0.6936895796154461
omega|sasa|3and6|hbd,1.3119676429757945,0.6916052579201002
omega|molecular_volume_A3|sasa|hbd,1.3295620926615943,0.6881264942285525
lumo_ev|molecular_volume_A3|h_nbo_charge|logp,1.2477120778079032,0.6832806420554072
omega|h_nbo_charge|4and5|hba,1.2921734045012343,0.6804262758981194
omega|h_nbo_charge|3and6|hba,1.2921808552980247,0.6804247214915335
omega|h_nbo_charge|polar|hba,1.2922002842582914,0.6804153922224343
omega|molecular_volume_A3|h_nbo_charge|hba,1.292202334600345,0.6804110765125508
homo_ev|omega|h_nbo_charge|hba,1.2931515454141187,0.6797086327897748
gap_ev|omega|h_nbo_charge|hba,1.303933483483991,0.6776700851383627
omega|h_nbo_charge|sasa|hba,1.306005192821083,0.6752000915807076
omega|molecular_volume_A3|h_nbo_charge|hbd,1.2629444570207122,0.6739409763101354
omega|h_nbo_charge|polar|hbd,1.2629404746864965,0.673940090426109
gap_ev|omega|h_nbo_charge|hbd,1.2629428925680746,0.6739398266209562
homo_ev|omega|h_nbo_charge|hbd,1.2629540188376056,0.6739388650812512
lumo_ev|omega|sasa|hbd,1.3698436206726317,0.6711374585522307
omega|h_nbo_charge|4and5|hbd,1.2745169550458784,0.6693327877161872
homo_ev|polar|sasa|hbd,1.3641064792249633,0.6650576034332898
lumo_ev|omega|h_nbo_charge|hbd,1.278836133944014,0.6637399992462493
omega|h_nbo_charge|logp|hba,1.3525584409990703,0.662534865039845
lumo_ev|h_nbo_charge|sasa|hba,1.336078525890496,0.6544856745232963
lumo_ev|sasa|3and6|hbd,1.47781973263129,0.6523179444207583
lumo_ev|sasa|4and5|hbd,1.477828034229579,0.6523144868988173
h_nbo_charge|o_nbo_charge|3and6|hbd,1.4463056649608443,0.6483102942349199
lumo_ev|molecular_volume_A3|sasa|hbd,1.492523352066642,0.6458762125317066
omega|dipole_moment_debye|h_nbo_charge|hbd,1.3306254156022683,0.643467800819515
omega|sasa|logp|hbd,1.4299716876843551,0.6410575016300877
lumo_ev|sasa|logp|hbd,1.507569380933397,0.6410359494375968
lumo_ev|sasa|hbd|hba,1.5059314606757142,0.6409999442222856
lumo_ev|o_nbo_charge|sasa|hbd,1.4955377772378209,0.6392387735489706
lumo_ev|polar|sasa|hbd,1.507604123359327,0.6381465914371769
homo_ev|lumo_ev|sasa|hbd,1.4669221600596871,0.635492627659777
lumo_ev|gap_ev|sasa|hbd,1.4751909061531554,0.6344535880120612
omega|dipole_moment_debye|h_nbo_charge|hba,1.401474249953612,0.6339670732655514
lumo_ev|sasa|hbd,1.52534767043096,0.6328253406334955
omega|h_nbo_charge|hbd|hba,1.345396898349519,0.6308338372504354
lumo_ev|h_nbo_charge|logp|hba,1.3429463852713752,0.6249111711792261
lumo_ev|h_nbo_charge|polar|hba,1.3429527608586465,0.6249072346702442
lumo_ev|gap_ev|h_nbo_charge|hba,1.34295445005863,0.6249047144907917
lumo_ev|molecular_volume_A3|h_nbo_charge|hba,1.3429552540485314,0.624904503231688
homo_ev|lumo_ev|h_nbo_charge|hba,1.3429548157466968,0.6249020248284636
homo_ev|gap_ev|sasa|hbd,1.2893116107110207,0.618649996703062
omega|sasa|hbd,1.461359865100512,0.61591571400863
lumo_ev|h_nbo_charge|4and5|hba,1.385896634757774,0.615080160944196
homo_ev|lumo_ev|h_nbo_charge|hbd,1.2983432069628411,0.6131800635578846
lumo_ev|omega|h_nbo_charge|hba,1.43081066067416,0.6116900463183039
lumo_ev|h_nbo_charge|3and6|hba,1.4102222601636203,0.6043609824853758
omega|h_nbo_charge|o_nbo_charge|hba,1.4400420980334565,0.6040242407474987
lumo_ev|dipole_moment_debye|h_nbo_charge|hba,1.40513904645171,0.5971338390222981
omega|h_nbo_charge|3and6|hbd,1.4663396127291697,0.582541852093029
lumo_ev|gap_ev|h_nbo_charge|hbd,1.3112527192173793,0.5798008885495862
homo_ev|molecular_volume_A3|sasa|hbd,1.5373319726841177,0.5707386277375914
lumo_ev|dipole_moment_debye|o_nbo_charge|sasa,1.6404576032291731,0.566672354442971
lumo_ev|dipole_moment_debye|sasa|4and5,1.6404900301119651,0.5666488228355067
lumo_ev|dipole_moment_debye|sasa,1.640491687545062,0.5666456467375682
lumo_ev|omega|dipole_moment_debye|sasa,1.6405026673848075,0.5666423989480691
lumo_ev|dipole_moment_debye|sasa|3and6,1.6422935423003464,0.5656377475388199
omega|h_nbo_charge|logp|hbd,1.3859781452254043,0.5636525756603216
gap_ev|omega|molecular_volume_A3|h_nbo_charge,1.622396383386807,0.5614522855815771
lumo_ev|molecular_volume_A3|sasa|hba,1.571868604702663,0.5502095211538252
lumo_ev|polar|sasa|hba,1.5718837994101704,0.5502059626944322
lumo_ev|sasa|3and6|hba,1.5718689871772316,0.550205519769464
lumo_ev|sasa|4and5|hba,1.5718745760827375,0.5502029722332304
lumo_ev|omega|sasa|hba,1.571888653762432,0.5501961779542781
homo_ev|lumo_ev|sasa|hba,1.5749664946324824,0.548561948254946
lumo_ev|dipole_moment_debye|sasa|logp,1.6619516241299364,0.5469560058744154
lumo_ev|omega|molecular_volume_A3|h_nbo_charge,1.635078809776525,0.5451965756147106
homo_ev|lumo_ev|dipole_moment_debye|sasa,1.6987867569552106,0.5421243332891342
lumo_ev|h_nbo_charge|hba,1.4302248197949758,0.5415898323116599
lumo_ev|h_nbo_charge|polar|logp,1.5063074403140984,0.5413483776871792
lumo_ev|gap_ev|sasa|hba,1.5928477377976822,0.5386901753503277
lumo_ev|molecular_volume_A3|h_nbo_charge|polar,1.6651284700588145,0.5386367970825028
lumo_ev|molecular_volume_A3|h_nbo_charge|3and6,1.673447820973717,0.5364507945172349
homo_ev|omega|molecular_volume_A3|h_nbo_charge,1.6747050452057255,0.5353089907895457
lumo_ev|dipole_moment_debye|sasa|hba,1.6140047372947184,0.5345946862381279
lumo_ev|h_nbo_charge|polar|hbd,1.4338600404397932,0.5300561640514884
homo_ev|lumo_ev|molecular_volume_A3|h_nbo_charge,1.705439544490088,0.5280937670620647
lumo_ev|h_nbo_charge|sasa|hbd,1.6489396354479515,0.5277977658196871
lumo_ev|dipole_moment_debye|h_nbo_charge|sasa,1.6875143334417453,0.5261943084328414
homo_ev|omega|sasa|hba,1.5991258271656246,0.5253255982454281
lumo_ev|molecular_volume_A3|h_nbo_charge|sasa,1.71010202651343,0.5250636471741543
dipole_moment_debye|o_nbo_charge|3and6|hbd,1.5876290994489202,0.5234555373070275
gap_ev|omega|dipole_moment_debye|sasa,1.733670275272311,0.5226905961482224
gap_ev|omega|sasa|hba,1.605286460871696,0.522554173108588
lumo_ev|dipole_moment_debye|molecular_volume_A3|sasa,1.7218159840400915,0.5206373085080545
omega|molecular_volume_A3|h_nbo_charge|o_nbo_charge,1.6975414567753215,0.5203005386404302
omega|molecular_volume_A3|h_nbo_charge|polar,1.7173387010588022,0.5188542740408151
omega|molecular_volume_A3|h_nbo_charge|3and6,1.71733191171449,0.5188510090973986
lumo_ev|molecular_volume_A3|h_nbo_charge|o_nbo_charge,1.6717823061017645,0.5178058851066528
lumo_ev|molecular_volume_A3|h_nbo_charge|hbd,1.476944444510078,0.5125501709938671
omega|molecular_volume_A3|h_nbo_charge|sasa,1.742332366869214,0.5083299262150052
lumo_ev|molecular_volume_A3|h_nbo_charge|4and5,1.7582787962401851,0.5080327752175648
lumo_ev|o_nbo_charge|sasa|hba,1.6563575890212086,0.5075309341815349
homo_ev|gap_ev|sasa|hba,1.592769303947314,0.5030951756591013
homo_ev|omega|dipole_moment_debye|sasa,1.7821341034633384,0.502949485590146
omega|molecular_volume_A3|h_nbo_charge|4and5,1.765835548886675,0.5028558354410403
lumo_ev|dipole_moment_debye|3and6|hbd,1.701776205367229,0.4968197453513836
lumo_ev|h_nbo_charge|hbd|hba,1.4804809666359684,0.4966440970846161
lumo_ev|dipole_moment_debye|h_nbo_charge|hbd,1.4520261237592809,0.491623092628085
lumo_ev|dipole_moment_debye|polar|sasa,1.7407485953406434,0.4913223042921344
lumo_ev|sasa|hba,1.6715786595325668,0.487563360295245
lumo_ev|sasa|logp|hba,1.664211342145644,0.4871972214347162
omega|h_nbo_charge|hbd,1.5882422591545575,0.4863200926918175
gap_ev|o_nbo_charge|3and6|hbd,1.6725222467662526,0.4847753680688698
omega|dipole_moment_debye|3and6|hbd,1.7260724112594117,0.4839516436840407
o_nbo_charge|3and6|hbd,1.693973374055032,0.4822419167768192
o_nbo_charge|polar|3and6|hbd,1.6786443006212366,0.4813174845029787
omega|sasa|logp|hba,1.6343994367406631,0.4812747040613289
omega|dipole_moment_debye|o_nbo_charge|sasa,1.809954738454404,0.4794015707995585
lumo_ev|h_nbo_charge|4and5|hbd,1.4938916799548945,0.4790717876970864
gap_ev|omega|h_nbo_charge|polar,1.7814107480347072,0.4781067885723414
lumo_ev|dipole_moment_debye|3and6,1.776793147934958,0.476959688038697
homo_ev|h_nbo_charge|polar|hbd,1.6191966325233595,0.4763640831598917
lumo_ev|h_nbo_charge|o_nbo_charge|hba,1.6352983249500823,0.4752388451046423
molecular_volume_A3|o_nbo_charge|3and6|hbd,1.6934782599793714,0.4729256828974846
lumo_ev|h_nbo_charge|polar|3and6,1.8080213820604465,0.4695236409492466
omega|dipole_moment_debye|sasa|4and5,1.824279787644062,0.4663151687245148
omega|h_nbo_charge|polar|logp,1.817766754080936,0.4651683392620076
omega|dipole_moment_debye|sasa|hba,1.7357567502020177,0.4637079291468665
lumo_ev|dipole_moment_debye|3and6|4and5,1.7977982740697371,0.4629082790503085
omega|dipole_moment_debye|molecular_volume_A3|sasa,1.8379201841930968,0.4626686705270224
omega|dipole_moment_debye|sasa|3and6,1.8307803299051075,0.4623755060223706
omega|dipole_moment_debye|sasa,1.829703780117578,0.4613351368000724
omega|sasa|4and5|hba,1.6987347237678347,0.4611091271215416
omega|sasa|3and6|hba,1.698767596005557,0.461094887971304
lumo_ev|h_nbo_charge|logp|hbd,1.560612870118888,0.4608325042006046
o_nbo_charge|3and6|hbd|hba,1.7181747776040666,0.4599174989921212
omega|h_nbo_charge|o_nbo_charge|hbd,1.822168494381106,0.4575610935285995
o_nbo_charge|3and6|4and5|hbd,1.7358995698750554,0.4531231755542798
homo_ev|omega|h_nbo_charge|polar,1.8401000189086496,0.4506554055410485
omega|polar|sasa|hba,1.7235774375869857,0.4506546840221195
lumo_ev|dipole_moment_debye|3and6|hba,1.8269754288566569,0.4492578769732853
omega|h_nbo_charge|polar|3and6,1.8360135063339904,0.4481555680128012
homo_ev|lumo_ev|h_nbo_charge|polar,1.8632843586021168,0.4470172146995973
homo_ev|molecular_volume_A3|3and6|hbd,1.6599695241357395,0.4464879782505866
homo_ev|gap_ev|h_nbo_charge|hba,1.585037489838644,0.445976514794677
homo_ev|o_nbo_charge|3and6|hbd,1.7737334495317103,0.4451986107792361
omega|molecular_volume_A3|sasa|hba,1.736291604260625,0.4436466481713454
lumo_ev|dipole_moment_debye|o_nbo_charge|3and6,1.832926995018097,0.4387322793891235
lumo_ev|dipole_moment_debye|h_nbo_charge|3and6,1.8226716642844607,0.4370481158967971
homo_ev|polar|3and6|hbd,1.6879777070704278,0.4353342971605062
lumo_ev|h_nbo_charge|polar|4and5,1.897011534922535,0.4347123698718201
lumo_ev|molecular_volume_A3|sasa|logp,1.8094963990194664,0.4300444618140215
omega|h_nbo_charge|polar|4and5,1.894562122142677,0.4259519820932251
lumo_ev|gap_ev|dipole_moment_debye|sasa,1.864841121556014,0.4229174722215004
lumo_ev|h_nbo_charge|hbd,1.4977564484653716,0.4210030975580233
homo_ev|gap_ev|molecular_volume_A3|sasa,1.8131241953490147,0.416189672267281
lumo_ev|o_nbo_charge|3and6|hbd,1.712442609266913,0.4154769284857094
omega|sasa|hba,1.8973168880341704,0.4135207188369285
lumo_ev|dipole_moment_debye|3and6|logp,1.8413159482241024,0.4087660143944859
omega|o_nbo_charge|3and6|hbd,1.6908612505528977,0.4059560907212752
lumo_ev|gap_ev|sasa,1.8962140036530504,0.4021152013013855
homo_ev|lumo_ev|omega|sasa,1.896230828001028,0.4021083500860445
homo_ev|lumo_ev|gap_ev|sasa,1.896230828141592,0.4021083499833927
homo_ev|lumo_ev|sasa|logp,1.896231281350326,0.4021081997893845
lumo_ev|sasa|3and6,1.8962310481341065,0.4021076236324398
lumo_ev|sasa|logp,1.8962310481438072,0.4021076236286308
homo_ev|lumo_ev|sasa|3and6,1.896228231067872,0.402107377378756
lumo_ev|omega|sasa|3and6,1.896234842307996,0.4021073608011254
lumo_ev|sasa|3and6|logp,1.896232959428349,0.4021069216715407
lumo_ev|omega|sasa,1.8962328928124208,0.4021068982952791
lumo_ev|gap_ev|omega|sasa,1.896233436675301,0.4021060501245496
homo_ev|lumo_ev|sasa,1.8962335857547647,0.4021051612212232
lumo_ev|gap_ev|sasa|logp,1.896231707662794,0.4021046457717577
lumo_ev|gap_ev|sasa|3and6,1.8962469215788664,0.4021012003350934
lumo_ev|gap_ev|sasa|4and5,1.902602858423486,0.3972140871820721
lumo_ev|omega|sasa|4and5,1.9026138723159407,0.3971985838881348
lumo_ev|sasa|3and6|4and5,1.9026223573125876,0.3971948203303782
homo_ev|lumo_ev|sasa|4and5,1.9026301440126256,0.3971926861764379
lumo_ev|sasa|4and5,1.9026242058381024,0.3971925653556287
lumo_ev|sasa|4and5|logp,1.9026365969112384,0.3971836188705323
omega|h_nbo_charge|polar|sasa,1.9690413374505007,0.3957572153878026
homo_ev|gap_ev|polar|sasa,1.870539791022155,0.3941734723956102
omega|dipole_moment_debye|h_nbo_charge|sasa,1.9206112377695517,0.3923375232820443
omega|dipole_moment_debye|polar|sasa,1.9262096656011565,0.3914198502885353
omega|dipole_moment_debye|sasa|logp,1.8957722615641568,0.3905761319568291
lumo_ev|h_nbo_charge|sasa,1.9165484071904144,0.3856987511415171
homo_ev|lumo_ev|h_nbo_charge|sasa,1.91655605970876,0.3856928426565779
gap_ev|omega|molecular_volume_A3|sasa,1.9348011895266983,0.3820448130178049
homo_ev|omega|sasa|3and6,1.9664232274103857,0.377633846714252
omega|sasa|3and6,1.966422008672878,0.3776335071012949
omega|sasa|4and5,1.9665650980931373,0.3775091008596528
lumo_ev|molecular_volume_A3|sasa|3and6,1.9649137619780144,0.3771558411695407
homo_ev|lumo_ev|molecular_volume_A3|sasa,1.964929273714195,0.3771476381508124
lumo_ev|omega|molecular_volume_A3|sasa,1.9649447176785568,0.3771373606970301
lumo_ev|molecular_volume_A3|sasa|4and5,1.964969143032808,0.3771269088969692
lumo_ev|molecular_volume_A3|polar|sasa,1.964970040551693,0.377116200799422
homo_ev|omega|sasa,1.9677843929047436,0.3761146870086365
omega|dipole_moment_debye|3and6|4and5,1.9984772258489376,0.3753914880181156
lumo_ev|omega|o_nbo_charge|sasa,1.934050121050758,0.3751943548036778
homo_ev|omega|sasa|4and5,1.9692692561083616,0.3751455404870925
omega|sasa|3and6|4and5,1.9692588985482136,0.3751454727937884
lumo_ev|o_nbo_charge|sasa|3and6,1.935776048401456,0.3749950619405907
lumo_ev|o_nbo_charge|sasa,1.9343388526959464,0.3749838378349199
lumo_ev|sasa,1.941587430295516,0.374964480456174
dipole_moment_debye|h_nbo_charge|o_nbo_charge|3and6,1.981470871485606,0.3749194205352872
homo_ev|dipole_moment_debye|o_nbo_charge|3and6,1.981492401639181,0.3749019688327741
lumo_ev|gap_ev|o_nbo_charge|sasa,1.934706804724441,0.3747409890032315
homo_ev|lumo_ev|o_nbo_charge|sasa,1.9348690921103844,0.3746131454056014
lumo_ev|o_nbo_charge|sasa|4and5,1.9416255578114183,0.3704425921877315
lumo_ev|gap_ev|molecular_volume_A3|sasa,1.992264441311721,0.3674667914806491
omega|polar|sasa,1.9789839889706824,0.3666828545920046
lumo_ev|h_nbo_charge|polar|sasa,2.081698202606178,0.3662272144900156
homo_ev|omega|polar|sasa,1.9797556665461684,0.3659759038221433
lumo_ev|dipole_moment_debye|molecular_volume_A3|3and6,1.9644443047059676,0.3651428634147028
homo_ev|gap_ev|3and6|hbd,1.6959497802586807,0.3649363439081922
omega|dipole_moment_debye|o_nbo_charge|3and6,1.9895161297330624,0.3585269296658551
lumo_ev|omega|dipole_moment_debye|3and6,1.8943152354877,0.3583490697400163
omega|3and6|logp|hbd,1.7111582132401864,0.3570649076272848
lumo_ev|polar|sasa,1.974702016411683,0.3556717985847857
dipole_moment_debye|o_nbo_charge|3and6|4and5,2.012925061108504,0.355244874233573
lumo_ev|dipole_moment_debye|polar|3and6,1.9723445006426468,0.3535420028639146
lumo_ev|molecular_volume_A3|sasa,1.9668500900946808,0.3533862668392348
omega|molecular_volume_A3|h_nbo_charge,1.8955462085822257,0.3532943650541359
omega|molecular_volume_A3|sasa|logp,1.9289512983400268,0.3507029096078675
omega|h_nbo_charge|sasa|4and5,2.007412701875077,0.3489176270916759
omega|sasa|3and6|logp,2.000241783925271,0.3483992465824751
omega|sasa|logp,2.0002601278042644,0.3483815080528299
omega|sasa|4and5|logp,2.00037368149381,0.3482835057056016
lumo_ev|polar|sasa|logp,2.0179064789031727,0.3482680965363017
lumo_ev|polar|sasa|4and5,2.0179149996163708,0.3482629787275144
lumo_ev|omega|polar|sasa,2.0179158164079056,0.348261585238737
homo_ev|lumo_ev|polar|sasa,2.0179197690673925,0.3482608581631393
lumo_ev|polar|sasa|3and6,2.0179102958576274,0.348256150830735
homo_ev|gap_ev|omega|sasa,2.0122876834101624,0.3441101110803144
gap_ev|omega|sasa,2.0122929044224267,0.3441015125406748
gap_ev|omega|sasa|3and6,2.0123105882228,0.3440885368961931
gap_ev|omega|3and6|hbd,1.76727683226789,0.3427862679498642
homo_ev|omega|3and6|hbd,1.767289444856467,0.342780761958856
o_nbo_charge|3and6|hba,1.9485083315903375,0.3419808454229827
gap_ev|omega|sasa|4and5,2.015108685491536,0.3416276163534412
omega|3and6|hbd|hba,1.7851041980810125,0.3407807810766936
homo_ev|o_nbo_charge|3and6|hba,1.962992008443641,0.3407715912880602
molecular_volume_A3|o_nbo_charge|3and6|hba,1.9630426064555149,0.340686944751734
o_nbo_charge|polar|3and6|hba,1.9631177779501487,0.3406306361405851
omega|dipole_moment_debye|molecular_volume_A3|3and6,2.083886191874236,0.3397818803189865
lumo_ev|gap_ev|polar|sasa,2.0351781788726355,0.3391696075749545
lumo_ev|h_nbo_charge|sasa|3and6,1.9879701886148904,0.3388545930090449
omega|dipole_moment_debye|3and6,2.03355596258311,0.3383602277462506
omega|h_nbo_charge|hba,1.816580292454841,0.3366281157574748
o_nbo_charge|3and6|4and5|hba,1.9689583851615056,0.3357996633446045
gap_ev|o_nbo_charge|3and6|hba,1.974852349465576,0.3331483766946134
omega|dipole_moment_debye|h_nbo_charge|3and6,2.1014075870350557,0.3330152766343071
lumo_ev|molecular_volume_A3|o_nbo_charge|sasa,2.043255371555158,0.3311482523889154
lumo_ev|omega|h_nbo_charge|sasa,2.016182073105308,0.3294832022827171
omega|h_nbo_charge|sasa,2.021843782983952,0.3282232166971409
homo_ev|omega|h_nbo_charge|sasa,2.021873307743451,0.328185475536229
omega|3and6|logp|hba,1.9680602362050676,0.3263469370540075
omega|o_nbo_charge|sasa,2.067514275977783,0.3251580065007265
homo_ev|sasa|hbd,1.871862923137616,0.3248817664552232
homo_ev|3and6|logp|hbd,1.9444959027703304,0.324820205055793
homo_ev|omega|o_nbo_charge|sasa,2.068886160376179,0.323629371828765
lumo_ev|o_nbo_charge|polar|sasa,2.054486991239357,0.3235148723643616
omega|o_nbo_charge|sasa|4and5,2.069819710995408,0.322867685148236
omega|molecular_volume_A3|sasa,2.050259290897431,0.3226720380177449
lumo_ev|dipole_moment_debye|h_nbo_charge|polar,2.010472225681429,0.3200828767013575
omega|molecular_volume_A3|polar|sasa,2.0609587076354527,0.3193395620943824
omega|h_nbo_charge|sasa|3and6,2.0429573424073277,0.3189308302385758
homo_ev|lumo_ev|dipole_moment_debye|3and6,1.9592370270007,0.3188473356881964
gap_ev|omega|polar|sasa,2.134692898443354,0.3183576243298289
omega|sasa,2.1079525331862103,0.3183051194905317
omega|molecular_volume_A3|sasa|4and5,2.064080040160296,0.318233850369738
omega|molecular_volume_A3|sasa|3and6,2.064112626025309,0.3182142886262245
homo_ev|omega|molecular_volume_A3|sasa,2.105299732630215,0.3156573740237637
homo_ev|h_nbo_charge|logp|hbd,1.8441589589233984,0.3153492562229523
homo_ev|sasa|3and6|hbd,1.857556789650876,0.3137959402219471
homo_ev|sasa|hbd|hba,1.9318515572745223,0.3106068975514467
homo_ev|gap_ev|omega|dipole_moment_debye,2.0308432979764404,0.309585319131377
lumo_ev|gap_ev|dipole_moment_debye|3and6,1.9658969841515035,0.3089195597773907
lumo_ev|gap_ev|omega|dipole_moment_debye,2.0445319594310267,0.3074234099285102
lumo_ev|gap_ev|dipole_moment_debye,2.0445253203171565,0.3074227104947861
homo_ev|lumo_ev|gap_ev|dipole_moment_debye,2.0445314200216624,0.3074197224328825
omega|dipole_moment_debye|3and6|hba,2.0952407228204666,0.3063250675989785
lumo_ev|dipole_moment_debye|h_nbo_charge|logp,2.030212551030044,0.3055666704667612
lumo_ev|dipole_moment_debye|h_nbo_charge|4and5,2.0302397971401764,0.3055619495002111
homo_ev|gap_ev|sasa|3and6,2.0179243729264824,0.3035616634844869
homo_ev|molecular_volume_A3|h_nbo_charge|hbd,1.9341530056373095,0.3028713401008097
homo_ev|sasa|4and5|hbd,1.9022388656718676,0.3011600547317338
omega|o_nbo_charge|polar|sasa,2.0928966320440265,0.2989690316072613
gap_ev|omega|h_nbo_charge|sasa,2.0551914723792053,0.2989279611140478
lumo_ev|o_nbo_charge|sasa|logp,2.0030253111503717,0.2984790145589584
lumo_ev|dipole_moment_debye|hba,2.1302266646735557,0.2982538574067557
lumo_ev|omega|dipole_moment_debye,2.13023029801205,0.2982521708988913
homo_ev|gap_ev|sasa|logp,2.025339819171291,0.2964748887306213
homo_ev|gap_ev|omega|h_nbo_charge,1.9715307850854769,0.2943447393459204
gap_ev|omega|dipole_moment_debye|3and6,1.9753801171528655,0.293471416656238
homo_ev|gap_ev|sasa|4and5,2.032813653613929,0.289951980669114
omega|h_nbo_charge|polar,2.0027975113438448,0.2895992010265908
gap_ev|omega|o_nbo_charge|sasa,2.121437242333988,0.288340358877088
lumo_ev|omega|sasa|logp,1.998107105661352,0.2882931038712515
lumo_ev|omega|dipole_moment_debye|h_nbo_charge,2.142985937899921,0.2878327042651413
lumo_ev|omega|h_nbo_charge|polar,2.019548780990275,0.2875562724200788
lumo_ev|polar|3and6|hbd,1.788681853545116,0.2863277243949665
omega|polar|sasa|4and5,2.053721705742974,0.2851170826442809
lumo_ev|omega|3and6|hba,2.023835678742451,0.284719302026036
lumo_ev|molecular_volume_A3|3and6|hba,2.023830640688258,0.2847097865480319
lumo_ev|polar|3and6|hba,2.0238559327627668,0.2846989842870477
homo_ev|lumo_ev|3and6|hba,2.023865515942652,0.2846961614587742
omega|dipole_moment_debye|3and6|logp,2.071454972747327,0.2813592705715481
lumo_ev|gap_ev|3and6|hbd,1.794741362514073,0.2803950423650357
dipole_moment_debye|o_nbo_charge|3and6|logp,2.132006566103048,0.2802359265644071
lumo_ev|gap_ev|h_nbo_charge|o_nbo_charge,2.0623646173387766,0.2742097947663734
o_nbo_charge|sasa|3and6|hbd,1.9176765271510263,0.2728223394148306
lumo_ev|h_nbo_charge|polar,2.02525210215965,0.2719932598933317
h_nbo_charge|o_nbo_charge|3and6|hba,2.0982799053034227,0.2714561469033251
lumo_ev|dipole_moment_debye|h_nbo_charge,2.106971845404821,0.2713551185611876
lumo_ev|dipole_moment_debye|o_nbo_charge,2.187911858790207,0.2704843332010965
gap_ev|omega|dipole_moment_debye,2.097850051135747,0.2703604108599313
omega|polar|sasa|3and6,2.063698940053801,0.2700248206596966
lumo_ev|o_nbo_charge|3and6|hba,2.092499212270578,0.2684060556736465
o_nbo_charge|3and6|logp|hbd,1.994202549223508,0.2671640086983369
homo_ev|lumo_ev|3and6|hbd,1.8098662387169524,0.266644055039984
homo_ev|lumo_ev|dipole_moment_debye,2.171157331909711,0.2662438135912159
lumo_ev|4and5|hbd,1.898897443994886,0.2658417776133521
omega|h_nbo_charge|4and5,1.9916390957346664,0.2656021156863642
homo_ev|lumo_ev|omega|dipole_moment_debye,2.172675396848209,0.2655850011569789
omega|dipole_moment_debye|h_nbo_charge|4and5,2.05807050735285,0.2651450375520675
homo_ev|sasa|logp|hbd,1.987965168326058,0.264845167158923
homo_ev|gap_ev|3and6|hba,1.979326933196931,0.2627164275882752
homo_ev|dipole_moment_debye|sasa|hbd,2.0678094112479948,0.2625745776955859
lumo_ev|gap_ev|3and6|hba,2.0440321389367555,0.2625203874061979
dipole_moment_debye|o_nbo_charge|3and6|hba,2.1165248254883964,0.2619097589567637
lumo_ev|4and5|hbd|hba,1.9534852012175967,0.2590622072448972
homo_ev|omega|dipole_moment_debye,2.141997286510381,0.2584695922854094
lumo_ev|dipole_moment_debye,2.2158257437996096,0.256630254893273
omega|o_nbo_charge|3and6|hba,2.0970810288562234,0.2562415188614767
lumo_ev|omega|3and6|hbd,1.899797657857024,0.2562359985665172
homo_ev|lumo_ev|dipole_moment_debye|h_nbo_charge,2.134730348518164,0.2550172596028639
homo_ev|gap_ev|o_nbo_charge|3and6,2.104291472456152,0.254535499108984
homo_ev|gap_ev|dipole_moment_debye|sasa,1.9548452767087536,0.2524353046836909
omega|4and5|hbd|hba,1.973970329650486,0.2497076832276298
o_nbo_charge|3and6|logp,2.1123797863610427,0.2480325818636083
lumo_ev|gap_ev|h_nbo_charge|polar,2.0892192882989677,0.2480297062805563
lumo_ev|dipole_moment_debye|hbd|hba,2.19051695575852,0.2480082712189131
omega|h_nbo_charge|3and6,2.108647880641994,0.2473392906253693
omega|polar|sasa|logp,2.1178067069751942,0.2472585226286738
homo_ev|omega|dipole_moment_debye|h_nbo_charge,2.165672530190655,0.2465291501024246
lumo_ev|h_nbo_charge|o_nbo_charge|3and6,2.17054089709108,0.2460772444208947
homo_ev|lumo_ev|h_nbo_charge|o_nbo_charge,2.0922962938880265,0.2458131486344191
lumo_ev|h_nbo_charge|o_nbo_charge,2.0923393391399707,0.2457744753481071
lumo_ev|dipole_moment_debye|molecular_volume_A3,2.187448416780217,0.2452347319922713
omega|h_nbo_charge|logp,2.05461094605628,0.2439706294652691
lumo_ev|dipole_moment_debye|h_nbo_charge|o_nbo_charge,2.1593388072669195,0.243676434931792
homo_ev|lumo_ev|dipole_moment_debye|o_nbo_charge,2.22872408651502,0.2433921882425925
homo_ev|omega|dipole_moment_debye|molecular_volume_A3,2.171050383731105,0.2433129609018354
lumo_ev|dipole_moment_debye|o_nbo_charge|hba,2.2133528278953274,0.2422849737675017
gap_ev|omega|dipole_moment_debye|h_nbo_charge,2.206575449431792,0.2418074374401937
omega|polar|3and6|hbd,1.9337624826682165,0.2393361788050733
homo_ev|h_nbo_charge|o_nbo_charge|3and6,2.1496205507732125,0.2392365567856594
lumo_ev|h_nbo_charge|o_nbo_charge|4and5,2.098805831073476,0.2389905218504568
lumo_ev|3and6|4and5|hba,2.087393984813886,0.2377432395380906
lumo_ev|dipole_moment_debye|polar,2.1947300976573803,0.2371784649622784
homo_ev|gap_ev|dipole_moment_debye|3and6,1.9690139093857768,0.2370587330365126
lumo_ev|dipole_moment_debye|hbd,2.212574936658588,0.2367330400308855
lumo_ev|gap_ev|h_nbo_charge|sasa,2.256635113975341,0.2362258142581529
dipole_moment_debye|o_nbo_charge|polar|3and6,2.1787630579850505,0.2347801545985
lumo_ev|h_nbo_charge|o_nbo_charge|hbd,1.9141694639882372,0.2312941991138224
lumo_ev|3and6|logp|hba,2.0960214291436947,0.2307855283635078
homo_ev|omega|dipole_moment_debye|o_nbo_charge,2.194197880164786,0.2292834433000092
o_nbo_charge|polar|3and6,2.146911022472119,0.2254664398905022
omega|o_nbo_charge|3and6,2.0966709074233933,0.2244249305563151
homo_ev|omega|4and5|hbd,1.9881026755404807,0.2241600209183299
homo_ev|omega|dipole_moment_debye|hba,2.2044943342035945,0.2235376637724133
gap_ev|h_nbo_charge|o_nbo_charge|3and6,2.1746989328712965,0.2214573792671144
omega|molecular_volume_A3|3and6|hba,2.1338399343379315,0.220933990191535
lumo_ev|dipole_moment_debye|4and5|hbd,2.207502027565478,0.2206026725929645
lumo_ev|dipole_moment_debye|logp,2.209576432561593,0.2198372382381891
lumo_ev|molecular_volume_A3|3and6|hbd,1.904153163471558,0.2196864018207154
lumo_ev|omega|dipole_moment_debye|o_nbo_charge,2.2792444997671653,0.2175569440215643
omega|polar|3and6|hba,2.15705114754071,0.2163878296481292
homo_ev|omega|3and6|hba,2.1358909279499927,0.216153273241619
gap_ev|omega|h_nbo_charge|o_nbo_charge,2.239756830170489,0.2138670009433677
omega|polar|4and5|hbd,1.996382938265855,0.2125118518807156
lumo_ev|molecular_volume_A3|h_nbo_charge,2.0620366090932696,0.2123877761352135
lumo_ev|gap_ev|4and5|hbd,1.9891227944001264,0.2115341606117033
lumo_ev|molecular_volume_A3|4and5|hbd,1.9891777084517432,0.2115187509443691
omega|molecular_volume_A3|4and5|hbd,1.997861092381082,0.2103819074268512
lumo_ev|polar|4and5|hbd,1.990158330481872,0.2101041937190439
omega|3and6|4and5|hba,2.123226212213688,0.210012949795258
omega|h_nbo_charge|o_nbo_charge,2.24433354049229,0.2099298944416069
homo_ev|omega|dipole_moment_debye|3and6,2.195769993660083,0.2098134510718921
lumo_ev|omega|o_nbo_charge|3and6,2.130886097448449,0.2096390207096716
homo_ev|gap_ev|sasa,2.131087918770944,0.209262722407915
gap_ev|molecular_volume_A3|o_nbo_charge|3and6,2.0888114965606945,0.2092082585983083
homo_ev|h_nbo_charge|sasa|hbd,1.9974489610500097,0.2090287509957642
gap_ev|o_nbo_charge|polar|3and6,2.1151333628115854,0.2083965658364854
homo_ev|lumo_ev|o_nbo_charge|3and6,2.1472437231706683,0.2083387330000725
lumo_ev|h_nbo_charge|o_nbo_charge|logp,2.130615377632923,0.2075834631398083
omega|o_nbo_charge|sasa|3and6,2.2578724059001147,0.205153245295814
lumo_ev|gap_ev|dipole_moment_debye|h_nbo_charge,2.079166343053737,0.2050123760057479
homo_ev|omega|o_nbo_charge|3and6,2.178237722682098,0.2047888341612976
omega|o_nbo_charge|4and5|hbd,2.058763563981195,0.2037496625392653
lumo_ev|gap_ev|o_nbo_charge|3and6,2.151990230984574,0.2034378192850102
lumo_ev|dipole_moment_debye|molecular_volume_A3|h_nbo_charge,2.2469830241594995,0.2031616991699302
lumo_ev|dipole_moment_debye|o_nbo_charge|hbd,2.272028391752715,0.2030877924217463
lumo_ev|3and6|logp|hbd,1.8302049674345815,0.2015420264038043
omega|molecular_volume_A3|3and6|logp,2.167523668813835,0.2012121696411849
homo_ev|lumo_ev|4and5|hbd,2.006369734665051,0.2008271163597043
omega|h_nbo_charge,2.20925015203314,0.1999674972755615
omega|dipole_moment_debye|hba,2.3099464076957785,0.1965753041953852
omega|dipole_moment_debye|molecular_volume_A3,2.309946524718152,0.1965752120158783
omega|dipole_moment_debye|polar,2.3099465111109967,0.1965751773180677
omega|molecular_volume_A3|3and6|hbd,2.0039113540405933,0.1956292775009546
lumo_ev|gap_ev|molecular_volume_A3|h_nbo_charge,2.1477612661395478,0.1941713488238304
omega|h_nbo_charge|o_nbo_charge|3and6,2.227933954463217,0.1940703540980533
lumo_ev|dipole_moment_debye|4and5,2.322841029413587,0.1931170478583933
lumo_ev|omega|dipole_moment_debye|molecular_volume_A3,2.278465468836837,0.1928496348732821
omega|3and6|4and5|hbd,2.0338203511176105,0.1908479820037376
lumo_ev|dipole_moment_debye|o_nbo_charge|logp,2.269198034168782,0.1905379581309774
omega|dipole_moment_debye|o_nbo_charge,2.319108728916286,0.1902533294178184
lumo_ev|3and6|hbd|hba,1.930651021303775,0.1880514116499433
omega|o_nbo_charge|sasa|logp,2.2188277573445085,0.1878849184773784
omega|dipole_moment_debye|h_nbo_charge|logp,2.2481321347556977,0.187852692722784
homo_ev|o_nbo_charge|polar|3and6,2.214166607402206,0.1862663665355065
lumo_ev|omega|dipole_moment_debye|polar,2.285750103109504,0.1847878989919746
lumo_ev|3and6|4and5|hbd,2.0383248365842044,0.1846222068578338
lumo_ev|h_nbo_charge|sasa|4and5,2.263446821732213,0.1846153085693663
omega|dipole_moment_debye|h_nbo_charge|o_nbo_charge,2.2355140274173477,0.1845986961148064
gap_ev|omega|o_nbo_charge|3and6,2.2002636114050524,0.1843144449792872
homo_ev|lumo_ev|gap_ev|h_nbo_charge,2.1147324729640897,0.1836972263942807
homo_ev|o_nbo_charge|3and6|4and5,2.19491294947526,0.1827637781857272
homo_ev|lumo_ev|gap_ev|3and6,2.1252535593929656,0.1825236064519098
lumo_ev|gap_ev|3and6,2.1252504192205426,0.1825183663532062
homo_ev|lumo_ev|3and6,2.125269410577836,0.1825122517342564
h_nbo_charge|o_nbo_charge|polar|3and6,2.2354866792634565,0.1817993949470622
lumo_ev|omega|h_nbo_charge|o_nbo_charge,2.2193297261093896,0.1817462708995489
homo_ev|gap_ev|dipole_moment_debye,2.179741379259021,0.1801934354448668
omega|dipole_moment_debye|h_nbo_charge|polar,2.320167355893409,0.1793600604800479
homo_ev|gap_ev|h_nbo_charge|polar,2.077070993710555,0.177937054308606
o_nbo_charge|3and6|4and5,2.208601414725429,0.1775673080204398
homo_ev|lumo_ev|3and6|logp,2.1322031278796643,0.1771209042708389
lumo_ev|gap_ev|omega|h_nbo_charge,2.151394695416774,0.1769722472756191
homo_ev|lumo_ev|h_nbo_charge,2.1330976047399104,0.1762344942879136
omega|o_nbo_charge|sasa|hba,2.1756379600490754,0.1726521387037882
homo_ev|omega|3and6,2.1946504124020443,0.1724964839925089
omega|polar|3and6,2.1946466174219257,0.172495960179275
omega|h_nbo_charge|o_nbo_charge|4and5,2.307472746787402,0.172230739471786
h_nbo_charge|o_nbo_charge|3and6|4and5,2.239142544713161,0.1710810555987351
omega|h_nbo_charge|4and5|logp,2.165946505021969,0.1702859938189245
homo_ev|3and6|hbd|hba,2.1721464208938914,0.1702630724057263
homo_ev|omega|polar|3and6,2.1975651154630524,0.1691095962687219
lumo_ev|omega|h_nbo_charge|logp,2.2199775821471834,0.1682819467615963
gap_ev|omega|4and5|hbd,2.0366368268023467,0.1682525704856987
o_nbo_charge|3and6|4and5|logp,2.208796115630175,0.1680113028851846
homo_ev|h_nbo_charge|3and6|hbd,2.101621297800412,0.1674364107676028
homo_ev|omega|h_nbo_charge|logp,2.165962105496704,0.1668706382247918
gap_ev|omega|h_nbo_charge,2.0387580587988143,0.1667826325938103
homo_ev|omega|dipole_moment_debye|hbd,2.267544172992981,0.1655916209915104
lumo_ev|omega|3and6,2.1411268276895474,0.1649820906319644
homo_ev|lumo_ev|omega|3and6,2.1411338802854485,0.1649757878811669
lumo_ev|gap_ev|omega|3and6,2.1411635763413464,0.1649482019506248
gap_ev|omega|3and6|hba,2.2231050342130305,0.1646149481451031
molecular_volume_A3|h_nbo_charge|o_nbo_charge|3and6,2.206588751749723,0.1628652879304908
lumo_ev|polar|3and6,2.143392298422558,0.1623676550177498
lumo_ev|omega|polar|3and6,2.1434006049669514,0.1623642088094709
homo_ev|lumo_ev|omega|h_nbo_charge,2.2070976605485,0.1614866487776661
gap_ev|omega|dipole_moment_debye|hba,2.1570321899484517,0.1577755185595906
omega|o_nbo_charge|polar|3and6,2.2538311873693258,0.1576202771389561
homo_ev|omega|h_nbo_charge|o_nbo_charge,2.3099032961168064,0.1574894535915595
gap_ev|omega|dipole_moment_debye|o_nbo_charge,2.159827784384228,0.1568508503762535
lumo_ev|gap_ev|h_nbo_charge,2.172291978001035,0.1557088521111208
lumo_ev|gap_ev|dipole_moment_debye|molecular_volume_A3,2.178375507357497,0.1549801194857798
lumo_ev|gap_ev|dipole_moment_debye|polar,2.178361051323876,0.1549684949786375
homo_ev|omega|h_nbo_charge|4and5,2.163159503698806,0.1545375670452282
omega|dipole_moment_debye|h_nbo_charge,2.3047340011242192,0.1539831609593281
omega|h_nbo_charge|o_nbo_charge|polar,2.343196041708994,0.1537203146296257
omega|h_nbo_charge|o_nbo_charge|logp,2.3254435774677917,0.1534110002336197
gap_ev|omega|dipole_moment_debye|molecular_volume_A3,2.1492865974860345,0.1529943860182134
omega|dipole_moment_debye|hbd|hba,2.3574014111717,0.1525691680071412
gap_ev|omega|dipole_moment_debye|polar,2.1645088541879383,0.1520988899852566
dipole_moment_debye|o_nbo_charge|sasa|3and6,2.2068454787888148,0.1517008231972173
lumo_ev|dipole_moment_debye|4and5|hba,2.409611837985833,0.1504091878260407
lumo_ev|h_nbo_charge|logp,2.14368095849112,0.1501141598670242
omega|molecular_volume_A3|o_nbo_charge|sasa,2.274936856486293,0.1495777251392909
lumo_ev|o_nbo_charge|polar|3and6,2.2418229447729723,0.1492186135672364
lumo_ev|dipole_moment_debye|o_nbo_charge|4and5,2.412417785723441,0.1488620167214165
homo_ev|lumo_ev|polar|3and6,2.155216869134087,0.1482376466827297
lumo_ev|h_nbo_charge|o_nbo_charge|polar,2.2836826311611014,0.1479669476155963
lumo_ev|gap_ev|dipole_moment_debye|hba,2.186890011861772,0.1474425259454729
homo_ev|omega|h_nbo_charge,2.1221615623409,0.1468551748685306
lumo_ev|omega|h_nbo_charge|4and5,2.2229089090711462,0.1458482011640235
molecular_volume_A3|o_nbo_charge|polar|3and6,2.223449809414823,0.1448060570762321
lumo_ev|molecular_volume_A3|3and6,2.158214486575562,0.1445738029734191
homo_ev|molecular_volume_A3|o_nbo_charge|3and6,2.224738975585002,0.1438240540942172
omega|dipole_moment_debye|o_nbo_charge|hba,2.3605716074415786,0.1436892504162523
lumo_ev|gap_ev|polar|3and6,2.159097214373682,0.1434622127591666
omega|molecular_volume_A3|polar|3and6,2.2189648022815183,0.1428148859083323
gap_ev|o_nbo_charge|3and6|4and5,2.2406812033086854,0.1412880558923583
homo_ev|lumo_ev|h_nbo_charge|logp,2.1862944337473422,0.1410512940113701
homo_ev|gap_ev|omega|3and6,2.2236562155666464,0.1378500785654579
lumo_ev|o_nbo_charge|3and6,2.196746540388689,0.1371785809035067
homo_ev|omega|dipole_moment_debye|logp,2.253426928553475,0.1350785534513565
homo_ev|omega|sasa|logp,2.2214221894528534,0.1348189072057636
lumo_ev|dipole_moment_debye|4and5|logp,2.4249595029460105,0.1333081404178191
lumo_ev|omega|4and5|hbd,2.1469077341042664,0.1326696322990761
lumo_ev|omega|molecular_volume_A3|3and6,2.182431900761132,0.1325722546130399
lumo_ev|dipole_moment_debye|logp|hba,2.312293126589235,0.1325512828962342
lumo_ev|omega|h_nbo_charge,2.285898963920174,0.1324111623762109
lumo_ev|omega|h_nbo_charge|3and6,2.2541308602710988,0.1319388893319694
homo_ev|3and6|4and5|hbd,2.1803895436717484,0.1317661272104997
homo_ev|omega|dipole_moment_debye|4and5,2.3948752299700065,0.1308391090977552
omega|molecular_volume_A3|3and6,2.2316205519365737,0.1260370226047665
homo_ev|omega|molecular_volume_A3|3and6,2.23163462879062,0.1260242297710128
homo_ev|lumo_ev|hbd,2.2951166163519416,0.1246159916675879
lumo_ev|gap_ev|dipole_moment_debye|o_nbo_charge,2.2541564759775325,0.1239750519949073
omega|dipole_moment_debye|4and5|hbd,2.3800599553455872,0.1229975061766933
gap_ev|omega|sasa|logp,2.241776715358766,0.1217042258865244
omega|dipole_moment_debye|polar|3and6,2.316675066803129,0.1208314489932441
homo_ev|omega|h_nbo_charge|3and6,2.22940911202534,0.119950590240459
gap_ev|omega|h_nbo_charge|3and6,2.22939995889109,0.1199492296816401
lumo_ev|omega|dipole_moment_debye|hba,2.3777354770597534,0.1181392566583843
homo_ev|lumo_ev|molecular_volume_A3|3and6,2.195316545845472,0.11694436509233
lumo_ev|molecular_volume_A3|polar|3and6,2.1953340534313104,0.1169431250998958
omega|dipole_moment_debye|4and5,2.4114956752025813,0.1159934412069585
homo_ev|lumo_ev|h_nbo_charge|4and5,2.175165370700118,0.1159625548846635
lumo_ev|gap_ev|molecular_volume_A3|3and6,2.1966402305748707,0.1152383292998692
homo_ev|lumo_ev|dipole_moment_debye|hba,2.2888597923268508,0.1144840273898147
omega|molecular_volume_A3|o_nbo_charge|3and6,2.2559780307205024,0.1143198479024732
homo_ev|o_nbo_charge|sasa|hbd,2.145589695564302,0.1120428385533076
lumo_ev|omega|hbd,2.3538773062041365,0.1116726812655768
lumo_ev|gap_ev|polar|hbd,2.354319203406357,0.1113441648818244
homo_ev|lumo_ev|gap_ev|hbd,2.354332272895465,0.1113425058088937
homo_ev|lumo_ev|polar|hbd,2.354332384101888,0.1113424383488197
homo_ev|lumo_ev|omega|hbd,2.3543323866698604,0.1113424374666341
homo_ev|lumo_ev|molecular_volume_A3|hbd,2.3543322567289704,0.1113424131172887
lumo_ev|gap_ev|hbd,2.354332348985096,0.1113417015781063
lumo_ev|molecular_volume_A3|polar|hbd,2.35433802958802,0.1113405475782227
lumo_ev|omega|molecular_volume_A3|hbd,2.3543277181029736,0.1113389274922497
lumo_ev|gap_ev|molecular_volume_A3|hbd,2.354337235739506,0.1113385978384627
lumo_ev|o_nbo_charge|hbd,2.354337296588441,0.1113380921196317
lumo_ev|gap_ev|omega|hbd,2.3543180537171766,0.1113374972484647
lumo_ev|omega|polar|hbd,2.3543570361462884,0.1113309287536467
lumo_ev|h_nbo_charge|sasa|logp,2.3080638705739864,0.1112390634197827
lumo_ev|dipole_moment_debye|molecular_volume_A3|hbd,2.373021279544437,0.1101781574257058
gap_ev|dipole_moment_debye|o_nbo_charge|3and6,2.207246161954896,0.1098909092024001
lumo_ev|gap_ev|hbd|hba,2.3563335827584484,0.1095344925004442
homo_ev|lumo_ev|hbd|hba,2.356363582126467,0.1094938866621734
lumo_ev|omega|hbd|hba,2.356388187073956,0.1094857114818357
lumo_ev|polar|hbd|hba,2.356434432378146,0.1094609714893161
lumo_ev|molecular_volume_A3|hbd|hba,2.3564756966452567,0.1094273441776322
o_nbo_charge|polar|3and6|4and5,2.3023662599122043,0.1068288881324206
lumo_ev|molecular_volume_A3|hbd,2.366081016308184,0.1063723467560424
lumo_ev|polar|hbd,2.3661077253402105,0.1063615192060712
gap_ev|omega|polar|3and6,2.2494512104079365,0.1062392550316368
lumo_ev|o_nbo_charge|4and5|hbd,2.0000673865483534,0.1060461793031934
homo_ev|lumo_ev|omega,2.375733193360508,0.1051255150280633
homo_ev|lumo_ev|o_nbo_charge|polar,2.3757363497602206,0.1051237780714422
lumo_ev|omega|molecular_volume_A3|o_nbo_charge,2.375737530164985,0.1051236780892526
lumo_ev|omega|molecular_volume_A3|polar,2.375737530165479,0.1051236780891393
lumo_ev|omega|o_nbo_charge|polar,2.375737530166948,0.1051236780888797
lumo_ev|molecular_volume_A3|o_nbo_charge|polar,2.375737530168158,0.1051236780885017
homo_ev|lumo_ev|omega|polar,2.375739351132097,0.1051231963734022
lumo_ev|molecular_volume_A3|polar,2.37574091480672,0.1051222249307995
lumo_ev|o_nbo_charge|polar,2.375741774259564,0.1051221453095555
homo_ev|lumo_ev|molecular_volume_A3,2.3757333520445787,0.105122102214768
lumo_ev|polar,2.375741515045006,0.1051218044252654
lumo_ev|omega|molecular_volume_A3,2.375742298562518,0.1051217308752457
lumo_ev,2.375742039673684,0.1051214298626848
lumo_ev|omega|polar,2.375743828897056,0.1051213273228702
lumo_ev|hbd,2.375742530987313,0.1051211392524931
lumo_ev|molecular_volume_A3|o_nbo_charge,2.3757438939687088,0.1051211333546335
lumo_ev|omega|o_nbo_charge,2.3757430562232926,0.105121067171622
lumo_ev|molecular_volume_A3,2.375742930250427,0.1051208590730335
lumo_ev|omega,2.375742913679945,0.1051208562831959
lumo_ev|hba,2.3757430048398827,0.1051208232550164
lumo_ev|o_nbo_charge,2.3757436405271624,0.1051204777096437
homo_ev|lumo_ev|molecular_volume_A3|polar,2.375744946242479,0.1051197992753123
homo_ev|lumo_ev,2.3757429687181397,0.1051181656927435
homo_ev|lumo_ev|o_nbo_charge,2.375752402937769,0.1051148597439058
homo_ev|lumo_ev|polar,2.3757521835810422,0.1051133011314255
homo_ev|lumo_ev|molecular_volume_A3|o_nbo_charge,2.3757601540844195,0.1051110352257537
homo_ev|lumo_ev|omega|o_nbo_charge,2.3757587838914738,0.1051094058972171
homo_ev|lumo_ev|omega|molecular_volume_A3,2.3757644818129324,0.1051078717363841
omega|dipole_moment_debye|o_nbo_charge|hbd,2.4436269584445767,0.1018701862900858
lumo_ev|gap_ev|3and6|4and5,2.2264365337508685,0.1012131638849402
homo_ev|lumo_ev|3and6|4and5,2.2265123520680383,0.101169151888616
homo_ev|omega|3and6|4and5,2.287491053083805,0.1008513395560406
gap_ev|omega|dipole_moment_debye|hbd,2.2541352033390774,0.0996185164720342
lumo_ev|omega|3and6|4and5,2.228182043693776,0.0989300695724549
omega|polar|3and6|4and5,2.288911817591065,0.0989036779630151
homo_ev|lumo_ev|dipole_moment_debye|molecular_volume_A3,2.3949532361659887,0.0987864294610459
o_nbo_charge|sasa|3and6|hba,2.19538702004558,0.0979735160394255
lumo_ev|logp|hbd,2.3782215487606195,0.0973040038520355
gap_ev|omega|molecular_volume_A3|3and6,2.257661222160467,0.095401112172554
omega|dipole_moment_debye|hbd,2.4627555740476668,0.0943270647519005
lumo_ev|h_nbo_charge|o_nbo_charge|sasa,2.4583463660035765,0.0942143141270061
lumo_ev|omega|dipole_moment_debye|logp,2.3849192762566163,0.0933375843622239
lumo_ev|hbd|hba,2.3759608995512167,0.0929398080578965
homo_ev|omega|hbd|hba,2.3999307142251487,0.0897533815928
homo_ev|h_nbo_charge|hbd|hba,2.132669634060043,0.0891589534706789
lumo_ev|3and6|4and5|logp,2.2419521637857143,0.088966097136752
homo_ev|gap_ev|dipole_moment_debye|o_nbo_charge,2.1487709099085306,0.0887698539260376
lumo_ev|gap_ev|dipole_moment_debye|logp,2.245837935398589,0.086062577003802
homo_ev|lumo_ev|hba,2.4166584510622826,0.0860273107645318
lumo_ev|o_nbo_charge|polar|logp,2.4035091283210672,0.0849718994122507
homo_ev|lumo_ev|molecular_volume_A3|logp,2.403513508312652,0.0849695832134892
homo_ev|lumo_ev|o_nbo_charge|logp,2.4035144894181166,0.0849690467746421
homo_ev|lumo_ev|polar|logp,2.403520226750385,0.0849666554934353
lumo_ev|o_nbo_charge|logp,2.403519180409042,0.0849656175240349
lumo_ev|omega|o_nbo_charge|logp,2.403518098523328,0.0849650053105559
lumo_ev|logp,2.403522464707724,0.0849626379184478
lumo_ev|molecular_volume_A3|logp,2.403523008635024,0.0849625230982972
lumo_ev|omega|logp,2.403525355413872,0.084961706941076
lumo_ev|polar|logp,2.403523688690953,0.0849614995512693
lumo_ev|omega|molecular_volume_A3|logp,2.403526153717433,0.0849586293556123
homo_ev|lumo_ev|logp,2.403524713030196,0.0849578889514817
lumo_ev|molecular_volume_A3|o_nbo_charge|logp,2.40352750758993,0.0849574487712113
lumo_ev|molecular_volume_A3|polar|logp,2.4035277046818915,0.0849572904770028
lumo_ev|omega|polar|logp,2.4035288644901045,0.0849563589848272
homo_ev|gap_ev|dipole_moment_debye|polar,2.152060856524216,0.0846987181496563
lumo_ev|gap_ev|dipole_moment_debye|hbd,2.298922366253779,0.0844096675375584
lumo_ev|polar|3and6|4and5,2.239709367796143,0.0833832296131336
homo_ev|lumo_ev|gap_ev,2.39056964803698,0.083112050431821
homo_ev|lumo_ev|gap_ev|polar,2.3905722681857973,0.0831117008840653
lumo_ev|gap_ev|omega,2.390576378892689,0.0831112843210098
homo_ev|lumo_ev|gap_ev|o_nbo_charge,2.390577113158026,0.083110268589516
lumo_ev|gap_ev|omega|o_nbo_charge,2.390572388874968,0.0831100637048768
lumo_ev|gap_ev|molecular_volume_A3|o_nbo_charge,2.3905723888749555,0.0831100637048235
lumo_ev|gap_ev|omega|polar,2.390572388876336,0.0831100637046339
lumo_ev|gap_ev|omega|molecular_volume_A3,2.390572388876706,0.083110063704463
lumo_ev|gap_ev|o_nbo_charge|polar,2.390572388878548,0.083110063704063
lumo_ev|gap_ev|molecular_volume_A3|polar,2.390572388877839,0.08311006370405
lumo_ev|gap_ev|molecular_volume_A3,2.390576850904391,0.0831082499548701
lumo_ev|gap_ev|o_nbo_charge,2.390577495128537,0.083107767096194
lumo_ev|gap_ev,2.39057769085082,0.0831075267487893
homo_ev|lumo_ev|gap_ev|molecular_volume_A3,2.390579371837104,0.0831074181514576
lumo_ev|gap_ev|polar,2.3905790460709926,0.0831073110495306
homo_ev|lumo_ev|gap_ev|omega,2.390590803654145,0.083098890740804
homo_ev|omega|hbd,2.4114645735103517,0.0830175831007729
homo_ev|3and6|hbd,2.136333299092798,0.0818629946358849
lumo_ev|gap_ev|h_nbo_charge|logp,2.418005378677813,0.0813470084010276
lumo_ev|o_nbo_charge|3and6|4and5,2.284474126355934,0.0788561284139615
homo_ev|omega|molecular_volume_A3|hbd,2.407434518581685,0.0782105679256703
lumo_ev|dipole_moment_debye|logp|hbd,2.384870562634636,0.0771436185224283
lumo_ev|omega|polar|hba,2.455420488438374,0.0764356024169609
lumo_ev|omega|molecular_volume_A3|hba,2.45542008596844,0.0764344173726279
lumo_ev|molecular_volume_A3|polar|hba,2.4554195262180074,0.0764341677823172
homo_ev|lumo_ev|polar|hba,2.4554304298222096,0.0764318930824324
homo_ev|lumo_ev|omega|hba,2.455430530137267,0.0764317149845235
lumo_ev|o_nbo_charge|hba,2.4554276491459937,0.0764312130692707
homo_ev|lumo_ev|molecular_volume_A3|hba,2.4554325442246525,0.0764303883186825
homo_ev|gap_ev|dipole_moment_debye|molecular_volume_A3,2.172523491894199,0.0760865093345937
omega|molecular_volume_A3|polar|hbd,2.4090259825874805,0.0757001027363897
omega|polar|hbd|hba,2.409044461516331,0.0756886153018649
homo_ev|omega|polar|hbd,2.409057412367141,0.0756855912874699
lumo_ev|h_nbo_charge|4and5|logp,2.2470163349124843,0.0756444239382242
lumo_ev|dipole_moment_debye|polar|4and5,2.4550980242900318,0.0750139259977461
homo_ev|gap_ev|dipole_moment_debye|hba,2.180235091654539,0.0738584456814283
homo_ev|gap_ev|dipole_moment_debye|logp,2.164759193047128,0.073756961494184
lumo_ev|omega|hba,2.457300946450275,0.0731764044536559
lumo_ev|molecular_volume_A3|hba,2.4579630855976027,0.0727988438966078
lumo_ev|gap_ev|dipole_moment_debye|4and5,2.381126781699166,0.0718285076178396
lumo_ev|polar|hba,2.4605163310923683,0.0716529712345772
homo_ev|omega|dipole_moment_debye|polar,2.361882645695962,0.0709459129291826
homo_ev|lumo_ev|h_nbo_charge|3and6,2.2341807207408224,0.0707483344008231
lumo_ev|gap_ev|3and6|logp,2.226224963524339,0.0704401802428447
molecular_volume_A3|o_nbo_charge|3and6|4and5,2.3137328370589,0.0697066623216187
homo_ev|lumo_ev|dipole_moment_debye|hbd,2.345863108422628,0.0692033758832431
omega|dipole_moment_debye|logp,2.4278488461015884,0.0684848482152248
lumo_ev|molecular_volume_A3|3and6|logp,2.241632205145873,0.0682371653430536
omega|dipole_moment_debye|4and5|hba,2.5436866004995378,0.0680497149611154
lumo_ev|h_nbo_charge|3and6|hbd,2.196998853177203,0.0678780576143849
omega|molecular_volume_A3|3and6|4and5,2.310732730414262,0.0672144948162468
lumo_ev|4and5|hba,2.4515762239832504,0.0651709188994827
gap_ev|dipole_moment_debye|3and6,2.327297243475876,0.065058515315336
lumo_ev|h_nbo_charge|4and5,2.3007799029526583,0.0648325797996349
lumo_ev|4and5|logp|hbd,2.2006817865751707,0.0646342105894615
omega|o_nbo_charge|3and6|4and5,2.321427187204767,0.0638710345496518
gap_ev|omega|dipole_moment_debye|4and5,2.362480559869249,0.0635314076322189
homo_ev|gap_ev|dipole_moment_debye|h_nbo_charge,2.253309012904873,0.0633543682671029
omega|h_nbo_charge|3and6|4and5,2.3262300255266424,0.063057641741545
lumo_ev|gap_ev|polar|logp,2.418339141569529,0.0629624855645777
homo_ev|lumo_ev|gap_ev|logp,2.418346097459709,0.0629584168641254
lumo_ev|gap_ev|molecular_volume_A3|logp,2.418360792969228,0.0629450979830658
lumo_ev|gap_ev|o_nbo_charge|logp,2.418361024752384,0.0629449118309785
lumo_ev|gap_ev|logp,2.418375194305234,0.0629358538107458
homo_ev|lumo_ev|o_nbo_charge|hbd,2.3839904739629643,0.0626565706877528
lumo_ev|molecular_volume_A3|o_nbo_charge|3and6,2.3580662904800684,0.0625977943665626
gap_ev|omega|3and6|4and5,2.327471885606124,0.0619791179630044
homo_ev|omega,2.4569192185794706,0.0619216721292644
omega|molecular_volume_A3|polar,2.45693026835448,0.0619146115427964
homo_ev|omega|polar,2.456925717295426,0.0619142090901672
omega,2.4569320139305937,0.0619139656336827
omega|molecular_volume_A3|o_nbo_charge,2.456934066774032,0.0619130521757247
homo_ev|omega|molecular_volume_A3,2.4569366585006307,0.0619102904872411
homo_ev|omega|o_nbo_charge,2.456941384571085,0.0619101191195299
homo_ev|omega|molecular_volume_A3|o_nbo_charge,2.4569391650146124,0.0619077300979294
homo_ev|omega|molecular_volume_A3|polar,2.456940561549899,0.0619076242370951
lumo_ev|h_nbo_charge,2.2586950726829214,0.0609517807031495
lumo_ev|molecular_volume_A3|o_nbo_charge|hba,2.4425439805505955,0.0605270658859574
lumo_ev|omega|o_nbo_charge|hba,2.4445340635416866,0.0595900652333353
gap_ev|omega|hbd|hba,2.420081511744044,0.0594570396993402
homo_ev|gap_ev|omega|hbd,2.4201169120066823,0.0594552823067331
gap_ev|omega|polar|hbd,2.4201130752798687,0.0594512809833881
gap_ev|omega|molecular_volume_A3|hbd,2.4201164990889192,0.0594483385426998
omega|h_nbo_charge|o_nbo_charge|sasa,2.515240030168584,0.0587851408112695
lumo_ev|gap_ev|h_nbo_charge|3and6,2.4743899480841427,0.0574880111158496
lumo_ev|molecular_volume_A3|o_nbo_charge|hbd,2.385240257668175,0.0562334899393723
lumo_ev|o_nbo_charge|polar|hbd,2.385250846043568,0.0562249559638443
homo_ev|molecular_volume_A3|h_nbo_charge|hba,2.225068700119959,0.0558367328556563
omega|dipole_moment_debye|o_nbo_charge|logp,2.441704881563587,0.0554237872056355
molecular_volume_A3|o_nbo_charge|3and6,2.293030446496944,0.0544735817310216
lumo_ev|molecular_volume_A3|3and6|4and5,2.269614394915525,0.0538299001095032
homo_ev|gap_ev|dipole_moment_debye|hbd,2.2096533599611305,0.0525693967708464
omega|hbd|hba,2.4544744109292296,0.0517348967505407
lumo_ev|logp|hba,2.488296527033782,0.0514951307039918
lumo_ev|gap_ev|hba,2.472800267228774,0.0507857307164497
lumo_ev|omega|dipole_moment_debye|hbd,2.4569339233413383,0.0504854431068014
gap_ev|o_nbo_charge|3and6,2.38343042100048,0.0499393888636381
lumo_ev|gap_ev|o_nbo_charge|hbd,2.401577330823569,0.0493103909159835
lumo_ev|omega|3and6|logp,2.246114362893003,0.0490904479608282
omega|polar|hba,2.4775282388272903,0.0483935125644398
gap_ev|omega|h_nbo_charge|logp,2.2591626526961224,0.0460842200444728
homo_ev|lumo_ev|dipole_moment_debye|logp,2.360715251170718,0.0448548529866945
homo_ev|o_nbo_charge|3and6,2.3146958791987644,0.0448176975584823
gap_ev|omega|dipole_moment_debye|logp,2.2317796271188954,0.0446432265783199
gap_ev|omega|h_nbo_charge|4and5,2.2517138270471246,0.0425521196466693
omega|molecular_volume_A3|hba,2.4859052881027246,0.0421812352298344
lumo_ev|4and5|logp,2.44246684955552,0.0419313022884776
lumo_ev|gap_ev|polar|hba,2.479235985285353,0.0408266605245338
lumo_ev|gap_ev|omega|hba,2.479241357197701,0.040825196182788
lumo_ev|gap_ev|molecular_volume_A3|hba,2.47924347568652,0.0408233400948531
homo_ev|lumo_ev|gap_ev|hba,2.4792531426905526,0.0408209512059515
omega|polar|3and6|logp,2.3630441060154275,0.0404111729419828
lumo_ev|o_nbo_charge|polar|hba,2.479730830368213,0.0400548902212595
homo_ev|lumo_ev|o_nbo_charge|hba,2.479748378437342,0.0400482191307473
lumo_ev|omega|dipole_moment_debye|4and5,2.5511759541729737,0.0383741760016574
lumo_ev|polar|3and6|logp,2.2561892160516743,0.0361572496974115
omega|molecular_volume_A3|hbd|hba,2.433482871912392,0.0358582774671092
omega|molecular_volume_A3|hbd,2.529295441450392,0.0355792775424027
lumo_ev|o_nbo_charge|hbd|hba,2.4288728675669677,0.0341107112707119
homo_ev|h_nbo_charge|polar|hba,2.2617382169818736,0.0333017101118302
homo_ev|lumo_ev|dipole_moment_debye|4and5,2.46762750307784,0.0326013777032364
lumo_ev|gap_ev|logp|hbd,2.4172966278874424,0.0320985592412956
lumo_ev|molecular_volume_A3|logp|hbd,2.4173110144497088,0.0320888994791461
homo_ev|lumo_ev|logp|hbd,2.4173374089810884,0.0320762811297323
lumo_ev|polar|logp|hbd,2.417336136592784,0.0320744664399669
gap_ev|omega|3and6,2.37328710623834,0.0319899783148887
omega|4and5|logp|hbd,2.3278650130042955,0.0319136619678285
lumo_ev|logp|hbd|hba,2.419312030613,0.0302474011517114
homo_ev|gap_ev|4and5|hbd,2.251716145122037,0.0297771820513852
omega|3and6|4and5|logp,2.361541246951809,0.0296213075150025
gap_ev|omega|hbd,2.4914436870786427,0.0293513330707231
omega|polar|hbd,2.5414100345391364,0.0292086640867071
lumo_ev|gap_ev|h_nbo_charge|4and5,2.4319859640516737,0.0278050836774023
omega|molecular_volume_A3|polar|hba,2.514816105730961,0.0266023169240881
omega|h_nbo_charge|3and6|logp,2.350270610662419,0.0250564090248605
lumo_ev|omega|o_nbo_charge|hbd,2.439022985841668,0.0248479706238549
homo_ev|omega|o_nbo_charge|hbd,2.452565963332213,0.0243570017186395
homo_ev|lumo_ev|omega|logp,2.443597361006299,0.0226701578236483
homo_ev|dipole_moment_debye|3and6|hbd,2.3951652012844407,0.0225244198204009
homo_ev|omega|o_nbo_charge|polar,2.4838295907661,0.0222549277385805
omega|o_nbo_charge|polar,2.483846075511833,0.0222416769757478
omega|molecular_volume_A3|o_nbo_charge|polar,2.4838446158925613,0.0222407491713256
lumo_ev|gap_ev|o_nbo_charge|hba,2.489639310021164,0.0198627019569903
omega|dipole_moment_debye|logp|hbd,2.471885209193221,0.0196811084819709
omega|4and5|logp|hba,2.2750150345949858,0.019150211327563
molecular_volume_A3|o_nbo_charge|3and6|logp,2.487658269451186,0.0186930359156642
lumo_ev|h_nbo_charge|3and6,2.3127407165280887,0.0186094236813264
gap_ev|omega|o_nbo_charge|hbd,2.457395646020735,0.0179459203776093
omega|h_nbo_charge|sasa|logp,2.433969014221858,0.0163416548962668
dipole_moment_debye|o_nbo_charge|3and6,2.3883640907754446,0.016114605977977
lumo_ev|molecular_volume_A3|polar|4and5,2.4933976516456413,0.0136425708325552
lumo_ev|o_nbo_charge|4and5,2.4934122236343623,0.0136306982034217
homo_ev|lumo_ev|polar|4and5,2.493411303935211,0.0136260478717472
homo_ev|lumo_ev|molecular_volume_A3|4and5,2.493411298221298,0.013625994711329
homo_ev|lumo_ev|omega|4and5,2.493411487816842,0.0136259585873789
lumo_ev|omega|molecular_volume_A3|4and5,2.493401538391257,0.0136258484156238
lumo_ev|omega|polar|4and5,2.493446770530439,0.0135994635792614
omega|dipole_moment_debye|logp|hba,2.4750463139797887,0.0117467328785355
dipole_moment_debye|polar|3and6,2.365110376679835,0.0109279137045188
dipole_moment_debye|3and6|logp|hbd,2.327713524767116,0.0106447059106646
homo_ev|omega|polar|hba,2.526442916485695,0.0096498950542883
homo_ev|omega|molecular_volume_A3|hba,2.5264552771218693,0.0096452173019032
dipole_moment_debye|polar|hba,2.369157935459634,0.0089994551612322
omega|o_nbo_charge|hba,2.501429906389967,0.0088344947775059
homo_ev|gap_ev|dipole_moment_debye|4and5,2.341393211221474,0.0071725520050668
gap_ev|4and5|hbd,2.190586546380503,0.0068068903525327
homo_ev|omega|3and6|logp,2.353586159802631,0.006538232596871
lumo_ev|omega|o_nbo_charge|4and5,2.4924438846085137,0.0062376471541284
lumo_ev|polar|4and5,2.4988115260352304,0.0059115485209055
lumo_ev|omega|4and5,2.498815963385662,0.0059098887108789
lumo_ev|molecular_volume_A3|4and5,2.498815924165977,0.0059096491872859
h_nbo_charge|o_nbo_charge|3and6,2.430852129698016,0.0029728339071539
lumo_ev|gap_ev|omega|logp,2.455981358325582,0.0016126780519085
gap_ev|omega|3and6|logp,2.357541073936068,0.001516699584798
homo_ev|gap_ev|omega|o_nbo_charge,2.506809277384722,0.0013372700245252
homo_ev|gap_ev|omega,2.5068302968193685,0.0013237539252944
homo_ev|gap_ev|omega|polar,2.5068277040025584,0.0013233839709217
homo_ev|gap_ev|omega|molecular_volume_A3,2.506828499724406,0.0013207699393165
gap_ev|omega|polar,2.5068341839997568,0.0013191724878995
gap_ev|omega,2.5068357572724955,0.001318960643908
gap_ev|omega|molecular_volume_A3,2.5068365084887323,0.0013180348383072
gap_ev|omega|o_nbo_charge,2.506845860366605,0.0013147405941494
gap_ev|omega|molecular_volume_A3|o_nbo_charge,2.5068432700640586,0.0013114634376195
gap_ev|omega|o_nbo_charge|polar,2.5068626236812257,0.0013082650452456
gap_ev|omega|molecular_volume_A3|polar,2.506866045516371,0.0013080480252398
omega|dipole_moment_debye|molecular_volume_A3|h_nbo_charge,2.467482916451841,-0.0011159344702582
lumo_ev|gap_ev|o_nbo_charge|4and5,2.520675876367407,-0.0022882190508781
gap_ev|4and5|logp,2.330897641007635,-0.0037948537557399
homo_ev|polar|4and5|hbd,2.30638148293378,-0.0054542957857028
homo_ev|h_nbo_charge|logp|hba,2.3844911573806344,-0.0068695340524305
dipole_moment_debye,2.392616935555344,-0.0083079622852417
dipole_moment_debye|h_nbo_charge|logp,2.3926213143775814,-0.0083099676722104
dipole_moment_debye|h_nbo_charge|polar,2.392620086689192,-0.0083104953701613
dipole_moment_debye|logp|hba,2.3926340546618534,-0.0083251394647416
lumo_ev|gap_ev|omega|4and5,2.509575761658859,-0.0086319244513561
homo_ev|lumo_ev|gap_ev|4and5,2.5095811632143,-0.0086379254735438
lumo_ev|gap_ev|molecular_volume_A3|4and5,2.509594823857925,-0.008641260921375
lumo_ev|omega|4and5|hba,2.5561279238958647,-0.0086657780294188
homo_ev|lumo_ev|4and5|hba,2.5716180466935548,-0.0091010028566238
omega|molecular_volume_A3|logp,2.538594367343078,-0.0106241412568803
homo_ev|omega|logp,2.538600553762798,-0.0106258426696479
homo_ev|omega|molecular_volume_A3|logp,2.538604493023397,-0.0106282873206471
homo_ev|omega|polar|logp,2.538603426666316,-0.0106285240346928
omega|polar|logp,2.538610144487384,-0.0106325282363326
lumo_ev|omega|logp|hbd,2.4710545551687666,-0.0111176707442071
omega|molecular_volume_A3|o_nbo_charge|hba,2.526876133121554,-0.0122392769553878
homo_ev|gap_ev|polar|3and6,2.3172085367254707,-0.0122796516519219
omega|o_nbo_charge,2.594434121407384,-0.0123122034536804
lumo_ev|o_nbo_charge|logp|hbd,2.443102855684617,-0.0155414066898549
homo_ev|o_nbo_charge|3and6|logp,2.4774613279245474,-0.0158476776321574
lumo_ev|gap_ev|4and5,2.5136722131197926,-0.0161308650043958
omega|o_nbo_charge|hbd,2.5703953555618595,-0.0168834715160248
gap_ev|omega|hba,2.543156345204702,-0.018238143445012
homo_ev|h_nbo_charge|o_nbo_charge|hbd,2.419060034762785,-0.0201067601826132
homo_ev|gap_ev|h_nbo_charge|o_nbo_charge,2.3113707477833105,-0.0203799037722915
gap_ev|o_nbo_charge|3and6|logp,2.4832524315045927,-0.0216794381766471
homo_ev|lumo_ev|4and5,2.5518838146988823,-0.0229260396180448
homo_ev|lumo_ev|dipole_moment_debye|polar,2.447947224559131,-0.024059089344429
lumo_ev|gap_ev|polar|4and5,2.520966059092656,-0.0241937212166605
dipole_moment_debye|h_nbo_charge|hba,2.406903279931123,-0.0250342923599549
lumo_ev|molecular_volume_A3|logp|hba,2.556739891928222,-0.0269551607094662
homo_ev|lumo_ev|logp|hba,2.556755391486122,-0.0269634512857426
lumo_ev|polar|logp|hba,2.556758814844013,-0.0269674676346736
lumo_ev|gap_ev|logp|hba,2.556760394940994,-0.0269698305007499
homo_ev|omega|logp|hbd,2.5189882865433466,-0.0277128916884135
dipole_moment_debye|polar|3and6|logp,2.437392068301916,-0.0279023669254407
homo_ev|omega|molecular_volume_A3|4and5,2.5756288796190803,-0.0286875936499588
homo_ev|dipole_moment_debye,2.4367695930931204,-0.0286895203702941
homo_ev|omega|polar|4and5,2.575632248105958,-0.0286905525782141
dipole_moment_debye|h_nbo_charge|3and6|hbd,2.1320914491359546,-0.028878927823269
gap_ev|dipole_moment_debye,2.419725034573465,-0.0292323262617579
gap_ev|4and5|hba,2.3950822599699984,-0.0297494568705973
omega|logp|hba,2.57167898013888,-0.0304747480179865
lumo_ev|o_nbo_charge|3and6|logp,2.4479550685236084,-0.0321428937239665
dipole_moment_debye|3and6|hbd|hba,2.343998969853282,-0.0334101728563098
dipole_moment_debye|polar|logp|hba,2.368796150801274,-0.0335990630267177
homo_ev|gap_ev|molecular_volume_A3|3and6,2.3373920857176245,-0.0339947787107308
gap_ev|omega|logp|hbd,2.523811325912283,-0.0341216276411893
gap_ev|omega|polar|hba,2.564479848992628,-0.0343362287506356
gap_ev|omega|molecular_volume_A3|hba,2.564491481026263,-0.0343432605027753
homo_ev|gap_ev|omega|hba,2.564586328846517,-0.0343881837702784
homo_ev|omega|o_nbo_charge|hba,2.5728728550959867,-0.0344122666561623
homo_ev|dipole_moment_debye|logp,2.4477993846679644,-0.0351942876405082
homo_ev|dipole_moment_debye|polar,2.4478006245319386,-0.0351949375831204
homo_ev|dipole_moment_debye|molecular_volume_A3,2.4478011322484963,-0.0351954508766454
homo_ev|dipole_moment_debye|hba,2.4478028244953838,-0.0351977925781532
homo_ev|dipole_moment_debye|h_nbo_charge,2.447846440642144,-0.0352377107041881
polar|4and5|hbd,2.334207867267967,-0.0355189389423229
dipole_moment_debye|polar|3and6|hbd,2.3285355534157026,-0.036327534520085
omega|logp|hbd,2.628367674296853,-0.0374601820061786
dipole_moment_debye|molecular_volume_A3,2.4481898995052984,-0.037469852693118
lumo_ev|h_nbo_charge|3and6|4and5,2.406513824798433,-0.0381415216501019
omega|dipole_moment_debye|molecular_volume_A3|hbd,2.5769620138719302,-0.0388900015366691
omega|molecular_volume_A3|polar|4and5,2.5910088490326006,-0.0390225780864483
dipole_moment_debye|polar|3and6|hba,2.4453812987424786,-0.0393369955838562
lumo_ev|4and5,2.490027860667134,-0.0402981426350228
omega|o_nbo_charge|polar|hba,2.57673589588663,-0.0404611368093521
dipole_moment_debye|molecular_volume_A3|3and6,2.409964886908836,-0.0411658288179164
dipole_moment_debye|logp,2.468782976515883,-0.0415733277968886
molecular_volume_A3|h_nbo_charge|o_nbo_charge|hba,2.322520677818197,-0.0444851465273217
omega|4and5|logp,2.5874170856428584,-0.0469725863574672
o_nbo_charge|polar|3and6|logp,2.5765940796551483,-0.0479137138416949
homo_ev|omega|hba,2.5814873986278024,-0.0480657930599688
omega|molecular_volume_A3|4and5,2.5890841196258907,-0.0480857136564489
o_nbo_charge|3and6|logp|hba,2.5407949499196376,-0.0485152456069633
h_nbo_charge|o_nbo_charge|polar|hba,2.325004395701715,-0.0485248309954671
omega|o_nbo_charge|polar|logp,2.5655124037473485,-0.0502989907999289
homo_ev|omega|o_nbo_charge|logp,2.5655159382211647,-0.0503040405339045
omega|o_nbo_charge|logp,2.565523523303551,-0.0503086921973345
dipole_moment_debye|polar|hbd,2.4230608558989952,-0.0504534454343892
omega|polar,2.5327427007536563,-0.0507318977275832
dipole_moment_debye|h_nbo_charge|hbd,2.423086131690584,-0.0508820514027459
lumo_ev|3and6|4and5,2.5922139867792766,-0.0517409335029395
dipole_moment_debye|molecular_volume_A3|hbd,2.4241329920467023,-0.0520039217887835
omega|dipole_moment_debye|4and5|logp,2.6514479565903035,-0.0520583327956512
dipole_moment_debye|logp|hbd,2.4248050125132123,-0.0529792168801008
homo_ev|gap_ev|molecular_volume_A3|h_nbo_charge,2.596729838632824,-0.0536993424254579
omega|o_nbo_charge|3and6|logp,2.5240058556603304,-0.0538014394064318
omega|molecular_volume_A3|logp|hbd,2.5732805132400465,-0.0562155036006235
omega|polar|logp|hbd,2.573431704121002,-0.0563249258303337
gap_ev|dipole_moment_debye|h_nbo_charge,2.4338288647608373,-0.0567875349935622
lumo_ev|polar|4and5|hba,2.6690475553034845,-0.0568164973667393
homo_ev|molecular_volume_A3|4and5|hbd,2.4387884194213734,-0.0573426823560301
homo_ev|dipole_moment_debye|polar|3and6,2.557469992418516,-0.0574632141186477
lumo_ev|o_nbo_charge|logp|hba,2.575616863076604,-0.0592425633481661
lumo_ev|molecular_volume_A3|4and5|hba,2.672590149866469,-0.0618490976907746
h_nbo_charge|o_nbo_charge|3and6|logp,2.5539684617002334,-0.0644905963752242
dipole_moment_debye|3and6|logp|hba,2.478374420487192,-0.0651349199477551
h_nbo_charge|4and5|logp,2.353812113173063,-0.0654303860438689
polar|4and5|logp,2.524549890086168,-0.0655131662878405
o_nbo_charge|sasa|hbd,2.2432219457550446,-0.0671173535578359
omega|molecular_volume_A3|polar|logp,2.5767050032045398,-0.0679882329971792
homo_ev|o_nbo_charge|sasa|3and6,2.438792407275146,-0.0683660902370808
omega|molecular_volume_A3,2.5758362509289863,-0.0700397478683461
h_nbo_charge|o_nbo_charge|sasa|3and6,2.4415165296890584,-0.0707592671287427
dipole_moment_debye|molecular_volume_A3|logp|hba,2.4368548818555515,-0.071018650738122
homo_ev|gap_ev|omega|logp,2.588485414050227,-0.0712007017571514
gap_ev|omega|logp,2.588498578787702,-0.071217870255577
gap_ev|omega|o_nbo_charge|logp,2.588528370553256,-0.0712278305283187
gap_ev|omega|polar|logp,2.5885323017981574,-0.071235265080092
gap_ev|omega|molecular_volume_A3|logp,2.5885444864712137,-0.0712401568643543
omega|o_nbo_charge|polar|hbd,2.6714726212584856,-0.0715876706132996
gap_ev|dipole_moment_debye|logp,2.477588390805481,-0.0743205207790058
dipole_moment_debye|molecular_volume_A3|3and6|hba,2.5061164122032435,-0.0744689036866355
omega|dipole_moment_debye|polar|4and5,2.6444194180306027,-0.0748244882219202
homo_ev|dipole_moment_debye|3and6|hba,2.49369311055777,-0.0751530714541692
gap_ev|dipole_moment_debye|polar,2.4476561306911693,-0.0760354277209189
gap_ev|o_nbo_charge|sasa|3and6,2.4480888703251784,-0.0766231625231381
h_nbo_charge|4and5|hba,2.375009897710472,-0.0776530542666118
omega|molecular_volume_A3|o_nbo_charge|hbd,2.6926922639303257,-0.0780206623788299
dipole_moment_debye|molecular_volume_A3|3and6|hbd,2.359026135729114,-0.07815372455231
omega|logp|hbd|hba,2.6037609264765225,-0.0794656871842236
omega|polar|4and5,2.661346795354711,-0.0799357666826994
lumo_ev|omega|logp|hba,2.620010822918416,-0.0799369772336853
homo_ev|dipole_moment_debye|o_nbo_charge,2.5089825403737125,-0.080213641385451
h_nbo_charge|3and6|logp|hbd,2.362668756295877,-0.0804072633369954
homo_ev|omega|4and5|hba,2.609625589470254,-0.0808182171541651
polar|4and5|hba,2.547374818177943,-0.0820323962566842
3and6|logp|hbd,2.218436623641611,-0.0823722335954533
dipole_moment_debye|3and6|logp,2.4387805096126165,-0.0828950886556572
dipole_moment_debye|3and6|hba,2.4387801593076,-0.082904852391813
homo_ev|3and6,2.3808599262606105,-0.0859611630662058
lumo_ev|gap_ev|4and5|hba,2.6572035340748084,-0.085969212234731
molecular_volume_A3|o_nbo_charge|sasa|hba,2.3759837408292306,-0.0863881865460327
h_nbo_charge|hbd|hba,2.393083762738242,-0.0874042140403679
dipole_moment_debye|h_nbo_charge,2.450611336616031,-0.0888340257873072
dipole_moment_debye|hba,2.3548586302688026,-0.0889331043655883
omega|dipole_moment_debye|o_nbo_charge|4and5,2.7557017758816778,-0.088998771602232
homo_ev|dipole_moment_debye|h_nbo_charge|hba,2.494522378944952,-0.0892007779291192
polar|logp,2.3877610808405607,-0.0893251385296982
logp,2.3877610903512703,-0.0893251397939383
polar,2.3877611045189795,-0.0893251463901498
h_nbo_charge,2.3877611049373733,-0.0893251479815471
h_nbo_charge|polar|logp,2.387761111537245,-0.0893251585500793
4and5|hba,2.387787879978516,-0.0893382445838548
logp|hba,2.387790601058157,-0.0893416728490363
omega|hba,2.387790954338749,-0.0893418099891441
dipole_moment_debye|molecular_volume_A3|3and6|logp,2.52755501917656,-0.0897815071498253
gap_ev|omega|o_nbo_charge|hba,2.617835169072732,-0.0909137927606007
omega|molecular_volume_A3|o_nbo_charge|logp,2.591040414847862,-0.091673858917562
dipole_moment_debye|molecular_volume_A3|polar|logp,2.4439910472722897,-0.0921055363064515
dipole_moment_debye|molecular_volume_A3|h_nbo_charge,2.4440042856953386,-0.0921188517669551
homo_ev|hba,2.408581361365911,-0.0933606843835603
o_nbo_charge|sasa|3and6,2.45363185504399,-0.0936992327368195
3and6,2.4082611986438,-0.094105605039588
o_nbo_charge|sasa|logp|hbd,2.4109188335939726,-0.0941255076286016
gap_ev|sasa|hbd,2.298557883752063,-0.0951457668754358
gap_ev|3and6|4and5|hbd,2.2295032925878746,-0.0954512559228257
h_nbo_charge|hba,2.397470851234892,-0.0955115046230064
homo_ev|gap_ev|3and6,2.5607680100649404,-0.0955837328426336
dipole_moment_debye|4and5|hba,2.4828854022856675,-0.0963020679590693
dipole_moment_debye|4and5|logp,2.4829029859990697,-0.0963254813561729
homo_ev|dipole_moment_debye|h_nbo_charge|3and6,2.552687940769545,-0.0972811099195194
gap_ev|polar|logp,2.393415933685961,-0.0983922062536974
gap_ev|h_nbo_charge|logp,2.39341951964226,-0.0983979510383388
gap_ev|h_nbo_charge|polar,2.393419505553942,-0.0983979548442508
gap_ev,2.3934196862915496,-0.0983982664165461
gap_ev|polar,2.393420264350261,-0.0983992236032689
gap_ev|logp,2.3934202689879918,-0.0983992272539986
gap_ev|h_nbo_charge,2.39342028225814,-0.098399237925693
gap_ev|hba,2.3934478023538728,-0.0984130144260859
polar|hba,2.401357806195788,-0.0997614949063987
dipole_moment_debye|h_nbo_charge|4and5,2.4602498850374435,-0.1007637544775978
dipole_moment_debye|3and6|4and5|logp,2.5371248329502656,-0.1009047566370502
gap_ev|h_nbo_charge|3and6|hbd,2.201777709642428,-0.1022909388466302
gap_ev|hbd|hba,2.322818708321876,-0.1029045225029197
omega|hbd,2.374848745862506,-0.1030227492525006
polar|hbd,2.3749524954975945,-0.1031768408899058
h_nbo_charge|hbd,2.374963102731308,-0.1031856650772864
h_nbo_charge|polar|sasa|hba,2.279162531145627,-0.1035372801044016
molecular_volume_A3|logp,2.402686199731589,-0.1039268748193007
molecular_volume_A3|polar,2.4026862815296792,-0.1039269285475994
molecular_volume_A3|h_nbo_charge,2.402686697872132,-0.1039272765751651
molecular_volume_A3|polar|logp,2.402685943350987,-0.1039276004711891
molecular_volume_A3,2.4026862417560064,-0.103927853330261
molecular_volume_A3|hba,2.4027068100554243,-0.1039367900766856
homo_ev|omega|4and5,2.653443288230675,-0.105118615379532
omega|4and5|hba,2.6319760599406314,-0.1062712333562652
homo_ev|dipole_moment_debye|logp|hba,2.538045270537105,-0.1063109953597747
gap_ev|omega|polar|4and5,2.6484736771254225,-0.1067582704104597
homo_ev|gap_ev|omega|4and5,2.648486295456552,-0.1067664885287467
gap_ev|omega|molecular_volume_A3|4and5,2.648499085781143,-0.1067797149011569
dipole_moment_debye|polar|logp|hbd,2.4745324556845207,-0.1075618435729424
homo_ev|h_nbo_charge,2.44930348007257,-0.1076740500562027
omega|o_nbo_charge|logp|hbd,2.615504981231694,-0.1081513450464186
h_nbo_charge|polar|hba,2.4181468429638677,-0.1090248943165195
o_nbo_charge|polar|sasa|hbd,2.3240442199092928,-0.1102257540311755
dipole_moment_debye|hbd,2.348436257719549,-0.1104627226092862
logp|hbd,2.3813707105410504,-0.1108841592062812
gap_ev|hbd,2.3813788801002063,-0.110890857873477
gap_ev|dipole_moment_debye|sasa|logp,2.384278225305727,-0.1118719683840894
hba,2.42134207297626,-0.1120416034537612
polar|logp|hba,2.4213455000723982,-0.1120420975529163
polar|3and6|4and5|hbd,2.2404598536315827,-0.1127526773753118
lumo_ev|h_nbo_charge|3and6|logp,2.463459296000176,-0.1128705614184755
gap_ev|molecular_volume_A3|polar,2.408341084009827,-0.1129943206767452
gap_ev|molecular_volume_A3|logp,2.4083428739439428,-0.1129973701367297
gap_ev|molecular_volume_A3|polar|logp,2.408337962835247,-0.1129980675458051
gap_ev|molecular_volume_A3,2.408341854216383,-0.1129991085835711
gap_ev|molecular_volume_A3|h_nbo_charge,2.4083471878799974,-0.1129993917151819
dipole_moment_debye|polar|3and6|4and5,2.5014717126381463,-0.1133191302933849
gap_ev|dipole_moment_debye|3and6|hba,2.474124353300778,-0.1135389908617732
gap_ev|3and6|4and5,2.459538616241615,-0.1137068666697116
polar|4and5|logp|hbd,2.391870825095206,-0.1139359017428633
gap_ev|dipole_moment_debye|h_nbo_charge|hba,2.446618179142445,-0.1146428024405599
gap_ev|molecular_volume_A3|o_nbo_charge|sasa,2.4520272216676533,-0.1148568576603601
omega|molecular_volume_A3|4and5|hba,2.7036149740427757,-0.1151539830404682
omega|polar|4and5|hba,2.7038092279538426,-0.1154168184085824
homo_ev|dipole_moment_debye|3and6,2.655893115734958,-0.115485471999295
homo_ev|omega|4and5|logp,2.650189763393017,-0.1157124465265642
h_nbo_charge|4and5|hbd,2.311191874357586,-0.116403026387919
gap_ev|4and5|logp|hbd,2.394059853133496,-0.1165618989990586
3and6|4and5|logp|hbd,2.2433775503084674,-0.1173566352974251
homo_ev|lumo_ev|4and5|logp,2.5749319383959723,-0.1174619280907329
gap_ev|3and6|hbd,2.3681816198987216,-0.1175714324173546
4and5|logp|hbd,2.3959414937957035,-0.1185569299447815
molecular_volume_A3|logp|hba,2.428348044439808,-0.1190496058079162
molecular_volume_A3|polar|hba,2.4283519981196977,-0.1190522612423052
molecular_volume_A3|polar|logp|hba,2.4283556357827503,-0.1190534205280238
molecular_volume_A3|o_nbo_charge|sasa|3and6,2.50932889997043,-0.1191543066936815
omega|o_nbo_charge|hbd|hba,2.7616786508447304,-0.1200722472624125
gap_ev|logp|hba,2.4269242640429884,-0.1211001161791811
gap_ev|polar|hba,2.426995072052394,-0.1211084234904298
gap_ev|h_nbo_charge|hba,2.4270029545019693,-0.1211198738123606
gap_ev|polar|logp|hba,2.4270125200649453,-0.1211218874862765
lumo_ev|dipole_moment_debye|polar|hba,2.4833984484351546,-0.122475837579157
molecular_volume_A3|4and5|hbd,2.399052939529334,-0.123254670841272
dipole_moment_debye|molecular_volume_A3|o_nbo_charge|3and6,2.647715121090392,-0.123264877388973
dipole_moment_debye|hbd|hba,2.463561779451067,-0.1232831929778792
molecular_volume_A3|3and6|4and5|hbd,2.246931286441145,-0.1233451804088854
lumo_ev|polar|4and5|logp,2.602893207215172,-0.123637488879372
lumo_ev|molecular_volume_A3|4and5|logp,2.602907751777128,-0.1236391193070225
lumo_ev|gap_ev|4and5|logp,2.602910590463432,-0.1236401249743879
dipole_moment_debye|h_nbo_charge|o_nbo_charge,2.471058411086549,-0.124889679976877
h_nbo_charge|3and6|hbd|hba,2.239718699304871,-0.1251559352116553
molecular_volume_A3|hbd,2.396412291974016,-0.1256502564975536
homo_ev|hbd,2.44349005624858,-0.1256851438792541
dipole_moment_debye|o_nbo_charge,2.519417487196664,-0.1264103547193744
h_nbo_charge|polar|sasa|hbd,2.348256419352205,-0.1265287719964065
homo_ev|polar|3and6|hba,2.588034726825327,-0.1269009566539913
h_nbo_charge|4and5,2.5426490999745366,-0.1270455781440909
gap_ev|molecular_volume_A3|hba,2.4331174024279485,-0.1273856742845576
gap_ev|molecular_volume_A3|polar|hba,2.434010156531176,-0.1281235939390339
molecular_volume_A3|o_nbo_charge|sasa,2.565592418497706,-0.1281937973768956
gap_ev|3and6|logp|hba,2.4230177522169547,-0.1282240322955019
lumo_ev|o_nbo_charge|4and5|hba,2.526076444150119,-0.1289289020165409
gap_ev|molecular_volume_A3|logp|hba,2.435071535032767,-0.1289831389946396
omega|polar|4and5|logp,2.685998829937384,-0.1290681896395957
lumo_ev|dipole_moment_debye|o_nbo_charge|polar,2.4720476146151755,-0.1305074216581332
homo_ev|dipole_moment_debye|h_nbo_charge|hbd,2.522600412752182,-0.1306708841279193
3and6|logp|hba,2.4248483164618237,-0.1306790634799732
polar|3and6|logp|hba,2.4249459314072466,-0.1310338011818579
dipole_moment_debye|o_nbo_charge|polar,2.5237940209851355,-0.1312866937027714
dipole_moment_debye|o_nbo_charge|logp,2.52379957026084,-0.1312900222825774
homo_ev|sasa|logp,2.544921507468576,-0.1323618290503079
dipole_moment_debye|o_nbo_charge|sasa|hbd,2.3090539002722714,-0.1325428141391333
dipole_moment_debye|sasa|3and6,2.478848173467965,-0.1331979123374227
homo_ev|dipole_moment_debye|h_nbo_charge|4and5,2.589177229786256,-0.133697193135996
gap_ev|omega|4and5,2.67397966159085,-0.1339698004843705
gap_ev|dipole_moment_debye|3and6|hbd,2.4109436172838783,-0.1347374448423037
omega|molecular_volume_A3|4and5|logp,2.690318729491834,-0.1350955181472273
3and6|logp,2.4509619402339125,-0.135854123344866
dipole_moment_debye|polar,2.3984220780855576,-0.1360351312013206
gap_ev|polar|4and5|hbd,2.409648979298716,-0.1360508824066579
homo_ev|dipole_moment_debye|h_nbo_charge|polar,2.5947151810563263,-0.137005781642342
omega|3and6|hbd,2.2203277920585656,-0.1371338517388003
lumo_ev|o_nbo_charge|polar|4and5,2.556207843788922,-0.1376021176902873
homo_ev|dipole_moment_debye|logp|hbd,2.540491544179992,-0.1396520608027494
gap_ev|polar|3and6|hbd,2.308075963050317,-0.140316224738815
gap_ev|3and6,2.42027361115522,-0.1406662936311078
gap_ev|polar|logp|hbd,2.3419878069786537,-0.1409616350760889
hbd,2.342011790830162,-0.1409870067958305
gap_ev|logp|hbd|hba,2.3420433903291493,-0.1410060420719701
gap_ev|3and6|logp|hbd,2.30850418258654,-0.1410887585512594
polar|logp|hbd,2.3422669500395337,-0.1412098785440285
gap_ev|h_nbo_charge|hbd,2.342293421934884,-0.1412234083924637
h_nbo_charge|polar|4and5|hba,2.415586057205428,-0.1412585711636378
polar|logp|hbd|hba,2.3423999482616966,-0.1412803949470578
logp|hbd|hba,2.342537232619026,-0.1414665265071342
gap_ev|polar|hbd|hba,2.342618078781728,-0.1414932319842907
polar|3and6|logp|hbd,2.3115746498172767,-0.1417925045826356
gap_ev|polar|3and6|hba,2.407389732093264,-0.1418674710906144
lumo_ev|dipole_moment_debye|molecular_volume_A3|hba,2.488843383691612,-0.1426851305381025
homo_ev|hbd|hba,2.545198041241381,-0.1428577645255024
gap_ev|dipole_moment_debye|o_nbo_charge,2.538565633664715,-0.143733288951031
hbd|hba,2.4290193591154963,-0.1438918269332094
gap_ev|polar|hbd,2.35167548023383,-0.1439500664191257
homo_ev|dipole_moment_debye|4and5,2.6068894789583767,-0.1439750887176545
lumo_ev|omega|4and5|logp,2.615476914537701,-0.1444215591418693
dipole_moment_debye|4and5|hbd,2.5188696700293667,-0.1452240014972672
lumo_ev|dipole_moment_debye|polar|hbd,2.53793251314111,-0.1460473805678686
molecular_volume_A3|polar|4and5|hbd,2.4188251170412705,-0.1467285131905908
molecular_volume_A3|4and5|logp|hbd,2.418806621481945,-0.1467418378493266
gap_ev|molecular_volume_A3|4and5|hbd,2.418843707619743,-0.1467580817633662
omega|o_nbo_charge|4and5|hba,2.612956772479728,-0.1474262434352191
polar|hbd|hba,2.352112034868469,-0.1477077111595421
gap_ev|dipole_moment_debye|molecular_volume_A3,2.4894837533632157,-0.1480123966333466
molecular_volume_A3|polar|logp|hbd,2.3487803087656105,-0.1491751265211702
h_nbo_charge|polar|hbd,2.348286101862878,-0.1491887242192653
molecular_volume_A3|logp|hbd,2.3488331580225696,-0.1492131249844286
gap_ev|molecular_volume_A3|polar|hbd,2.34884970331196,-0.1492141031167828
molecular_volume_A3|hbd|hba,2.3488912695760304,-0.1492367561353056
gap_ev|molecular_volume_A3|logp|hbd,2.348935683753301,-0.1492973652034068
molecular_volume_A3|polar|hbd,2.349084246299167,-0.1494263617687956
gap_ev|molecular_volume_A3|hbd,2.34920301117831,-0.1495751222057391
gap_ev|molecular_volume_A3|hbd|hba,2.3493163055834336,-0.149645698663837
molecular_volume_A3|logp|hbd|hba,2.349353347965009,-0.1496591644135487
molecular_volume_A3|polar|hbd|hba,2.34942128087424,-0.1497104488427965
homo_ev|polar|3and6,2.5877120781907927,-0.1500266116023685
homo_ev|omega|logp|hba,2.7902896120111187,-0.1503981813207207
polar|sasa|hbd,2.222376558151309,-0.1504981447582853
omega|molecular_volume_A3|logp|hba,2.790460832751748,-0.150500947482471
omega|polar|logp|hba,2.790495319203868,-0.1505343117690121
lumo_ev|dipole_moment_debye|molecular_volume_A3|polar,2.496000477601508,-0.1506015739515347
o_nbo_charge|polar|sasa|hba,2.5369794479241765,-0.1508175057904133
homo_ev|polar,2.5545753084969616,-0.1508840956530237
homo_ev|polar|logp,2.554591004558312,-0.1509000055056213
homo_ev,2.5546041576771663,-0.1509019630527908
homo_ev|logp,2.555605341990136,-0.1511802645976068
homo_ev|molecular_volume_A3|polar|logp,2.555350258926412,-0.15182150747944
homo_ev|molecular_volume_A3|logp,2.5553649962208467,-0.151824571862368
homo_ev|molecular_volume_A3|polar,2.5553590188763544,-0.1518284704606929
dipole_moment_debye|molecular_volume_A3|polar|3and6,2.573521854503427,-0.1520837790972198
gap_ev|molecular_volume_A3|3and6|hbd,2.320056026875362,-0.1528841843373307
homo_ev|molecular_volume_A3,2.5612300848805183,-0.1532662832810871
homo_ev|dipole_moment_debye|4and5|logp,2.6232480857209954,-0.1537843499716049
gap_ev|polar|3and6,2.497946893874086,-0.1538675388971324
homo_ev|dipole_moment_debye|h_nbo_charge|logp,2.5348723407564,-0.1540759970355865
homo_ev|dipole_moment_debye|o_nbo_charge|logp,2.571656964714921,-0.1542324677902407
homo_ev|molecular_volume_A3|3and6|hba,2.6062782046244144,-0.1543983763117156
molecular_volume_A3|3and6|logp|hbd,2.3233538354711363,-0.1547611763429042
h_nbo_charge|polar|3and6|hbd,2.31430193915096,-0.1568465606751241
gap_ev|dipole_moment_debye|3and6|logp,2.5688587515302794,-0.157638578220024
gap_ev|polar|4and5,2.588719624263568,-0.1579163972961479
homo_ev|gap_ev|o_nbo_charge|sasa,2.5146197923313487,-0.1579659599162841
gap_ev|h_nbo_charge|4and5,2.590647306206009,-0.1585343104682979
4and5,2.5906529675507035,-0.1585395845793802
4and5|logp,2.590632759453664,-0.1585414270300835
molecular_volume_A3|polar|3and6|hbd,2.3356296816070423,-0.1595140397089325
gap_ev|logp|hbd,2.405506242721034,-0.1595811667795297
homo_ev|gap_ev|h_nbo_charge|sasa,2.468475955766692,-0.1600512626443735
molecular_volume_A3|3and6|logp,2.438830843226014,-0.1606551803001115
gap_ev|omega|logp|hba,2.7980644876078693,-0.1613083551610892
gap_ev|3and6|logp,2.489257755649692,-0.1618922635522424
homo_ev|4and5|hba,2.6588482171313528,-0.1625079844131105
homo_ev|molecular_volume_A3|o_nbo_charge|sasa,2.6116573352949533,-0.1626614829668562
gap_ev|o_nbo_charge|sasa|hbd,2.378526357803864,-0.1628750768958047
omega|dipole_moment_debye,2.750207342444821,-0.1643624731474933
lumo_ev|dipole_moment_debye|molecular_volume_A3|o_nbo_charge,2.537475958433714,-0.1651873166652346
o_nbo_charge|polar|sasa|logp,2.5076857887932484,-0.1654530119055204
omega|dipole_moment_debye|molecular_volume_A3|hba,2.569922410203559,-0.1670402162571833
omega|logp,2.740489322404784,-0.1689033045712489
homo_ev|molecular_volume_A3|hba,2.5802261920710343,-0.169803292535358
homo_ev|molecular_volume_A3|polar|hba,2.5802327740359927,-0.1698061210179697
homo_ev|polar|hba,2.580244892817116,-0.1698111299381628
homo_ev|logp|hba,2.580248795202669,-0.1698146883029385
homo_ev|molecular_volume_A3|logp|hba,2.5802666334734687,-0.1698244018248511
homo_ev|polar|logp|hba,2.5802675893668483,-0.1698275168559655
gap_ev|dipole_moment_debye|3and6|4and5,2.541785243219815,-0.1698707408758288
molecular_volume_A3|3and6|hba,2.476033185684367,-0.1699845379610387
homo_ev|4and5|logp,2.667991807431155,-0.1704479363859621
homo_ev|3and6|logp,2.5980567404739427,-0.1706152794478999
homo_ev|molecular_volume_A3|h_nbo_charge,2.599999474692092,-0.1706949406463298
gap_ev|omega|4and5|logp,2.6970883273070227,-0.1710775087385905
homo_ev|4and5|logp|hbd,2.581289866491649,-0.1718397768075361
o_nbo_charge|sasa|3and6|4and5,2.5486565667889973,-0.1720998076123636
polar|3and6,2.432279526532963,-0.1723831516550695
lumo_ev|dipole_moment_debye|molecular_volume_A3|logp,2.515597610791969,-0.1733322463991833
omega|dipole_moment_debye|molecular_volume_A3|o_nbo_charge,2.579067097586889,-0.1733406556682382
gap_ev|dipole_moment_debye|hba,2.514978963617638,-0.1741135893656658
3and6|4and5|hbd,2.3317707047448324,-0.1743436070044908
polar|4and5|logp|hba,2.6122494982441604,-0.1744763548526278
gap_ev|4and5|logp|hba,2.6122461609870395,-0.1744770431463258
h_nbo_charge|polar|3and6,2.553828487515863,-0.1762053298462937
gap_ev|o_nbo_charge,2.533381084538915,-0.1763439385409302
gap_ev|polar|3and6|logp,2.5342034234921846,-0.1765724566954911
molecular_volume_A3|4and5|logp,2.6036880970951093,-0.1797512949768323
molecular_volume_A3|polar|4and5|logp,2.603686374073991,-0.1797630915460715
gap_ev|molecular_volume_A3|4and5,2.603969866523832,-0.1799348406736396
molecular_volume_A3|polar|4and5,2.604327387104077,-0.1799770230681374
molecular_volume_A3|h_nbo_charge|4and5,2.604446053099942,-0.1800433965811401
dipole_moment_debye|molecular_volume_A3|polar|hba,2.6090053620760405,-0.1803520935925289
gap_ev|molecular_volume_A3|polar|3and6,2.516563955444431,-0.1806017949356155
homo_ev|o_nbo_charge|4and5|hbd,2.4043377351833413,-0.1810040981333442
molecular_volume_A3|o_nbo_charge|sasa|hbd,2.532264084389276,-0.1819455083749324
h_nbo_charge|logp,2.4499556119939334,-0.1821904319343041
dipole_moment_debye|3and6|4and5,2.5263729187661794,-0.1824416718720161
molecular_volume_A3|3and6,2.4402246982215883,-0.1829268179626204
homo_ev|h_nbo_charge|hba,2.5526735992358742,-0.1830130317047749
homo_ev|o_nbo_charge|sasa|hba,2.5634762146714656,-0.1841690587078444
dipole_moment_debye|sasa|logp,2.5114261497971,-0.1844464219104142
gap_ev|molecular_volume_A3|3and6,2.5615496542019667,-0.1845783244371823
homo_ev|sasa|4and5,2.5856812788484134,-0.1846302397814456
homo_ev|lumo_ev|o_nbo_charge|4and5,2.70488857169548,-0.1846994574681846
gap_ev|polar|4and5|logp,2.628918013170229,-0.1857054304982885
homo_ev|gap_ev|3and6|4and5,2.6169083405899625,-0.1860752587834251
dipole_moment_debye|molecular_volume_A3|3and6|4and5,2.605863760495771,-0.1862787807366597
homo_ev|molecular_volume_A3|hbd,2.5459856759775046,-0.1864393654424916
h_nbo_charge|3and6,2.530212401347816,-0.1869722787255936
gap_ev|omega|4and5|hba,2.7816562103790914,-0.1870698323818382
3and6|4and5|logp,2.466489277148728,-0.187110585345726
molecular_volume_A3|polar|3and6|logp,2.520898542638179,-0.1875115277039034
o_nbo_charge|sasa|hbd|hba,2.4985468224866194,-0.1875308736119048
lumo_ev|3and6|hbd,2.164685470689776,-0.1878479809692192
omega|o_nbo_charge|polar|4and5,2.638877255463679,-0.1879239524505853
homo_ev|sasa,2.607239437149905,-0.1879601562121056
dipole_moment_debye|molecular_volume_A3|hba,2.5009513092752083,-0.1883051384918301
molecular_volume_A3|h_nbo_charge|polar,2.483072627659722,-0.1883356305170964
molecular_volume_A3|h_nbo_charge|logp,2.4830777957083447,-0.1883385244763016
gap_ev|molecular_volume_A3|polar|4and5,2.6109894477291404,-0.1895125432909017
dipole_moment_debye|sasa|hba,2.5340401453906747,-0.1896012667258984
dipole_moment_debye|h_nbo_charge|3and6|logp,2.66542556404522,-0.189936773643397
gap_ev|molecular_volume_A3|3and6|logp,2.5277387945930383,-0.1900831268801532
homo_ev|polar|hbd,2.580458140818325,-0.1902548095781655
molecular_volume_A3|polar|3and6,2.558102209726665,-0.1903342625994617
dipole_moment_debye|h_nbo_charge|3and6|4and5,2.69127681224984,-0.1904766499959438
molecular_volume_A3|4and5|logp|hba,2.623039654818218,-0.1920023861849613
molecular_volume_A3|4and5|hba,2.623343391315544,-0.1921823477549438
molecular_volume_A3|sasa|hbd,2.3210356911955783,-0.1930543398530886
homo_ev|molecular_volume_A3|polar|3and6,2.636978714805108,-0.1933490642426374
dipole_moment_debye|o_nbo_charge|sasa|hba,2.5171618497855106,-0.1935680981742904
homo_ev|h_nbo_charge|4and5|hbd,2.4728539449531053,-0.1936903400838223
dipole_moment_debye|molecular_volume_A3|logp,2.496908726775983,-0.1937938545359188
omega|4and5|hbd,2.7423512318174925,-0.1944831967698057
dipole_moment_debye|molecular_volume_A3|o_nbo_charge,2.49794261397413,-0.1950885456551312
3and6|4and5,2.57044467784347,-0.196835082992635
sasa|4and5|logp|hbd,2.3367752704773124,-0.1969094053295497
homo_ev|gap_ev|h_nbo_charge|logp,2.605883098057039,-0.197049999263257
sasa|hbd|hba,2.376876498119669,-0.1989210278674296
omega|o_nbo_charge|4and5,2.8254450835649627,-0.1998699328755326
homo_ev|dipole_moment_debye|hbd|hba,2.6018571472863945,-0.2003546495884443
homo_ev|molecular_volume_A3|3and6,2.628310886039986,-0.2017497915809212
h_nbo_charge|logp|hba,2.48135632082048,-0.2020106336131637
molecular_volume_A3|h_nbo_charge|hba,2.507849365689197,-0.2027232659262501
homo_ev|h_nbo_charge|hbd,2.524781231057496,-0.2038351899319888
gap_ev|o_nbo_charge|sasa,2.64016508334721,-0.204374818749967
polar|3and6|hba,2.520301263592857,-0.204598121439254
homo_ev|h_nbo_charge|3and6,2.65782963527027,-0.2049213231071625
omega|o_nbo_charge|logp|hba,2.841601722740576,-0.2054021532264864
gap_ev|o_nbo_charge|sasa|hba,2.553822944066088,-0.2068250221358718
molecular_volume_A3|sasa|hba,2.452567051782443,-0.2069635974288537
homo_ev|4and5|hbd|hba,2.634174909093604,-0.207364957729369
gap_ev|dipole_moment_debye|logp|hba,2.5687204212866117,-0.2078336274250829
gap_ev|molecular_volume_A3|polar|sasa,2.4603897306913622,-0.2078785243782932
gap_ev|sasa|4and5|hbd,2.294985812998753,-0.2092100653883144
gap_ev|dipole_moment_debye|h_nbo_charge|hbd,2.5356629535504216,-0.2095732994198684
gap_ev|dipole_moment_debye|sasa|hbd,2.3597291869378885,-0.2097373875747454
gap_ev|polar|4and5|hba,2.637158192956779,-0.2099467282766904
homo_ev|polar|4and5|logp,2.726585003693576,-0.210844047216151
homo_ev|molecular_volume_A3|hbd|hba,2.576492416746776,-0.2110744778252253
lumo_ev|dipole_moment_debye|polar|logp,2.5344172353987315,-0.2111982656779119
homo_ev|dipole_moment_debye|hbd,2.5986662537587875,-0.211771945941948
dipole_moment_debye|o_nbo_charge|logp|hba,2.583325087412806,-0.2121084389692085
o_nbo_charge|sasa|hba,2.567223685334389,-0.2127903631991847
dipole_moment_debye|o_nbo_charge|hba,2.5785902471896853,-0.2130976791629877
gap_ev|dipole_moment_debye|hbd,2.5411347322045827,-0.2131122099461393
molecular_volume_A3|h_nbo_charge|sasa,2.543192511039846,-0.2131622243771669
dipole_moment_debye|3and6|4and5|hbd,2.507914922921219,-0.2133003966952933
dipole_moment_debye|molecular_volume_A3|4and5,2.621898070511115,-0.2136940376102534
gap_ev|dipole_moment_debye|polar|3and6,2.524309382836709,-0.2138894426332618
h_nbo_charge|sasa|hbd|hba,2.4510416071119403,-0.2155411325086127
dipole_moment_debye|sasa|3and6|hba,2.628075016876873,-0.2158320525540937
gap_ev|sasa|hba,2.40871222364638,-0.2163447602434047
lumo_ev|dipole_moment_debye|molecular_volume_A3|4and5,2.643298421660956,-0.2163469546233438
lumo_ev|4and5|logp|hba,2.830421159536228,-0.2163624943920055
molecular_volume_A3|3and6|logp|hba,2.561473597602534,-0.2165728095763386
o_nbo_charge|sasa,2.6589218371475134,-0.2178350135195119
polar|4and5,2.606301423550066,-0.2178445200854404
dipole_moment_debye|sasa|3and6|4and5,2.5934528538841293,-0.2182612182595456
homo_ev|h_nbo_charge|o_nbo_charge|hba,2.522003232432708,-0.2185886600272486
homo_ev|dipole_moment_debye|molecular_volume_A3|logp,2.5483604592219478,-0.2187275068300163
omega|dipole_moment_debye|o_nbo_charge|polar,2.6036510601847884,-0.2188068178619207
molecular_volume_A3|polar|sasa,2.461193533569897,-0.2189665131487748
h_nbo_charge|3and6|hbd,2.3439715411514475,-0.2190129646483736
dipole_moment_debye|molecular_volume_A3|polar,2.509000460697304,-0.219216044848578
4and5|logp|hba,2.6667817515256105,-0.2194554435374129
omega|4and5,2.6083386249871663,-0.2195386454926124
sasa,2.4276940468828645,-0.2196133510939646
gap_ev|sasa,2.4276966352491383,-0.2196181177950082
dipole_moment_debye|polar|4and5,2.6275144600887743,-0.2202206338376213
gap_ev|dipole_moment_debye|4and5|hba,2.661451455152354,-0.2205429120961024
gap_ev|dipole_moment_debye|logp|hbd,2.571366296702181,-0.2208533671182415
molecular_volume_A3|4and5,2.610727259122919,-0.221125778242609
gap_ev|3and6|4and5|logp,2.5855011476551444,-0.2214398609003862
gap_ev|3and6|hba,2.556382828321896,-0.222221230788161
homo_ev|gap_ev|hbd,2.6888327856333816,-0.2227159421806468
homo_ev|polar|4and5|hba,2.7422639434598115,-0.2228515439917933
homo_ev|o_nbo_charge,2.683074337285593,-0.2231468315868374
homo_ev|dipole_moment_debye|3and6|4and5,2.637359309756856,-0.2233003765467329
gap_ev|3and6|4and5|hba,2.5883011416094788,-0.2234727727156262
3and6|4and5|logp|hba,2.588366796034023,-0.2234947725402261
homo_ev|4and5,2.629248202487224,-0.2235942663894867
homo_ev|dipole_moment_debye|o_nbo_charge|hba,2.6345450846799303,-0.224888114901911
o_nbo_charge|hba,2.641376589487053,-0.2248969855370235
gap_ev|h_nbo_charge|polar|logp,2.4753915079794324,-0.2253134660489779
o_nbo_charge|4and5,2.7286452589305106,-0.2255760509722795
molecular_volume_A3|h_nbo_charge|sasa|hba,2.395231924939176,-0.2257706163234771
molecular_volume_A3|3and6|4and5,2.6449988938863176,-0.2263416440620353
homo_ev|polar|3and6|4and5,2.71648450546988,-0.2265462085789871
polar|3and6|4and5|hba,2.5902253304519007,-0.226736094789302
gap_ev|4and5,2.6119694825769746,-0.2269333073078481
sasa|4and5,2.4259447940617243,-0.2269899304889382
sasa|hba,2.4259452173438394,-0.2269909184236569
homo_ev|molecular_volume_A3|4and5,2.7382921732217,-0.2277059475004181
homo_ev|polar|4and5,2.738454071124727,-0.2277783902727281
homo_ev|gap_ev,2.7503877366365685,-0.2280174412137343
gap_ev|dipole_moment_debye|sasa|hba,2.549201786817932,-0.2282011744827088
dipole_moment_debye|polar|logp,2.513690671406977,-0.2293143644532742
polar|3and6|logp,2.530191600272288,-0.229844396590126
sasa|4and5|hbd,2.3771142179206186,-0.2300280214126193
dipole_moment_debye|sasa|logp|hbd,2.462508139306528,-0.2321087178299852
dipole_moment_debye|h_nbo_charge|polar|logp,2.6340463967776957,-0.232893208580452
gap_ev|molecular_volume_A3|4and5|hba,2.65211870861287,-0.2331385910835735
homo_ev|sasa|hba,2.654908976008023,-0.2331456163709977
gap_ev|h_nbo_charge|o_nbo_charge,2.7025688503338565,-0.2334673349749743
dipole_moment_debye|sasa,2.5248545641466715,-0.2344992081671917
homo_ev|molecular_volume_A3|polar|4and5,2.7420552152720776,-0.2348665112960137
homo_ev|polar|sasa|hba,2.6161661451137,-0.2352069945884156
dipole_moment_debye|logp|hbd|hba,2.6408109315247,-0.235537215774811
gap_ev|dipole_moment_debye|molecular_volume_A3|polar,2.546513755182338,-0.2357650063404308
gap_ev|molecular_volume_A3|4and5|logp,2.6455717158228045,-0.2359390542401291
gap_ev|dipole_moment_debye|molecular_volume_A3|logp,2.5472404428047626,-0.2365965655789572
h_nbo_charge|sasa|hbd,2.299937886017608,-0.2372925154042886
h_nbo_charge|polar,2.4815324847395632,-0.2375939697548492
dipole_moment_debye|h_nbo_charge|sasa|hbd,2.299684974177401,-0.2387818440683071
dipole_moment_debye|h_nbo_charge|sasa,2.634803120039517,-0.239632665246668
molecular_volume_A3|h_nbo_charge|hbd,2.436801382697549,-0.2397232498566115
homo_ev|3and6|hba,2.660108899810261,-0.2399391568578051
homo_ev|3and6|4and5|logp,2.713276125001992,-0.2409833580811962
h_nbo_charge|logp|hbd,2.410563451363243,-0.2421281475107937
homo_ev|3and6|4and5,2.715800695201892,-0.242706646803573
homo_ev|gap_ev|polar,2.789343584551227,-0.2431335322603904
3and6|4and5|hba,2.6238595787548467,-0.2432657599451777
gap_ev|molecular_volume_A3|sasa,2.5095759105737376,-0.2439296647497761
homo_ev|gap_ev|molecular_volume_A3|polar,2.7900431209329803,-0.2439862379494355
dipole_moment_debye|h_nbo_charge|sasa|hba,2.539643291437047,-0.244033329204887
homo_ev|gap_ev|molecular_volume_A3,2.7899877805880293,-0.2440436901548648
dipole_moment_debye|3and6|4and5|hba,2.687175587677782,-0.2441400807042493
polar|3and6|4and5,2.6779115818832424,-0.2443412927660235
gap_ev|dipole_moment_debye|polar|logp,2.536958055272562,-0.2444318260909079
h_nbo_charge|polar|4and5,2.679504265255327,-0.2453602144351587
molecular_volume_A3|polar|4and5|hba,2.6617000352933515,-0.246009224309184
dipole_moment_debye|polar|hbd|hba,2.672845083884983,-0.2463414921276243
molecular_volume_A3|o_nbo_charge|polar|sasa,2.6940781751530944,-0.2467419213589128
polar|sasa|logp,2.520099939976906,-0.2471389752107766
dipole_moment_debye|o_nbo_charge|hbd,2.593539342808921,-0.2479339435574872
lumo_ev|molecular_volume_A3|o_nbo_charge|4and5,2.7513145777929364,-0.2482171629400491
homo_ev|polar|sasa,2.624858687166784,-0.2483194431400828
homo_ev|omega|o_nbo_charge|4and5,2.785637864262588,-0.2484467554469207
o_nbo_charge|polar,2.6900962553648164,-0.248553003649133
homo_ev|gap_ev|hbd|hba,2.773529051508931,-0.2491313289512691
polar|sasa,2.522177501382681,-0.2498285222712302
homo_ev|h_nbo_charge|logp,2.702569375407163,-0.2502227777448165
homo_ev|h_nbo_charge|polar,2.703729586963263,-0.251436166205373
omega|dipole_moment_debye|polar|hba,2.6847962614704883,-0.2515851809036236
homo_ev|molecular_volume_A3|o_nbo_charge,2.781511399501452,-0.2526367504087494
dipole_moment_debye|polar|4and5|logp,2.722978571958398,-0.2530203649985301
omega|dipole_moment_debye|molecular_volume_A3|4and5,2.697390652144924,-0.254221480194954
o_nbo_charge|hbd,2.672515429260084,-0.2542322599864119
homo_ev|dipole_moment_debye|polar|logp,2.565141035320869,-0.2542473819266095
gap_ev|dipole_moment_debye|molecular_volume_A3|3and6,2.5801281667644136,-0.2550926879535817
gap_ev|dipole_moment_debye|molecular_volume_A3|hba,2.7484015296573023,-0.2555988253830918
gap_ev|polar|sasa|hbd,2.410451999588445,-0.2559105873232268
o_nbo_charge,2.7039657229018936,-0.2561048541407995
homo_ev|gap_ev|molecular_volume_A3|hba,2.8035083036173147,-0.2565949387478539
homo_ev|gap_ev|polar|hba,2.803510552915322,-0.2566018874561926
molecular_volume_A3|h_nbo_charge|3and6|hbd,2.457989899990833,-0.2568675978675299
sasa|logp|hbd,2.3579193418433,-0.257421908733306
dipole_moment_debye|h_nbo_charge|o_nbo_charge|hba,2.5318819422692003,-0.2578093024625882
homo_ev|gap_ev|molecular_volume_A3|hbd,2.78569053255694,-0.2580991736799596
gap_ev|h_nbo_charge|sasa|hbd,2.3992791243274123,-0.2583318655909257
homo_ev|gap_ev|hba,2.8072638753046752,-0.2587734837391153
gap_ev|dipole_moment_debye|h_nbo_charge|4and5,2.669030696531,-0.2597084051008396
gap_ev|polar|3and6|4and5,2.6619521630582006,-0.2600689428129139
homo_ev|4and5|hbd,2.6849155465152426,-0.2602922187268008
homo_ev|o_nbo_charge|hbd,2.70633276501813,-0.2610807128646757
homo_ev|sasa|3and6,2.7346846819563315,-0.261371270055204
polar|3and6|4and5|logp,2.661990372066289,-0.2614688637839764
molecular_volume_A3|polar|3and6|hba,2.626551266783473,-0.2618058297614947
gap_ev|molecular_volume_A3|3and6|hba,2.6277201791899394,-0.262213177999353
omega|dipole_moment_debye|molecular_volume_A3|polar,2.688469754380057,-0.2629177561439948
h_nbo_charge|polar|logp|hbd,2.429349013954951,-0.2629407750120305
o_nbo_charge|hbd|hba,2.633535873967776,-0.2633981747911988
o_nbo_charge|polar|logp,2.713086377124913,-0.2640078974027426
gap_ev|o_nbo_charge|logp,2.711722785921868,-0.2645980779208323
gap_ev|molecular_volume_A3|sasa|hbd,2.4215715070379056,-0.2647004448925927
gap_ev|o_nbo_charge|polar|sasa,2.662297239828717,-0.2648474429797571
gap_ev|sasa|logp|hbd,2.418766436108401,-0.2657818224520651
molecular_volume_A3|polar|sasa|hbd,2.4020510927083234,-0.26677329055552
dipole_moment_debye|molecular_volume_A3|logp|hbd,2.58354912514955,-0.2667935344432315
gap_ev|o_nbo_charge|polar,2.715239594890697,-0.2676847069484553
gap_ev|dipole_moment_debye|o_nbo_charge|hba,2.6128742192309447,-0.2682672082457142
gap_ev|h_nbo_charge|3and6,2.5314883797470533,-0.2684291009409132
molecular_volume_A3|o_nbo_charge|polar|4and5,2.740572577663743,-0.2684493014652602
homo_ev|3and6|4and5|hba,2.756330872186164,-0.2687275519847725
gap_ev|h_nbo_charge|sasa|hba,2.455564256138381,-0.2693689077656156
molecular_volume_A3|o_nbo_charge,2.6169049962055646,-0.2698764037880878
homo_ev|sasa|4and5|logp,2.6587489683888847,-0.2701658410539207
o_nbo_charge|polar|sasa|3and6,2.672118486673712,-0.2704346621169791
polar|4and5|hbd|hba,2.6221382149807355,-0.2707233954115484
molecular_volume_A3|h_nbo_charge|sasa|hbd,2.50067020329991,-0.2708654676150466
homo_ev|molecular_volume_A3|polar|hbd,2.738984196559771,-0.2724280033615347
4and5|logp|hbd|hba,2.632874318675493,-0.2732192574581864
homo_ev|molecular_volume_A3|polar|sasa,2.653071327347519,-0.2733528211192157
homo_ev|dipole_moment_debye|4and5|hbd,2.779106452930845,-0.2735282243765369
homo_ev|sasa|4and5|hba,2.6794703092850773,-0.2748184856878481
gap_ev|dipole_moment_debye|4and5,2.67546090472662,-0.2754283219258544
gap_ev|4and5|hbd|hba,2.628324354110461,-0.2770116556608464
molecular_volume_A3|polar|3and6|4and5,2.678065856808569,-0.2771056338588551
molecular_volume_A3|3and6|4and5|logp,2.678113703998316,-0.2771476759596278
dipole_moment_debye|sasa|4and5,2.5818760847777646,-0.2772319236298237
gap_ev|dipole_moment_debye|sasa|3and6,2.604521500986331,-0.2778868735616748
gap_ev|dipole_moment_debye|h_nbo_charge|3and6,2.6307937133370864,-0.2782528231022676
dipole_moment_debye|sasa|3and6|logp,2.708572933996068,-0.2788082238808618
molecular_volume_A3|sasa|logp|hbd,2.444494219322673,-0.2791544934202772
homo_ev|dipole_moment_debye|3and6|logp,2.740125378230241,-0.2797691228584877
o_nbo_charge|logp|hbd,2.6892201231707875,-0.2800884169750324
homo_ev|molecular_volume_A3|4and5|hba,2.778723604277548,-0.280381053617287
homo_ev|h_nbo_charge|polar|logp,2.698690216580939,-0.2807142115312817
o_nbo_charge|polar|hbd,2.678830433293033,-0.280717259873114
h_nbo_charge|sasa|logp|hbd,2.5747626248898454,-0.2810750230034102
dipole_moment_debye|h_nbo_charge|hbd|hba,2.7050173412791074,-0.2811218848379775
molecular_volume_A3|sasa,2.5486130724321323,-0.2813664153859678
gap_ev|polar|sasa,2.573859465681934,-0.2814111932500249
gap_ev|dipole_moment_debye|polar|hba,2.6399122128420704,-0.28207191937402
o_nbo_charge|polar|sasa,2.743642874465097,-0.282162197790897
dipole_moment_debye|h_nbo_charge|polar|hbd,2.676097695934974,-0.2833217164367327
polar|sasa|logp|hbd,2.432924073634141,-0.2833679348479501
gap_ev|dipole_moment_debye|molecular_volume_A3|hbd,2.5750796065800645,-0.283482374347062
homo_ev|polar|hbd|hba,2.815228492068274,-0.2837182189661555
homo_ev|gap_ev|polar|hbd,2.8130757678017155,-0.2845895893499288
dipole_moment_debye|sasa|hbd|hba,2.4459446383331183,-0.2851649202616093
gap_ev|o_nbo_charge|hba,2.7491339615290755,-0.2855401501284542
gap_ev|molecular_volume_A3|3and6|4and5,2.688913333249677,-0.286744814167204
gap_ev|dipole_moment_debye|o_nbo_charge|logp,2.6240849560761137,-0.2867573901758513
dipole_moment_debye|molecular_volume_A3|polar|hbd,2.63817314831565,-0.2873923668590694
molecular_volume_A3|h_nbo_charge|logp|hba,2.561120285491693,-0.2881030305129421
homo_ev|dipole_moment_debye|sasa|3and6,2.8897901541420423,-0.2887926786345458
gap_ev|sasa|hbd|hba,2.49707111140816,-0.2899866353406253
omega|dipole_moment_debye|polar|hbd,2.729639590940446,-0.29006587916687
dipole_moment_debye|h_nbo_charge|logp|hbd,2.5969337072354266,-0.2902361677342839
molecular_volume_A3|polar|sasa|logp,2.584595031196345,-0.2904876603745945
molecular_volume_A3|h_nbo_charge|4and5|hba,2.530149332669486,-0.2906006649912234
dipole_moment_debye|sasa|3and6|hbd,2.5965628168157653,-0.2912843612537685
polar|sasa|hbd|hba,2.5136135900637067,-0.2928157823196844
polar|sasa|4and5|hbd,2.452714236786529,-0.2929182174274549
molecular_volume_A3|3and6|hbd,2.650422019886606,-0.2936779837882539
gap_ev|h_nbo_charge|polar|hbd,2.4403696199378344,-0.2942603961648917
gap_ev|o_nbo_charge|hbd,2.5941137504771032,-0.2943257515649249
4and5|hbd,2.5992087396173376,-0.2946451864719079
homo_ev|gap_ev|h_nbo_charge,2.971310013067807,-0.2951038264143297
dipole_moment_debye|h_nbo_charge|logp|hba,2.5530794356734563,-0.2957218274962176
dipole_moment_debye|4and5|logp|hba,2.699667415127515,-0.29711684227903
gap_ev|dipole_moment_debye|sasa,2.568893216573336,-0.2973961248773695
homo_ev|dipole_moment_debye|sasa,2.889304831420404,-0.2976040393434707
o_nbo_charge|sasa|logp,2.710957162547656,-0.297942168686313
homo_ev|dipole_moment_debye|o_nbo_charge|hbd,2.687975357905632,-0.2994732195387863
homo_ev|molecular_volume_A3|4and5|logp,2.782071121277466,-0.2995158999843361
molecular_volume_A3|3and6|4and5|hba,2.7061341674263244,-0.2998050403121219
omega|dipole_moment_debye|molecular_volume_A3|logp,2.7166194908159027,-0.2998121008823571
homo_ev|3and6|logp|hba,2.765301270342357,-0.300004058131915
gap_ev|h_nbo_charge|sasa,2.531298661903266,-0.3014765797680074
homo_ev|molecular_volume_A3|3and6|4and5,2.8063063668511563,-0.3020171158917202
h_nbo_charge|polar|3and6|hba,2.587787783051086,-0.3021656847700171
gap_ev|molecular_volume_A3|o_nbo_charge,2.7276297434325607,-0.3039249260267676
homo_ev|o_nbo_charge|logp,2.823196592564204,-0.3046906858665865
homo_ev|o_nbo_charge|polar,2.823199449790876,-0.30469344734617
sasa|hbd,2.4762210475188837,-0.3053765167531792
molecular_volume_A3|4and5|hbd|hba,2.6732464447886257,-0.3062246426690003
gap_ev|3and6|hbd|hba,2.5719287031004083,-0.3068377826062942
molecular_volume_A3|h_nbo_charge|polar|logp,2.5604847419097783,-0.3071976064637336
gap_ev|molecular_volume_A3|sasa|logp,2.5579517427234983,-0.3082500255254472
gap_ev|molecular_volume_A3|sasa|hba,2.557993177081458,-0.3083212920565779
h_nbo_charge|o_nbo_charge,2.6896669710009298,-0.3094163562554164
gap_ev|dipole_moment_debye|polar|hbd,2.58796237734611,-0.3102475588606279
homo_ev|dipole_moment_debye|polar|hbd,2.7513885958083377,-0.3103446022298104
dipole_moment_debye|polar|sasa|3and6,2.7551641683001087,-0.3113249529622548
gap_ev|sasa|logp,2.559373145804537,-0.3115038089459148
molecular_volume_A3|h_nbo_charge|o_nbo_charge|polar,2.70639033652571,-0.3122243991445483
dipole_moment_debye|o_nbo_charge|logp|hbd,2.6788541361738303,-0.3133426186141144
o_nbo_charge|polar|sasa|4and5,2.7735324200500333,-0.3140475913976714
homo_ev|logp|hbd,2.676931215258982,-0.3141523077711654
omega|molecular_volume_A3|o_nbo_charge|4and5,2.849669897411983,-0.3147973781321291
homo_ev|gap_ev|4and5,2.9040139476992195,-0.315188673955088
molecular_volume_A3|o_nbo_charge|polar,2.7586508376064587,-0.3155686370780284
molecular_volume_A3|o_nbo_charge|logp,2.7586507925223693,-0.3155805758399377
o_nbo_charge|logp,2.740332890734765,-0.3159221590520205
gap_ev|molecular_volume_A3|h_nbo_charge|polar,2.566137900202665,-0.3162662549004422
gap_ev|molecular_volume_A3|h_nbo_charge|logp,2.5661418756583205,-0.3162727511655734
molecular_volume_A3|o_nbo_charge|logp|hbd,2.671332865136536,-0.3163295543492077
h_nbo_charge|3and6|4and5|hbd,2.4630972850313677,-0.3165774777727643
homo_ev|gap_ev|polar|4and5,2.8912447502814502,-0.3176841708234343
h_nbo_charge|sasa|logp|hba,2.701423592679502,-0.3187808524465183
gap_ev|sasa|4and5,2.5477786273726277,-0.3192154388591977
homo_ev|molecular_volume_A3|sasa,2.687800324518836,-0.3195341950631556
sasa|logp|hbd|hba,2.6187584251299483,-0.3201944920259703
molecular_volume_A3|h_nbo_charge|polar|hba,2.584776212520808,-0.320466028054835
homo_ev|dipole_moment_debye|molecular_volume_A3|hba,2.7080220817797898,-0.3206125408874527
homo_ev|dipole_moment_debye|polar|hba,2.6245677447431324,-0.3234229515202189
gap_ev|o_nbo_charge|logp|hbd,2.682429101979423,-0.3247931992073072
homo_ev|molecular_volume_A3|h_nbo_charge|sasa,2.621529830977095,-0.3248534423339513
gap_ev|o_nbo_charge|polar|hbd,2.682530510164148,-0.3248690174230231
gap_ev|dipole_moment_debye|molecular_volume_A3|sasa,2.49045810146089,-0.324911215353177
homo_ev|dipole_moment_debye|4and5|hba,2.821287944457603,-0.325562303438164
gap_ev|dipole_moment_debye|hbd|hba,2.6386946689199715,-0.3259468750712446
molecular_volume_A3|sasa|logp,2.5582153298426835,-0.3260693427782288
gap_ev|o_nbo_charge|polar|logp,2.745942813625181,-0.3266460113742833
molecular_volume_A3|sasa|hbd|hba,2.5355041421869062,-0.3270900867916904
h_nbo_charge|polar|logp|hba,2.598113156514839,-0.3288567955304926
homo_ev|gap_ev|4and5|hba,2.868360220419237,-0.3288940088760164
molecular_volume_A3|o_nbo_charge|sasa|4and5,2.657126700921626,-0.329745001646311
gap_ev|molecular_volume_A3|h_nbo_charge|hba,2.591500685700184,-0.3304061484678735
molecular_volume_A3|sasa|4and5|hbd,2.5024310549848745,-0.3307523818545488
polar|sasa|4and5,2.646863422892823,-0.3308245599670352
o_nbo_charge|polar|hba,2.799064465309684,-0.3311629595925092
homo_ev|gap_ev|o_nbo_charge,2.9772304649416896,-0.3315042430575823
gap_ev|dipole_moment_debye|h_nbo_charge|sasa,2.6742244739371763,-0.3320368970301648
homo_ev|o_nbo_charge|polar|sasa,2.858054832644425,-0.3323955520276982
sasa|4and5|hbd|hba,2.572326297630466,-0.3327145059125465
dipole_moment_debye|o_nbo_charge|polar|hbd,2.7420135418555422,-0.332901634700077
molecular_volume_A3|sasa|4and5,2.559800195537345,-0.3332551256189995
o_nbo_charge|logp|hba,2.804221686226485,-0.3334068882055025
h_nbo_charge|sasa|4and5|hbd,2.446379540726097,-0.334054072386428
polar|sasa|hba,2.6284351387496563,-0.3351605113392102
sasa|4and5|logp,2.678541235948825,-0.3355849087635496
gap_ev|molecular_volume_A3|o_nbo_charge|hbd,2.6784461203672003,-0.3362971219621065
homo_ev|gap_ev|o_nbo_charge|logp,2.872041994214324,-0.3366022923669449
omega|dipole_moment_debye|polar|logp,2.734631361080704,-0.336701019012414
homo_ev|molecular_volume_A3|o_nbo_charge|polar,2.858658302318761,-0.3372233457747833
molecular_volume_A3|o_nbo_charge|logp|hba,2.814545883009929,-0.3376873235117217
h_nbo_charge|sasa,2.6383300499672564,-0.3377005107383495
homo_ev|h_nbo_charge|sasa,2.7323488704578303,-0.338267090859059
homo_ev|dipole_moment_debye|molecular_volume_A3|polar,2.702591362826167,-0.3384422652189804
molecular_volume_A3|h_nbo_charge|o_nbo_charge|logp,2.7239972466226887,-0.3385645679137836
molecular_volume_A3|o_nbo_charge|polar|hba,2.818816568666826,-0.3391740623526891
homo_ev|o_nbo_charge|polar|hbd,2.852070084877314,-0.3395634339957547
homo_ev|sasa|3and6|4and5,2.7840784591455567,-0.3396621724963349
homo_ev|gap_ev|o_nbo_charge|polar,2.8755297390571237,-0.3396704548257099
o_nbo_charge|polar|logp|hba,2.822786072317573,-0.3400248096670237
molecular_volume_A3|o_nbo_charge|polar|hbd,2.6964043252631646,-0.3401720129600281
molecular_volume_A3|o_nbo_charge|hbd,2.653607081884365,-0.3402268820297285
dipole_moment_debye|o_nbo_charge|hbd|hba,2.758007574575469,-0.341691184131653
homo_ev|h_nbo_charge|4and5,2.8809052178868337,-0.3421304722135203
gap_ev|h_nbo_charge|polar|4and5,2.7633046258791727,-0.3422989465513535
molecular_volume_A3|o_nbo_charge|hba,2.799372779819433,-0.3427781491981525
dipole_moment_debye|h_nbo_charge|polar|4and5,2.816751415263102,-0.3437640727186353
homo_ev|gap_ev|molecular_volume_A3|4and5,2.914952907397422,-0.3442212751884066
dipole_moment_debye|molecular_volume_A3|hbd|hba,2.76920097072991,-0.3456493048067857
sasa|3and6|hbd,2.469011031980114,-0.3459730106231844
gap_ev|h_nbo_charge|polar|hba,2.599077572075226,-0.3470301777250346
gap_ev|molecular_volume_A3|o_nbo_charge|polar,2.7755635775559164,-0.3488751751119703
homo_ev|dipole_moment_debye|sasa|hba,2.997101672868661,-0.3492471706022302
gap_ev|molecular_volume_A3|o_nbo_charge|logp,2.779779712512618,-0.3502840776749045
sasa|logp,2.621826713794241,-0.3503950179548194
gap_ev|sasa|4and5|hba,2.556789595483584,-0.3507686483640921
gap_ev|polar|sasa|logp,2.702048043730896,-0.3514061372156345
homo_ev|molecular_volume_A3|o_nbo_charge|hbd,2.853325954714578,-0.3515507730515443
molecular_volume_A3|h_nbo_charge|sasa|4and5,2.715017576736986,-0.3516486811148793
molecular_volume_A3|h_nbo_charge|sasa|logp,2.6533483066243675,-0.3524886551211765
homo_ev|dipole_moment_debye|molecular_volume_A3|o_nbo_charge,2.685996118528634,-0.35257714540794
homo_ev|o_nbo_charge|hba,2.88092810567117,-0.3529879285890041
gap_ev|dipole_moment_debye|o_nbo_charge|hbd,2.663466700128856,-0.3531805119369098
homo_ev|dipole_moment_debye|o_nbo_charge|sasa,2.8493476428761846,-0.3532575838310543
homo_ev|gap_ev|logp,2.88840642558964,-0.3535762344230424
homo_ev|gap_ev|polar|logp,2.888460308168085,-0.3536354204315024
gap_ev|molecular_volume_A3|h_nbo_charge|sasa,2.647349607570255,-0.3539612403902832
homo_ev|gap_ev|molecular_volume_A3|logp,2.8890980198312426,-0.3544144165349041
sasa|4and5|hba,2.5793567965661137,-0.3558514018766066
homo_ev|dipole_moment_debye|molecular_volume_A3|3and6,2.840433234039851,-0.3561629938514654
o_nbo_charge|polar|logp|hbd,2.697690272427924,-0.3565088409064296
molecular_volume_A3|polar|sasa|hba,2.6833863127375737,-0.3566305066455388
molecular_volume_A3|o_nbo_charge|polar|logp,2.7829578203424323,-0.3570705990733609
molecular_volume_A3|sasa|4and5|logp,2.635985951942391,-0.3572531561787579
homo_ev|polar|logp|hbd,2.80493569902816,-0.3577114954905023
dipole_moment_debye|h_nbo_charge|sasa|4and5,2.7172406270653844,-0.3578483185792995
homo_ev|dipole_moment_debye|h_nbo_charge|sasa,2.70534282713384,-0.359221765643313
sasa|3and6|logp,2.725272870422925,-0.3594753821667429
molecular_volume_A3|h_nbo_charge|logp|hbd,2.5093909714321305,-0.3606804867737656
homo_ev|dipole_moment_debye|molecular_volume_A3|hbd,2.67904689860968,-0.3618134731116071
homo_ev|dipole_moment_debye|sasa|4and5,2.9352327884719203,-0.3619132208843216
homo_ev|gap_ev|h_nbo_charge|3and6,2.936957242576336,-0.3620040519024932
homo_ev|4and5|logp|hba,2.8846789102356536,-0.3620400842372488
homo_ev|gap_ev|h_nbo_charge|4and5,2.764278587905325,-0.3622099446992473
homo_ev|gap_ev|3and6|logp,2.8297276841283066,-0.36259190414087
gap_ev|o_nbo_charge|logp|hba,2.830726636440589,-0.3628022863102476
gap_ev|molecular_volume_A3|sasa|4and5,2.733754074675147,-0.3630563917912337
sasa|4and5|logp|hba,2.600586233889538,-0.3634279824423088
gap_ev|molecular_volume_A3|o_nbo_charge|hba,2.824947738208526,-0.3649665622711693
molecular_volume_A3|h_nbo_charge|polar|hbd,2.520102829482321,-0.3662918007054072
gap_ev|molecular_volume_A3|h_nbo_charge|hbd,2.520377801388124,-0.3665288224039165
dipole_moment_debye|sasa|logp|hba,2.776280901047086,-0.3675450700445353
gap_ev|o_nbo_charge|polar|hba,2.8398991108648253,-0.3686013298384063
gap_ev|dipole_moment_debye|4and5|logp,2.8512158301483006,-0.3694921942205316
dipole_moment_debye|h_nbo_charge|polar|3and6,2.747344117338933,-0.3696500470481296
homo_ev|o_nbo_charge|polar|logp,2.859649664645056,-0.3704594002996884
molecular_volume_A3|sasa|logp|hba,2.631429722887146,-0.3707202416004826
h_nbo_charge|3and6|4and5,2.6994331923592205,-0.3708778849191618
homo_ev|h_nbo_charge|4and5|hba,2.785419661157215,-0.3720014824934146
dipole_moment_debye|h_nbo_charge|3and6|hba,2.844418403262313,-0.3752136151176752
homo_ev|dipole_moment_debye|sasa|logp,3.0031330055026797,-0.3753514636917778
homo_ev|molecular_volume_A3|o_nbo_charge|hba,2.946833460571745,-0.3764401357990647
homo_ev|o_nbo_charge|logp|hba,2.940419560242432,-0.3765607055413762
dipole_moment_debye|sasa|4and5|hba,2.734919550503958,-0.3768571091451125
3and6|4and5|hbd|hba,2.6126786781539466,-0.3768992314389392
homo_ev|polar|sasa|4and5,2.78845157510418,-0.3773812637847284
dipole_moment_debye|4and5,2.772100961794745,-0.3793962675568227
gap_ev|h_nbo_charge|o_nbo_charge|hba,2.5892663687258124,-0.3798136591435381
dipole_moment_debye|polar|sasa|hba,2.746973143046525,-0.3804643817717863
gap_ev|o_nbo_charge|hbd|hba,2.825537366170761,-0.3807663029404711
dipole_moment_debye|polar|sasa|hbd,2.539057504380539,-0.3810113648508588
gap_ev|sasa|3and6,2.666200545559529,-0.3820469877097512
homo_ev|h_nbo_charge|o_nbo_charge|polar,2.741717984792705,-0.3826907010109142
molecular_volume_A3|sasa|4and5|hba,2.64938110629847,-0.3832005256274635
h_nbo_charge|o_nbo_charge|polar|logp,2.7415623350740628,-0.3833438114272387
homo_ev|o_nbo_charge|polar|hba,2.955659441492992,-0.3844876623170583
homo_ev|molecular_volume_A3|o_nbo_charge|logp,2.881009069927032,-0.3848104056144783
o_nbo_charge|polar|hbd|hba,2.8329139335923976,-0.3853543545996869
sasa|3and6|hba,2.654090452875573,-0.3881289703372397
homo_ev|gap_ev|o_nbo_charge|hbd,2.8745379925471752,-0.3888598427219114
homo_ev|polar|sasa|logp,2.837771552853122,-0.3892202590500577
molecular_volume_A3|polar|sasa|4and5,2.7633588601634265,-0.3894828177670804
sasa|3and6,2.675643370354777,-0.3897125803206904
3and6|hbd,2.798357297073185,-0.3906659500125951
homo_ev|o_nbo_charge|hbd|hba,2.8848558004496088,-0.3911441859831288
homo_ev|molecular_volume_A3|h_nbo_charge|polar,2.97847490677967,-0.391745048682474
h_nbo_charge|o_nbo_charge|4and5|hba,2.8006544483091886,-0.3917967216192801
h_nbo_charge|sasa|logp,2.712674176269616,-0.3919097858682845
sasa|logp|hba,2.5773297157266435,-0.3936112728260459
dipole_moment_debye|o_nbo_charge|polar|logp,2.774947614445177,-0.3936178919616389
gap_ev|sasa|3and6|hbd,2.496299307704811,-0.3940141227225264
dipole_moment_debye|o_nbo_charge|sasa,2.8804685509448995,-0.3948596712059036
dipole_moment_debye|polar|4and5|hba,2.902589009776701,-0.3954630344201522
gap_ev|sasa|logp|hba,2.566501717710437,-0.395842362543942
gap_ev|h_nbo_charge|3and6|hba,2.672586481408669,-0.3970714821020276
gap_ev|dipole_moment_debye|molecular_volume_A3|h_nbo_charge,2.7691989495825413,-0.3982004211577401
h_nbo_charge|3and6|logp,2.7843887142414574,-0.398692117480754
homo_ev|molecular_volume_A3|sasa|hba,2.763836236225756,-0.4000692987216747
dipole_moment_debye|molecular_volume_A3|h_nbo_charge|polar,2.746314761859712,-0.4006142087028255
dipole_moment_debye|molecular_volume_A3|h_nbo_charge|logp,2.7463210237215576,-0.4006187252632378
dipole_moment_debye|h_nbo_charge|polar|hba,2.7570342456048564,-0.4007903372611883
gap_ev|omega|o_nbo_charge|4and5,2.917572615243029,-0.4015303133672043
polar|3and6|hbd|hba,2.73651834653756,-0.4015484464299905
polar|3and6|hbd,2.8033143731822734,-0.4016575162055802
dipole_moment_debye|sasa|4and5|logp,2.7198823727298573,-0.4019396028355191
o_nbo_charge|polar|4and5|logp,2.892460860083753,-0.4029065512515304
o_nbo_charge|sasa|logp|hba,2.669683190251453,-0.4041081310289629
h_nbo_charge|o_nbo_charge|logp|hba,2.6681418954175657,-0.4071095451294619
o_nbo_charge|logp|hbd|hba,2.838922744504776,-0.4083813086190853
dipole_moment_debye|molecular_volume_A3|o_nbo_charge|hba,2.798972069160269,-0.4093700326345568
homo_ev|molecular_volume_A3|sasa|logp,2.7156285729049934,-0.4099413173227619
4and5|hbd|hba,2.7845290208364197,-0.4100136633155968
homo_ev|o_nbo_charge|4and5|hba,2.8592696464682894,-0.4110601471660029
gap_ev|dipole_moment_debye|polar|sasa,2.6628745002006227,-0.4111691009448297
molecular_volume_A3|o_nbo_charge|hbd|hba,2.858882443940472,-0.4118653857220735
omega|3and6|hba,2.7641463007028952,-0.4131683652776801
o_nbo_charge|sasa|3and6|logp,2.852643907775871,-0.4136158139808525
h_nbo_charge|3and6|hba,2.636456787377912,-0.4139779005125736
molecular_volume_A3|o_nbo_charge|4and5|hba,2.8202823223087563,-0.4140391881236314
homo_ev|gap_ev|logp|hba,2.9788902331830323,-0.4150770664779972
homo_ev|sasa|3and6|hba,2.88968695243739,-0.415210642663657
dipole_moment_debye|molecular_volume_A3|sasa|hbd,2.5940863901137425,-0.4153605582872488
o_nbo_charge|4and5|logp,2.8469502814378598,-0.4195745616643975
dipole_moment_debye|molecular_volume_A3|o_nbo_charge|logp,2.7965872762506456,-0.4199452777988863
homo_ev|logp|hbd|hba,2.860749518463462,-0.4216122191274376
dipole_moment_debye|sasa|4and5|hbd,2.716830153740513,-0.422565966227588
gap_ev|polar|sasa|hba,2.7863910602634,-0.4237935698980313
dipole_moment_debye|h_nbo_charge|sasa|3and6,2.7937791595923187,-0.4238631633274605
h_nbo_charge|polar|hbd|hba,2.576670838815606,-0.424132580436493
homo_ev|o_nbo_charge|sasa,2.8931089168552675,-0.4245449474688199
polar|sasa|4and5|logp,2.7197446203928486,-0.4248288512363551
3and6|logp|hbd|hba,2.8350974862724443,-0.4261037630187589
molecular_volume_A3|3and6|hbd|hba,2.77857241697563,-0.4273957887252053
polar|sasa|logp|hba,2.6876815685240216,-0.4278957543050843
molecular_volume_A3|h_nbo_charge|polar|4and5,2.874742234038544,-0.4281197029161692
dipole_moment_debye|molecular_volume_A3|sasa|3and6,2.874282413552224,-0.4295600714426717
dipole_moment_debye|4and5|logp|hbd,2.9222323056831336,-0.4301267687565784
gap_ev|dipole_moment_debye|4and5|hbd,2.8311320291794666,-0.4333187104470029
dipole_moment_debye|molecular_volume_A3|sasa|logp,2.7654586188445123,-0.433828950485662
molecular_volume_A3|h_nbo_charge|o_nbo_charge|hbd,2.511528268994636,-0.4340763252616619
dipole_moment_debye|h_nbo_charge|o_nbo_charge|sasa,2.914278094392331,-0.4341222412828645
gap_ev|h_nbo_charge|o_nbo_charge|hbd,2.515845771452955,-0.4341557537721809
o_nbo_charge|4and5|hbd,2.582377982679858,-0.4344406859614826
homo_ev|gap_ev|o_nbo_charge|hba,2.994956968096014,-0.4345056313344653
gap_ev|h_nbo_charge|logp|hba,2.688391467992035,-0.4354321802842307
gap_ev|dipole_moment_debye|sasa|4and5,2.721620959203138,-0.4363313748794111
homo_ev|molecular_volume_A3|logp|hbd,2.8695882001057496,-0.4367221788826736
homo_ev|gap_ev|4and5|logp,2.9768457787751323,-0.4376067429587118
dipole_moment_debye|sasa|hbd,2.724029457164443,-0.4380617209055277
polar|sasa|3and6,2.775173688042408,-0.4384005511018354
gap_ev|o_nbo_charge|4and5|hba,2.805208948882818,-0.4407418479681966
homo_ev|h_nbo_charge|o_nbo_charge|logp,2.7599872193203705,-0.4411266085163674
dipole_moment_debye|3and6|hbd,2.820479733671776,-0.4428768263724461
sasa|3and6|4and5|hbd,2.533351395136663,-0.445064894997158
dipole_moment_debye|molecular_volume_A3|polar|sasa,2.785898195465704,-0.4472252960785008
sasa|3and6|4and5,2.834647592704524,-0.4478220740065424
molecular_volume_A3|h_nbo_charge|hbd|hba,2.609988107924518,-0.4483981807043
dipole_moment_debye|h_nbo_charge|sasa|logp,2.7795940375195136,-0.4484480484706299
homo_ev|gap_ev|molecular_volume_A3|o_nbo_charge,3.0727901443057024,-0.4496294184591312
dipole_moment_debye|3and6,2.716177804122894,-0.4509299304903977
gap_ev|h_nbo_charge|o_nbo_charge|polar,2.6361444716252,-0.4511740716887165
homo_ev|o_nbo_charge|logp|hbd,2.966039812138765,-0.4520933309881341
homo_ev|h_nbo_charge|sasa|hba,2.814572231957124,-0.4529166600302021
homo_ev|sasa|3and6|logp,2.956527710938794,-0.4540177765872726
dipole_moment_debye|molecular_volume_A3|sasa,2.762756618070304,-0.4541436449249969
molecular_volume_A3|h_nbo_charge|o_nbo_charge|sasa,2.901108193332989,-0.4544385727070128
o_nbo_charge|4and5|hba,2.807701318173628,-0.4546935513718604
homo_ev|molecular_volume_A3|h_nbo_charge|logp,3.06364182951063,-0.456688161123179
gap_ev|dipole_moment_debye|o_nbo_charge|sasa,2.86297197355666,-0.456709661346657
homo_ev|gap_ev|logp|hbd,3.0333411447477623,-0.4585100445043879
dipole_moment_debye|molecular_volume_A3|h_nbo_charge|hba,2.805991645996247,-0.4600534348400737
dipole_moment_debye|polar|4and5|hbd,2.954904637114421,-0.4605966421169243
molecular_volume_A3|h_nbo_charge|polar|sasa,2.7805105340638896,-0.4613183442561563
homo_ev|polar|sasa|3and6,2.8883200504749333,-0.4622346760921689
molecular_volume_A3|o_nbo_charge|sasa|logp,2.7202483975097533,-0.4636510668008433
h_nbo_charge|sasa|3and6|hbd,2.4525468934345684,-0.46641065188666
dipole_moment_debye|o_nbo_charge|polar|hba,2.8664223749041207,-0.4667584562491771
molecular_volume_A3|sasa|3and6,2.774989420466944,-0.4679152456382711
gap_ev|dipole_moment_debye|molecular_volume_A3|4and5,2.8842040111344205,-0.4690991715053081
homo_ev|molecular_volume_A3|sasa|4and5,2.846951445474787,-0.4715398106433635
h_nbo_charge|sasa|hba,2.75114655457706,-0.4724019524888774
h_nbo_charge|o_nbo_charge|polar|hbd,2.5360609514013754,-0.4740260429617742
molecular_volume_A3|h_nbo_charge|3and6|hba,2.728680997124812,-0.4740819676945556
homo_ev|h_nbo_charge|sasa|4and5,2.9329002337242733,-0.4750816594014446
gap_ev|sasa|3and6|hba,2.727805056979399,-0.476433646508013
h_nbo_charge|sasa|4and5,2.8246912517417235,-0.4765676145753517
homo_ev|h_nbo_charge|sasa|logp,2.9811742076070744,-0.4766866914098124
o_nbo_charge|polar|4and5|hba,2.858959816489901,-0.4782665120338489
polar|sasa|4and5|hba,2.7833178133212058,-0.4799027435727969
gap_ev|h_nbo_charge|o_nbo_charge|logp,2.663583699713706,-0.4806048002775405
h_nbo_charge|polar|sasa,2.8717776416764145,-0.4860210318855007
gap_ev|h_nbo_charge|4and5|hbd,2.781460249563213,-0.486107039022724
gap_ev|dipole_moment_debye|polar|4and5,2.8847018481787465,-0.4917539062163079
molecular_volume_A3|sasa|3and6|logp,2.84154525693365,-0.491785829359294
homo_ev|h_nbo_charge|3and6|hba,2.824769938549785,-0.4926428493404615
dipole_moment_debye|polar|sasa,2.79889154129186,-0.4940262948749561
o_nbo_charge|4and5|hbd|hba,2.7501744880190926,-0.4946132827084122
gap_ev|o_nbo_charge|4and5|hbd,2.7033573844422136,-0.4955941975933797
h_nbo_charge|sasa|4and5|hba,2.8487576625256072,-0.4957734505285929
gap_ev|molecular_volume_A3|h_nbo_charge|o_nbo_charge,2.7334736727800863,-0.4961651269512892
dipole_moment_debye|molecular_volume_A3|o_nbo_charge|sasa,2.974876453210073,-0.4971567610482201
h_nbo_charge|o_nbo_charge|hbd|hba,2.5943188914329176,-0.4972951145716977
gap_ev|sasa|3and6|4and5,2.868873675960097,-0.4987379476403135
gap_ev|h_nbo_charge|sasa|4and5,2.845469979411646,-0.4992220037709844
molecular_volume_A3|polar|sasa|3and6,2.8069570076492827,-0.4999957767159291
dipole_moment_debye|molecular_volume_A3|polar|4and5,3.0001101216354766,-0.5000021318741388
homo_ev|sasa|logp|hba,2.964831734515555,-0.5004817027131712
gap_ev|h_nbo_charge|hbd|hba,2.602537654586825,-0.5011981023456942
h_nbo_charge|logp|hbd|hba,2.718550875993104,-0.5027534058188492
homo_ev|dipole_moment_debye|o_nbo_charge|polar,2.8644858900156933,-0.5036538425990211
homo_ev|molecular_volume_A3|o_nbo_charge|4and5,2.928755974499817,-0.5048962778630017
dipole_moment_debye|h_nbo_charge|4and5|logp,2.941501301715417,-0.5049313166633769
lumo_ev|3and6|logp,2.8241931044704898,-0.5064457789105365
homo_ev|polar|3and6|logp,3.0047224807243342,-0.5064786707812761
gap_ev|h_nbo_charge|4and5|hba,2.91479482777052,-0.508273848816654
dipole_moment_debye|h_nbo_charge|4and5|hbd,2.9294793249150923,-0.5095457147281648
polar|sasa|3and6|hbd,2.6091690904382183,-0.5104011472084622
gap_ev|polar|sasa|4and5,2.894557579566112,-0.5115438697883539
o_nbo_charge|polar|4and5|hbd,2.7170738763579787,-0.511801908606041
molecular_volume_A3|sasa|3and6|hba,2.78097451575152,-0.5119724245557018
omega|3and6|4and5,2.873132246506058,-0.5174787842233739
polar|sasa|3and6|logp,2.823977987716184,-0.5177001149788387
dipole_moment_debye|molecular_volume_A3|sasa|4and5,2.83160077576931,-0.5177136636062059
h_nbo_charge|polar|3and6|logp,2.846603412970682,-0.5181763932558128
gap_ev|h_nbo_charge|3and6|4and5,2.966157591633722,-0.5203469838152157
h_nbo_charge|o_nbo_charge|sasa|hba,2.931324665633252,-0.5207474174918654
dipole_moment_debye|molecular_volume_A3|sasa|hba,2.8600538983757557,-0.522418292707953
homo_ev|h_nbo_charge|3and6|4and5,3.0502971267689603,-0.5238023675177146
o_nbo_charge|polar|4and5,2.981695003731621,-0.5241718424941302
gap_ev|sasa|3and6|logp,2.8597491216845508,-0.5248254499198066
o_nbo_charge|sasa|4and5|hbd,2.6863948052862288,-0.5294582430418859
dipole_moment_debye|molecular_volume_A3|o_nbo_charge|polar,2.9072325195760107,-0.5309798472486698
gap_ev|h_nbo_charge|sasa|logp,2.9175678049933063,-0.5327868984037929
homo_ev|h_nbo_charge|polar|sasa,3.055156866262163,-0.532906324882751
gap_ev|dipole_moment_debye|o_nbo_charge|polar,2.856387499377167,-0.5358642977196899
h_nbo_charge|polar|sasa|4and5,2.8910244391327717,-0.5368819202087358
dipole_moment_debye|polar|sasa|logp,3.078569990317566,-0.5392607777115506
dipole_moment_debye|h_nbo_charge|3and6,2.7223550952290925,-0.539578238519256
gap_ev|polar|sasa|3and6,2.815126478468714,-0.5400016936282792
dipole_moment_debye|4and5|hbd|hba,3.0994787159455286,-0.5414863758278758
homo_ev|molecular_volume_A3|h_nbo_charge|o_nbo_charge,2.9077764583342827,-0.5418482815540822
gap_ev|o_nbo_charge|4and5,2.9710962066433937,-0.5432322816369208
sasa|3and6|logp|hbd,2.6655137921447984,-0.5441200327203406
sasa|3and6|hbd|hba,2.734558254445535,-0.5461698902575529
molecular_volume_A3|o_nbo_charge|4and5|hbd,2.8053750833634723,-0.5466723545731429
homo_ev|h_nbo_charge|polar|4and5,2.943416265693475,-0.547741503572164
dipole_moment_debye|molecular_volume_A3|4and5|logp,3.1014893769318355,-0.548645727085856
gap_ev|molecular_volume_A3|h_nbo_charge|4and5,2.9294740283956844,-0.5504378401270151
o_nbo_charge|sasa|4and5|hba,2.9048067145552623,-0.5524100327361152
omega|3and6|logp,2.9073750936949847,-0.5554574383342625
lumo_ev|3and6,2.8635934920774457,-0.5569228153517964
dipole_moment_debye|molecular_volume_A3|o_nbo_charge|hbd,2.924908700293261,-0.5593597507752295
o_nbo_charge|3and6,2.701111894286438,-0.561411562745114
homo_ev|molecular_volume_A3|sasa|3and6,2.961408928686753,-0.5627279309557862
dipole_moment_debye|h_nbo_charge|4and5|hba,3.1360457749032573,-0.5632005117012922
dipole_moment_debye|molecular_volume_A3|h_nbo_charge|hbd,2.883058818737678,-0.5635243616269046
homo_ev|h_nbo_charge|polar|3and6,3.0107384057190685,-0.564844681236178
molecular_volume_A3|sasa|3and6|hbd,2.7074692783535994,-0.566274615270683
h_nbo_charge|o_nbo_charge|polar,2.9069552720860887,-0.5687905011452152
homo_ev|dipole_moment_debye|polar|4and5,3.025405360549476,-0.5690458040188613
gap_ev|h_nbo_charge|3and6|logp,3.0122682121335025,-0.5706579361411166
h_nbo_charge|polar|sasa|logp,2.987980489474784,-0.571239070348051
sasa|3and6|4and5|hba,2.890850027180994,-0.5731358159899218
dipole_moment_debye|o_nbo_charge|polar|sasa,3.2269229413509755,-0.5731912964343153
h_nbo_charge|3and6|4and5|hba,2.9754540202945385,-0.5745350914309106
gap_ev|h_nbo_charge|polar|sasa,3.046748586498362,-0.5753242035465866
omega|3and6,2.8543214999025595,-0.5773621914627427
sasa|3and6|logp|hba,2.8240148573222648,-0.5815530614012536
gap_ev|h_nbo_charge|4and5|logp,2.8455137041098424,-0.585135708755177
h_nbo_charge|3and6|4and5|logp,3.031510319563761,-0.5905848985841755
gap_ev|o_nbo_charge|polar|4and5,3.0377556460681823,-0.590660251032658
polar|sasa|3and6|hba,2.8944317553947507,-0.5907860007728276
h_nbo_charge|4and5|logp|hba,2.867360989550861,-0.5929063424683945
h_nbo_charge|polar|3and6|4and5,3.0449911541120778,-0.596207230933985
molecular_volume_A3|h_nbo_charge|o_nbo_charge,2.96968140333681,-0.5963781756793751
molecular_volume_A3|sasa|3and6|4and5,2.956368625384728,-0.5970755469688225
gap_ev|molecular_volume_A3|sasa|3and6,3.046278046034639,-0.5977480749216859
homo_ev|dipole_moment_debye|molecular_volume_A3|4and5,3.1254680091799223,-0.598779438889868
homo_ev|o_nbo_charge|polar|4and5,3.0470054530884254,-0.599239339750435
h_nbo_charge|o_nbo_charge|hba,2.8894852540597413,-0.599877864826956
gap_ev|dipole_moment_debye|molecular_volume_A3|o_nbo_charge,2.952586779959622,-0.60251496735423
homo_ev|molecular_volume_A3|3and6|logp,3.099790868665887,-0.6032301283384331
h_nbo_charge|4and5|hbd|hba,2.898351930821604,-0.6067884324507071
dipole_moment_debye|molecular_volume_A3|4and5|hba,3.154085935722686,-0.6070544962107716
dipole_moment_debye|polar|sasa|4and5,3.123334043597365,-0.6082390572934735
homo_ev|o_nbo_charge|4and5,3.062965577666469,-0.612729158413021
lumo_ev|3and6|hba,2.9422438867666387,-0.6128650859031632
h_nbo_charge|o_nbo_charge|logp,2.9343731850480594,-0.6146559920108505
gap_ev|h_nbo_charge|polar|3and6,3.0320657527486787,-0.6155795773672406
dipole_moment_debye|h_nbo_charge|o_nbo_charge|logp,3.135593754049195,-0.6186695025527083
h_nbo_charge|o_nbo_charge|polar|sasa,3.1499231915367294,-0.6197491314438492
homo_ev|dipole_moment_debye|molecular_volume_A3|h_nbo_charge,2.9883110438718554,-0.6207821410906769
dipole_moment_debye|h_nbo_charge|o_nbo_charge|polar,3.128658104000221,-0.6243946699973537
homo_ev|dipole_moment_debye|h_nbo_charge|o_nbo_charge,3.1201452261284737,-0.6262473434137197
h_nbo_charge|o_nbo_charge|sasa,3.0575896048745625,-0.6276219082426591
gap_ev|h_nbo_charge|o_nbo_charge|sasa,3.015660425111808,-0.6277397553244117
homo_ev|h_nbo_charge|o_nbo_charge,3.021981262728037,-0.6325110882559006
homo_ev|molecular_volume_A3|h_nbo_charge|3and6,3.054944119803075,-0.6395582493123799
3and6|hbd|hba,3.0918615105395517,-0.6418045378488078
h_nbo_charge|3and6|logp|hba,3.080319777396879,-0.6419351288590434
sasa|3and6|4and5|logp,3.024430975092534,-0.642383389710967
homo_ev|dipole_moment_debye|polar|sasa,3.135164241069596,-0.6426438222681279
homo_ev|molecular_volume_A3|h_nbo_charge|4and5,3.1531961410446883,-0.6429340640217003
dipole_moment_debye|h_nbo_charge|polar|sasa,3.018484840751124,-0.6459149243540574
homo_ev|dipole_moment_debye|o_nbo_charge|4and5,3.237224884715457,-0.6497187363027208
gap_ev|h_nbo_charge|logp|hbd,2.7082780873334507,-0.6501830615007242
molecular_volume_A3|h_nbo_charge|4and5|hbd,2.976434139876872,-0.6504574368541292
h_nbo_charge|o_nbo_charge|logp|hbd,2.8034401264391318,-0.6525426670802335
molecular_volume_A3|h_nbo_charge|4and5|logp,3.018055568297759,-0.6538513118831701
polar|sasa|3and6|4and5,3.0597771835606387,-0.6546876348977342
gap_ev|o_nbo_charge|sasa|logp,3.042029256061158,-0.656680807381895
dipole_moment_debye|o_nbo_charge|4and5,3.200285046880381,-0.6571846029563451
3and6|hba,2.785298675511415,-0.6572719395258002
dipole_moment_debye|molecular_volume_A3|h_nbo_charge|3and6,3.1888946223391863,-0.6586573339106738
dipole_moment_debye|h_nbo_charge|o_nbo_charge|hbd,2.668084620026795,-0.6599364051024093
gap_ev|molecular_volume_A3|h_nbo_charge|3and6,3.0092643015500755,-0.6646756861803291
homo_ev|o_nbo_charge|sasa|logp,3.1195467175551843,-0.6675255363496049
dipole_moment_debye|o_nbo_charge|sasa|4and5,3.115314793356144,-0.6677073955818063
gap_ev|dipole_moment_debye|h_nbo_charge|logp,2.860970016780277,-0.6706564525869694
dipole_moment_debye|molecular_volume_A3|h_nbo_charge|sasa,3.026445217358136,-0.6724435078276982
dipole_moment_debye|molecular_volume_A3|4and5|hbd,3.147143260691041,-0.6757564827855576
molecular_volume_A3|h_nbo_charge|3and6|logp,3.180284884413924,-0.6800287155797595
h_nbo_charge|sasa|3and6,2.991430115771173,-0.6813115043198263
gap_ev|molecular_volume_A3|o_nbo_charge|4and5,3.0963788850674976,-0.6853016489364645
gap_ev|h_nbo_charge|sasa|3and6,3.003566465957857,-0.6910352257390091
molecular_volume_A3|h_nbo_charge|polar|3and6,3.0940383377897374,-0.6932411525099573
o_nbo_charge|sasa|4and5,3.08612282395808,-0.6950270413466964
homo_ev|h_nbo_charge|sasa|3and6,3.130898724653266,-0.6974282213862979
h_nbo_charge|sasa|4and5|logp,3.089317619229714,-0.7014720232399221
homo_ev|o_nbo_charge|sasa|4and5,3.168790631059692,-0.712688932305716
h_nbo_charge|sasa|3and6|hba,2.891041233449388,-0.7155457087349302
homo_ev|gap_ev|o_nbo_charge|4and5,3.151714028685319,-0.7218347227742048
molecular_volume_A3|h_nbo_charge|3and6|4and5,3.201045735296728,-0.7345136762234912
gap_ev|dipole_moment_debye|h_nbo_charge|polar,2.9010396032113355,-0.7367218977609813
gap_ev|dipole_moment_debye|h_nbo_charge|o_nbo_charge,3.183710701253493,-0.7386372065803355
molecular_volume_A3|h_nbo_charge|o_nbo_charge|4and5,3.240877859407925,-0.7447095170813802
h_nbo_charge|o_nbo_charge|sasa|hbd,2.931816199501044,-0.7535703620389356
molecular_volume_A3|o_nbo_charge|4and5,3.246554665114451,-0.7579727567052146
molecular_volume_A3|h_nbo_charge|3and6,2.9704832004372044,-0.7637381461547752
molecular_volume_A3|h_nbo_charge|sasa|3and6,2.996816434303024,-0.7738837824743034
h_nbo_charge|polar|4and5|logp,3.277541273362817,-0.7762210440321695
dipole_moment_debye|o_nbo_charge|sasa|logp,3.3262395793208817,-0.778988060275343
o_nbo_charge|sasa|4and5|logp,3.195989478274523,-0.7873964926428101
homo_ev|dipole_moment_debye|molecular_volume_A3|sasa,3.279294220820122,-0.795753147635645
homo_ev|h_nbo_charge|o_nbo_charge|sasa,3.298801860866325,-0.800567828192472
gap_ev|o_nbo_charge|sasa|4and5,3.139003309243809,-0.8017215030318239
h_nbo_charge|4and5|logp|hbd,3.2129679446428216,-0.8027102420583134
dipole_moment_debye|h_nbo_charge|o_nbo_charge|4and5,3.3274742066217944,-0.8135935176673912
homo_ev|h_nbo_charge|o_nbo_charge|4and5,3.1521363465305083,-0.8178725307906471
h_nbo_charge|o_nbo_charge|4and5,3.115008164339556,-0.8267280805814277
dipole_moment_debye|o_nbo_charge|4and5|hbd,3.217148610681288,-0.8457497240038454
h_nbo_charge|polar|4and5|hbd,3.1855001032447405,-0.8466018820444012
gap_ev|dipole_moment_debye|o_nbo_charge|4and5,3.301893847136077,-0.8486708849883564
dipole_moment_debye|molecular_volume_A3|h_nbo_charge|4and5,3.4314235575716023,-0.8511042622220546
h_nbo_charge|polar|sasa|3and6,3.28234299543565,-0.8670980113290911
h_nbo_charge|o_nbo_charge|4and5|hbd,2.988975383170835,-0.8710997410458818
dipole_moment_debye|o_nbo_charge|4and5|hba,3.253243012495812,-0.8718001744204213
h_nbo_charge|o_nbo_charge|polar|4and5,3.305695314609487,-0.8768252816772582
dipole_moment_debye|molecular_volume_A3|h_nbo_charge|o_nbo_charge,3.403010742554485,-0.8883940451950227
molecular_volume_A3|o_nbo_charge|4and5|logp,3.370134709002437,-0.8929382574824654
h_nbo_charge|sasa|3and6|4and5,3.26800614308563,-0.9024847063116216
o_nbo_charge|4and5|logp|hbd,3.229224642379979,-0.9110279697004732
homo_ev|h_nbo_charge|3and6|logp,3.490512511162984,-0.929876593057879
gap_ev|h_nbo_charge|o_nbo_charge|4and5,3.2127895776243744,-0.9316278809540468
dipole_moment_debye|o_nbo_charge|polar|4and5,3.503748647574511,-0.9335220347965814
h_nbo_charge|o_nbo_charge|hbd,3.1613363408337083,-0.9344012909419908
homo_ev|h_nbo_charge|4and5|logp,3.547024850313695,-0.9397005007787268
omega|o_nbo_charge|4and5|logp,3.508928325298528,-0.9459206149371432
homo_ev|o_nbo_charge|4and5|logp,3.4099367500641518,-0.9521961719998956
dipole_moment_debye|molecular_volume_A3|o_nbo_charge|4and5,3.493735926337572,-0.953980802996943
lumo_ev|o_nbo_charge|4and5|logp,3.5738156121379987,-1.0364198440134975
h_nbo_charge|o_nbo_charge|sasa|logp,3.484872445016894,-1.0471559209689416
gap_ev|o_nbo_charge|4and5|logp,3.4437420228178226,-1.1285885675447442
h_nbo_charge|sasa|3and6|logp,3.4982957199723543,-1.1392276568955633
h_nbo_charge|o_nbo_charge|sasa|4and5,3.542619610785936,-1.1715829997580922
o_nbo_charge|4and5|logp|hba,3.5933574411145983,-1.1885142027738511
h_nbo_charge|o_nbo_charge|4and5|logp,3.671908438648926,-1.1909995240834277
dipole_moment_debye|o_nbo_charge|4and5|logp,3.879952319560188,-1.3229028689218576
gap_ev|sasa|4and5|logp,3.338180922674709,-1.5005296911677797
