cas,smiles,h1,h2,homo_ev,lumo_ev,gap_ev,omega,dipole_moment_debye,molecular_volume_A3,h_nbo_charge,o_nbo_charge,polar,sasa,3and6,4and5,logp,hbd,hba,mu,sigma,ei
88-99-3,O=C(O)C=1C=CC=CC1C(=O)O,12.0,17.0,-8.984110888108,-0.6887201556155,8.2953907324925,2.8197484427688977,1.2822034393964166,139.36000000000004,0.53177,-0.66663,148.1550736,186.1574821599933,0,0,1.083,2.0,2.0,13.835186838454376,1.9310606974591797,0.007034647250372297
603-11-2,O=C(O)C1=CC=CC(=C1C(=O)O)N(=O)=O,15.0,19.0,-9.4061594702335,-1.8996267903405,7.506532679892999,4.256985495852321,4.908302645518102,162.20000000000005,0.53835,-0.64676,174.16463066666665,173.77697112917815,1,0,0.9912,2.0,4.0,12.826357714745768,2.073936947209211,0.0027618058518701152
610-35-5,O=C(O)C1=CC=C(O)C=C1C(=O)O,13.0,18.0,-8.289948455482499,-0.5039548511259999,7.785993604356499,2.483072145175854,2.963805116737604,147.14400000000003,0.53324,-0.66097,157.7776031,186.8990096392595,0,1,0.7886,3.0,3.0,12.015498688338113,1.8999141856802542,0.00024433435756255
610-27-5,O=C(O)C1=CC=C(C=C1C(=O)O)N(=O)=O,15.0,19.0,-9.4339150829845,-1.997859890371,7.4360551926135,4.393642719706132,6.39552193726204,162.72800000000004,0.53739,-0.64925,174.77171633333333,187.00675119298228,0,1,0.9912,2.0,4.0,14.154939630764204,2.1236188326091536,0.02100775790268479
528-44-9,O=C(O)C1=CC=C(C(=O)O)C(=C1)C(=O)O,20.0,18.0,-9.2075163593685,-1.152130043017,8.0553863163515,3.330761225088828,1.9379577007767737,166.96800000000005,0.53528,-0.65516,174.987838,186.09190747153525,0,1,0.7811999999999999,3.0,3.0,14.91032139170295,1.9128999924336922,0.03006434252848053
89-05-4,O=C(O)C=1C=C(C(=O)O)C(=CC1C(=O)O)C(=O)O,20.0,23.0,-9.337858893758002,-1.4568975555769998,7.8809613381810015,3.6964642319687817,3.419398349125179,195.0480000000001,0.53569,-0.65158,200.623436,185.9904108528732,0,2,0.4794000000000001,4.0,4.0,14.813894447058573,1.9198517659784764,0.02703652721831863
1885-13-8,O=C(O)C1=CC=C(OC)C=C1C(=O)O,14.0,21.0,-8.170218361262501,-0.5477651810565,7.622453180206001,2.492742009931602,3.7278227640272816,164.19200000000004,0.53269,-0.66232,175.53717500000002,186.9281764623113,0,1,1.0916,2.0,3.0,11.610907309958293,1.893253991290336,0.00010119453285215431
569-51-7,O=C(O)C1=CC=CC(C(=O)O)=C1C(=O)O,20.0,19.0,-9.184386682076,-0.7714427661675001,8.4129439159085,2.94541782856426,2.4828779692123413,166.56000000000003,0.53638,-0.65415,173.87504966666663,172.5591806954674,1,0,0.7811999999999999,3.0,3.0,11.098723289796851,1.954012068447019,5.615048281268765e-05
6968-28-1,O=C(O)C1=CC=C(Br)C=C1C(=O)O,13.0,17.0,-8.694581751176,-0.849539441261,7.845042309915001,2.902796624206862,1.3731690864565804,158.96800000000005,0.53364,-0.65843,174.07921866666666,186.50922823371084,0,1,1.8455,2.0,2.0,14.314571249871278,1.921218763500653,0.013718125905249443
1583-67-1,O=C(O)C=1C=CC=C(F)C1C(=O)O,13.0,17.0,-8.899211366752,-0.792395532656,8.106815834096,2.8965516861012635,1.953368887332856,144.00000000000003,0.53604,-0.64923,145.66907923333335,184.02536886364527,1,0,1.2221,2.0,2.0,11.548661043360454,1.9709107342603445,0.0001608898884407112
137071-78-4,O=C(O)C1=CC(Cl)=C(C(=O)O)C(C(=O)O)=C1Cl,20.0,19.0,-8.825196399416,-1.06668629396,7.758510105456001,3.1529682210087366,2.2478380969278016,197.36000000000004,0.53797,-0.6303,204.05906966666663,167.8006324109917,2,1,2.088,3.0,3.0,9.930508093291792,2.240636467362715,5.202611033965998e-05
651-97-8,O=C(O)C=1C(F)=CC=C(F)C1C(=O)O,14.0,17.0,-8.8450607105025,-0.8704922077495,7.974568502753,2.959155986771219,0.918522019333233,149.46400000000003,0.53586,-0.64279,143.91094203333333,179.0190944252998,2,0,1.3612000000000002,2.0,2.0,10.232205029872517,2.3211116710722917,0.00015457417044329553
320-97-8,O=C(O)C1=CC=C(F)C=C1C(=O)O,13.0,17.0,-8.936490964270499,-0.7039585312435,8.232532433026998,2.8222866788446987,1.1932017474006649,144.57600000000002,0.53334,-0.65797,146.12304986666666,185.8859952204673,0,1,1.2221,2.0,2.0,13.946881798410203,1.934791541835835,0.008442885689354737
5434-20-8,O=C(O)C=1C=CC=C(N)C1C(=O)O,13.0,19.0,-7.4741511316835005,-0.611711935924,6.8624391957595,2.3818492114472902,3.508018085757256,149.76800000000003,0.53203,-0.66992,169.24276733333332,177.7420603771048,1,0,0.6652,3.0,3.0,9.797267452043855,1.9548375347559626,2.943486184306785e-06
2169-87-1,O=C(O)C1=CC=2C=CC=CC2C=C1C(=O)O,16.0,23.0,-7.8404163744565,-0.6898086110175,7.150607763439,2.5440053737407617,2.5326000098712784,182.84800000000004,0.53127,-0.67131,232.25085633333333,185.0290207783152,0,2,2.2362,2.0,2.0,12.972844040118218,1.8864511355925726,0.0013729421832434814
22803-05-0,O=C(O)C1=CC=C(C=C1C(=O)O)C=2C=CC(C(=O)O)=C(C2)C(=O)O,24.0,28.0,-8.358249031958,-1.2304988319610002,7.127750199996999,3.2248634919139665,4.30511465700973,265.83200000000005,0.53254,-0.6636,313.2182956666667,189.31960836536464,0,1,2.1464,4.0,4.0,13.478033041288995,1.9011994380904003,0.0035170070988789492
116-69-8,O=C(O)C=1C=CC=C(Br)C1C(=O)O,13.0,17.0,-8.68587410796,-0.8209674869585,7.8649066210015,2.8728897069652595,2.104034004002787,158.62400000000002,0.53785,-0.64726,172.6130146666667,176.64985705900244,1,0,1.8455,2.0,2.0,11.537457467330228,1.963562933225883,0.00014911285723790985
3786-46-7,O=C(O)C=1C(O)=CC=C(O)C1C(=O)O,14.0,19.0,-7.778102302692,-1.119476380957,6.658625921735,2.972343970146659,2.548500580733699,153.15200000000004,0.53398,-0.69209,168.58690256666668,174.1235627185381,2,0,0.4941999999999998,4.0,4.0,9.88370278454417,2.2322701400358276,4.476078906555229e-05
89-20-3,O=C(O)C1=CC=C(Cl)C=C1C(=O)O,13.0,17.0,-8.809958023787999,-0.8269539916695,7.983004032118499,2.9083686047263466,1.3735086202860178,154.64000000000004,0.53361,-0.65827,163.80639933333333,186.3507568847259,0,1,1.7363999999999995,2.0,2.0,14.239294522865919,1.9212773953414337,0.012320241029012885
4316-23-8,O=C(O)C1=CC=C(C=C1C(=O)O)C,13.0,17.0,-8.641791664179,-0.6157936436815,8.0259980204975,2.6695398352154767,2.25191052442143,155.82400000000004,0.53172,-0.66655,167.77904566666666,186.50620339767184,0,1,1.39142,2.0,2.0,12.915621763531334,1.8989482653393839,0.0013289080323997046
14963-97-4,O=C(O)C=1C=CC=C(OC)C1C(=O)O,14.0,21.0,-8.1065437202455,-0.6353858409174999,7.471157879328,2.5572118032663407,4.315474756037856,163.81600000000003,0.5353,-0.65898,171.9812003333333,182.10747297796223,1,0,1.0916,2.0,3.0,9.271825123393427,1.9569352762863703,8.157312047509038e-07
10351-75-4,O=C(O)C1=CC=2N=CNC2C=C1C(=O)O,15.0,20.0,-8.3073637419145,-0.4408244378099999,7.8665393041045,2.432162144919947,6.223521663013635,164.04800000000003,0.53081,-0.67271,188.57241966666663,184.6104120852949,0,2,0.9593,3.0,3.0,9.33487857125192,2.0088837353252935,1.7553417343770016e-06
632-58-6,O=C(O)C=1C(Cl)=C(Cl)C(Cl)=C(Cl)C1C(=O)O,16.0,17.0,-8.8733605509545,-0.945323516637,7.9280370343175,3.040051288921436,2.563406620105363,199.18400000000003,0.53853,-0.6275,209.5030113333333,167.8580076710036,2,2,3.6966,2.0,2.0,9.313952525434189,2.22905890492002,1.4421909982474277e-05
37141-01-8,O=C(O)C1=CC(N)=CC(C(=O)O)=C1C(=O)O,22.0,21.0,-7.6542905007145,-0.759197642895,6.8950928578195,2.566563794074965,7.848272277386916,178.16000000000005,0.53513,-0.6654,193.82896,172.64175950014325,1,1,0.3633999999999999,4.0,4.0,6.965758428773029,2.160181626241047,3.145079574096775e-08
835-58-5,O=C(O)C1=CC=C(C=C1C(=O)O)C(F)(F)F,16.0,20.0,-9.2728236834885,-0.9341668487665,8.338656834722,3.123484326988033,3.5849786066307283,171.12800000000004,0.53542,-0.65513,162.104823,185.63109772257909,0,1,2.1018,2.0,2.0,13.042863981400558,1.875188720986361,0.0014617815235827107
37102-74-2,O=C(O)C1=CC=CC(=C1C(=O)O)C,13.0,17.0,-8.6164850760825,-0.5902149417345001,8.026270134348,2.6401841639783385,2.639867636833332,155.27200000000005,0.53436,-0.66174,165.89380033333333,175.32527797139346,1,0,1.39142,2.0,2.0,10.363789394621847,1.9699351836575063,1.2964733200880482e-05
201730-11-2,O=C(O)C1=CC=C(C=C1C(=O)O)C(N)C(=O)O,17.0,21.0,-8.631995565561,-0.782599434038,7.849396131523001,2.822975090100241,2.574404770039086,195.76000000000005,0.53223,-0.66463,202.4670923333333,189.1025801889332,0,1,0.1674000000000002,4.0,4.0,13.260145945526148,1.8817369092467389,0.0022163068908430013
1585-40-6,O=C(O)C=1C=C(C(=O)O)C(C(=O)O)=C(C(=O)O)C1C(=O)O,25.0,24.0,-9.469017769699,-1.374174945025,8.094842824674,3.6311646438106937,5.774793525313265,221.6800000000001,0.53974,-0.63965,225.56609100000003,155.9023997526738,2,1,0.1776,5.0,5.0,8.309945166791465,2.2984174232546066,3.486590466003986e-06
601-97-8,O=C(O)C=1C=CC=C(O)C1C(=O)O,13.0,18.0,-8.241784303944,-0.6587876320605,7.5829966718835,2.6117702610145623,3.851036952562257,147.39200000000002,0.53479,-0.65864,155.08731466666666,182.42492572506205,1,0,0.7886,3.0,3.0,9.703519512976015,1.9490036281820926,2.1923946098942828e-06
27563-65-1,O=C(O)C=1C=CC=C(Cl)C1C(=O)O,13.0,17.0,-8.7900937127015,-0.811987729892,7.978105982809501,2.8891559045737982,2.109936404254877,153.97600000000003,0.53766,-0.64776,162.448114,178.43293502144806,1,0,1.7364000000000002,2.0,2.0,11.503126980622852,1.963762989821937,0.00013942738025528876
3807-81-6,O=C(O)C=1C=C(C=C(C(=O)O)C1C(=O)O)N(=O)=O,22.0,21.0,-9.635551446205,-2.0688816053515,7.566669840853502,4.526223422578845,8.13108588320158,189.99200000000005,0.53994,-0.64257,200.54880766666668,172.89518666727852,1,1,0.6894,3.0,5.0,10.870886434340491,2.374039024209266,0.0005881299867647105
2479-49-4,O=C(O)C1=CC=C(C=C1C(=O)O)C(=O)C2=CC=C(C(=O)O)C(=C2)C(=O)O,26.0,30.0,-9.0540441476865,-1.455809100175,7.5982350475115,3.634298445655505,4.47250366237972,285.6960000000001,0.53452,-0.65679,324.62148833333333,189.46882237701325,0,1,1.7104,4.0,5.0,14.051079626693365,1.9291300419379964,0.009640657284871929
24063-28-3,O=C(O)C1=CC(Br)=C(Br)C=C1C(=O)O,14.0,17.0,-8.734854601050001,-1.00682124685,7.728033354200001,3.069999959109332,2.5087180491238947,178.79200000000003,0.53478,-0.65477,199.645904,186.74947160868075,0,2,2.6080000000000005,2.0,2.0,14.052225068433756,1.886572917300964,0.00819930016088348
135989-69-4,O=C(O)C=1C=C(C(=O)O)C(=CC1C(=O)O)C(=O)C=2C=CC=CC2,23.0,27.0,-8.778937044831,-1.303969571596,7.474967473235,3.4001822148260468,6.609028019308134,257.44000000000005,0.53608,-0.64823,298.68828433333334,189.90141560438417,0,2,2.0122,3.0,4.0,11.964371773793147,2.014263002635386,0.000473198298511392
577-68-4,O=C(O)C1=CC(OC)=C(OC)C=C1C(=O)O,16.0,25.0,-7.768578317924501,-0.5776977046114999,7.190880613313,2.421828674063652,0.594500311185789,189.78400000000005,0.53038,-0.67321,201.57412033333333,185.3694467898625,0,2,1.1002,2.0,4.0,13.912590493231619,1.9850909410742208,0.009698244441943643
7717-76-2,O=C(O)C1=CC=C(OC2=CC=C(C(=O)O)C(=C2)C(=O)O)C=C1C(=O)O,25.0,34.0,-8.2447775562995,-0.8147088683970001,7.4300686879025,2.761559069194475,1.2404259308801957,275.12800000000004,0.53315,-0.66018,310.066145,190.7913684305582,0,1,2.2717,4.0,5.0,14.287782783650982,1.9281490298841384,0.013525973941012043
5680-10-4,O=C(O)C=1C=C(C(=CC1C(=O)O)C)C,14.0,17.0,-8.454305221184502,-0.593752421791,7.860552799393502,2.6037401312578186,2.7613085412535847,172.17600000000004,0.53042,-0.67232,186.930024,186.6203740777804,0,2,1.69984,2.0,2.0,12.476761518038558,1.8906306024801294,0.0005640865895584525
1072946-35-0,O=C(O)C1=CC=C(C=C1C(=O)O)B(O)O,15.0,19.0,-8.9500966567955,-0.8337568379320001,8.1163398188635,2.9484900627194097,4.2603364914053445,172.52000000000004,0.53224,-0.66366,176.42128433333335,186.2041315510129,0,1,-1.2372,4.0,4.0,12.20621243419211,1.8826608374442408,0.00031639473337935096
14236-13-6,O=C(O)C1=CC=C(C=C1C(=O)O)C(C)(C)C,16.0,20.0,-8.629546540906501,-0.5880380309305,8.041508509976001,2.641415638420467,2.361375381001504,205.3520000000001,0.53149,-0.66798,219.84130166666668,186.6914669386628,0,1,2.3805000000000005,2.0,2.0,12.741844525151919,1.8990568654406343,0.0009725056382287219
2408642-17-9,O=C(O)C1=CC=C(Br)C(F)=C1C(=O)O,14.0,17.0,-8.8164887562,-0.973623357089,7.842865399111,3.0552065575941265,2.414856281437883,163.58400000000003,0.53774,-0.64285,172.52943266666668,183.79460686040056,1,1,1.9846000000000004,2.0,2.0,11.822278685263711,1.951084676659806,0.00023921948864023476
344309-11-1,O=C(O)C1=CC(Br)=CC(F)=C1C(=O)O,14.0,17.0,-8.7732226539705,-0.9793377479495,7.793884906021,3.0508672998115776,1.7479114680097505,163.84000000000003,0.53826,-0.64418,171.13244233333333,183.63818122920912,1,1,1.9846000000000004,2.0,2.0,12.31229806163799,1.976543766109034,0.000705547259890426
62268-16-0,O=C(O)C=1C(Cl)=CC(Cl)=C(Cl)C1C(=O)O,15.0,17.0,-8.7666919215585,-0.8645057030385,7.902186218520001,2.9346298960484347,1.2750610534401872,184.52000000000004,0.5374,-0.63167,193.70494566666665,168.8601184568113,2,1,3.043200000000001,2.0,2.0,9.965976345213875,2.2956799578456226,8.221762874575044e-05
41819-13-0,O=C(O)C=1C(Br)=C(C(=O)O)C(C(=O)O)=C(Br)C1C(=O)O,21.0,22.0,-8.822747374761502,-1.1534906122695,7.669256762492002,3.244294964168771,4.505593195129804,233.8400000000001,0.5391,-0.6236,249.79071733333333,165.17462151382404,2,2,2.0044,4.0,4.0,8.559929186130063,2.2247870170560295,2.9093120804225077e-06
3016-76-0,O=C(O)C1=CC=C(C=C1C(=O)O)C(C2=CC=C(C(=O)O)C(=C2)C(=O)O)(C(F)(F)F)C(F)(F)F,33.0,37.0,-8.9533620230015,-0.9673647385275,7.985997284473999,3.0810434805763967,5.21972360666731,345.3520000000001,0.53374,-0.65799,342.0830946666667,185.5253070014132,0,1,3.890100000000001,4.0,4.0,11.933904943797671,1.9133990905136,0.0002285554320650197
89-08-7,O=C(O)C1=CC=C(C=C1C(=O)O)S(=O)(=O)O,16.0,20.0,-9.4366362214895,-1.1360753258375,8.300560895652001,3.3667071077550745,7.500861459859127,181.72800000000004,0.53725,-0.64986,186.43785666666668,187.00570715352623,0,1,0.3297,3.0,4.0,10.72519053981523,2.0795339052500683,7.109927904114894e-05
37951-15-8,O=C(O)C1=CC=C(OC=2C=CC=CC2)C=C1C(=O)O,19.0,28.0,-8.300560895652,-0.539329651691,7.761231243960999,2.517115597792798,3.109274682301324,219.08800000000005,0.53329,-0.66074,254.87760866666667,186.8044728682783,0,1,2.8753,2.0,3.0,12.034727302510248,1.893603924284665,0.00024275367888175643
56962-06-2,O=C(O)C1=CC=C(Cl)C(Cl)=C1C(=O)O,14.0,17.0,-8.86002697228,-0.9635551446205,7.8964718276595,3.055249474501404,2.362879264795389,168.98400000000004,0.53903,-0.64329,179.18033533333332,176.85903829704296,1,1,2.3898,2.0,2.0,11.826335189067095,1.9525300123016767,0.00024355684456557527
87639-56-3,O=C(O)C1=CC=C(C#C)C=C1C(=O)O,14.0,19.0,-8.5141702682945,-1.026413444086,7.4877568242085,3.0390522725930578,0.6155573978111221,161.66400000000004,0.53327,-0.66095,185.41143466666665,186.62746636137413,0,1,1.0643,2.0,2.0,15.385516170080535,1.9718703726633229,0.062153356074974436
56896-91-4,O=C(O)C1=CC=C(C=C1C(=O)O)N2C(=O)C=CC2=O,19.0,23.0,-8.80016192517,-1.664792537359,7.135369387811,3.837056848447299,3.206759319001038,207.97600000000008,0.53311,-0.66021,230.1731663333333,188.8729703745971,0,1,0.5123999999999999,2.0,4.0,15.561180993744074,1.9546385574050686,0.07311235326998361
1185302-72-0,O=C(O)C=1C=CC=C(NC(=O)OC(C)(C)C)C1C(=O)O,20.0,34.0,-8.129945511388499,-0.759197642895,7.370747868493499,2.680083060333177,3.063988678177516,244.7040000000001,0.53469,-0.66372,256.78022166666665,177.50885079368746,1,0,2.43,3.0,4.0,10.633458428123788,1.9428116165523681,1.8415800851577253e-05
2828433-78-7,O=C(O)C1=CC=C(F)C(Br)=C1C(=O)O,14.0,17.0,-8.8069647714325,-0.788585938749,8.018378832683501,2.870735947781673,2.7606936610207224,163.40000000000003,0.53827,-0.64267,171.26600800000003,175.0860107210737,1,1,1.9846000000000004,2.0,2.0,10.955210919898718,1.946160165807658,3.863313670813325e-05
25641-98-9,O=C(O)C=1C=C(Cl)C=C(Cl)C1C(=O)O,14.0,17.0,-8.8347203841835,-1.001923197541,7.8327971866425,3.088282341807877,2.252488743590076,169.29600000000005,0.5397,-0.6434,177.93857633333332,177.6067080512451,1,1,2.3898,2.0,2.0,12.03064697392631,1.9568244870117102,0.00037117022943015596
2167659-32-5,O=C(O)C=1C(F)=CC=C(Br)C1C(=O)O,14.0,17.0,-8.637437842571,-0.8144367545465,7.8230010880245,2.854976382925288,1.547381598055244,163.84000000000003,0.53747,-0.63904,170.39888566666664,173.56959289278254,2,0,1.9846000000000004,2.0,2.0,9.61209898171299,2.2825868912913454,3.929079776504357e-05
16110-99-9,O=C(O)C=1C(Cl)=CC=C(Cl)C1C(=O)O,14.0,17.0,-8.655941584405,-0.7164757683665,7.939465816038499,2.7659986537470336,0.7527087218838374,169.79200000000003,0.53628,-0.63631,177.21918466666668,169.08616068195494,2,0,2.3898,2.0,2.0,9.845130727752633,2.351263013101856,9.679857807366678e-05
62268-15-9,O=C(O)C1=CC(Cl)=C(Cl)C(Cl)=C1C(=O)O,15.0,17.0,-8.9686003986295,-1.1121293069935,7.856471091635999,3.2336754699580017,3.559856419857408,184.08000000000004,0.54032,-0.63887,194.738511,177.04437196018074,1,2,3.043200000000001,2.0,2.0,11.443455661808002,1.9371426659165412,0.00010082810889753668
675139-09-0,O=C(O)C1=CC=C(C=C1C(=O)O)CNC(=O)OC(C)(C)C,21.0,25.0,-8.744106471967001,-0.6811009678015,8.0630055041655,2.754386538517613,4.406165093366339,262.68000000000006,0.5321,-0.66498,266.345892,181.9216432577986,0,1,2.1077,3.0,4.0,11.571990452996147,1.8915758368731168,9.194144876660667e-05
10210-28-3,O=C(O)C=1C=C2C=C3C=CC=CC3=CC2=CC1C(=O)O,20.0,29.0,-7.083667756216,-1.2405670444295,5.8431007117865,2.964730903769228,3.391101422841847,226.4000000000001,0.53101,-0.67405,333.67565866666666,184.74518753493743,0,2,3.389400000000002,2.0,2.0,14.17413987401764,1.8944449142136108,0.010155820211340379
92971-15-8,O=C(O)C1=CC=C(C(=C1C(=O)O)N(=O)=O)N(=O)=O,18.0,21.0,-9.75800267893,-2.3023552890805004,7.455647389849499,4.877250314794275,9.060131102804196,186.84800000000004,0.53998,-0.63073,197.03737266666667,172.3845996600956,1,1,0.8994,2.0,6.0,10.786309746708525,2.616331354702567,0.0016023050105445323
18959-91-6,O=C(O)C1=CC=C(OC2=CC=CC(OC3=CC=C(C(=O)O)C(=C3)C(=O)O)=C2)C=C1C(=O)O,32.0,45.0,-8.313622360476,-0.5684458336945,7.7451765267815,2.5464602108519774,5.812796361476979,355.0160000000001,0.53319,-0.66022,413.08934,190.58449235351785,0,1,4.064000000000003,4.0,6.0,10.105035829555248,1.9609779912470497,6.543754862677216e-06
1824411-98-4,O=C(O)C=1C=C2C(=CC1C(=O)O)CN(C(=O)OC(C)(C)C)C2,22.0,25.0,-8.2703562582465,-0.613888846728,7.656467411518499,2.5772267693100943,3.379533797730095,269.12800000000004,0.53197,-0.66659,280.2550306666667,186.2852334665183,0,2,2.3337000000000003,2.0,4.0,12.099080632512624,1.8842461887507675,0.0002583810539989041
623904-16-5,O=C(O)C=1C=CC(=CC1)C2=CC(C(=O)O)=C(C=C2C3=CC=C(C=C3)C(=O)O)C(=O)O,36.0,43.0,-8.141646406960001,-1.174987606459,6.966658800501001,3.114824187089288,4.962400073553119,337.5920000000001,0.53285,-0.66259,420.0165406666667,187.13512481149752,0,2,3.8134000000000015,4.0,4.0,12.810893616106569,1.9141233893593006,0.0012004099748247118
21278-45-5,O=C(O)C1=CC=C(N=NC2=CC=C(C(=O)O)C(=C2)C(=O)O)C=C1C(=O)O,26.0,35.0,-8.421379445273999,-1.885748983965,6.535630461308999,4.063758541955146,4.108750148159413,285.36800000000005,0.5336,-0.65972,354.929535,186.5442904700901,0,1,2.8948,4.0,6.0,15.528887930950788,1.9996779052699039,0.0773249165756276
51307-74-5,O=C(O)C=1C=C(C(=O)O)C(=CC1C(=O)O)S(=O)(=O)O,19.0,23.0,-9.5971833932845,-1.6226148905315,7.974568502753,3.946416457707477,8.65726173221071,209.49600000000004,0.53752,-0.64523,214.45636833333333,186.4770905774521,0,2,0.0279000000000001,4.0,5.0,11.345574246947876,2.2763584588022976,0.000738027088699798
3885-88-9,O=C(O)C1=CC=C(C=C1C(=O)O)C(=O)C=2C=CC=CC2,20.0,24.0,-8.741113219611501,-1.3412491691145,7.399864050497001,3.4343209092729623,4.528789490581341,229.80800000000005,0.5339,-0.65788,273.57349200000004,188.4271952118536,0,1,2.314,2.0,3.0,13.659755331696005,1.9168036187704092,0.005053592963123361
1868072-45-0,O=C(O)C=1C=C(C=C(C1)C2=CC=C(C(=O)O)C(=C2)C(=O)O)C(=O)O,32.0,30.0,-8.3509019579945,-0.9923992127735,7.358502745221,2.9658641095286047,3.2486314426231857,266.03200000000004,0.53262,-0.66348,310.79424866666665,191.65594556914337,0,1,2.1464,4.0,4.0,13.479488699754285,1.8770121099604422,0.0031431736269019114
50276-60-3,O=C(O)C1=CC(OC)=C(OC)C(OC)=C1C(=O)O,18.0,29.0,-8.1130744526575,-0.6576991766585,7.455375275999,2.5795639793060934,2.5178727807417114,215.33600000000004,0.53592,-0.65843,218.9963266666667,173.40809383367525,1,2,1.1088,2.0,5.0,10.685391301478091,1.9636772745356246,2.503671153135053e-05
1245212-48-9,O=C(O)C1=CC=C(C=C1C(=O)O)NC(=O)C=2C=CN=CC2,21.0,25.0,-8.234165116129999,-1.047638324425,7.186526791704999,2.996992761807374,4.872239099223272,237.23200000000008,0.53271,-0.66141,281.34154199999995,189.6988088590182,0,1,1.7302999999999995,3.0,4.0,12.463766133190802,1.90334763369729,0.000596448057384129
476-73-3,O=C(O)C1=CC=C(C(=O)O)C(C(=O)O)=C1C(=O)O,22.0,21.0,-9.3212599488775,-1.32247331343,7.998786635447501,3.5408200931719502,3.888676168055139,194.12800000000004,0.53628,-0.64508,199.49602366666667,170.4265741261286,1,1,0.4794000000000001,4.0,4.0,11.872325995392998,1.9541175257072458,0.0002692329002204684
1092449-37-0,O=C(O)C1=CC=C(F)C(F)=C1C(=O)O,14.0,17.0,-9.0028867437925,-0.7872253694965,8.215661374296,2.916572714725024,2.574850560712213,149.16800000000003,0.53766,-0.64263,144.2565383,183.9258585877241,1,1,1.3612000000000002,2.0,2.0,11.085587773727326,1.9505666385869058,5.306334633465193e-05
937647-86-4,O=C(O)C1=CC(Cl)=C(Br)C=C1C(=O)O,14.0,17.0,-8.777304361728001,-0.97416758479,7.803136776938001,3.04656985523974,2.610182143069713,174.28000000000003,0.53503,-0.65451,189.554675,186.9442225277549,0,2,2.4989,2.0,2.0,13.874248469253303,1.8831089347981576,0.0061357442534139064
13810-83-8,O=C(O)C=1C(Br)=C(Br)C(Br)=C(Br)C1C(=O)O,16.0,17.0,-8.708731671401999,-0.9123977407265,7.796333930675499,2.968258286138593,2.086605762955714,216.74400000000009,0.53874,-0.62611,249.6297333333333,164.15901427485568,2,2,4.133,2.0,2.0,9.54906928489308,2.247986052371047,2.670806299580645e-05
499793-28-1,O=C(O)C1=CC(OC2=CC=C(C(=O)O)C(=C2)C(=O)O)=CC(=C1)C(=O)O,31.0,29.0,-8.399066109532999,-1.004644336046,7.394421773486999,2.989745948133502,3.379372807193666,275.02400000000006,0.5333,-0.65993,308.0568786666667,190.2251980457164,0,1,2.2717,4.0,5.0,13.425417121781066,1.8772897535293362,0.002873592021257969
90348-28-0,O=C(O)C=1C=C(C(=CC1C(=O)O)N(=O)=O)N(=O)=O,18.0,21.0,-9.789023657887,-2.428344001862,7.360679656025001,5.069643005428932,9.481184314208852,187.30400000000003,0.53891,-0.63898,198.797335,185.80155216459065,0,2,0.8994,2.0,6.0,12.879213258569862,2.702389244313372,0.02303615553359044
518-90-1,O=C(O)C1=CC=C(OC)C(OC)=C1C(=O)O,16.0,25.0,-8.0825977014015,-0.4933424109565,7.589255290445,2.42272614360949,6.360190720410828,189.33600000000004,0.53433,-0.65795,198.1071203333333,177.63992982250932,1,1,1.1001999999999998,2.0,4.0,7.202036830838324,2.0681815419497322,1.540932343184983e-08
82520-79-4,O=C(O)C1=CC=C(S)C=C1C(=O)O,13.0,18.0,-7.956064760918999,-0.7480409750245001,7.2080237858944995,2.627677811314364,1.685542319255141,157.56800000000004,0.53283,-0.66101,180.3789923333333,185.4354236529518,0,1,1.3717,3.0,3.0,13.762492241047966,1.909126762654778,0.00574655449902519
144876-16-4,O=CC1=CC=C(C(=O)O)C(=C1)C(=O)O,19.0,17.0,-9.1852030236275,-1.3684605541645,7.816742469463001,3.5622196633806045,5.014299239175899,158.84800000000004,0.53445,-0.65519,172.39611866666667,185.5693513800023,0,1,0.8955,2.0,3.0,13.382916536184183,1.933838459364314,0.0035048796694178395
13124-84-0,O=C(O)C=1C=C(C(=O)O)C(=CC1Br)C(=O)O,18.0,20.0,-8.873088437104,-1.163558824738,7.709529612366,3.2665510518652088,3.048617819602844,187.00800000000004,0.53593,-0.65122,200.97979366666664,185.9298257817201,0,2,1.5437,3.0,3.0,14.175547167532557,1.8893218534175167,0.00998283881294728
22179-20-0,O=C(O)C1=CC=C(C=C1C(=O)O)S(=O)(=O)N,16.0,20.0,-9.312280191811,-1.0555296260895,8.2567505657215,3.2546544662016523,9.03406064402935,185.16800000000003,0.53646,-0.65168,193.958432,186.3033843663208,0,1,-0.2695999999999997,3.0,4.0,9.247546066464622,2.265977883173501,1.7217069486926556e-05
2300-16-5,O=C(O)C1=C(C(=O)O)C(=CC=C1N(=O)=O)N(=O)=O,19.0,18.0,-9.7375941401425,-2.4645351439785,7.273058996164,5.11792765413194,0.3213044817614593,186.43200000000004,0.5399,-0.62887,197.696922,159.8195564448323,2,0,0.8994,2.0,6.0,14.90233294166893,2.890288220592027,0.17286633107250265
2639451-53-7,O=C(O)C1=CC=C(C=C1C(=O)O)NC(=O)OC(C)(C)C,20.0,24.0,-8.054025747099,-0.654161696602,7.399864050497,2.56195681559645,5.717844378784719,245.3040000000001,0.53245,-0.66202,260.5389553333334,186.898534481398,0,1,2.4300000000000006,3.0,4.0,10.479193669066717,1.9462032579393214,1.3408296491369262e-05
1417569-13-1,O=C(O)C=1C(Br)=CC=C(Br)C1C(=O)O,14.0,17.0,-8.51716352065,-0.7066796697485,7.8104838509015,2.7232398410003995,0.7295052432984975,178.52800000000005,0.53631,-0.63408,197.57430966666664,166.19564089907357,2,0,2.6080000000000005,2.0,2.0,9.82895040715323,2.3547519062647515,9.633205209574132e-05
53812-59-2,O=C(O)C=1C=C(C(=O)O)C(C(=O)O)=C(C1C(=O)O)C(F)(F)F,24.0,25.0,-9.580584448404,-1.420978527311,8.159605921093,3.708340484794216,6.444553540005701,225.15200000000004,0.53988,-0.63676,214.61532166666663,168.3258975925949,1,2,1.4982000000000002,4.0,4.0,10.251779206154083,2.0537524560493887,2.187760540974166e-05
479-47-0,O=C(O)C=1C=C(C(=O)O)C(C(=O)O)=C(C1)C(=O)O,23.0,21.0,-9.4143228857485,-1.2125393178280002,8.2017835679205,3.442245194554536,4.11732917071249,194.0240000000001,0.53811,-0.64907,200.748917,172.64966927384305,1,1,0.4794000000000001,4.0,4.0,11.354891554366048,1.9453408976633793,8.952120828520523e-05
1170416-53-1,O=C(O)C1=CC=C(C=C1C(=O)O)C(=O)OCC,17.0,21.0,-9.1628896878865,-1.1428781721,8.0200115157865,3.3107449713404526,3.845013602056565,200.83200000000005,0.53412,-0.6571,207.38344633333327,186.2571584886825,0,1,1.2597,2.0,4.0,13.536229945669646,1.8876414202993854,0.003632715983395606
63181-80-6,O=C(O)C=1C=CC=C(OC2=CC=C(C=C2)C)C1C(=O)O,20.0,31.0,-7.999058749298,-0.687903814064,7.311154935234001,2.5804171586345137,6.33007335344544,235.2800000000001,0.53578,-0.65709,270.451302,179.9152462492374,1,0,3.183720000000002,2.0,3.0,7.90416641554819,2.0336319544155406,6.257317001996724e-08
1323408-36-1,O=C(O)C=1C=CC=C(OCC2=CC=C(C=C2)CO)C1C(=O)O,22.0,35.0,-8.142734862362,-0.6827336509045,7.4600012114575,2.61021721950367,6.726452118316163,261.03200000000004,0.53615,-0.65874,291.63587133333334,177.54924159611298,1,0,2.1543,3.0,4.0,7.5776907933521045,2.063062598940861,3.967855866411169e-08
209324-65-2,O=C(O)C1=CC=C(C(NC(=O)C)=C1C(=O)O)N(=O)=O,19.0,26.0,-8.7563515952395,-1.8087407642735,6.947610830966001,4.016530980244906,9.056427894595087,210.00000000000009,0.53741,-0.6488,225.185437,176.13414896229574,1,1,0.9496,3.0,5.0,9.413064657105167,2.4178711131458948,7.178439614172454e-05
4445-58-3,O=C(O)C=1C=CC(=CC1C(=O)O)C=2C=CC=CC2,18.0,22.0,-8.0085827340655,-0.872397004703,7.1361857293625,2.7630937629569834,1.9282532665601788,210.21600000000004,0.53253,-0.66461,259.40767,189.97842104877367,0,1,2.750000000000001,2.0,2.0,14.012955570878717,1.8982740490518077,0.008088328320461267
2612386-56-6,O=C(O)C1=CC(F)=C(Br)C=C1C(=O)O,14.0,17.0,-8.8031551775255,-0.8615124506830001,7.941642726842501,2.9403803336566834,2.750452653655394,164.04000000000005,0.5349,-0.65428,172.11061166666664,186.59935921137745,0,2,1.9846000000000004,2.0,2.0,13.401294443558555,1.8781573681305463,0.0027704633309791823
99807-59-7,O=C(O)C=1C=C(C(=O)O)C(=CC1Cl)C(=O)O,18.0,20.0,-8.9974444667825,-1.197845169901,7.7995992968815,3.331707399937382,2.8873728283683766,182.39200000000005,0.53578,-0.65062,191.1142673333333,185.7889923986136,0,2,1.4346,3.0,3.0,14.39770865953031,1.894178073313525,0.014067539356483333
176796-64-8,O=C(O)C1=CC=C(C=C1C(=O)O)C(N)C(=O)O,17.0,21.0,-8.636349387169,-0.764639919905,7.871709467264,2.806842666108895,2.7760466674751707,195.99200000000005,0.53263,-0.66404,202.44308433333333,189.34761836663955,0,1,0.1674000000000002,4.0,4.0,13.055646428849428,1.878947005966947,0.0015266988424280908
2080747-16-4,O=C(O)C1=CC=C(Cl)C(=C1C(=O)O)N(=O)=O,16.0,19.0,-9.2238431903985,-1.853095321905,7.370747868493499,4.161672906009696,5.6889968825795645,178.19200000000004,0.53886,-0.63683,188.46528666666669,172.54636497420435,1,1,1.6446,2.0,4.0,12.119300379895094,2.091321081713756,0.0009664581369438173
4277-02-5,O=C(O)C=1C=C(C=C(C1C(=O)O)N(=O)=O)N(=O)=O,18.0,21.0,-9.8812702532065,-2.2623545530570004,7.6189157001495,4.838865175802003,5.407243636086689,185.82400000000004,0.54155,-0.63466,199.87258366666663,174.07203741569947,1,1,0.8994,2.0,6.0,13.411194418767394,2.2186906454853923,0.01101518160321037
4961-03-9,O=C(O)C=1C=C(C(=O)O)C(=CC1O)C(=O)O,18.0,21.0,-8.485054086290999,-0.966004169275,7.519049917015999,2.9698732930327,3.600695057902016,174.05600000000004,0.53483,-0.65359,185.9663623333333,186.9252035027146,0,2,0.4868,4.0,4.0,13.137214309178177,1.8762035471833958,0.0017377779814391342
57296-46-5,O=C(O)C1=CC(OC)=C(Cl)C(Cl)=C1C(=O)O,16.0,21.0,-8.3302213053565,-0.9303572548595,7.399864050497001,2.897293608528268,4.121956647030631,194.08000000000004,0.5389,-0.64731,205.21972266666663,176.89507840873162,1,2,2.3984,2.0,3.0,10.425438768542108,1.934888362958694,1.0605953504208435e-05
2248293-20-9,O=C(O)C1=CC=C(C=C1C(=O)O)CC(NC(=O)OC(C)(C)C)C,23.0,27.0,-8.532946123979,-0.648175191891,7.884770932088,2.6726517911155243,2.2574491467140514,296.22400000000005,0.53124,-0.66734,301.7061273333333,189.0325879198413,0,1,2.5387000000000004,3.0,4.0,13.023807056838507,1.8958609175178576,0.0015821782156328294
2088-87-1,O=C(O)C=1C=CC=2C=CC=CC2C1C(=O)O,16.0,23.0,-7.821640518771999,-0.9934876681755,6.828152850596499,2.845077089389114,3.071451497256631,182.12000000000003,0.53534,-0.65756,230.54824266666665,177.47256104056743,1,1,2.2362,2.0,2.0,11.413326684027169,1.937041475808249,9.465451416726931e-05
103203-38-9,O=C(O)C1=CC(OC)=CC(=C1C(=O)O)C,15.0,21.0,-8.042052737677,-0.465314684355,7.576738053322,2.3880758429321265,4.01218808382658,180.36800000000005,0.53281,-0.66626,191.69357033333333,173.4903577400029,1,1,1.40002,2.0,3.0,8.906798982757408,1.983321474591715,4.447861365769371e-07
219537-88-9,O=C(O)C1=CC=C(C#CC=2C=CC=CC2)C=C1C(=O)O,20.0,29.0,-7.6912979843825,-1.1758039480105,6.515494036372001,3.01686626679918,2.057549379723364,232.89600000000004,0.53332,-0.66173,313.52680066666665,186.1189403119481,0,1,2.4828,2.0,2.0,14.903207933361358,1.9110481215132995,0.029632211791426638
76284-57-6,O=C(O)C1=CC=C(F)C(=C1C(=O)O)C(F)(F)F,17.0,20.0,-9.2390815660265,-0.8046406559285,8.434440910098001,2.990013124373782,3.596901052294878,174.91200000000003,0.53841,-0.64261,160.699108,172.40465155252005,1,1,2.2409000000000003,2.0,2.0,10.393713446468809,1.9360361898676164,9.966106285010096e-06
325780-76-5,O=C(O)C1=C(OCC)C=2C=CC=CC2C(OCC)=C1C(=O)O,22.0,37.0,-7.6689846486415005,-0.689536497167,6.9794481514745,2.502521482667938,5.250387681876453,267.09600000000006,0.53191,-0.65501,309.36734466666667,151.67176444977432,2,2,3.0336000000000007,2.0,4.0,6.464413151056419,2.2719721036247114,4.065703857932829e-08
22037-61-2,O=C(O)C1=CC=C(C=C)C=C1C(=O)O,14.0,21.0,-8.121509982023,-0.9978414897835,7.123668492239499,2.91853036665506,1.6223599662220465,166.79200000000003,0.5321,-0.66467,195.09210700000003,186.6145663015189,0,1,1.726,2.0,2.0,14.632383221296038,1.9139546946274617,0.020840796653171553
137023-78-0,O=C(O)C=1C=C(C(=CC1C(=O)O)CC)CC,16.0,19.0,-8.448046602623,-0.570894858349,7.877151744274,2.5815582750315733,2.7758233319143346,205.78400000000005,0.53058,-0.67225,220.9511243333333,191.3637461637674,0,2,2.2078,2.0,2.0,12.386447299307008,1.893013960846222,0.0004820544354375133
201730-10-1,O=C(O)C1=CC=C(C=C1C(=O)O)C(N)C(=O)O,17.0,21.0,-8.650771421245501,-0.789674394151,7.861097027094502,2.834274175928128,3.447903074333732,195.97600000000008,0.53274,-0.66311,202.51384466666664,189.4308525292656,0,1,0.1674000000000002,4.0,4.0,12.655779697791218,1.8743285993857361,0.0007146181117945131
76284-58-7,O=C(O)C=1C(Cl)=CC=C(C1C(=O)O)C(F)(F)F,17.0,20.0,-9.1177187887035,-0.7472246334729999,8.3704941552305,2.9065520779897,1.7020578368551404,185.40800000000004,0.53764,-0.6348,176.5372106666667,159.12618032578263,2,0,2.7552000000000003,2.0,2.0,9.2817913115301,2.281583051338153,2.0879796775978815e-05
82784-82-5,O=C(O)C1=CC=C(O)C(O)=C1C(=O)O,14.0,19.0,-8.2153892604455,-0.521914365259,7.6934748951865,2.4806890152950323,5.09748380478055,155.55200000000005,0.53499,-0.65644,163.68261,180.8334811175037,1,1,0.4941999999999998,4.0,4.0,8.278470799007522,1.9958709280650266,1.0052598181303923e-07
2384497-19-0,O=C(O)C1=CC(O)=C(N)C=C1C(=O)O,14.0,20.0,-7.5503430098235,-0.4791924907305,7.071150519093,2.279453682274565,5.193790811151331,159.40800000000004,0.53052,-0.67108,177.7836586666667,186.94889980781525,0,2,0.3708000000000001,4.0,4.0,10.26446110072743,1.9421850145487902,7.842844053073539e-06
861555-37-5,O=C(O)C1=CC=C(C(OC)=C1C(=O)O)C,15.0,21.0,-8.516075065248,-0.63674641017,7.879328655078,2.658035494777937,3.555195966469359,180.68000000000004,0.53562,-0.65892,189.503784,175.81879847909372,1,1,1.40002,2.0,3.0,9.848821577965651,1.951286103837907,3.207565255694897e-06
202262-76-8,O=C(O)C=1C=CC=C(NO)C1C(=O)O,14.0,20.0,-7.993344358437501,-0.5874938032295001,7.405850555208,2.4855613480122645,5.093633408481612,159.63200000000003,0.53441,-0.6647,170.00416666666666,171.9182299867726,1,0,0.8840999999999999,4.0,4.0,8.510956015514694,1.9840981019013457,1.5927948952711022e-07
7717-74-0,O=C(O)C1=CC=C(OC2=CC=C(C(=O)O)C(=C2)C(=O)O)C=C1,29.0,27.0,-8.1430069762125,-0.7611024398485,7.381904536364001,2.6850511308643106,2.646561678858061,247.00800000000007,0.53274,-0.66014,285.83664666666664,189.6605479692716,0,1,2.5735,3.0,4.0,13.135873091099313,1.8810434919337038,0.0017791314671741394
1301739-50-3,O=C(O)C1=CC(Cl)=C(C=C1C(=O)O)C(F)(F)F,17.0,20.0,-9.078262280381,-1.148864676811,7.929397603570001,3.297669351056144,4.477490518136247,186.26400000000004,0.53607,-0.64854,179.24709366666664,185.8486621613127,0,2,2.7552000000000003,2.0,2.0,13.089442896558836,1.8982784349317765,0.0017976269960880559
889943-38-8,O=C(O)C1=CC(N)=C(N)C=C1C(=O)O,14.0,21.0,-7.136457843213,-0.416878418966,6.719579424247,2.122636146083712,4.47100074479976,162.79200000000003,0.52855,-0.68224,190.0711776666667,186.6143520403136,0,2,0.2473999999999999,4.0,4.0,10.590927603432135,1.9281034027226551,1.4535258815649016e-05
84029-87-8,O=C(O)C=1C=C(C(=CC1C(=O)O)C(C)C)C,16.0,19.0,-8.433896682397,-0.580146729266,7.853749953131,2.586438934020065,2.8839448642441137,205.3040000000001,0.53072,-0.67171,221.2753943333333,186.03439854866,0,2,2.514820000000001,2.0,2.0,12.34102697468336,1.8905357214796428,0.0004345470373898772
169739-72-4,O=C(O)C1=CC=C(C=C1C(=O)O)NN,14.0,18.0,-7.3827208779155,-0.3485778424905,7.034143035425,2.124387420156434,7.207310746041134,162.96000000000004,0.5312,-0.66509,187.216898,187.0265878025659,0,1,0.3686000000000001,4.0,4.0,8.240540446557532,2.1149040372524404,4.260071348973489e-07
1236108-27-2,O=C(O)C1=CC(N=NC=2C=C(C(=O)O)C(C(=O)O)=C(C2)C(=O)O)=CC(C(=O)O)=C1C(=O)O,41.0,40.0,-8.593899626491,-1.988063791753,6.605835834738,4.237841833587418,4.255446614634003,339.4240000000001,0.53816,-0.65265,404.487116,174.71400016198197,1,1,2.2912,6.0,8.0,13.53698820507833,2.0879463382198757,0.008305105465048118
1257323-85-5,O=C(O)C1=CC=C(C=C1C(=O)O)C(NC(=O)OC(C=2C=CC=CC2N(=O)=O)C)C(=O)O,31.0,35.0,-8.8396184334925,-1.4574417832780002,7.3821766502145,3.590724461487822,4.685796927951532,353.16800000000006,0.53262,-0.66037,376.4149076666667,157.28263510133442,0,1,2.6043000000000003,4.0,7.0,13.898977632605607,1.9344418657501221,0.007849426562315458
830320-86-0,N#CC1=CC=C(C(=O)O)C(=C1)C(=O)O,18.0,16.0,-9.1974481469,-1.1665520770935,8.0308960698065,3.343727141693835,5.715043180939231,157.37600000000003,0.53599,-0.65279,170.580072,185.79832377011144,0,1,0.95468,2.0,3.0,12.212279124272015,1.9460870882097043,0.0004873689743858708
106860-70-2,O=NC1=CC=CC(C(=O)O)=C1C(=O)O,18.0,17.0,-8.6850577664085,-2.1897001549735,6.495357611435,4.551726283725494,3.954174306982432,154.33600000000004,0.5383,-0.64624,171.63019766666665,179.6068542347105,1,0,1.4809,2.0,4.0,14.263085141486812,2.1580345560522693,0.02635745628691144
444288-77-1,O=C(O)C=1C=CC=C(NCC=2C=NC=CC2)C1C(=O)O,20.0,31.0,-7.355781606716,-0.6666789337250001,6.689102672991,2.405400106310325,2.917690819809392,233.59200000000004,0.53256,-0.67048,275.2477983333334,175.95891472630322,1,0,2.0901,3.0,4.0,10.424279844324076,1.953727609032197,1.2722877237493209e-05
128298-23-7,O=C(O)C=1C(C(=O)O)=C(C(C(=O)O)=C(C(=O)O)C1C(F)(F)F)C(F)(F)F,29.0,28.0,-9.716641373654,-1.4190737303575,8.297567643296501,3.736159685841526,4.640252459726733,256.72800000000007,0.54056,-0.62598,227.044376,149.29017126709533,2,2,2.5170000000000003,4.0,4.0,9.296979628885168,2.2593396743286642,1.7954845759367147e-05
1185300-97-3,O=C(O)C=1C=CC=C(NC(=O)OCC2C=3C=CC=CC3C=4C=CC=CC42)C1C(=O)O,30.0,46.0,-7.492110645816501,-0.7845042309915,6.707606414825001,2.553159412707831,2.828921004552796,343.8640000000001,0.53522,-0.66321,427.1767136666666,172.2083890514532,1,0,4.444000000000003,3.0,4.0,10.891641757186022,1.945025568459184,3.331153261474675e-05
769908-43-2,O=C(O)C1=CC=C(C(N)=C1C(=O)O)C,14.0,19.0,-7.414013970722999,-0.58776591708,6.826248053642999,2.344936811176902,4.04398535852938,165.84800000000004,0.53097,-0.67347,188.2153783333333,177.65071887695976,1,1,0.97362,3.0,3.0,9.311640925314919,1.9602415392368175,9.396559288901748e-07
28749-88-4,O=C(O)C1=C(F)C(F)=C(O)C(F)=C1C(=O)O,16.0,18.0,-8.683152969455,-0.7839600032905,7.8991929661645,2.8365628116262074,0.6006952638401605,162.61600000000004,0.53675,-0.64017,152.5542204,179.45969092884204,2,2,1.2059,3.0,3.0,10.169897007189661,2.3550332100152866,0.00017202797197477969
51419-12-6,O=C(O)C1=CC=C(OS(=O)(=O)C=2C=CC=CC2)C=C1C(=O)O,22.0,31.0,-9.072820003371,-0.894710340444,8.178109662927,3.0371218181768103,6.1861309289409645,253.9120000000001,0.53371,-0.65803,284.67329466666666,187.52323133151947,0,1,1.8507,2.0,5.0,10.946136233788707,1.9643634978348197,4.428254522129431e-05
14597-16-1,O=C(O)C1=C(O)C=C2C(=O)C3=C(O)C(O)=C(C(O)=C3C(=O)C2=C1C(=O)O)C4=CC(=CC=C4O)CCN,36.0,42.0,-7.661365460827501,-2.161128200671,5.500237260156501,4.385328176162758,4.049068842338939,393.9440000000001,0.53535,-0.64526,512.103611,167.77460065055922,2,1,1.5546,8.0,10.0,11.82542359813209,2.496809750754803,0.003831894300475376
6274-40-4,O=C(O)C1=CC(O)=CC(C(=O)O)=C1C(=O)O,21.0,20.0,-8.421379445273999,-0.7866811417955001,7.634698303478498,2.7764155309356378,2.565939784952094,175.13600000000005,0.53594,-0.65731,181.81516066666669,172.56726126529276,1,1,0.4868,4.0,4.0,11.090200883798985,1.9508275356142755,5.370315831969307e-05
1192548-76-7,O=C(O)C1=CC(Br)=CC(Cl)=C1C(=O)O,14.0,17.0,-8.75118143208,-1.007365474551,7.743815957529,3.07436405549934,2.1667953802793654,173.29600000000005,0.53962,-0.64305,188.0995303333333,178.31642088043654,1,1,2.4989,2.0,2.0,12.109149067024163,1.9599631657765009,0.00043906170583344565
597565-48-5,O=C(O)C1=CC=C(C=C1)C=2C=CC=C(C(=O)O)C2C(=O)O,30.0,29.0,-8.400154564934999,-0.7812388647855,7.618915700149499,2.766075535842346,1.704836502424793,237.8640000000001,0.53483,-0.6558,280.870433,169.23663188241116,1,0,2.4482,3.0,3.0,11.686786138276432,1.9825681342060724,0.0002288790552310042
61837-53-4,O=C(O)C=1C=C(C(=O)O)C(=CC1C(=O)O)N(=O)=O,18.0,22.0,-9.534325093819,-2.135005271023,7.399319822796001,4.6008712430667495,6.0247326861861685,190.66400000000004,0.53826,-0.64418,200.1222323333333,186.03369820147367,0,2,0.6894,3.0,5.0,14.783060165718496,2.140280667375477,0.04590562152509098
26190-11-4,O=C(O)C1=CC=C(OC2=CC=C(C=C2)N(=O)=O)C=C1C(=O)O,22.0,30.0,-8.3672287890245,-1.7224806736649998,6.6447481153595,3.830176677659445,6.556791750543859,243.05600000000007,0.53328,-0.65975,289.4533466666667,191.03669807018065,0,1,2.7835,2.0,5.0,13.272974025544954,2.070333504083771,0.005326658181984363
10595-31-0,O=C(O)C1=CC=C(C=C1C(=O)O)S(=O)(=O)C2=CC=C(C(=O)O)C(=C2)C(=O)O,27.0,31.0,-9.209421156322,-1.237573792074,7.971847364248001,3.4226603466242773,8.779619449611697,300.20000000000005,0.5374,-0.65043,334.0900596666666,189.0335683550712,0,1,1.3122000000000005,4.0,6.0,10.04628051379487,2.239787432607882,6.410425979497248e-05
22895-28-9,O=C(O)C=1C=CC=C(N=N(=O)C=2C=CC=C(C(=O)O)C2C(=O)O)C1C(=O)O,27.0,36.0,-8.414848712862,-1.69254815011,6.722300562752,3.799274905665397,4.3124409514798,291.85600000000005,0.5371,-0.65306,351.0494343333333,171.42780835634724,1,0,2.4051,4.0,6.0,12.677142901683055,2.013900813772048,0.0016275036051369273
945681-55-0,O=C(O)C=1C=C2C(=CC1C(=O)O)C3C=4C=CC=CC4C2C5=CC(C(=O)O)=C(C=C53)C(=O)O,32.0,35.0,-7.9432754099455005,-0.8696758661980001,7.0735995437475,2.744999547802073,4.88565374233582,348.8400000000001,0.53216,-0.66286,433.699933,190.0590800128043,0,2,3.466600000000001,4.0,4.0,11.858235875829422,1.8995440603405869,0.00017742054869394463
6219-66-5,O=C(O)C1=C(O)C=C2C(=O)C=3C(O)=C(C(C(=O)C)=C(O)C3C(=O)C2=C1C(=O)O)CC,30.0,38.0,-7.744904412931,-2.3314714710840003,5.413432941846999,4.688953943212471,6.994417089364918,326.87200000000007,0.54302,-0.65761,426.61637866666666,164.61314158439035,2,1,1.7402,5.0,8.0,10.157838499631538,2.7378960620236015,0.0011768623331507803
944-38-7,O=C(O)C1=C(C(=O)O)C(=CC=C1C)C,15.0,14.0,-8.323962686795001,-0.458783951943,7.865178734852001,2.451839974673987,1.6531070171044582,171.77600000000004,0.5307,-0.66128,183.741667,161.14193536759382,2,0,1.69984,2.0,2.0,8.351218024041515,2.3500275309434935,6.052490426745671e-06
63035-28-9,O=C(O)C1=CC(O)=C(OC)C=C1C(=O)O,15.0,22.0,-7.875791175021501,-0.5450440425515,7.330747132470001,2.4182550727822387,4.365885319153493,172.38400000000004,0.53124,-0.67023,183.21175466666668,187.25169166799537,0,2,0.7971999999999999,3.0,4.0,11.125526998987027,1.9040005636371118,3.878250483944402e-05
4445-49-2,O=C(O)C1=CC=CC(C=2C=CC=CC2)=C1C(=O)O,18.0,27.0,-8.1783817767775,-0.618786896037,7.559594880740499,2.559336111221877,2.2767742488002627,209.73600000000005,0.53447,-0.65586,251.570177,168.77443829935794,1,0,2.750000000000001,2.0,2.0,10.72608237098649,1.9761178041122374,3.05536144755232e-05
61837-54-5,O=C(O)C=1C=C(C(=O)O)C(=CC1N)C(=O)O,18.0,22.0,-7.665719282435501,-0.7175642237685,6.948155058667001,2.5287087634049987,7.985781109572188,177.56800000000004,0.53253,-0.65822,201.493426,186.17858579653569,0,2,0.3633999999999999,4.0,4.0,8.928700105090599,2.1361750917532563,2.6809933388543763e-06
223387-87-9,O=C(O)C1=CC=C(OC(C)C)C=C1C(=O)O,16.0,27.0,-8.090489003065999,-0.52245859296,7.568030410105999,2.450534097776273,4.3475302253118375,197.94400000000005,0.5326,-0.66245,210.23592466666665,187.0311012155784,0,1,1.8702,2.0,3.0,11.059480948064078,1.9066727722513952,3.430484262446074e-05
144152-92-1,O=C(O)C1=CC=CC(C=2C=CC=CC2C)=C1C(=O)O,19.0,30.0,-8.1898105584985,-0.6326647024125001,7.557145856086,2.574916218756809,2.10002294749367,226.5600000000001,0.53458,-0.65629,266.802675,163.26999439530607,1,0,3.058420000000001,2.0,2.0,10.901008498576488,1.9804633357189472,4.608160486809789e-05
94617-43-3,O=C(O)C1=CC=CC(=C1C(=O)O)S(=O)(=O)N,16.0,20.0,-9.3462944231235,-0.8416481395965,8.504646283526998,3.051102015327933,5.165218111561215,184.14400000000003,0.53695,-0.65502,192.235111,161.45698664886476,1,0,-0.2695999999999997,3.0,4.0,9.333206213884068,1.9614859636009787,1.0073171625250764e-06
67614-42-0,O=C(O)C1=CC=C(C=C1C(=O)O)NC(=O)C,16.0,20.0,-8.169946247412,-0.754843821287,7.415102426124999,2.6854611437907328,6.475269812139104,186.75200000000004,0.53298,-0.66225,205.521697,187.432365146304,0,1,1.0414,3.0,3.0,10.242179326673437,1.9886028466153545,1.1788915522228276e-05
40532-23-8,O=C(O)C1=CC=C(OC2=CC=C(N)C=C2)C=C1C(=O)O,20.0,30.0,-7.235507284795001,-0.5265403007175,6.708966984077501,2.2451065440756857,5.233600772890496,230.9600000000001,0.53306,-0.66113,271.8001996666667,186.7856729614695,0,1,2.4575,3.0,4.0,10.402030597173194,1.9364663106254576,1.0204186916895494e-05
5466-99-9,O=C(O)C=1C=CC=CC1C(=O)C2=CC=C(C(=O)O)C(=C2)C(=O)O,32.0,30.0,-8.8951296589945,-1.3080512793535,7.587078379641,3.430335632884088,3.9552948512089454,257.92800000000005,0.53469,-0.65598,297.036148,188.3830225838813,0,1,2.0122,3.0,4.0,13.977347586871332,1.903638011529889,0.007826286047087454
444288-68-0,O=C(O)C=1C=CC=C(NCC=2SC=CC2)C1C(=O)O,19.0,29.0,-7.351972012808999,-0.63674641017,6.715225602638999,2.375929932144192,2.783925201940598,228.8880000000001,0.53273,-0.66957,273.007493,176.23011914848323,1,0,2.7566000000000006,3.0,4.0,10.41926775439316,1.9599721990685004,1.3358994194108946e-05
68183-31-3,O=C(O)C1=CC=C(C=C1C(=O)O)C(=O)OCCOC(=O)C(=C)C,23.0,27.0,-9.1128207393945,-1.177164517263,7.935656222131501,3.3356975660983386,4.856300834997766,273.4800000000001,0.53423,-0.65621,280.34901966666666,190.0220545638649,0,1,1.3590999999999998,2.0,6.0,12.897622980381868,1.9107787645593297,0.0013741157015424704
444288-59-9,O=C(O)C=1C=CC=C(NCC=2OC(=CC2)C)C1C(=O)O,20.0,32.0,-7.30897802443,-0.646542508788,6.662435515642,2.374893790936545,3.9658985841798833,236.9360000000001,0.53257,-0.66942,270.861078,176.38491566051695,1,0,2.59652,3.0,4.0,9.574737753732393,1.9512569765475039,1.6354390619189771e-06
23602-85-9,O=C(O)C1=CC=C(C=C1C(=O)O)C(=O)C2=CC=C(C=C2)C(=O)C3=CC=C(C(=O)O)C(=C3)C(=O)O,34.0,38.0,-8.8891431542835,-1.6569012356945,7.232241918589001,3.844556554085967,6.0251878460343455,376.9840000000001,0.53407,-0.65729,451.008335,188.9345548461106,0,1,2.9414000000000007,4.0,6.0,13.487678641130344,2.021841279909507,0.006013444344004415
134960-68-2,O=C(O)C1=CC=C2C(=C1C(=O)O)C(C=3C=CC=CC3)(C)CC2(C)C,24.0,27.0,-8.1223263235745,-0.5238191622125,7.598507161362,2.459556534391529,3.37222685773066,299.4240000000001,0.53348,-0.65403,349.0946303333333,151.09044255564095,1,1,4.070300000000003,2.0,2.0,9.592333223607227,1.970240798314169,2.122458173512528e-06
296779-99-2,O=C(O)C=1C=CC=C(C=C)C1C(=O)O,14.0,21.0,-8.285866747725,-0.5738881107045001,7.711978637020501,2.544588744536238,2.1923411185305994,166.30400000000003,0.53445,-0.65865,186.987582,169.54676614377118,1,0,1.726,2.0,2.0,10.631970891959753,1.9860386369861764,2.7202615658756927e-05
213611-98-4,N#CC=1C=C(C(=O)O)C(=CC1C#N)C(=O)O,17.0,19.0,-9.493508016244,-1.824251253752,7.669256762492,4.175491799936786,9.403363456763756,175.16800000000003,0.53767,-0.64353,194.1028983333333,186.2493661172145,0,2,0.82636,2.0,4.0,11.349788876494657,2.4382564698871385,0.0016088963121362217
312303-68-7,O=C(O)C=1C=CC=C(NN)C1C(=O)O,14.0,21.0,-7.338366320283999,-0.635113727067,6.703252593216999,2.371102057598025,3.711156040912319,161.60000000000005,0.53219,-0.67114,183.240218,178.1008263494847,1,0,0.3686000000000001,4.0,4.0,9.726515739126398,1.9514895141116777,2.386027639667038e-06
52287-38-4,O=C(O)C=1C=C2N=CC=CC2=CC1C(=O)O,16.0,22.0,-8.380834481549499,-0.998113603634,7.382720877915499,2.978734691423276,3.950380798100356,178.53600000000003,0.53264,-0.66427,219.83492733333333,185.8684507949948,0,2,1.6312,2.0,3.0,12.987254135229023,1.88036667162885,0.0013618910070715036
855764-12-4,O=C(O)C1=CC=C2N=CC=CC2=C1C(=O)O,16.0,22.0,-8.3601538289115,-1.1997499668545,7.160403862057,3.190873110823621,4.3392694615568645,178.39200000000005,0.5361,-0.65254,219.2359603333333,177.9797954064036,1,1,1.6312,2.0,3.0,11.148307866012402,1.9469988727367895,5.884776003618633e-05
1243400-32-9,O=C(O)C1=CC=C(OC2CC2)C=C1C(=O)O,16.0,25.0,-8.172395272066499,-0.5181047713520001,7.654290500714499,2.466746950537316,3.267130883512321,190.29600000000005,0.53228,-0.66245,204.05894566666663,188.04267170790203,0,1,1.6242,2.0,3.0,11.844912297239745,1.8958975252564598,0.00016803121856770334
89939-49-1,O=C(O)C1=CC(N)=C(C=C1C(=O)O)N(=O)=O,16.0,21.0,-7.971847364248,-1.8000331210575,6.1718142431905,3.8679731946100895,8.187273193194423,173.57600000000005,0.53475,-0.65254,205.03559833333333,186.3799676010364,0,2,0.5734,3.0,5.0,12.234834805119647,2.2526287482376057,0.002519270007069859
167993-09-1,O=C(O)C1=CC=2C=CNC2C=C1C(=O)O,15.0,21.0,-7.5971465921095,-0.3790545937465,7.218091998363,2.203483461130693,5.27677297597689,168.13600000000005,0.52947,-0.67925,203.5062673333333,184.58444001762672,0,2,1.5642999999999998,3.0,2.0,9.84341027046409,1.9661162415195972,3.720111143067038e-06
927672-46-6,O=C(O)C=1C=CC=C(NCC2CC2)C1C(=O)O,17.0,29.0,-7.2118333798015,-0.6326647024125001,6.579168677389,2.338295048329733,3.81978952430628,208.46400000000008,0.53192,-0.67122,235.5444403333333,177.73031177994895,1,0,1.9049,3.0,3.0,9.636534553599404,1.952151170054982,1.9262327705382585e-06
2227312-00-5,O=C(O)C1=CC=C(F)C(=C1C(=O)O)N(=O)=O,16.0,19.0,-9.368335645014,-1.9241170368855,7.4442186081285,4.282500766222058,5.294087084663417,167.80000000000004,0.5382,-0.63537,172.441777,173.22590865016772,1,1,1.1303,2.0,4.0,12.610472269815773,2.0932394994323116,0.0021581892702915856
113006-47-6,O=C(O)C1=CC=C(OC2=CC=CC(N)=C2)C=C1C(=O)O,20.0,30.0,-7.323127944656001,-0.597562015698,6.725565928958001,2.3320464816918625,4.169239722059646,231.32000000000005,0.53293,-0.66147,272.757933,189.1124162743025,0,1,2.4575000000000005,3.0,4.0,11.457769371950036,1.8935773818619732,7.321277033548032e-05
1826827-36-4,O=C(O)C=1C=CC=C(OC2=CC=CC(C(=O)O)=C2C(=O)O)C1,30.0,29.0,-8.14708868397,-0.8411039118955,7.305984772074501,2.764432470799968,3.444448328832935,246.55200000000005,0.53683,-0.65416,279.2888146666666,177.67546073998082,1,0,2.5735,3.0,4.0,10.630467380859045,1.9348352196639935,1.696621734839529e-05
198330-12-0,O=C(O)C1=CC=C(OC2=CC=CC(C(=O)O)=C2C(=O)O)C=C1,29.0,28.0,-8.2251853590635,-0.788585938749,7.436599420314501,2.7313583943799538,3.0703254827460884,246.2800000000001,0.5365,-0.65106,282.0958586666667,176.6470471259671,1,0,2.5735,3.0,4.0,10.72869736391982,1.9408039075917423,2.2377736716216372e-05
905273-60-1,O=C(O)C1=CC(F)=C(C=C1C(=O)O)C(F)(F)F,17.0,20.0,-9.2505103477475,-0.956208070657,8.2943022770905,3.1400200219475614,4.875489196993467,176.52000000000004,0.53699,-0.6482,160.61458199999998,186.35540961711004,0,2,2.2409000000000003,2.0,2.0,12.157576565891475,1.9001975780729559,0.00032435954122576405
159113-89-0,O=C(O)C=1C=C2C=C3C=C(C(=O)O)C(=CC3=CC2=CC1C(=O)O)C(=O)O,26.0,34.0,-7.383809333317499,-1.558123907963,5.825685425354499,3.431277362811416,4.548705602696222,282.58400000000006,0.53201,-0.66898,394.16636666666665,184.9697685323048,0,2,2.7858,4.0,4.0,14.299359038822473,1.9450356506958075,0.014564623632558962
72066-79-6,O=C(O)C1=CC=C(OC2=CC=C(C=C2)C(C3=CC=C(OC4=CC=CC(C(=O)O)=C4C(=O)O)C=C3)(C)C)C=C1C(=O)O,41.0,64.0,-7.7544283976985,-0.7284487777884999,7.02597961991,2.560468755505729,3.963998128152938,476.1200000000001,0.53261,-0.66181,562.35103,189.8979044553012,0,1,6.389900000000005,4.0,6.0,12.066012325499031,1.8804447964319702,0.00023523721725106318
102653-80-5,O=C(O)C=1C=C(C=C(C1C(=O)O)C)C,14.0,17.0,-8.4314476577425,-0.5444998148505,7.886947842892001,2.553828002785612,2.7306638698309245,171.85600000000005,0.53361,-0.66406,184.772636,175.51778867190487,1,1,1.69984,2.0,2.0,10.13865047145788,1.9755954632863153,8.202588718125316e-06
22895-22-3,O=C(O)C1=CC=C(OCC)C=C1C(=O)O,15.0,24.0,-8.142734862362,-0.479464604581,7.663270257780999,2.425280629123961,3.8600037422261657,180.58400000000003,0.53285,-0.66198,192.49594833333333,186.83991934522783,0,1,1.4817,2.0,3.0,11.271286692211532,1.9047080982974807,5.3716317545122235e-05
113665-35-3,O=C(O)C1=CC(O)=C(C(=O)O)C(=C1)C(=O)O,21.0,19.0,-8.3895421247655,-1.418801616507,6.9707405082584994,3.450264962272781,2.650497021315059,173.45600000000005,0.5408,-0.6559,185.388509,180.04444143197148,1,1,0.4868,4.0,4.0,13.060197914456097,1.9813705327295228,0.002597909609706947
1073323-68-8,O=C(O)C=1C(F)=CC=C(C1C(=O)O)C,14.0,17.0,-8.572674746152,-0.6468146226385,7.9258601235135,2.68106498527132,3.391717886263537,160.79200000000003,0.53403,-0.65041,163.38810366666667,169.95284110750944,2,0,1.53052,2.0,2.0,7.717720305409387,2.245922703675291,5.667014345801099e-07
1073323-66-6,O=C(O)C1=CC(F)=CC(=C1C(=O)O)C,14.0,17.0,-8.703833622092999,-0.7031421896919999,8.000691432400998,2.7651108242076003,3.347824589192212,160.82400000000004,0.53593,-0.65887,163.69547766666668,175.24708757350612,1,1,1.53052,2.0,2.0,10.232108804186794,1.9446331155104903,7.454013362409649e-06
955-04-4,O=C(O)C1=CC(O)=C(C(=O)O)C(=C1C(=O)O)C,17.0,21.0,-8.2915811385855,-1.1423339443990002,7.149247194186499,3.1121722111291983,4.267127188167702,189.66400000000004,0.53569,-0.65557,203.58091266666668,174.39298104054873,1,2,0.79522,4.0,4.0,11.016587107079033,1.9422534396871904,4.2655846039135184e-05
165730-64-3,O=C(O)C=1C=C(F)C=C(F)C1C(=O)O,14.0,17.0,-8.977035927995,-0.904506439062,8.072529488933,3.0239864619202788,1.6192773758686312,148.90400000000002,0.53777,-0.64651,143.99890660000003,183.36066662462773,1,1,1.3612000000000002,2.0,2.0,12.156872442845838,1.9823162387795386,0.0005515159347015408
203194-63-2,O=C(O)C=1C=CC=C(NCC)C1C(=O)O,15.0,25.0,-7.1857104501535005,-0.6027321788575,6.5829782712960005,2.3036624186461725,3.9634609699100105,182.88000000000005,0.53193,-0.6715,206.2888773333333,179.23398672807986,1,0,1.5148,3.0,3.0,9.424487900930757,1.9572442171064957,1.2049877470550572e-06
13133-05-6,O=C(O)C=1C=C(OC)C=C(OC)C1C(=O)O,16.0,25.0,-7.931574514374001,-0.633481043964,7.29809347041,2.512991133055993,3.298583686978397,189.36000000000004,0.53576,-0.66181,196.51356733333333,182.3377970765532,1,1,1.1002,2.0,4.0,10.028548389511116,1.9530069105312622,5.029158172285147e-06
64019-77-8,O=C(O)C=1C(OC)=CC=C(OC)C1C(=O)O,16.0,25.0,-7.550615123674,-0.5347037162325,7.0159114074415,2.3294329470013366,5.692600029863331,189.96800000000005,0.53162,-0.65502,196.39206866666663,174.9424080217027,2,0,1.1002,2.0,4.0,5.602234710129778,2.3277993955121676,1.0353800038323004e-08
53659-79-3,O=C(Cl)C1=CC=C(C(=O)O)C(=C1)C(=O)O,19.0,17.0,-9.3326887305985,-1.590777570023,7.7419111605754996,3.853122102086473,4.798223981849952,174.10400000000004,0.53606,-0.65067,187.862513,185.7120684374425,0,1,1.4620000000000002,2.0,3.0,14.211775366015189,1.9564214059478033,0.013392457726423057
144576-78-3,O=C(O)C=1C=CC(=CC1)C2=CC=C(C(=O)O)C(=C2)C(=O)O,30.0,28.0,-8.231443977625,-1.151041587615,7.080402390010001,3.1082638575084087,2.8823341999150616,238.34400000000005,0.53265,-0.6638,289.63338300000004,190.6794725322724,0,1,2.4482,3.0,3.0,14.253461687607313,1.8901024635976857,0.011239160299006665
13629-83-9,O=C(O)C=1C=CC=C(C1)C=2C=CC(C(=O)O)=C(C2)C(=O)O,30.0,28.0,-8.187361533844,-0.928452457906,7.258909075937999,2.8619336550047323,4.211437031465626,238.44000000000003,0.53234,-0.66411,284.96476133333334,189.4202735763778,0,1,2.4482,3.0,3.0,12.562323005975202,1.8822744925098782,0.0006293674182545417
1243386-96-0,O=C(O)C=1C=CC=C(OC2CC2)C1C(=O)O,16.0,25.0,-8.118788843518,-0.6797403985489999,7.439048444969001,2.6016135462816816,4.842351876929226,189.59200000000004,0.53614,-0.65858,200.4018643333333,180.76399843257056,1,0,1.6242,2.0,3.0,9.024299249060448,1.9634686173601694,4.682587421057282e-07
24913-62-0,O=C(O)C1=CC=CC(=C1C(=O)O)C(F)(F)F,16.0,20.0,-9.263843926422,-0.7815109786359999,8.482332947786,2.974097921813816,2.9913793540773126,170.47200000000004,0.53699,-0.646,161.48979566666665,169.02918528342695,1,0,2.1018,2.0,2.0,10.762636096057406,1.9423786704467734,2.4484771091335658e-05
5840-66-4,O=C(O)C1=CC=C(OCC=2C=CC=CC2)C=C1C(=O)O,20.0,31.0,-8.167225108907001,-0.561098759731,7.606126349176001,2.504022220327996,3.788552426719208,235.46400000000008,0.5326,-0.66221,274.0281346666667,187.4193167912828,0,1,2.662,2.0,3.0,11.612917019224824,1.892146899626288,0.00010073220146241562
868943-09-3,O=C(O)C1=CC=C(C=CC=2C=CC=CC2)C=C1C(=O)O,20.0,31.0,-7.3587748590715005,-1.184783705077,6.173991153994501,2.955640489208102,2.4519464227425525,237.64000000000004,0.53227,-0.66472,324.90670233333327,186.41176728457668,0,1,3.253400000000001,2.0,2.0,14.660626982118544,1.9008748315681483,0.020792532651786835
861017-07-4,O=C(O)C=1C=CC=C(C2=CC=CC=3C=CC=CC32)C1C(=O)O,22.0,33.0,-7.4904779627135,-0.668311616828,6.8221663458855,2.439322204572941,2.5847686182712755,254.1440000000001,0.535,-0.65463,327.70109766666667,164.11836831004464,1,0,3.903200000000002,2.0,2.0,10.673212284054102,1.9606566528898604,2.3718786015372085e-05
36978-40-2,O=C(O)C1=CC=C(C=C1C(=O)O)C=2C=CC=C(C(=O)O)C2C(=O)O,24.0,28.0,-8.5201567730055,-0.8783835094140001,7.641773263591499,2.889792604195484,5.70846511244485,266.0400000000001,0.53247,-0.66317,304.5512333333333,184.40442475677148,0,1,2.1464,4.0,4.0,11.25965346219931,1.9358117850080507,6.793444174605485e-05
602-82-4,O=C(O)C1=CC=CC(C(=O)C=2C=CC=CC2)=C1C(=O)O,20.0,29.0,-8.760433302997,-1.1232859748639998,7.637147328133,3.1977878180936656,5.21354262953704,229.66400000000004,0.53543,-0.65603,272.231352,174.81991948327635,1,0,2.314,2.0,3.0,10.238927992517517,1.9643776899069885,9.238908405030704e-06
21021-54-5,O=C(O)C=1C(Cl)=C(C(=O)O)C(C(=O)O)=C(Cl)C1C(=O)O,21.0,22.0,-8.9871041404635,-1.2307709458115,7.756333194652001,3.365152342562678,4.565780465594026,224.97600000000008,0.53899,-0.62546,229.5893223333333,168.00586678834583,2,2,1.7862000000000002,4.0,4.0,8.762129791048636,2.2322674523740242,4.798659663633021e-06
1823242-79-0,O=C(O)C1=CC=C2C(=C1C(=O)O)C(N)CC2,16.0,19.0,-8.4684551414105,-0.5782419323125001,7.890213209097999,2.5931722557679926,4.742532338318844,190.60800000000003,0.53287,-0.66281,209.46208066666668,173.58422340843757,1,1,1.029,3.0,3.0,8.747653813213219,1.9746009932111073,2.625340052445291e-07
1060796-14-6,O=C(O)C1=CC=CC(=C1C(=O)O)N2C=NN=C2,17.0,21.0,-8.970777309433501,-0.7978378096659999,8.172939499767502,2.918957167975303,7.779598772430362,187.78400000000005,0.5365,-0.64522,204.0547483333333,167.9314458200467,1,0,0.6637,2.0,5.0,7.152055417071637,2.14926023492531,4.369161665506646e-08
1159694-47-9,O=C(O)C1=CC=C(C=C1C(=O)O)N2C=NN=C2,17.0,21.0,-8.776760134027,-0.8955266819955001,7.8812334520315,2.967591710764767,7.449242193001917,187.89600000000004,0.53364,-0.65827,208.250529,187.2312532412946,0,1,0.6637,2.0,5.0,9.961826418388654,2.0689215333466633,1.3494165494396036e-05
88330-43-2,O=C(O)C1=CC=2C=CN(C2C=C1C(=O)O)C,16.0,21.0,-7.4594569837565,-0.3959256524775,7.063531331279,2.184000943281484,5.821112224480816,185.03200000000004,0.52953,-0.68004,223.44776766666664,184.38474702794872,0,2,1.5746999999999998,2.0,3.0,9.485725106986052,1.9917700259046784,2.085958710882618e-06
346712-17-2,O=C(O)C1=CC=2N=C(SC2C=C1C(=O)O)C,16.0,19.0,-8.4385226178555,-0.8144367545465,7.624085863309001,2.807459762466608,2.935262313661251,186.52000000000004,0.53243,-0.66561,223.0035806666667,185.7486519885101,0,2,2.00112,2.0,4.0,13.110771069207487,1.8760240310334562,0.0016569125405393632
405898-35-3,O=C(O)C1=CC(=CC(=C1)C(=O)O)NC(=O)C2=CC=C(C(=O)O)C(=C2)C(=O)O,37.0,35.0,-8.235253571532,-1.10478223303,7.130471338502001,3.058573013240212,8.530281736261704,297.1120000000001,0.53408,-0.65816,340.52753566666667,189.72016315751384,0,1,1.7317,5.0,5.0,9.80965711788403,2.1973197200030814,2.9589149933070737e-05
313701-80-3,O=C(O)C1=CC=C(C=C1C(=O)O)N2C(=CC=C2C)C,19.0,23.0,-7.048837183352,-0.7771571570279999,6.271680026324,2.44137883145315,1.6189727422041422,229.36000000000004,0.53331,-0.66144,262.146355,190.29983126696345,0,1,2.49054,2.0,3.0,13.906286893888392,1.910932231686593,0.0072303024931663976
2639423-68-8,O=C(O)C=1C=CC=C(NC(=O)OCC=2C=CC=CC2)C1C(=O)O,23.0,35.0,-8.3416500870775,-0.574160224555,7.7674898625225,2.558473680685224,4.67741947338487,266.8400000000001,0.53307,-0.66133,297.304967,168.5106185084381,1,0,2.8317000000000005,3.0,4.0,8.783135401840298,1.9735677190833851,2.84316822239542e-07
23646-80-2,O=C(O)C1=CC=C(C=C1C(=O)O)C(=O)C2=CC=CC(=C2)C(=O)C3=CC=C(C(=O)O)C(=C3)C(=O)O,34.0,38.0,-8.920980474792001,-1.414447794899,7.506532679893001,3.557603825667037,8.355860059263797,377.0240000000001,0.53373,-0.65762,449.31301133333335,189.8748887741187,0,1,2.9414000000000007,4.0,6.0,10.94476506785847,2.2024027819971455,0.0002494743096636324
7475-29-8,O=C(O)C1=CC=C2C(=O)C=3C=CC=CC3C(=O)C2=C1C(=O)O,22.0,29.0,-8.9996213775865,-2.259089186851,6.7405321907355,4.70135591622867,2.995610325125749,236.9600000000001,0.5378,-0.65792,303.0500723333334,172.71994632503942,1,1,1.8584,2.0,4.0,15.080844500011352,2.202762747460418,0.07190176063841291
1615657-05-0,O=C(O)C1=CC=C(OC=2C=CC(=C3C=CC=NC23)S(=O)(=O)O)C=C1C(=O)O,27.0,37.0,-8.426821722284,-1.2650572909745,7.1617644313095,3.2789586877847565,4.591386469248696,300.7440000000001,0.53366,-0.65984,362.798831,189.98039473141264,0,1,2.6701999999999995,3.0,6.0,13.37532042156991,1.910645833441826,0.0031051282802532117
91715-62-7,O=C(O)C1=CC=C(C(=C1C(=O)O)C)C,14.0,17.0,-8.4401553009585,-0.52245859296,7.9176967079985,2.536357818881617,4.23233728689007,171.52800000000005,0.5347,-0.66465,185.66405266666663,176.64345445823906,1,1,1.69984,2.0,2.0,8.940879752562921,1.97393655273828,4.3107026905225307e-07
99059-17-3,O=C(O)C1=CC=CC(=C1C(=O)O)CC,14.0,18.0,-8.607505319016,-0.5929360802395001,8.014569238776499,2.640445151174988,3.041161401504366,171.80000000000004,0.53472,-0.66133,182.755439,172.25294483447115,1,0,1.6454,2.0,2.0,10.078614342763956,1.9617245927621993,6.198555394624372e-06
22481-07-8,O=C(O)C=1C(O)=CC=C(C1C(=O)O)C,14.0,18.0,-7.999330863148501,-0.5363363993354999,7.462994463813001,2.440629427273373,3.8723728720256254,163.69600000000003,0.53126,-0.65869,173.20667733333335,168.27186792324463,2,0,1.09702,3.0,3.0,6.985042041486963,2.270864649180332,1.3962686318937162e-07
1133-27-3,O=CC1=CC=CC(C(=O)O)=C1C(=O)O,19.0,18.0,-9.188196275983,-1.198933625303,7.9892626506800015,3.3761710029963323,3.37975892779352,158.32000000000005,0.5369,-0.64722,170.92329266666664,177.69157722813137,1,0,0.8955,2.0,3.0,11.854701008270553,1.9439175547486782,0.00024243472242852252
66918-88-5,O=C(O)C1=CC=C(C=C1C(=O)O)CN,14.0,18.0,-8.522605797659999,-0.6484473057415,7.874158491918499,2.670387417008853,3.382208376194465,167.93600000000004,0.53171,-0.66688,179.31776766666667,188.0740097548627,0,1,0.5417000000000001,3.0,3.0,12.217522550175403,1.8812165287425466,0.0003203496793501544
34240-10-3,O=C(O)C=1C=C(C(=O)O)C(=CC1C(=O)O)C,16.0,20.0,-8.8858777880775,-1.0136240931125,7.872253694965001,3.1122008160879044,4.5726500522126114,183.25600000000009,0.53431,-0.65752,194.771365,186.96029061909843,0,2,1.08962,3.0,3.0,12.576464305994051,1.8929922050774453,0.0006909598515057059
36468-98-1,O=C(O)C1=CC=C(SC)C=C1C(=O)O,14.0,21.0,-7.6112965123355005,-0.6859990171105,6.925297495225,2.485276378034061,2.9788028232832064,174.02400000000003,0.53271,-0.66226,202.297985,186.4737737765544,0,1,1.8049,2.0,3.0,12.640480149212237,1.8802672636552873,0.0007202846785913297
1451010-89-1,O=C(O)C1=CC=C(O)C(N)=C1C(=O)O,14.0,20.0,-7.3522441266595,-0.592663966389,6.7595801602705,2.33452237825306,3.789506065439136,157.92000000000004,0.53088,-0.67715,177.453095,178.06302611085988,1,1,0.3707999999999999,4.0,4.0,9.520335068691168,1.957755798277423,1.5404933780437986e-06
1098083-48-7,O=C(O)C1=CC(Br)=C(C=C1C(=O)O)C,14.0,17.0,-8.580838161667,-0.776612929327,7.804225232339999,2.804951430588403,1.9181364993138523,175.30400000000003,0.53342,-0.66216,193.44881533333333,186.564655355776,0,2,2.1539200000000003,2.0,2.0,13.699129299960447,1.8993764300580764,0.004986712604203067
65770-15-2,O=C(O)C1=CC=C(C(Cl)=C1C(=O)O)C,14.0,17.0,-8.661928089116,-0.7279045500875,7.9340235390285,2.7781918139811634,3.115068959108289,170.23200000000003,0.53714,-0.66527,182.5143853333333,178.6092670767743,1,1,2.0448200000000005,2.0,2.0,10.48906977758719,1.9446137520554583,1.3504972088448404e-05
1073323-64-4,O=C(O)C1=CC(Cl)=CC(=C1C(=O)O)C,14.0,17.0,-8.6322676794115,-0.7469525196225,7.885315159789,2.7890379065179096,3.510781448623654,170.60000000000005,0.5361,-0.65729,181.03815566666665,175.35846749684222,1,1,2.0448200000000005,2.0,2.0,10.26117102686868,1.9399796950817472,7.60943156545102e-06
81722-05-6,O=C(O)C1=CC(=CC(OC)=C1C(=O)O)C,15.0,21.0,-8.0189230603845,-0.632936816263,7.3859862441215,2.533672445731931,4.956982624540861,180.44000000000003,0.53553,-0.66162,190.509826,182.35870300074623,1,1,1.40002,2.0,3.0,8.774140677292309,1.9727667265196587,2.7475758413207846e-07
1391300-19-8,O=C(O)C1=CC=C(C=C1C(=O)O)CC(N)C,16.0,20.0,-8.221647879007001,-0.6223243760935,7.599323502913501,2.573118686781801,2.697908163744645,201.42400000000004,0.53198,-0.66656,215.43821233333333,187.82351470897905,0,1,0.9727,3.0,3.0,12.621699652680064,1.8887284663840536,0.0007325030033099615
109803-50-1,O=C(O)C1=CC(Cl)=C(O)C=C1C(=O)O,14.0,18.0,-8.431175543892,-0.6484473057415,7.7827282381505,2.6481571940117568,1.2716092992739554,162.30400000000003,0.53473,-0.65685,172.231932,186.8696886121992,0,2,1.442,3.0,3.0,13.704752940287761,1.9348093976804672,0.005851164683398941
65489-46-5,O=C(O)C=1C(O)=CC=C(OC)C1C(=O)O,15.0,22.0,-7.5966023644085,-0.7801504093835,6.816451955024999,2.5735524689462363,4.164423933751221,171.02400000000003,0.53973,-0.65854,181.2602063333333,173.78601901918924,2,0,0.7971999999999999,3.0,4.0,7.589197786778328,2.227634843545635,3.430165486786481e-07
39519-77-2,O=C(O)C1=CC=C(C=C1C(=O)O)N(C)C,15.0,19.0,-7.112783938219501,-0.3703469505305,6.7424369876890005,2.076298525311012,6.753950113822281,183.94400000000005,0.53056,-0.66616,214.2883003333333,186.1634745131228,0,1,1.1489999999999998,2.0,3.0,8.671430098107635,2.0668303393826655,6.850655706919097e-07
1427081-79-5,O=C(O)C1=CC(Cl)=CC(F)=C1C(=O)O,14.0,17.0,-8.8798912833665,-0.9575686399095,7.922322643457001,3.053890320346517,1.6643690756559977,159.26400000000004,0.53795,-0.64468,161.15374866666664,183.8208687130384,1,1,1.8755,2.0,2.0,12.299527749523833,1.980169787469744,0.0007045361932309672
60949-00-0,O=C(O)C1=CC=2C=CC=C(O)C2C=C1C(=O)O,17.0,24.0,-7.4654434884675,-0.6838221063065,6.781621382161,2.4481803831182467,4.4978480076587735,191.24000000000004,0.5317,-0.66935,240.70716366666664,185.8498721719923,0,2,1.9418,3.0,3.0,11.512525641695191,1.8937227524940698,8.242506008381218e-05
77764-01-3,O=C(O)C=1C=CC=C(OCCC)C1C(=O)O,16.0,27.0,-8.08178135985,-0.6462703949375,7.4355109649125,2.56131985393238,4.845161745494158,197.47200000000004,0.53586,-0.65969,204.7475793333333,179.94287850109973,1,0,1.8718,2.0,3.0,8.906098392331899,1.9675796113955728,3.6289054758330253e-07
858242-89-4,O=C(O)C1=CC=C(OC)C(N)=C1C(=O)O,15.0,23.0,-7.259453303639001,-0.552935344216,6.706517959423,2.275152946521921,4.378413554017026,174.71200000000005,0.53082,-0.67872,195.8609803333333,179.10200603426316,1,1,0.6738,3.0,4.0,8.93671022846479,1.9706954840937199,4.0912082072522935e-07
87255-79-6,O=C(O)C1=CC=2C=NN=CC2C=C1C(=O)O,16.0,21.0,-8.7373036257045,-1.1589328892795,7.578370736425001,3.2307569979976494,6.217200008042206,174.69600000000003,0.53452,-0.6564,206.9220303333333,185.3791279055637,0,2,1.0262,2.0,4.0,11.801286865148711,1.9750643397633334,0.00027089601348603224
1803862-56-7,O=C(O)C1=CC=C(C=C1C(=O)O)CC(=O)C,16.0,20.0,-8.585736210976,-0.7496736581275001,7.8360625528484995,2.78041034117559,4.731353220802691,192.47200000000004,0.53239,-0.66437,202.15430433333336,189.93079311890176,0,1,1.2145,2.0,3.0,11.564399849280989,1.8969499460675951,9.446897118278882e-05
858242-85-0,O=C(O)C1=CC(Br)=C(OC)C=C1C(=O)O,15.0,21.0,-8.2012393402195,-0.6549780381535001,7.546261302066,2.598392207526753,4.914608494071526,184.13600000000005,0.53431,-0.65811,201.40108333333333,186.8295515286604,0,2,1.8541,2.0,3.0,11.096894404717887,1.9089735892878503,3.803950398326096e-05
210173-64-1,O=C(O)C1=CC=C(OC)C(F)=C1C(=O)O,15.0,21.0,-8.263553411984,-0.591031283286,7.672522128698,2.554690257342228,4.204386313125853,169.06400000000005,0.53559,-0.64743,173.39366533333336,182.40389135491623,1,1,1.2307,2.0,3.0,9.201732761785848,1.9616267384442405,7.225737811174989e-07
2167306-51-4,O=CC=1C(O)=C(O)C=C(C(=O)O)C1C(=O)O,21.0,20.0,-8.1587895795415,-1.12110906406,7.037680515481499,3.059122911521692,7.648147588795603,174.24000000000004,0.536,-0.66061,189.35641866666663,173.3370464443239,1,2,0.3067,4.0,5.0,8.345851858923993,2.1302240773385455,6.563570151856626e-07
2251-54-9,O=C(O)C=1C(F)=CC(F)=C(F)C1C(=O)O,15.0,17.0,-8.971865764835501,-0.8884517218825,8.083414042953,3.0069553663293065,1.4186176546201588,154.63200000000003,0.53684,-0.63726,142.96994456666667,178.933550138803,2,1,1.5003000000000002,2.0,2.0,9.943303109120166,2.2848617673309692,7.323395960169847e-05
98588-75-1,O=C(O)C=1C(Cl)=CC=C(OC)C1C(=O)O,15.0,21.0,-8.0504882670425,-0.6043648619605,7.446123405082,2.514949008012986,4.281476634293361,179.66400000000004,0.53434,-0.64293,186.9910703333333,172.68476977835326,2,0,1.745,2.0,3.0,6.908924656782688,2.259053473415888,1.0083167647286596e-07
20736-29-2,O=C(O)C1=CC(OC)=C(O)C(OC)=C1C(=O)O,17.0,26.0,-7.8997371938655006,-0.53334314698,7.3663940468855005,2.413556876760582,1.484955224914206,197.99200000000005,0.53552,-0.65545,204.23781666666665,175.94506146830858,1,2,0.8057999999999998,3.0,5.0,10.99609350040862,2.0253810311490414,8.041092393322284e-05
109803-51-2,O=C(O)C1=CC(Cl)=C(O)C(Cl)=C1C(=O)O,15.0,18.0,-8.543830677998999,-0.7589255290445001,7.784905148954499,2.7791370412299985,4.148937166311391,176.83200000000005,0.53848,-0.64121,187.828857,178.96866849338542,1,2,2.0954,3.0,3.0,9.823947712855471,1.9419304176042977,2.721542982924238e-06
29639-49-4,O=C(O)C1=CC=C(C=C1C(=O)O)C(=O)OC,16.0,20.0,-9.176767494262,-1.1466877660069998,8.030079728255,3.3179536230437594,1.9704647522856125,184.08000000000004,0.53423,-0.65642,190.99937066666664,185.6798741659549,0,1,0.8695999999999999,2.0,4.0,14.871181003339245,1.9112669667151383,0.02843552198410329
744216-81-7,O=C(O)C=1C(O)=C(C(=O)O)C(C(=O)O)=C(O)C1C(=O)O,22.0,23.0,-7.952799394713001,-1.6669694481630002,6.285829946550001,3.680498572871779,0.2705042328689147,207.43200000000004,0.54394,-0.64896,220.692625,173.2329703241387,2,2,-0.1094,6.0,6.0,13.041010443834153,2.48888817286201,0.015880076542204413
2582759-19-9,O=C(O)C=1C=CC(=CC1C(=O)O)C=2C=CN=CC2,18.0,22.0,-8.530224985474,-1.0359374288535,7.4942875566205,3.052707233539844,2.412959813175512,206.3520000000001,0.53302,-0.66314,247.792903,189.32579174827328,0,1,2.1450000000000005,2.0,3.0,14.213597432623573,1.8902638923552544,0.0106019693531033
42200-15-7,O=C(O)C1=CC=2C=C(C(=O)O)C(=CC2C=C1C(=O)O)C(=O)O,25.0,29.0,-8.1952528355085,-1.188049071283,7.007203764225499,3.141279946913628,0.0043840620433565,238.49600000000007,0.53303,-0.66326,287.58272199999993,184.5509803531571,0,2,1.6326,4.0,4.0,16.267552387823883,2.035042781340382,0.173165853848749
92497-14-8,O=C(O)C=1C=CC=C(OCC=2C=CC=CC2)C1C(=O)O,20.0,31.0,-8.101917784787,-0.6566107212565,7.4453070635305,2.575844788421678,5.660050801892153,235.68800000000005,0.53577,-0.65909,269.79432733333334,178.11404746288977,1,0,2.662000000000001,2.0,3.0,8.315156302049388,1.9983485053747132,1.1482089766218075e-07
937648-30-1,O=C(O)C=1C=C2C=C(F)C(F)=CC2=CC1C(=O)O,18.0,23.0,-8.0548420886505,-0.8057291113305001,7.249112977319999,2.707563057561761,1.8254001999561629,193.23200000000008,0.53203,-0.66789,226.096589,184.9216780610448,0,2,2.5144,2.0,2.0,13.86104807014658,1.9021066775423088,0.006505952025349232
35555-66-9,O=C(O)C=1C=C(C(=O)O)C(C(=O)O)=C(C1)N(=O)=O,20.0,21.0,-9.6428985201685,-2.0218059092150003,7.6210926109535,4.463445609797396,3.5027396734556224,190.05600000000004,0.53935,-0.63896,200.7980533333333,173.81937020083367,1,1,0.6894,3.0,5.0,14.154864509776303,2.100451274576512,0.0196335962093198
581794-00-5,O=C(O)C1=CC=2N=NNC2C=C1C(=O)O,15.0,19.0,-8.664104999920001,-0.82722610552,7.836878894400001,2.8737641402582224,5.593780120812759,160.08000000000004,0.53326,-0.66131,179.413044,184.7921599757001,0,2,0.3543,3.0,4.0,11.173386305884975,1.9303887586583162,5.4044487664449024e-05
1005516-33-5,O=C(O)C1=CC=CC(=C1C(=O)O)N2CCCC2,17.0,21.0,-6.954685791078999,-0.3496662978925,6.605019493186499,2.019432323201314,5.229525888644209,206.16800000000003,0.53246,-0.66559,233.3423153333333,164.3892000626907,1,0,1.6832,2.0,3.0,7.569396070095934,2.0435948348124438,2.9189244845041383e-08
10311-26-9,O=C(O)C=1C(F)=C(C(=O)O)C(C(=O)O)=C(F)C1C(=O)O,21.0,22.0,-9.215951888734,-1.5616613880194998,7.654290500714499,3.7938509105582834,4.519272641697998,204.94400000000005,0.5387,-0.6293,197.5532683333333,178.2126002936714,2,2,0.7576,4.0,4.0,9.820000635488128,2.285371250224125,5.879651965641616e-05
37622-96-1,O=C(O)C=1C=C2C=CC=C(C2=CC1C(=O)O)N(=O)=O,19.0,25.0,-8.258383248824499,-1.8386732878285,6.419709960995998,3.970216385311189,6.547093230587143,206.6080000000001,0.53356,-0.66147,258.275515,186.16123830457065,0,2,2.1444,2.0,4.0,13.609022467823507,2.0942510767634963,0.009383545479029858
1800035-16-8,O=C(O)C=1C(Cl)=CC=C(C1C(=O)O)N(=O)=O,16.0,19.0,-9.239353679877,-1.9921454995105,7.247208180366501,4.351557547302397,3.678848616075416,177.70400000000004,0.53824,-0.63021,190.2944933333333,164.74629709203668,2,0,1.6446,2.0,4.0,11.643426666873438,2.4191838326987605,0.0022240773555193723
39995-17-0,O=C(O)C1=CC=C(C=C1C(=O)O)C(=O)C2=CC=C(N)C=C2,21.0,25.0,-7.3582306313705,-1.150497359914,6.207733271456499,2.915655717786734,8.661624688244117,241.89600000000004,0.53332,-0.66009,304.584983,191.5361275833066,0,1,1.8962,3.0,4.0,9.856095100241646,2.2172841496977305,3.787645700081854e-05
1822790-02-2,O=C(O)C1=CC=C2C(=C1C(=O)O)CCC2N,16.0,19.0,-8.491856932553501,-0.6054533173625,7.886403615191002,2.623535955724171,3.6954295081898128,190.80000000000004,0.53363,-0.66231,208.840474,177.395301721507,1,1,1.029,3.0,3.0,9.635387372168339,1.9555915980966578,1.997850436770933e-06
27873-89-8,O=C(O)C1=C(C(=O)O)C(C=2C=CC=CC2)=C(C=3C=CC=CC3)C(C=4C=CC=CC4)=C1C=5C=CC=CC5,37.0,36.0,-7.909533292483499,-0.5194653406045,7.390067951878999,2.4034967749699345,1.8190050687120145,423.7280000000001,0.53229,-0.65012,555.2476996666666,144.9303107992971,2,2,7.751000000000006,2.0,2.0,8.437423633433582,2.3225724502102016,5.63576433819027e-06
85218-61-7,O=C(O)C1=CC=C(OC2=CC=C(C=C2)C(=O)C=3C=CC=CC3)C=C1C(=O)O,27.0,40.0,-8.107360061797,-0.9913107573715,7.116049304425499,2.9084189532000404,3.801911795399783,310.1760000000001,0.53323,-0.65983,384.8448916666666,189.17982640518,0,1,4.106300000000003,2.0,4.0,13.073849906650622,1.87851018952498,0.001573099809240218
17851-32-0,O=C(O)C=1C=C(C(=O)O)C(=CC1C(=O)O)C(=O)C2=CC(C(=O)O)=C(C=C2C(=O)O)C(=O)O,32.0,36.0,-9.2864293760135,-1.833503124669,7.452926251344501,4.147796940746198,7.268179151616999,341.7680000000001,0.53563,-0.65086,375.272828,190.0286821183793,0,2,1.1068000000000002,6.0,7.0,13.042884293291166,2.1566866811643606,0.005385470471720784
4841-80-9,O=C(O)C=1C(F)=C(F)C(=C(F)C1C(=O)O)C2=C(F)C(F)=C(C(=O)O)C(C(=O)O)=C2F,30.0,31.0,-9.041254796713,-1.4936329253945,7.5476218713184995,3.676120147829541,4.94728016186672,296.5680000000001,0.5381,-0.63179,297.00559733333336,180.7367993074124,2,2,2.9810000000000008,4.0,4.0,9.29861591417557,2.282135179440515,2.166007688928905e-05
330635-68-2,O=C(O)C1=CC=C(OC2=CC=C(C=C2)NC(=O)C=3SC=CC3)C=C1C(=O)O,27.0,39.0,-7.839327919054501,-0.612800391326,7.226527527728501,2.471396971125585,7.995585012993108,312.38400000000007,0.53336,-0.66081,384.5656753333333,190.74610803472228,0,1,4.189100000000002,3.0,5.0,8.556630959985995,2.1489077313569354,1.3209317806685572e-06
2639455-09-5,O=C(O)C=1C=C2C(=CC1C(=O)O)C(NC(=O)OC(C)(C)C)CC2,23.0,26.0,-8.617301417634001,-0.6043648619605,8.012936555673502,2.6531824001526303,3.320740653830106,286.2320000000001,0.53206,-0.66626,297.87495066666673,189.6959887211028,0,2,2.5950000000000006,3.0,4.0,12.108781548618992,1.8851999416568048,0.00026524423785637694
2639456-65-6,O=C(O)C=1C=C2C(=CC1C(=O)O)C(NC(=O)OCC=3C=CC=CC3)CC2,26.0,29.0,-8.522061569959,-0.6106234805220001,7.911438089436999,2.635612365552068,3.2962079318513875,307.4800000000001,0.5323,-0.66585,344.4146303333334,190.97714547654107,0,2,2.996700000000001,3.0,4.0,12.148553335418143,1.8846109922297631,0.0002859903892519196
4821-92-5,O=C(O)C1=CC(O)=CC(=C1C(=O)O)C,14.0,18.0,-8.166136653505,-0.5129346081924999,7.653202045312499,2.4606131368163715,3.77751008469865,163.92800000000005,0.5329,-0.66578,174.32698533333334,173.49639442910006,1,1,1.09702,3.0,3.0,9.25090343005266,1.9717311220074993,9.259104604203386e-07
921759-09-3,O=C(O)C1=CC=C(C=C1C(=O)O)CC,14.0,18.0,-8.648050282740499,-0.6228686037945,8.025181678946,2.677507514446692,2.225489042884732,172.32000000000005,0.53163,-0.66738,184.75638266666667,188.2749490074441,0,1,1.6454,2.0,2.0,12.95874531422453,1.8989852837383407,0.001434861720359443
3209-07-2,O=C(O)C=1C=C(O)C=C(O)C1C(=O)O,14.0,19.0,-8.1816471429835,-0.5485815226080001,7.6330656203755005,2.4962739855813707,2.264522684805785,154.22400000000005,0.53777,-0.65807,166.68031499999998,178.34687072236298,1,1,0.4942,4.0,4.0,10.492167090177617,1.9879752640198782,2.0414788713367415e-05
441772-78-7,O=C(O)C1=CC=C(C=C1C(=O)O)C(C)C,15.0,19.0,-8.6426080057305,-0.634569499366,8.0080385063645,2.686863405834848,2.235814075454397,189.36000000000004,0.53148,-0.66708,202.161897,186.3985273361757,0,1,2.2064000000000004,2.0,2.0,12.991996720452107,1.8976186900184886,0.0015103261599647769
438461-42-8,O=C(O)C=1C=CC=C(SC)C1C(=O)O,14.0,21.0,-8.158517465691,-0.7523947966325001,7.4061226690585,2.680361941565085,1.9420816203239244,174.10400000000004,0.53704,-0.65929,192.6732376666667,172.82851804858078,1,0,1.8049,2.0,3.0,11.421841959962677,1.9740478939492159,0.00012790328986345958
77764-00-2,O=C(O)C=1C=CC=C(OCC)C1C(=O)O,15.0,24.0,-8.0515767224445,-0.655250152004,7.3963265704404995,2.56238125438476,5.1404590563489565,180.37600000000003,0.53575,-0.66004,188.305079,183.5207806992117,1,0,1.4817,2.0,3.0,8.71088651743213,1.9761431916468237,2.4320403439384457e-07
99595-55-8,O=C(O)C=1C(N)=CC=C(N)C1C(=O)O,14.0,21.0,-6.837132607663,-0.771714880018,6.065417727644999,2.3862560952280853,3.5327110085598568,161.00000000000003,0.52734,-0.69874,191.0709943333333,169.1025303363783,2,0,0.2473999999999999,4.0,4.0,8.032084156824283,2.2254171844825477,9.1964188935323e-07
62351-68-2,O=C(O)C=1C=C(N)C=C(N)C1C(=O)O,14.0,21.0,-7.372380551596501,-0.304223284859,7.068157266737501,2.084356793361368,5.1124615538896725,160.90400000000002,0.52934,-0.6713,191.8785193333333,177.72008621036824,1,1,0.2473999999999999,4.0,4.0,7.4981123432183665,2.0535399960317364,2.7839795250850833e-08
68655-99-2,O=C(O)C1=CC(Cl)=C(C=C1C(=O)O)C,14.0,17.0,-8.662472316817,-0.754843821287,7.90762849553,2.803806580415548,1.8448080713179893,171.12800000000004,0.53321,-0.66272,183.06260666666665,186.804399304896,0,2,2.0448200000000005,2.0,2.0,13.676109598032326,1.9026827032996443,0.004877254309048819
24953-75-1,O=C(O)C1=CC(OC)=CC(O)=C1C(=O)O,15.0,22.0,-8.080692904448,-0.5031385095745,7.5775543948735,2.4309347681558133,2.817540739723208,171.29600000000005,0.5377,-0.65816,184.277347,178.62731108161,1,1,0.7971999999999999,3.0,4.0,9.930601672872939,1.9818145688030084,5.394959453019024e-06
1190387-31-5,O=C(O)C1=CC=C(C=C1C(=O)O)CCCC,16.0,20.0,-8.605872635913,-0.6179705544855001,7.9879020814275,2.662754323155664,2.3117763624537733,205.95200000000008,0.53148,-0.66737,218.33488266666663,189.7542287063289,0,1,2.4256,2.0,2.0,12.880972574324886,1.8971578255934114,0.0012367699638008347
103204-95-1,O=C(O)C1=CC(OC)=C(C=C1C(=O)O)C,15.0,21.0,-8.019467288085501,-0.5232749345115,7.496192353574001,2.433850454989566,3.400348983560364,180.90400000000005,0.53143,-0.66615,194.452231,186.587160154526,0,2,1.40002,2.0,3.0,11.765680103692972,1.8950364187597697,0.00014181499880834276
55289-21-9,O=C(O)C1=CC=C(OC)C(=C1C(=O)O)C,15.0,21.0,-8.014297124926001,-0.404361181843,7.609935943083001,2.3283312834765377,5.115981670217359,180.36000000000004,0.53384,-0.66166,193.564744,175.85249728695484,1,1,1.4000199999999998,2.0,3.0,7.850240752194793,2.02364104069895,4.6862688342186376e-08
2151858-37-4,O=C(O)C1=CC(=CC(F)=C1C(=O)O)C,14.0,17.0,-8.6910442711195,-0.741238128762,7.9498061423575,2.7978025400230395,2.6987215584420707,160.83200000000005,0.5354,-0.6521,164.62064233333334,183.31756019025585,1,1,1.53052,2.0,2.0,10.839587203989169,1.9507933768879488,3.128399983591936e-05
1453498-29-7,O=C(O)C1=CC(F)=C(C=C1C(=O)O)C,14.0,17.0,-8.733221917947,-0.6840942201569999,8.04912769779,2.75451721524259,1.5366327765604897,160.82400000000004,0.5326,-0.66407,165.324875,186.6202019839463,0,2,1.53052,2.0,2.0,13.646807810434495,1.9190128408796843,0.004999013583078346
18245-63-1,O=C(O)C=1C=CC=C(SCC)C1C(=O)O,15.0,24.0,-8.164503970401999,-0.7121219467584999,7.452382023643499,2.643265180958965,5.541439070313775,191.18400000000003,0.53628,-0.65881,211.155993,171.26335760826476,1,0,2.195,2.0,3.0,8.599098734849946,1.9863114336503014,2.0734463231461665e-07
872814-86-3,O=C(O)C1=CC=C(OC)C(O)=C1C(=O)O,15.0,22.0,-7.8692604426095,-0.4857232231425,7.383537219467,2.363560647833433,6.043264542447235,171.84800000000004,0.53434,-0.65753,182.116604,181.98277587114296,1,1,0.7971999999999999,3.0,4.0,7.421198582524397,2.0491769946194354,2.112668991758956e-08
1822764-40-8,O=C(O)C1=CC=C(SCC)C=C1C(=O)O,15.0,24.0,-7.6031330968205,-0.7181084514695,6.885024645351,2.514263364029605,3.2995993968965385,191.33600000000004,0.53292,-0.66237,219.7860473333333,189.13867016968484,0,1,2.195,2.0,3.0,12.518740676044473,1.876793975176921,0.0005594310366870527
109803-70-5,O=C(O)C1=CC=C(O)C(Cl)=C1C(=O)O,14.0,18.0,-8.360425942762001,-0.6038206342595,7.756605308502501,2.589976977607607,3.945440957611709,162.12000000000003,0.53653,-0.64762,172.96854166666665,178.51715431954895,1,1,1.442,3.0,3.0,9.441851809307508,1.9569444173070853,1.254209825416067e-06
2639625-50-4,O=C(O)C1=CC(F)=C(O)C=C1C(=O)O,14.0,18.0,-8.424100583779001,-0.630759905459,7.793340678320002,2.630146103700102,0.7225209339527817,152.72800000000004,0.53341,-0.66059,155.3995623,185.8280393360363,0,2,0.9277,3.0,3.0,14.010483671172437,1.9697052183913666,0.010551073902990968
213611-99-5,O=C(O)C1=CC=C(C=C1C(=O)O)C(=O)C,15.0,19.0,-9.1166303333015,-1.241383385981,7.875246947320501,3.405875680042917,5.357903211145196,175.32000000000005,0.53414,-0.65743,187.583573,185.73104376777007,0,1,1.2856,2.0,3.0,12.724960975050692,1.9347667901387129,0.0011570193619712763
114571-71-0,O=C(O)C=1C=C(Br)C=C(Br)C1C(=O)O,14.0,17.0,-8.711997037608,-0.980698317202,7.731298720406,3.037922431880298,1.916222596672944,178.26400000000004,0.53889,-0.64175,198.466241,177.51844510480382,1,1,2.6080000000000005,2.0,2.0,12.198884936393995,1.9691177754361027,0.0005490949986286797
91345-30-1,O=C(O)C1=CC=C(C=C1C(=O)O)CCC(=O)O,17.0,21.0,-8.730772893292501,-0.6669510475755001,8.063821845717001,2.738069396823052,2.738194704545314,200.61600000000004,0.53206,-0.66602,207.0428643333333,190.6687039545585,0,1,1.1001999999999998,3.0,3.0,12.747526142515056,1.8844226576212892,0.0009015062876351898
1421750-77-7,O=C(O)C=1C=CC2=CC=CN=C2C1C(=O)O,16.0,22.0,-8.3356635823665,-1.250635256898,7.0850283254685,3.24265201260177,5.27681609306218,177.63200000000003,0.53711,-0.65984,219.082126,180.49869949091388,1,1,1.6312,2.0,3.0,10.604475092253779,1.9750068055978591,2.321854894272486e-05
1803844-35-0,O=CCCC=1C=CC=C(C(=O)O)C1C(=O)O,25.0,24.0,-8.5522662073645,-0.5771534769105,7.975112730454001,2.6126998635818395,6.21737912628786,191.86400000000003,0.53416,-0.66224,199.1950833333333,167.95805082112474,1,0,1.2145,2.0,3.0,7.6064401000936925,2.042168638980962,3.1624343292855864e-08
1391277-41-0,O=C(O)C1=CC=C(C=C1C(=O)O)C(N)CN,16.0,20.0,-8.3547115519015,-0.620963806841,7.733747745060499,2.6042596293948264,2.0355470935352984,197.0960000000001,0.53176,-0.66703,209.617905,188.76066260570192,0,1,0.0415000000000002,4.0,4.0,13.08525529418543,1.9048959172965723,0.0018478403026268436
52060-72-7,O=C(O)C=1C=C(C(=O)O)C(=CC1OC)C(=O)O,19.0,24.0,-8.385460417008,-0.8560701736730001,7.529390243334999,2.8357504691065065,4.188746520141796,191.90400000000005,0.53548,-0.65402,203.651753,187.0186580267648,0,2,0.7898000000000001,3.0,4.0,12.33531111522592,1.8811576883971106,0.0004037466432321845
66753-48-8,O=C(O)C1=CC=C(N=C=S)C=C1C(=O)O,15.0,19.0,-8.154163644082999,-1.0936255651595,7.060538078923499,3.028154664085504,2.867452510504751,174.08000000000004,0.53384,-0.65815,218.16867566666667,185.84986203389343,0,1,1.8173,2.0,4.0,14.08062463645959,1.8858681003377034,0.008538096800979132
856806-77-4,O=C(O)C1=CC=C(OC)C(Cl)=C1C(=O)O,15.0,21.0,-8.2300834083725,-0.580690956967,7.6493924514055,2.5371212619199577,4.436750897898145,178.89600000000004,0.53619,-0.64818,191.04328633333333,178.74966893797964,1,1,1.745,2.0,3.0,8.989331204121953,1.9671141303087487,4.479981645637253e-07
90273-39-5,O=C(O)C1=CC(Cl)=C(OC)C=C1C(=O)O,15.0,21.0,-8.2366141407845,-0.6362021824690001,7.6004119583155,2.589559287640318,5.068373472821434,179.14400000000003,0.53457,-0.6582,191.02114266666663,186.72255287663967,0,2,1.745,2.0,3.0,10.914260179991771,1.916498916478884,2.7116611584653298e-05
64208-34-0,O=C(O)C=1C=CC=C(OCC=C)C1C(=O)O,16.0,25.0,-8.122054209724,-0.661236656715,7.460817553009,2.5850450669899154,4.5870926184240055,191.82400000000004,0.53601,-0.6588,205.91116266666668,181.77525156318083,1,0,1.6478,2.0,3.0,9.155038859043714,1.9589993169288755,6.204483595765226e-07
86528-18-9,O=C(O)C=1C=CC=C(OC(C)(C)C)C1C(=O)O,17.0,30.0,-8.377841229193999,-0.6661347060239999,7.711706523169999,2.6516018364758764,4.039023442615802,213.92000000000004,0.53562,-0.65773,222.16629133333333,166.3246559009706,1,0,2.2603,2.0,3.0,9.587442651468194,1.9495254964048365,1.6543884734739376e-06
2107-46-2,O=C(O)C1=CC=C2OCOC2=C1C(=O)O,15.0,20.0,-7.868171987207501,-0.63674641017,7.231425577037501,2.5006700330200737,2.367627998651815,163.16000000000005,0.53338,-0.65478,175.04140500000003,185.21931474473053,1,1,0.8116999999999999,2.0,4.0,10.722259828114375,1.970712978804574,2.8893660468448375e-05
81568-57-2,O=C(O)C=1C=2C=CC=CC2C=3C=CC=CC3C1C(=O)O,20.0,29.0,-7.7680340902235,-0.939337011926,6.8286970782975,2.7757239280502275,1.631729419971338,225.8400000000001,0.53286,-0.65337,307.39481333333333,166.09180893078295,2,2,3.389400000000001,2.0,2.0,9.958204365837247,2.2699774004379343,6.773476175480947e-05
119252-37-8,O=C(O)C1=CC=C(C=C1C(=O)O)C=2C=CC(N)=CC2,19.0,23.0,-7.0110133581325,-0.8035522005265,6.207461157606,2.459436850271449,4.9673480741739855,222.15200000000004,0.53224,-0.66533,287.2826733333334,189.4265379801512,0,1,2.3322000000000003,3.0,3.0,11.570837966447868,1.9032627170395795,0.00010070582587473381
828922-44-7,O=C(O)C=1C=C(C(=O)O)C(C(=O)O)=C(Br)C1C(=O)O,21.0,22.0,-9.0257443072345,-1.39866519157,7.6270791156645,3.5619242881453284,3.918516966914906,213.24800000000005,0.5405,-0.63577,226.052838,176.05895316033673,1,2,1.2419000000000002,4.0,4.0,12.087121756219233,1.9631086753154534,0.00042992092631126237
81452-61-1,O=C(O)C1=CC=2SC=CC2C=C1C(=O)O,15.0,20.0,-7.8942949168554994,-0.7507621135295001,7.143532803325999,2.615547975919277,2.3446467388500127,174.26400000000004,0.53184,-0.66947,214.66586533333336,185.61771954872685,0,2,2.2977,2.0,3.0,13.314186504280201,1.887600190636008,0.0025044327915927853
90772-02-4,O=C(O)C1=CC=2OCCOC2C=C1C(=O)O,16.0,23.0,-7.9329350836265,-0.5401459932425,7.392789090384,2.427808437974335,4.046500071666872,179.01600000000005,0.53092,-0.67134,194.38232166666668,187.17801134841503,0,2,0.8542000000000001,2.0,4.0,11.347343181782435,1.898230165563863,5.997125292023936e-05
84185-83-1,O=C(O)C=1C(O)=CC=C(C=2C=CC(=CC2)C)C1C(=O)O,20.0,31.0,-7.658644322322499,-0.4963356633119999,7.162308659010499,2.321308035309072,3.961257984529662,235.25600000000009,0.53217,-0.65101,278.7897786666666,162.07376168238153,2,0,2.7640200000000004,3.0,3.0,6.782124038826225,2.2825751609985234,9.987804595609052e-08
343968-68-3,O=C(O)C1=CC(=CC(Br)=C1C(=O)O)C(C)(C)C,17.0,20.0,-8.581382389367999,-0.7436871534165,7.837695235951498,2.773676423998213,2.68534457565505,224.72000000000008,0.53638,-0.64732,244.1046183333333,177.47814848562007,1,1,3.1430000000000016,2.0,2.0,10.857661653079731,1.9509021692039359,3.257413608204456e-05
856806-22-9,O=C(O)C1=CC(O)=C(C=C1C(=O)O)N(=O)=O,16.0,20.0,-8.7405689919105,-1.811189788928,6.9293792029825,4.016940410804777,8.621060246280617,171.19200000000004,0.53652,-0.64852,185.98736833333336,186.787491765614,0,2,0.6968,3.0,5.0,11.927329317989575,2.313783417992634,0.0021112862219370143
769138-06-9,O=C(O)C1=CC=C(C=C1C(=O)O)NC(=S)N,16.0,20.0,-7.583268785734,-0.770082196915,6.813186588819,2.560419846486929,8.362571279815796,191.42400000000004,0.53235,-0.66386,227.8703646666667,188.6026688574713,0,1,0.7384999999999999,4.0,3.0,8.812855406575807,2.1786036021057607,3.1859222563595423e-06
39155-64-1,O=C(O)C=1C=CC=2C(=CC=C(C(=O)O)C2C(=O)O)C1C(=O)O,22.0,29.0,-8.1625991734485,-1.585335293013,6.5772638804355,3.611768817922824,5.769288879922724,236.99200000000005,0.53758,-0.65055,284.1562146666667,178.27043252239164,1,1,1.6326000000000005,4.0,4.0,11.275261384107665,2.0384232711934915,0.00015327587498409866
2616551-92-7,O=C(O)C=1C=C2C(=CC1C(=O)O)CC(O)C2,16.0,19.0,-8.447502374922,-0.5839563231730001,7.863546051748999,2.5932081302319627,2.758954533876918,187.40800000000004,0.53091,-0.67054,203.39811566666663,185.87682749129945,0,2,0.5425,3.0,3.0,12.444240891820499,1.8917430869681862,0.0005340027618562322
858789-94-3,O=C(O)C1=CC=C2OCOCC2=C1C(=O)O,16.0,23.0,-8.290764797034,-0.5537516857675,7.737013111266501,2.527637949218313,4.066508901994437,178.85600000000005,0.53451,-0.65445,190.861843,175.44212968575908,1,1,0.9495,2.0,4.0,9.175930329221615,1.9661087552044358,7.149382377193963e-07
1804397-98-5,O=C(O)C1=CC=CC(=C1C(=O)O)C(Cl)C(=O)C,17.0,21.0,-8.8788028279645,-0.7692658553635,8.109536972601001,2.869622200155003,4.165891718467968,207.13600000000005,0.53639,-0.65041,216.12976433333336,165.60398237039664,1,0,1.9519,2.0,3.0,9.846558938145677,1.9413960460882582,2.859363415943627e-06
1804039-21-1,O=C(O)C1=CC=CC(=C1C(=O)O)CC(=O)CBr,17.0,21.0,-8.668458821528,-0.6544338104524999,8.0140250110755,2.711381824592408,4.417734714760496,211.8160000000001,0.5345,-0.65412,223.23240566666664,162.7466551982599,1,0,1.5895,2.0,3.0,9.26028898230993,1.9563013046506617,7.859265603114305e-07
91827-38-2,O=C(O)C1=CC=2C=CC=CC2C(C=3C=CC=CC3)=C1C(=O)O,22.0,33.0,-7.745448640632,-0.8411039118955,6.9043447287365005,2.669655399391137,3.1266871701531,253.72000000000008,0.53425,-0.65826,332.594225,166.7743441721107,1,2,3.903200000000002,2.0,2.0,10.864903019540009,1.9375579682759465,2.9396098280620893e-05
808117-87-5,O=C(O)C1=CC=C(OC=2C=NC=CC2)C=C1C(=O)O,19.0,27.0,-8.357704804257,-0.6217801483925,7.7359246558645,2.6057373100749306,2.3082969934564312,214.64000000000004,0.53344,-0.66044,245.57887666666664,188.0471345875274,0,1,2.2703,2.0,4.0,12.89664123838412,1.896879445121878,0.001269943297874259
128885-97-2,O=C(O)C=1C(O)=CC=C(OC=2C=CC=CC2)C1C(=O)O,20.0,29.0,-7.799871410732,-0.635113727067,7.164757683665,2.4826022531474874,4.7134755170680585,227.51200000000009,0.53345,-0.65136,259.95701133333336,173.35598288285638,2,0,2.5809,3.0,4.0,6.687211491081371,2.2625202264816857,6.18202205939743e-08
1806542-29-9,O=C(O)C1=CC=C(C=C1C(=O)O)C(=O)C(Br)C,17.0,21.0,-9.1215283826105,-1.5129530087799998,7.608575373830501,3.7159451312268175,3.302406616393565,212.08800000000005,0.53426,-0.65561,231.39301066666667,190.36664508216705,0,1,2.0491,2.0,3.0,15.061373316560434,1.9285181500593054,0.03802467009018137
28889-41-0,O=C(O)C1=C(F)C(F)=C(OC)C(F)=C1C(=O)O,17.0,21.0,-8.5125375851915,-0.7741639046725,7.738373680519,2.786206382710446,2.030243044563877,179.75200000000004,0.53699,-0.64083,170.770766,179.731522203902,2,2,1.5089,2.0,3.0,9.136642135171712,2.261698053464097,1.3362856958895039e-05
1772627-82-3,O=C(O)C=1C(F)=CC=C(C1C(=O)O)N(=O)=O,16.0,19.0,-9.4252074397685,-1.9164978490715,7.508709590697001,4.28283572913361,3.130632635746328,167.39200000000005,0.53862,-0.63756,172.80392433333336,167.8200277934046,2,0,1.1303,2.0,4.0,11.8217415729234,2.3964392949861577,0.0025828461507098055
1381801-67-7,O=C(O)C=1C=CC=C(OC=2C=NC=CC2)C1C(=O)O,19.0,27.0,-8.153891530232501,-0.7556601628385,7.3982313673940014,2.682401625115223,3.393259480204837,214.69600000000003,0.53642,-0.65534,243.82698733333336,180.4691437082196,1,0,2.2703,2.0,4.0,10.378223748896346,1.9398455702475517,9.986352917989397e-06
35010-28-7,O=C(O)C1=CC(Cl)=C(C=C1C(=O)O)N(=O)=O,16.0,19.0,-9.2254758735015,-1.940715981766,7.2847598917355,4.278927596848286,6.673814974959974,178.04800000000003,0.53801,-0.64444,190.154692,187.19475457439728,0,2,1.6446,2.0,4.0,13.792503389008289,2.129783931858127,0.01351132590231828
1806542-37-9,O=C(O)C1=CC=C(C=C1C(=O)O)C(=O)CCBr,17.0,21.0,-9.146290743006,-1.374174945025,7.772115797981,3.5601694947014795,4.477470667687283,212.20800000000008,0.53443,-0.65594,228.79198166666663,189.76289741798288,0,1,2.0507,2.0,3.0,13.799169690005641,1.9192994627578344,0.006346877090716095
1804038-87-6,O=C(O)C1=CC=CC(C(=O)C(Br)C)=C1C(=O)O,17.0,25.0,-9.085337240494,-1.2231517579975,7.862185482496501,3.378988757915876,5.707451124626473,211.51200000000009,0.53576,-0.65753,229.614483,171.19342183444638,1,0,2.0491,2.0,3.0,10.1867283718546,1.9912063355192977,1.0669138644170759e-05
1804397-67-8,O=C(O)C1=CC=CC(C(=O)CCBr)=C1C(=O)O,17.0,25.0,-9.112004397843,-1.1077754853855002,8.0042289124575,3.2621474849091694,5.117181151767055,211.24000000000004,0.53572,-0.66204,227.826743,175.12624394811942,1,0,2.0507,2.0,3.0,10.26146060881365,1.960310834769917,9.345657464860535e-06
65190-26-3,O=C(O)C=1C=C2C=CC=C(C2=CC1C(=O)O)S(=O)(=O)O,20.0,26.0,-8.32124154829,-1.24628143529,7.074960113,3.234558731756469,8.459610446113935,225.17600000000004,0.53344,-0.66077,268.5967283333334,184.99281805509588,0,2,1.4829,3.0,4.0,10.327749289925606,2.1974213845270496,7.956980620909345e-05
1822789-72-9,O=C(O)C=1C=C2C(=CC1C(=O)O)C(N)CC2,16.0,19.0,-8.256478451871,-0.5744323384055,7.682046113465501,2.537897593751933,1.2199381869586672,191.16800000000003,0.53132,-0.66975,211.16430266666663,188.35031379704503,0,2,1.029,3.0,3.0,13.484673101670836,1.9456833513081486,0.004349161511126486
27594-39-4,O=C(O)C=1C=CC(=CC1C(=O)O)C2=CC=C(C=C2)N(=O)=O,21.0,25.0,-8.4113112328055,-1.9061575227525,6.505153710053,4.09099332108819,5.921207289902964,234.22400000000005,0.5325,-0.66322,292.7401716666667,188.3548994640644,0,1,2.658200000000001,2.0,4.0,14.265278848965238,2.067259998101888,0.020472742096577207
115897-04-6,O=C(O)C1=CC(Cl)=C(Cl)C(=C1C(=O)O)N(=O)=O,17.0,19.0,-9.177311721963,-1.912960369015,7.264351352948001,4.232798259476133,5.1180438851186105,193.26400000000004,0.54069,-0.63303,204.01588266666667,172.70189017442837,1,2,2.298000000000001,2.0,4.0,12.709324506517845,2.08387330071079,0.002410492587462048
50662-94-7,O=C(O)C=1C=CC=C(OC2=CC=CC(C(=O)O)=C2C(=O)O)C1C(=O)O,25.0,34.0,-8.2877715446785,-0.866410499992,7.421361044686501,2.8229002875074274,4.621041238725316,274.59200000000004,0.5364,-0.65441,304.2032546666667,177.73207833308558,1,0,2.2717,4.0,5.0,9.832814752876374,1.944508339111327,2.862378284107415e-06
47297-31-4,O=C(O)C1=CC=C(C=C1C(=O)O)C(=O)OCC(CC)CCCC,23.0,27.0,-9.1460186291555,-1.0979793867674998,8.048039242388,3.259784532284938,2.06556508491018,301.26400000000007,0.53467,-0.65682,306.621052,182.77395168825785,0,1,3.4562000000000026,2.0,4.0,14.652395742702225,1.9040305767774317,0.02076390195148267
3453-47-2,O=C(O)C1=CC=C2C(C(=O)CC2)=C1C(=O)O,16.0,23.0,-8.919075677838501,-0.921921725494,7.997153952344501,3.027490481910918,6.072046410395757,181.32000000000005,0.53686,-0.65393,201.96643,174.27400012159285,1,1,1.2119,2.0,3.0,8.90647895477079,2.001833454597824,5.601976991116944e-07
2631705-26-3,O=C(O)C1=CC(=CC(C(=O)O)=C1C(=O)O)C=2C=C(C(=O)O)C(C(=O)O)=C(C2)C(=O)O,34.0,33.0,-8.534578807082,-1.0778429618305,7.456735845251499,3.0978250464076384,3.7786824608585454,320.29600000000005,0.53687,-0.65625,360.849448,176.0147635685093,1,1,1.5428000000000002,6.0,6.0,11.170137072647094,1.9353617121178013,5.595678247082979e-05
113845-03-7,O=C(O)C=1C=CC(=CC1C(=O)O)C=2C=CC(=CC2)C3=CC=C(C(=O)O)C(=C3)C(=O)O,30.0,34.0,-7.737829452818,-1.164103052439,6.573726400379001,3.013678905300289,4.305880757754446,336.92800000000005,0.5322,-0.66518,431.5867796666666,188.9629761728402,0,1,3.8134000000000015,4.0,4.0,13.26574155381553,1.8957503985554214,0.002402597088596359
40415-14-3,O=C(O)C1=CC=C(C=C1C(=O)O)C(=O)C2=CC=C(Cl)C=C2,21.0,25.0,-8.608593774417999,-1.3521337231345,7.256460051283499,3.4181988042140965,3.872606700918646,245.80000000000007,0.53492,-0.6565,289.41827866666665,188.72486723689232,0,1,2.9674000000000005,2.0,3.0,14.17327380163789,1.9077260499704962,0.01065660169822967
922508-37-0,O=C(O)C1=CC=C2C(C(=O)CCC2)=C1C(=O)O,17.0,26.0,-8.8232916024625,-0.89797570665,7.925315895812501,2.981049567536859,6.217222178754753,196.63200000000003,0.53533,-0.66616,219.346109,172.58604692716196,1,1,1.602,2.0,3.0,8.712697502189144,2.011241781651897,3.850512477926363e-07
108347-25-7,O=C(O)C1=CC=C2C(=O)C=CC2=C1C(=O)O,16.0,21.0,-8.4004266787855,-1.9339131355035,6.466513543282,4.128908827081591,4.136845951930045,176.21600000000004,0.53471,-0.65459,206.6217036666667,178.5957740417875,1,1,1.2925,2.0,3.0,13.477231896410558,2.07107026827784,0.007172285578235821
2511739-37-8,O=C(O)C=1C=NC=C(OC2=CC=CC(C(=O)O)=C2C(=O)O)C1,29.0,28.0,-8.2768869906585,-0.9194727008395,7.357414289819,2.8737348558867737,2.205383594751716,242.43200000000004,0.53638,-0.65338,270.88468866666665,179.65899578610438,1,0,1.9685,3.0,5.0,11.793275051689136,1.957543929600223,0.0002364769188250822
78164-32-6,O=C(O)C=1C=C(C(=CC1C(=O)O)C(F)(F)F)C(F)(F)F,20.0,23.0,-9.596911279434,-1.3602971386495,8.2366141407845,3.644107101085007,5.741281077425142,202.68000000000004,0.53676,-0.64715,177.13174133333334,186.69008834339607,0,2,3.1206000000000005,2.0,2.0,12.80868146468552,1.9646179147025398,0.0015726975376241167
141573-91-3,O=C(O)C1=CC=C(C=C1C(=O)O)C2CCC(C(=O)O)C(C(=O)O)C2,24.0,28.0,-8.649410851993,-0.629127222356,8.020283629637,2.6835481378431183,2.4567203503858552,284.2320000000001,0.5314,-0.66762,292.9714676666667,188.3138100241487,0,1,1.7521,4.0,4.0,12.817125654316499,1.8926667065199934,0.0010745218648114188
88066-33-5,O=C(OCCOC(=O)C1=CC=C(C(=O)O)C(=C1)C(=O)O)C=C,30.0,28.0,-9.1759511527105,-1.162470369336,8.013480783374499,3.3344735719983087,5.233058044776495,257.15200000000004,0.53421,-0.65652,262.953476,191.50705217060425,0,1,0.9689999999999998,2.0,6.0,12.566131987272882,1.9233738192463834,0.000814716530092895
681179-19-1,O=C(O)C=1C=CC(=CC1)C2=C(C(=O)O)C(C(=O)O)=C(C3=CC=C(C=C3)C(=O)O)C(C(=O)O)=C2C(=O)O,49.0,48.0,-8.567232469142,-1.087366946598,7.479865522544,3.115406607159989,4.453869010197763,392.7040000000001,0.5359,-0.63696,461.1122613333334,146.50080077441706,2,2,3.2098000000000004,6.0,6.0,8.385132449489532,2.220492388761981,1.9087097862809208e-06
58370-85-7,O=C(O)C1=CC=C(C=C1C(=O)O)S(=O)(=O)OC=2C=CC=CC2,22.0,26.0,-8.742745902714502,-1.174443378758,7.568302523956501,3.24876823215102,4.51617598527781,253.4480000000001,0.53758,-0.6489,283.1111416666667,190.71112952932137,0,1,1.8507,2.0,5.0,13.142974020554789,1.9010857965782095,0.0020012025227699112
144907-46-0,N#CC1=CC=C(C=C1)C(=O)NC2=CC=C(C(=O)O)C(=C2)C(=O)O,32.0,30.0,-8.2017835679205,-1.202198991509,6.9995845764115,3.158576305945304,4.7123488591147416,259.40000000000003,0.53338,-0.66119,316.531085,187.3752922081238,0,1,2.20698,3.0,4.0,13.085677420184169,1.9084010168533976,0.0018833844620746755
330634-73-6,O=C(O)C1=CC=C(C=C1)NC(=O)C2=CC=C(C(=O)O)C(=C2)C(=O)O,34.0,32.0,-8.074162172035999,-1.155939636924,6.918222535111999,3.0786368525794834,8.038823561939894,269.5040000000001,0.53448,-0.65764,320.2972876666667,189.1690965951581,0,1,2.0335,4.0,4.0,10.366460243298064,2.139036191881412,5.55429750963034e-05
329203-92-1,O=C(O)C1=CC(OC2=CC=C(OC)C=C2)=C(OC3=CC=C(OC)C=C3)C=C1C(=O)O,30.0,47.0,-7.408571693713,-0.6555222658545,6.7530494278585005,2.407416533946316,4.124093110006126,350.1840000000001,0.53291,-0.66126,406.133943,187.1946774790042,0,2,4.684800000000004,2.0,6.0,11.694123407986808,1.8874762867172674,0.00011519786633522539
88687-92-7,O=C(O)C=1C=CC=C(N=NC2=CC=CC(C(=O)O)=C2C(=O)O)C1C(=O)O,26.0,35.0,-8.5016530311715,-1.680030912987,6.8216221181845,3.799194903452258,4.619583028802492,284.10400000000004,0.53557,-0.65693,344.93935933333336,167.02173083538142,1,0,2.8948,4.0,6.0,12.415833264492647,2.01607142764582,0.0010597416238847732
2376596-98-2,O=C(O)C=1C=C(C=C(C1)C=2C(C(=O)O)=C(C(=O)O)C(C=3C=C(C=C(C3)C(=O)O)C(=O)O)=C(C(=O)O)C2C(=O)O)C(=O)O,54.0,53.0,-8.9598927554135,-1.3417933968155,7.618099358598,3.48265139976323,4.543072604526588,448.5840000000001,0.53605,-0.63557,504.4498563333333,147.19620047511637,2,2,2.6062,8.0,8.0,9.128957683707654,2.2449222375298565,1.1405755615653005e-05
108347-31-5,O=C(O)C1=CC=C2C(=O)C(Cl)CC2=C1C(=O)O,17.0,23.0,-9.0170366640185,-1.55104894785,7.4659877161685,3.7397742182831295,6.073009249128475,197.40800000000004,0.53473,-0.65343,218.24189866666663,175.4075111544167,1,1,1.4292,2.0,3.0,10.94006888381,2.04914749395731,8.624010986521698e-05
18959-88-1,O=C(O)C1=CC=C(OC2=CC=C(OC3=CC=C(C(=O)O)C(=C3)C(=O)O)C=C2)C=C1C(=O)O,32.0,45.0,-8.3155271574295,-0.611167708223,7.7043594492065,2.5857399875298475,0.3931307161746586,354.8160000000001,0.53315,-0.66064,413.1078933333333,187.7381999650501,0,1,4.064000000000002,4.0,6.0,14.15876200141156,1.996035818594657,0.01422533734116696
1061873-28-6,O=C(O)C1=CC=C(N=NC2=CC=C(C(=O)O)C(=C2)C(=O)O)C=C1C(=O)O,26.0,35.0,-8.4167535098155,-1.9491515111315,6.467601998684,4.153470904871624,4.337784026435617,285.15200000000004,0.53407,-0.65873,356.61653666666666,188.0285649099624,0,1,2.8948,4.0,6.0,15.532245836176997,2.018154741748024,0.08050153005460206
2639442-25-2,O=C(O)C1=CC(O)=C(C=C1C(=O)O)NC(=O)OC(C)(C)C,21.0,25.0,-8.280424470715001,-0.5551122550200001,7.725312215695001,2.52632861469369,6.170112744512859,254.20000000000007,0.53367,-0.65935,259.88563700000003,189.52236462530303,0,2,2.1356,4.0,5.0,9.781544117032581,1.9856765531660936,3.958371765953232e-06
60803-96-5,O=C(O)C1=CC=C2C(=C1C(=O)O)C3C=CC4C=CC2C43,20.0,23.0,-8.317159840532499,-0.6076302281665,7.709529612365999,2.582903295506757,2.8758115950110503,230.13600000000005,0.5329,-0.6611,270.6036153333333,172.57739491647646,1,1,2.6358000000000006,2.0,2.0,10.251284314555505,1.9622318485891217,9.305031230485598e-06
778601-70-0,O=C(O)C1=CC=C(C=C1C(=O)O)NC(=O)OCC=2C=CC=CC2,23.0,27.0,-8.1163398188635,-0.6840942201569999,7.4322455987064995,2.6051224440372898,5.280222515197631,266.9920000000001,0.533,-0.66229,306.922556,187.34194666763497,0,1,2.831700000000001,3.0,4.0,10.919680715541034,1.9216621016954476,2.876469035684409e-05
52839-61-9,O=C(O)C1=CC=C2C(=O)C3=CC(C(=O)O)=C(C=C3C(=O)C2=C1)C(=O)O,29.0,32.0,-9.1911895283385,-2.4378679866295,6.753321541709001,5.006239442739871,2.92555219232199,266.0400000000001,0.53552,-0.65123,330.6965833333333,186.7906362044681,0,2,1.5566000000000002,3.0,5.0,17.60896680084693,2.2068030837871837,0.5852606710395916
105553-71-7,O=C(O)C1=CC=C(OC2=CC=C(C=C2)C(=O)C3=CC=C(C(=O)O)C(=C3)C(=O)O)C=C1C(=O)O,33.0,46.0,-8.123686892827001,-1.292540789875,6.831146102952001,3.244892673799196,5.302563223574048,365.63200000000006,0.53327,-0.65997,437.3948423333334,188.44074978322075,0,1,3.502700000000001,4.0,6.0,12.929040502640873,1.937038051318218,0.0016713326384673963
294892-14-1,O=C(O)C1=CC=C(OC2=CC=C(C=C2)NC(=O)C(C)C)C=C1C(=O)O,25.0,41.0,-7.795789702974501,-0.5336152608304999,7.262174442144001,2.3883682361180214,8.043499130353654,300.3280000000001,0.53338,-0.66074,341.77177266666666,189.10484134971512,0,1,3.469800000000001,3.0,4.0,8.24154246003846,2.16695932014843,7.800798822283779e-07
302927-96-4,O=C(O)C1=CC=C(OC2=CC=C(C=C2)NC(=O)C=3C=CC=CC3)C=C1C(=O)O,28.0,42.0,-7.796606044526,-0.592663966389,7.2039420781370005,2.44240759269953,8.283273145924865,321.6400000000001,0.53306,-0.6609,394.47528933333336,188.3728896588587,0,1,4.127600000000002,3.0,4.0,8.260037083958139,2.1875217027149763,1.0209585614086612e-06
669704-09-0,O=C(O)C1=CC=C(OC2=CC=CC(=C2)NC(=O)C3=CC=C(C=C3)C)C=C1C(=O)O,29.0,45.0,-7.823273201875,-0.5442277010000001,7.279045500875,2.4046789977888428,9.274236465068162,338.24000000000007,0.53308,-0.66098,414.3369,190.5243012508521,0,1,4.436020000000003,3.0,4.0,7.312678649647182,2.3390959059008463,6.342267826361367e-07
1510005-73-8,O=C(O)C=1C=CN=C(C1)C2=NC(=CC(=C2)C3=CC=C(C(=O)O)C(=C3)C(=O)O)C4=NC=CC(=C4)C(=O)O,46.0,44.0,-8.126680145182501,-1.1616540277845,6.965026117398001,3.096655714369976,3.9921569833863,395.9840000000001,0.5325,-0.66385,498.8483446666666,190.3683792454752,0,1,3.665400000000001,4.0,7.0,13.488841331792656,1.8906273656848054,0.0034067911005271935
53464-95-2,O=C(O)C=1C=CC=C(OC2=CC=C(C=C2)C(C3=CC=C(OC4=CC=CC(C(=O)O)=C4C(=O)O)C=C3)(C)C)C1C(=O)O,41.0,64.0,-7.612657081588001,-0.7621908952505,6.850466186337501,2.559609693973769,8.009556679991721,474.9600000000001,0.53651,-0.65655,561.085335,182.3848123414205,1,0,6.389900000000004,4.0,6.0,6.850026086826773,2.1780987367324496,2.9979162785289366e-08
723735-73-7,O=C(O)C1=CC=C(OC2=CC=C(C=C2)NC(=O)C3=CC=C(C(=C3)C)C)C=C1C(=O)O,30.0,48.0,-7.7223189633395,-0.5308941223255,7.191424841014,2.367942644999806,7.182180021414112,354.75200000000007,0.53344,-0.66086,432.8733546666666,189.9382198410158,0,1,4.744440000000004,3.0,4.0,8.907300559468638,2.073067308130956,1.297199877027108e-06
294890-67-8,O=C(O)C1=CC=C(OC2=CC=CC(=C2)NC(=O)C=3C=CC(=CC3)C=4C=CC=CC4)C=C1C(=O)O,34.0,52.0,-7.712794978572001,-0.6416444594790001,7.071150519093001,2.4676556571523305,9.184069177657582,392.3760000000001,0.53332,-0.66034,507.1276423333333,190.3452075715656,0,1,5.794600000000004,3.0,4.0,7.721937902294059,2.3090014407462958,1.1210074166260376e-06
328265-20-9,O=C(O)C1=CC=C(C=C1C(=O)O)C(=O)C2=CC=C(C=C2)NC(=O)C(C=3C=CC=CC3)C=4C=CC=CC4,36.0,40.0,-7.958241671723,-1.3113166455595,6.6469250261635,3.2317466745632744,10.323534233003734,420.8720000000001,0.53366,-0.65861,531.0394213333333,190.92327815976984,0,1,5.084600000000004,3.0,4.0,9.059775866783312,2.502240993890103,6.909024330044073e-05
596790-80-6,O=C(O)C1=CC=C(OC2=CC=CC(=C2)NC(=O)C=3SC=CC3)C=C1C(=O)O,27.0,39.0,-7.875519061171,-0.676475032343,7.199044028828,2.539802600269863,8.612013405702525,312.82400000000007,0.53349,-0.66086,385.328579,189.83953107459703,0,1,4.1891000000000025,3.0,5.0,8.292936315337187,2.220414355328306,1.5578335577312743e-06
90829-94-0,O=C(O)C=1C=C2C(=O)OC3(C4=CC=C(O)C=C4OC5=CC(O)=CC=C53)C2=CC1C(=O)O,31.0,42.0,-7.802048321536,-1.1665520770935,6.6354962444425,3.0305115905108635,7.678215561574187,331.2320000000001,0.53539,-0.65012,408.502414,188.9382845186644,0,2,3.0622000000000016,4.0,7.0,10.685485962683941,2.099646356924459,7.660809419823117e-05
23241-56-7,O=C(O)C1=C(O)C=C2C(=O)C3=C(O)C(O)=C(C(O)=C3C(=O)C2=C1C(=O)O)C4=CC(=CC=C4O)CC(N)C(=O)O,39.0,45.0,-7.654562614565,-1.9975877765205,5.6569748380445,4.117218559360646,15.229122812558836,423.3520000000001,0.53506,-0.64584,526.605009,170.19669509855646,2,1,1.0078000000000005,9.0,11.0,3.2925054273240164,4.4022442645303865,0.00037485916798600007
1822647-91-5,N#CC1=CC=CC(C(=O)O)=C1C(=O)O,18.0,17.0,-9.212142294827,-0.8438250504005,8.3683172444265,3.0209920434013133,5.289150382622903,156.88000000000002,0.53658,-0.64132,169.514967,177.60821488178172,1,0,0.95468,2.0,3.0,9.24548901312042,1.9660573864765687,8.527291490346564e-07
25809-28-3,O=C(O)C1=CC=CC(=C1C(=O)O)CCC,15.0,19.0,-8.572674746152,-0.613344619027,7.959330127125,2.6504413823052366,3.4986215699901013,188.7680000000001,0.53492,-0.65973,199.20712766666668,166.4467269185733,1,0,2.0355,2.0,2.0,9.809942613660894,1.954633710414498,3.0285912775509946e-06
99865-79-9,O=C(O)C1=CC=C(C(=C1C(=O)O)C)CC,15.0,18.0,-8.437162048603,-0.5444998148505,7.8926622337525,2.555229383959745,4.155327864320697,188.0480000000001,0.53446,-0.66417,202.65479766666667,177.37618014571143,1,1,1.95382,2.0,2.0,9.076404805862552,1.9687771279128816,5.728121037837488e-07
39521-06-7,O=C(O)C=1C(N)=CC=C(C1C(=O)O)C,14.0,19.0,-7.2945559903534996,-0.525723959166,6.768832031187499,2.258764075067748,3.5568633822512776,166.12000000000003,0.53293,-0.66829,186.96806433333336,165.7446314665676,2,0,0.9736200000000002,3.0,3.0,7.184755176598259,2.273282663716876,2.2885565588349964e-07
22481-10-3,O=C(O)C=1C(O)=C(C=C(C1C(=O)O)C)C,15.0,18.0,-7.822184746473,-0.6590597459109999,7.163125000562,2.5104792996754344,3.148252316762429,178.40000000000003,0.53856,-0.66329,193.676718,166.59024539856875,2,1,1.40544,3.0,3.0,7.93914918094822,2.2462017989892433,9.339766810921516e-07
1824374-56-2,O=C(O)C1=CC=CC(C(=O)N)=C1C(=O)O,15.0,21.0,-9.02329528258,-0.7012373927385,8.3220578898415,2.840839880144666,6.121561040290295,170.44000000000003,0.53549,-0.64986,179.24633233333336,169.94222325120245,1,0,0.1819,3.0,3.0,8.112331054580181,2.0186969326798523,8.856553649500035e-08
2733477-28-4,O=C(O)C=1C=CC=C(OO)C1C(=O)O,14.0,19.0,-8.4085900943005,-0.7088565805525,7.699733513748,2.699049055410876,3.96242499487372,156.57600000000005,0.53599,-0.65239,162.646186,181.6508607359438,1,0,0.9348,3.0,4.0,9.792530833595407,1.9443312404257258,2.588477152938549e-06
61260-14-8,O=C(O)C1=CC=C(C=C1C(=O)O)C(=O)S,15.0,19.0,-9.206700017817,-1.28981965137,7.916880366446999,3.479177405300228,4.773580673875744,176.88000000000005,0.53516,-0.65482,198.02205333333333,188.40862928448587,0,1,1.153,3.0,3.0,13.317633403729019,1.9179696342497183,0.0029233223545470158
113665-36-4,O=C(O)C1=CC=C(O)C(C(=O)O)=C1C(=O)O,21.0,20.0,-8.4635570921015,-0.8487230997095,7.614833992392,2.8470273435191187,3.731841085844896,172.49600000000004,0.54134,-0.65324,186.6115726666667,163.2416647317163,2,0,0.4867999999999999,4.0,4.0,8.140424395419899,2.217472462063376,1.0764843021009432e-06
82297-95-8,O=C(O)C1=CC(O)=C(O)C(O)=C1C(=O)O,15.0,20.0,-7.857559547038001,-0.5646362397875,7.292923307250501,2.431582606973957,6.050811291884751,162.28800000000004,0.53806,-0.66144,173.83875633333332,179.3844153968164,1,2,0.1997999999999998,5.0,5.0,7.69196940624073,2.0338947197389725,3.5359741436001826e-08
213612-01-2,O=C(O)C1=CC=C(C=C1C(=O)O)C(=O)N,15.0,19.0,-9.061935449351,-1.0021953113915,8.0597401379595,3.141749182839236,6.778235971844001,170.41600000000005,0.53386,-0.65876,181.39013866666667,186.21843276965336,0,1,0.1819,3.0,3.0,10.847671957269284,2.0088290698945825,5.210798586710022e-05
111342-37-1,O=C(O)C=1C(O)=C(O)C=C(C1C(=O)O)C,15.0,19.0,-7.7223189633395,-0.7126661744595001,7.00965278888,2.53753561045704,2.863938319866544,170.13600000000005,0.53938,-0.66354,182.315893,167.5140887833733,2,1,0.8026199999999999,4.0,4.0,8.32804063744544,2.242127621848303,2.0982285309964805e-06
69933-19-3,O=C(O)C1=CC=C(C(=O)O)C(C(=O)O)=C1O,20.0,19.0,-8.424372697629499,-1.1164831286015,7.307889569027999,3.114029332172618,6.174848903414561,172.82400000000004,0.54187,-0.65207,185.53930466666665,179.48992595883493,1,1,0.4867999999999999,4.0,4.0,9.477601496333847,2.0103729343604773,2.5122749568950536e-06
1391038-53-1,O=C(O)C1=CC=C(C=C1C(=O)O)C(N)C,15.0,19.0,-8.451311968829001,-0.6751144630904999,7.776197505738501,2.6777759745612566,2.78646961045693,184.89600000000004,0.53144,-0.66747,197.09004666666667,187.1164135198718,0,1,1.1027,3.0,3.0,12.741154001321576,1.883162449204939,0.0008842981807208172
313229-50-4,O=C(O)C1=CC=CC(=C1C(=O)O)CCCC,16.0,20.0,-8.555531573570502,-0.5839563231730001,7.971575250397501,2.619627752073084,3.14705006950954,205.54400000000004,0.53459,-0.66378,215.80494266666665,168.36943283489632,1,0,2.4256,2.0,2.0,9.969175838230115,1.961738096110204,4.789757300980861e-06
100613-18-1,O=C(O)C1=CC=C(C(=C1C(=O)O)C)CCCC,17.0,20.0,-8.403147817290499,-0.527356642269,7.875791175021499,2.5316158126168955,4.135544313630311,221.55200000000005,0.53431,-0.66486,235.743794,178.63200739287478,1,1,2.734020000000001,2.0,2.0,9.031365010763182,1.9717079234871602,5.292959310559727e-07
13935-09-6,O=C(O)C1=CC=C(Cl)C(O)=C1C(=O)O,14.0,18.0,-8.261920728881,-0.927364002504,7.334556726377,2.878256894884539,4.554240285711767,160.64800000000002,0.54128,-0.65681,172.53050766666664,178.62156463928952,1,1,1.442,3.0,3.0,10.089289028681037,1.9417575742834958,5.160445530625086e-06
110978-92-2,O=C(O)C1=CC(O)=CC(F)=C1C(=O)O,14.0,18.0,-8.411039118955,-0.705863328197,7.705175790757999,2.696820698451233,4.01041409707277,152.45600000000005,0.53462,-0.65617,155.0460628333333,182.31046498207763,1,1,0.9277,3.0,3.0,9.746105830912398,1.945018479181903,2.3273110587821865e-06
13935-08-5,O=C(O)C=1C(Cl)=CC=C(O)C1C(=O)O,14.0,18.0,-8.1696741335615,-0.6500799888445,7.519594144717,2.586178897512333,3.729060704788808,162.49600000000004,0.53419,-0.64358,169.88149966666666,173.01629705833275,2,0,1.442,3.0,3.0,7.477711051133525,2.2443565824435776,3.215536721054176e-07
2385606-35-7,O=C(O)C=1C(F)=CC=C(O)C1C(=O)O,14.0,18.0,-8.214028691193,-0.7257276392835,7.488301051909501,2.6681366939672992,3.979200495074356,152.36800000000002,0.53432,-0.64774,153.11109866666666,176.9851826465636,2,0,0.9277,3.0,3.0,7.545483550314373,2.232793943514998,3.2902692407999166e-07
248595-23-5,O=C(O)C=1C(O)=CC=C(C1C(=O)O)CCC,16.0,20.0,-7.9802828936134995,-0.474022327571,7.506260566042499,2.380522103652177,4.0679514574291575,197.54400000000004,0.53173,-0.65911,207.14756033333333,163.4026703457103,2,0,1.7411,3.0,3.0,6.625837683617817,2.290243566791565,7.585363687544957e-08
78324-74-0,O=C(O)C1=CC=C(Br)C(Br)=C1C(=O)O,14.0,17.0,-8.7394805365085,-0.9891338465675,7.750346689941,3.052958196613064,2.1710671707710936,177.72800000000004,0.53913,-0.64317,199.20880033333333,174.7470287795245,1,1,2.6080000000000005,2.0,2.0,12.046639427493915,1.9593591548602471,0.0003889374229998129
84638-34-6,O=C(O)C1=CC(O)=C(C(=O)O)C(O)=C1C(=O)O,17.0,22.0,-8.329404963805,-0.7409660149115,7.588438948893501,2.710426684777469,5.398175617743462,181.49600000000004,0.53985,-0.65193,192.4352913333333,178.7794450454173,1,2,0.1923999999999999,5.0,5.0,8.809101499190575,1.9772357552654078,3.1929222420686516e-07
3096-67-1,O=C(O)C1=CC=C(C=C1C(=O)O)NO,14.0,18.0,-7.804769460041,-0.5118461527905,7.292923307250501,2.3710003635589074,4.183223453271412,160.17600000000004,0.53239,-0.66269,176.41915866666668,187.7381974756645,0,1,0.8840999999999999,4.0,4.0,11.145119790378942,1.9046798427692315,4.0740622071306514e-05
75543-83-8,O=C(O)C=1C=C(C(=O)O)C(C(=O)O)=C(C1C(=O)O)C,21.0,22.0,-9.010233817756,-1.201110536107,7.809123281649001,3.338132519888694,2.92709186394961,210.04000000000005,0.53812,-0.64919,217.990348,175.50427239666135,1,2,0.78782,4.0,4.0,12.189510400433846,1.9502047108041431,0.0004794343304312734
1005516-19-7,O=C(O)C=1C=CC=C(OCCO)C1C(=O)O,16.0,25.0,-8.1381089269035,-0.6623251121170001,7.4757838147865,2.5899504718811373,4.622970535272748,189.31200000000004,0.53606,-0.65869,193.2056113333333,179.43055320574334,1,0,0.4541,3.0,4.0,9.131472502194185,1.959704403012407,5.890879851732097e-07
346419-81-6,O=C(O)C=1C=CC=2C=NN=CC2C1C(=O)O,16.0,21.0,-8.7269632993855,-1.39322291456,7.333740384825501,3.491334695213973,6.055824490521501,174.57600000000005,0.5379,-0.64589,205.985738,178.33240258970707,1,1,1.0262,2.0,4.0,10.46322378140843,2.0259557249110585,2.687818402726097e-05
1804397-57-6,N#CCCC=1C=CC=C(C(=O)O)C1C(=O)O,24.0,23.0,-8.7601611891465,-0.6198753514390001,8.140285837707498,2.7021497542246604,4.085902457230226,190.33600000000004,0.53481,-0.65726,199.0975153333333,169.73309459337435,1,0,1.53918,2.0,3.0,9.391708662854313,1.9559222122918614,1.0921732074003901e-06
1804200-31-4,O=CCCC1=CC=C(C(=O)O)C(=C1)C(=O)O,25.0,23.0,-8.6387984118235,-0.650896330396,7.9879020814274995,2.700910311741028,2.858321454980178,192.13600000000005,0.5314,-0.66699,202.277057,189.0534687968238,0,1,1.2145,2.0,3.0,12.605822729971322,1.884023442128942,0.0006907136920558214
958781-11-8,O=C(O)C1=CC=CC(C(=O)C)=C1C(=O)O,15.0,22.0,-9.088058378999,-0.9461398581885,8.1419185208105,3.091566625416005,6.895470018062583,174.46400000000006,0.53564,-0.665,186.67268166666668,171.8405787618705,1,0,1.2856,2.0,3.0,8.347996367160846,2.0588885922784677,2.7878982573673276e-07
34163-34-3,O=C(O)C1=CC(Br)=CC(C(=O)O)=C1C(=O)O,20.0,19.0,-8.825196399416,-0.9907665296705,7.834429869745501,3.074669434379992,4.132777843049394,186.35200000000003,0.53826,-0.64972,199.327666,172.59647938243486,1,1,1.5437,3.0,3.0,10.61898724848669,1.9351948262791028,1.6586354604058377e-05
113678-62-9,O=C(O)C=1C=C(C(=O)O)C(C(=O)O)=C(C(=O)O)C1O,23.0,22.0,-8.6436964611325,-1.20818549622,7.435510964912499,3.2633795632749067,2.137511826867865,201.10400000000004,0.53607,-0.64324,211.804799,167.13104223170208,2,1,0.1850000000000001,5.0,5.0,10.453736394291553,2.25483503794457,0.00014800229730053613
1081825-97-9,O=C(O)C=1C=C(C(=O)O)C(C(=O)O)=C(O)C1C(=O)O,21.0,22.0,-8.5353951486335,-1.5320009783150002,7.003394170318499,3.617976595064632,4.459612281353616,200.5360000000001,0.53943,-0.64935,209.6770593333333,183.2193879787508,1,2,0.1849999999999999,5.0,5.0,12.09518051795817,1.9870426465256454,0.0005073642140263615
111036-22-7,O=C(O)C=1C=CC2=CC=CC(=C2C1C(=O)O)C,17.0,23.0,-7.628439684917,-0.9200169285405,6.7084227563765,2.7232970075829246,2.902350823039834,198.52000000000004,0.5346,-0.65493,249.1841843333333,163.36353309233175,1,1,2.54462,2.0,2.0,11.293270276510952,1.9392509192620848,7.498729441235419e-05
1807075-41-7,O=C(O)C1=CC=CC(=C1C(=O)O)CC(=O)C,16.0,20.0,-8.7187998838705,-0.6293993362065,8.089400547663999,2.700720162864347,5.798154848742831,191.91200000000003,0.53382,-0.6564,199.804649,164.56085176573083,1,0,1.2145,2.0,3.0,8.113711472899894,2.0091445461436352,7.772880512031034e-08
52060-73-8,O=C(O)C1=CC(OC)=C(C(=O)O)C(=C1)C(=O)O,24.0,22.0,-8.3013772372035,-1.0642372693055,7.237139967898,3.0300206806007184,3.407548237369502,191.67200000000005,0.53776,-0.65212,199.43462866666667,180.9788449869104,1,1,0.7898000000000001,3.0,4.0,11.399475618547484,1.9356629087343378,9.097455748539418e-05
73322-57-3,O=C(O)C1=CC=C(OC)C(C(=O)O)=C1C(=O)O,24.0,23.0,-8.337024151619,-0.546948839505,7.790075312113999,2.532869482798452,2.8672370829772693,191.63200000000003,0.53391,-0.64976,200.908179,166.34686067425082,2,0,0.7897999999999998,3.0,4.0,7.76780773399895,2.2763255775787314,8.810105126240394e-07
65726-16-1,O=C(O)C1=CC=C(C(=O)O)C(C(=O)O)=C1OC,21.0,20.0,-8.784923549542,-1.2579823308615,7.5269412186805,3.3499649988074545,5.001226874477902,192.16800000000003,0.53784,-0.65439,198.13613633333333,175.3581224041808,1,1,0.7898000000000001,3.0,4.0,10.837214503083402,1.96634679227723,3.566302331742559e-05
1806542-23-3,O=C(O)C1=CC=C(C=C1C(=O)O)C(=O)CC,16.0,20.0,-9.1052015515805,-1.2242402133995,7.8809613381810015,3.3846558369470414,5.198422393380515,191.91200000000003,0.53387,-0.65809,203.482896,186.2530154978598,0,1,1.6757,2.0,3.0,12.790935925860424,1.9267058998361255,0.0012429251278110696
99866-19-0,O=C(O)C1=CC(OC)=C(OCC)C=C1C(=O)O,17.0,28.0,-7.726128557246501,-0.5551122550200001,7.1710163022265005,2.39083787082786,1.0436477997868825,206.39200000000005,0.53057,-0.67225,218.23732066666665,187.1217955375876,0,2,1.4903,2.0,4.0,13.536456304194871,1.9584425122918572,0.004983553500072867
77764-02-4,O=C(O)C=1C=CC=C(OCCCC)C1C(=O)O,17.0,30.0,-8.024637451245,-0.6500799888445,7.3745574624005,2.5510250292665693,5.179450985384454,214.0720000000001,0.53563,-0.66012,221.1519933333333,183.7082579571242,1,0,2.2619,2.0,3.0,8.662970420059878,1.9782422530275625,2.2036684769252922e-07
59590-46-4,O=C(O)C1=CC=2C=CC=C(N)C2C=C1C(=O)O,17.0,25.0,-7.0278844168635,-0.672121210735,6.3557632061285005,2.3321387511683302,3.763902221099799,194.88000000000005,0.53146,-0.67076,253.680165,186.8416398690403,0,2,1.8184,3.0,3.0,12.019264221987612,1.8813509812818823,0.0002153796252494667
1005516-20-0,O=C(O)C=1C=CC=C(OCCCO)C1C(=O)O,17.0,28.0,-8.0575632271555,-0.6576991766585,7.399864050496999,2.566121426319729,4.434218670746854,205.95200000000008,0.53588,-0.66015,209.62313333333336,182.25997464890685,1,0,0.8442000000000001,3.0,4.0,9.259084125263826,1.956214877284674,7.826793137343945e-07
143092-20-0,O=C(O)C1=CC=C2N=CC=NC2=C1C(=O)O,16.0,21.0,-8.722881591628001,-1.5785324467505,7.144349144877501,3.713393936877689,3.5955867421048264,173.68800000000005,0.53805,-0.65392,210.700114,181.8119956120845,1,1,1.0262,2.0,4.0,12.863805837040644,1.9906809572008446,0.0019713470702803805
108199-16-2,O=C(O)C1=C(O)C=C(C(OC)=C1C(=O)O)C,16.0,22.0,-7.963139721032,-0.7009652788880001,7.262174442144,2.584168008069665,5.240675728377019,187.98400000000004,0.53855,-0.65926,199.213488,168.34966762318348,2,1,1.10562,3.0,4.0,6.5104013688865905,2.269633869544467,4.41136354229777e-08
1807074-67-4,O=C(O)C1=CC=CC(=C1C(=O)O)CCCBr,16.0,20.0,-8.6066889774645,-0.591575510987,8.015113466477501,2.639016588890901,2.2014179725804,208.97600000000008,0.53446,-0.66097,223.493966,172.4769948789018,1,0,2.4105000000000008,2.0,2.0,10.686570375419336,1.9828174992610568,2.9752283347068487e-05
1806531-01-0,O=C(O)C1=CC=CC(C(=O)CC)=C1C(=O)O,16.0,25.0,-9.0562210584905,-0.8949824542945001,8.161238604196,3.0334381873711944,7.464943340039494,191.44000000000003,0.53527,-0.66346,202.821958,173.5682398880874,1,0,1.6757,2.0,3.0,7.729724285090384,2.1111932861830844,1.1451059452494022e-07
1803746-96-4,O=C(O)C1=CC=CC(=C1C(=O)O)CCCCl,16.0,20.0,-8.648866624292001,-0.610079252821,8.038787371471,2.666076200110411,1.719146442278842,204.39200000000005,0.53513,-0.65922,212.59103566666667,170.5112401627053,1,0,2.2544000000000004,2.0,2.0,11.09504980936967,2.00000131300609,8.065235380475856e-05
33561-98-7,O=C(O)C1=CC(OC)=C(C(OC)=C1C(=O)O)C,17.0,25.0,-8.0276307036005,-0.629671450057,7.397959253543501,2.5327552508424374,2.15621521653104,205.83200000000005,0.53574,-0.66101,214.1754696666667,176.05838724927224,1,2,1.40862,2.0,4.0,10.850372132257206,1.978790601305811,4.08129336306501e-05
858442-77-0,O=C(O)C1=CC=C(OC)C(OCC)=C1C(=O)O,17.0,28.0,-8.0657266426705,-0.4895328170494999,7.576193825621,2.415212246009597,6.325630458697378,206.22400000000005,0.53459,-0.65812,215.0541503333333,174.5572009167148,1,1,1.4903,2.0,4.0,7.215503096756436,2.0666338470551597,1.561906900813791e-08
4464-96-4,O=C(O)C1=CC=C2C(=C1C(=O)O)CCC2,15.0,18.0,-8.362058625865,-0.5532074580665001,7.8088511677985,2.544611481233646,3.6771003222648138,178.88800000000003,0.53359,-0.66325,197.31235,178.36488349001542,1,1,1.5717,2.0,2.0,9.46715373914762,1.9639844844904581,1.4512587342202637e-06
1423617-03-1,O=C(O)C=1C(Br)=CC=C(OC)C1C(=O)O,15.0,21.0,-8.019195174235001,-0.6182426683360001,7.400952505899001,2.5201260386691,4.207719144619802,183.88000000000005,0.53399,-0.64166,197.37480033333333,171.3939483983319,2,0,1.8541,2.0,3.0,7.011457608413735,2.2548623903232037,1.2221355032721528e-07
134331-63-8,O=C(O)C=1C=CC2=CC(=CN=C2C1C(=O)O)C,17.0,22.0,-8.2175661712495,-1.154851181522,7.0627149897275,3.1093640038673547,6.014991517866006,194.70400000000004,0.53651,-0.67014,239.9150473333333,180.86666832924936,1,1,1.93962,2.0,3.0,9.727402355319015,2.002883104731282,4.179037906029134e-06
2383978-89-8,O=C(O)C=1C(F)=CC=C(OC)C1C(=O)O,15.0,21.0,-8.082869815252002,-0.6914412941204999,7.391428521131502,2.6039802463067065,4.81674358981252,169.36800000000005,0.53542,-0.64808,169.80170866666666,177.50238830498478,2,0,1.2307,2.0,3.0,6.799625471560319,2.2552201683569004,7.389835408720459e-08
167490-20-2,O=C(O)C=1C=C2C(=CC1C(=O)O)CCCC2,16.0,19.0,-8.405596841945,-0.530622008475,7.87497483347,2.5351194458171453,2.9095221652360714,194.65600000000003,0.53034,-0.67309,215.6735803333333,185.56039216844192,0,2,1.9618,2.0,2.0,12.148775432972627,1.8965429609259554,0.00031088377395836796
90772-01-3,O=C(O)C1=CC=CC(C(=O)OC)=C1C(=O)O,16.0,23.0,-9.132412936630502,-0.791851304955,8.340561631675502,2.952169922309752,3.8284610498214553,183.12000000000003,0.53647,-0.65849,190.143558,173.42890470118573,1,0,0.8695999999999999,2.0,4.0,10.177318732075804,1.9371234133385933,6.060863745975561e-06
62268-13-7,O=C(O)C1=CC(Cl)=C(SC)C=C1C(=O)O,15.0,21.0,-8.117428274265501,-0.981242544903,7.136185729362501,2.900212165686723,2.3491993125318253,189.84000000000003,0.53395,-0.65663,211.4377913333333,187.52029918828725,0,2,2.4583000000000004,2.0,3.0,14.080168971368892,1.8889511715303386,0.00863562682424586
63196-12-3,O=C(O)C=1C=CC=C(OC=2C=CC=CC2)C1C(=O)O,19.0,28.0,-8.011575986421,-0.731442030144,7.280133956277001,2.6249642004208105,5.388512196330264,218.67200000000005,0.5363,-0.65638,252.91388899999995,180.54825064637907,1,0,2.8753,2.0,3.0,8.783714515620517,1.977677070097804,3.0051155411764706e-07
63018-89-3,O=C(O)C1=CC=C2C=CC=3C=CC=CC3C2=C1C(=O)O,20.0,29.0,-7.603677324521501,-0.9309014825605,6.672775841961,2.728963070970148,2.7388143054979097,225.1920000000001,0.53438,-0.65313,311.841512,170.74786281650867,1,1,3.389400000000002,2.0,2.0,11.44814373134028,1.9424503873896897,0.00010609829646855717
4371-40-8,O=C(O)C1=CC(C(=O)O)=C(C=C1C(=O)O)C=2C=CC=CC2,21.0,25.0,-8.248315036356,-1.1545790676715,7.0937359686845,3.115932772303026,1.1618544056808495,238.61600000000007,0.53444,-0.65621,282.0883836666667,186.7765118290436,0,2,2.448200000000001,3.0,3.0,15.434393040725297,1.9483192399642693,0.06243490778438157
1008458-96-5,O=C(O)C1=C(C(=O)O)C(=CC=C1N(=O)=O)C,17.0,16.0,-9.132412936630502,-1.8503741834000005,7.282038753230501,4.141066019128125,6.5772762242435885,178.78400000000005,0.53543,-0.64461,194.061186,160.3330614660954,2,0,1.29962,2.0,4.0,9.148910217203536,2.4730591282455854,6.620974225510202e-05
68621-19-2,O=C(O)C=1C=CC=C(SC=2C=CC=CC2)C1C(=O)O,19.0,28.0,-7.716060344778,-0.735795851752,6.980264493026,2.55842286628939,3.751180338240218,229.08800000000005,0.53612,-0.65264,279.6852293333333,175.8020289511282,1,0,3.2342000000000013,2.0,3.0,10.043580261674322,1.9408263683352094,4.5802169520887e-06
65726-17-2,O=C(O)C=1C=C(C(=O)O)C(C(=O)O)=C(C(=O)O)C1OC,24.0,23.0,-9.0671056125105,-1.1711780125520002,7.895927599958501,3.318877049600032,4.727678564581141,220.33600000000004,0.53554,-0.6395,224.4627966666667,161.3693903672199,2,1,0.4880000000000002,4.0,5.0,8.450888956995215,2.231515681478174,2.4596259321938576e-06
54229-55-9,O=C(O)C1=CC=C(C=C1C(=O)O)S(=O)(=O)Cl,16.0,20.0,-9.5443933062875,-1.6650646512095,7.879328655078,3.9867593167316913,7.881571569807636,189.05600000000004,0.53888,-0.6467,201.884226,187.63887327309027,0,1,1.0105000000000002,2.0,4.0,12.080950418507825,2.185872866193021,0.0014736112299573063
170846-97-6,O=C(O)C1=CC=C(C=C1C(=O)O)C(N)(C(=O)O)C,18.0,22.0,-8.5272317331185,-0.7311699162935,7.796061816824999,2.7487596659650424,2.4520193208863588,212.33600000000004,0.53217,-0.66483,219.82005666666663,188.12798305098403,0,1,0.3414999999999999,4.0,4.0,13.171689135280104,1.885924273353572,0.001943443708922521
1005516-26-6,O=C(O)C=1C=CC=C(NCCCC)C1C(=O)O,17.0,31.0,-7.185982564004,-0.6114398220735,6.5745427419305,2.311940094295049,3.9468568887153737,216.29600000000005,0.5319,-0.67089,239.3330173333333,176.10664630394697,1,0,2.295,3.0,3.0,9.46727661456194,1.9558435741415274,1.3194728677530061e-06
120956-79-8,O=C(O)C1=CC(OC)=C(OCC)C(OC)=C1C(=O)O,19.0,32.0,-8.0510324947435,-0.6261339700005,7.424898524743001,2.535159827638319,3.3616813070248046,231.97600000000008,0.53552,-0.66021,236.46548533333336,175.42517726252208,1,2,1.4989,2.0,5.0,9.95625256709792,1.9535289725920206,4.25658074485018e-06
89939-47-9,O=C(O)C=1C(N)=CC=C(C1C(=O)O)N(=O)=O,16.0,21.0,-7.898920852313999,-1.7276508368245005,6.171270015489499,3.7541252551551296,9.078081166193655,172.68000000000004,0.53689,-0.65261,211.83694033333333,163.9432031868318,2,0,0.5734,3.0,5.0,6.90654181812225,2.734887895257378,9.561448925457842e-06
444287-94-9,O=C(O)C=1C=CC=C(NCCOC)C1C(=O)O,17.0,29.0,-7.184894108602,-0.624773400748,6.560120707854,2.324305806354168,5.723157343634719,208.61600000000004,0.53163,-0.6716,227.50396333333336,178.4852051205894,1,0,1.1413,3.0,4.0,8.155641494977488,2.005868648715214,8.309670639752761e-08
89939-48-0,O=C(O)C1=CC=C(N)C(=C1C(=O)O)N(=O)=O,16.0,21.0,-7.984908829071999,-1.81772052134,6.167188307731999,3.8952735584985207,6.442391562921334,172.86400000000003,0.5354,-0.65471,205.6409783333333,171.62004918531045,1,1,0.5734,3.0,5.0,11.451058456541375,2.127554170460003,0.00038009114936640373
1073323-63-3,O=C(O)C1=CC=C2OCCOC2=C1C(=O)O,16.0,23.0,-7.9302139451215,-0.542595017897,7.3876189272245,2.429351474101321,5.414643570910277,178.84800000000004,0.53437,-0.65597,193.26254333333333,182.25844183464952,1,1,0.8541999999999998,2.0,4.0,8.106875541905822,2.004632564531601,7.157098220562303e-08
106113-16-0,O=C(O)C1=CC=C(C(=C1C(=O)O)CC=C(C)C)C,18.0,21.0,-7.9884463091285,-0.5088529004350001,7.4795934086935,2.413369614881939,5.9505396469564,232.69600000000003,0.53423,-0.66394,256.173724,171.95361724692864,1,1,2.900120000000001,2.0,2.0,7.574281641751668,2.0386747766392967,2.749603620428674e-08
89939-50-4,O=C(O)C1=CC(N)=CC(=C1C(=O)O)N(=O)=O,16.0,21.0,-7.799871410732,-1.809557105825,5.990314304907,3.853767586918482,7.183190825809934,174.27200000000005,0.537,-0.65512,194.3977173333333,173.05331023844084,1,1,0.5734,3.0,5.0,10.86232944330365,2.1863997970843134,0.00019496699925581392
75293-73-1,O=C(O)C1=CC=C(OC2=CC=C(OC)C=C2)C=C1C(=O)O,21.0,32.0,-7.76068701626,-0.5782419323125001,7.1824450839475,2.4204061150691825,4.8720109451847495,244.39200000000005,0.53319,-0.66071,278.4138686666667,187.14253085655565,0,1,2.883900000000001,2.0,4.0,10.860187085741245,1.915026013401543,2.369216796887293e-05
1005516-29-9,O=C(O)C=1C=CC=C(NC(=O)CO)C1C(=O)O,17.0,25.0,-8.320969434439501,-0.758653415194,7.562316019245501,2.725340718431516,4.2403139718657625,194.7680000000001,0.53425,-0.66277,205.952725,173.4786145782297,1,0,0.0138,4.0,4.0,9.754014268570984,1.9431483980529138,2.3233737253898528e-06
169542-84-1,O=C(O)C1=C(F)C(F)=C(N)C(F)=C1C(=O)O,16.0,19.0,-7.9628676071815,-0.657971290509,7.3048963166725,2.543460580347669,4.9671055585723165,166.00800000000004,0.53591,-0.64382,166.815195,179.51825667798056,2,2,1.0825000000000002,3.0,3.0,6.572598310182855,2.266311434602841,4.9154877646486035e-08
62268-17-1,O=C(O)C1=CC(Cl)=C(SC)C(Cl)=C1C(=O)O,16.0,21.0,-8.1713068166645,-1.184239477376,6.987067339288501,3.131723304274316,4.297094839539849,204.42400000000004,0.5403,-0.64374,225.89385666666664,178.7934184851617,1,2,3.1117000000000017,2.0,3.0,11.129856113906044,1.9453078352893396,5.57986454866906e-05
1806504-77-7,O=C(O)C1=CC=C(C=C1C(=O)O)C(Br)C(=O)C,17.0,21.0,-8.8053320883295,-1.1355310981365,7.669800990193,3.221099250762576,3.89204333095098,212.5600000000001,0.53332,-0.66181,229.4911966666667,189.42456957382663,0,1,2.108,2.0,3.0,13.47825655298567,1.8875513499170196,0.003299090221258589
1804039-12-0,O=C(O)C1=CC=CC(=C1C(=O)O)C(Br)C(=O)C,17.0,21.0,-8.822747374761502,-0.759197642895,8.063549731866502,2.846564893081517,2.9835267771548493,211.45600000000005,0.53322,-0.64999,227.95677666666663,154.44842259981974,1,0,2.108,2.0,3.0,10.692554823637181,1.9439931901637726,2.1258264866643177e-05
603109-82-6,O=C(O)C1=CC=C(C=C1C(=O)O)C(=O)OCCO,18.0,22.0,-9.165882940242,-1.1513137014655,8.014569238776499,3.3203452167040703,4.477457955134811,209.52800000000005,0.53389,-0.65696,212.88989966666665,188.93389062181032,0,1,0.2320999999999999,3.0,5.0,13.097363618244572,1.8984534798669765,0.0018242193536475194
775530-42-2,O=C(O)C1=CC=C2C(=C1C(=O)O)CNCC2,16.0,19.0,-8.079604449046,-0.5488536364585,7.5307508125875,2.471542704907517,2.663774168355869,189.99200000000005,0.53411,-0.66156,209.09889533333333,174.93055911420987,1,1,0.7286999999999999,3.0,3.0,10.20276890858949,1.9763506451986697,9.572187860794421e-06
62268-18-2,O=C(O)C1=CC(Cl)=C(Cl)C(SC)=C1C(=O)O,16.0,21.0,-8.2904926831835,-1.0277740133385,7.262718669844999,2.988897759045516,5.517093849120205,204.38400000000004,0.53896,-0.65183,225.53362433333328,171.96597093395218,1,2,3.111700000000001,2.0,3.0,9.690509727408198,1.9733236795926405,2.7873830065830587e-06
1784432-89-8,O=C(O)C1=CC=2ON=CC2C=C1C(=O)O,15.0,19.0,-8.826284854817999,-0.8764787124605001,7.949806142357499,2.960563413644099,3.4178597776971484,161.33600000000004,0.53373,-0.65706,177.794619,185.0929492397824,0,2,1.2242,2.0,4.0,12.97150894388136,1.8737602053926365,0.0012756357885948134
1010100-11-4,O=C(O)C1=CC=C(C=C1C(=O)O)NCC=2C=CC=CC2,20.0,24.0,-7.3538768097625,-0.3752449998395,6.978631809923,2.140080089292046,6.04235653863623,238.99200000000005,0.53085,-0.6654,288.644406,190.68787801461588,0,1,2.695100000000001,3.0,3.0,9.240906344391846,2.0108039743204533,1.4286476586540975e-06
217196-44-6,O=C(O)C1=CC=C(C(Br)=C1C(=O)O)N(=O)=O,16.0,19.0,-9.071731547969,-1.943437120271,7.128294427698,4.255363678523011,5.491690181537921,182.44800000000004,0.54,-0.63747,198.026695,175.62117975705465,1,1,1.7537000000000005,2.0,4.0,12.517644576473941,2.1068667285001004,0.0019906443017980203
29639-50-7,O=C(O)C1=CC=C(C=C1C(=O)O)C(=O)OCCCC,19.0,23.0,-9.1612570047835,-1.1164831286015,8.044773876182001,3.2826262078706487,3.913198238014527,234.05600000000007,0.53485,-0.65666,240.27286566666663,187.59113504368665,0,1,2.0399000000000003,2.0,4.0,13.401368453539703,1.886428988987655,0.0028855670011470984
773108-17-1,O=C(O)C1=CC=C(OC=2C(=CC=CC2C)C)C=C1C(=O)O,21.0,34.0,-8.2104912111365,-0.53334314698,7.6771480641564995,2.489682322239371,2.549641378704072,251.90400000000005,0.5331,-0.661,291.51146766666665,187.67436444605764,0,1,3.492140000000002,2.0,3.0,12.416690329929935,1.9017852187359983,0.0005403385973447089
61415-82-5,O=C(O)C=1C=C2C=C3C=CC=C(N)C3=CC2=CC1C(=O)O,21.0,31.0,-6.64502022921,-1.1798856557680002,5.465134573442,2.8008986460419663,4.332521996481956,238.24000000000007,0.53117,-0.67314,355.37842300000005,185.60289934581857,0,2,2.9716000000000005,3.0,3.0,13.296635398814544,1.897489421209518,0.0025538503478545298
61214-97-9,O=C(O)C1=C(OC)C=C(OC)C(=C1C(=O)O)CCCC,20.0,28.0,-7.6455828574985,-0.260140841078,7.3854420164205,2.1156644063846493,6.1024240978483295,256.20000000000005,0.53023,-0.66054,267.64627466666667,162.0222827210792,2,1,2.442800000000001,2.0,4.0,4.351362708668773,2.451220150256478,2.710977376311036e-09
98589-66-3,O=C(O)C1=CC=C(OC)C(=C1C(=O)O)N(=O)=O,17.0,23.0,-8.578661250863,-1.726834495273,6.85182675559,3.874997367927547,6.950261498677586,187.36800000000005,0.53652,-0.64326,201.587475,173.08295746637077,1,1,0.9997999999999998,2.0,5.0,10.797876914625903,2.1456603550255164,0.00013207953297467677
865354-08-1,O=C(O)C1=CC=C(C#CC=2C=CC=C(F)C2)C=C1C(=O)O,21.0,29.0,-7.796606044526,-1.219614277941,6.576991766585,3.0900232122943887,1.7488182895887154,237.99200000000005,0.5332,-0.66157,309.894757,186.42962524076347,0,1,2.621900000000001,2.0,2.0,15.247449118114332,1.9268979598809388,0.047625882091177324
1780469-46-6,O=C(O)C1=CC=2C=NNC2C=C1C(=O)O,15.0,20.0,-8.100285101684,-0.52245859296,7.577826508724,2.452936496300264,1.990281688605912,164.22400000000005,0.53161,-0.66652,189.45640566666668,186.0144382467396,0,2,0.9593,3.0,3.0,12.77365485710368,1.9186377272059454,0.0011522596512105274
1005516-37-9,O=C(O)C1=CC=CC(=C1C(=O)O)N2CCCCC2,18.0,22.0,-7.0746879991495,-0.3861295538595,6.68855844529,2.080560370915386,6.907486825177447,222.6080000000001,0.53169,-0.66648,248.6849543333333,159.8750513192011,1,0,2.0733,2.0,3.0,6.399891496033774,2.137984805235267,4.991993375039875e-09
883843-62-7,O=C(O)C=1C=2C=CC=CC2C=3C=4C=CC=CC4C=CC3C1C(=O)O,24.0,35.0,-7.338366320283999,-1.0446450720695,6.293721248214499,2.7914677673508823,1.85497539067234,268.73600000000005,0.53317,-0.65256,393.8886483333333,170.00597130059532,2,2,4.542600000000002,2.0,2.0,10.138307007685114,2.257839304149767,8.618735120153047e-05
2170725-07-0,O=C(O)C=1C=C(C=C(C1)C=2C=C(C(=O)O)C(C(=O)O)=C(C2)C(=O)O)C(=O)O,35.0,33.0,-8.445597577968499,-0.940425467328,7.505172110640499,2.9345572395980213,2.7559303801075963,293.4000000000001,0.53656,-0.65304,334.848287,176.00273917006,1,1,1.8446,5.0,5.0,11.467322247804304,1.9420817435953255,0.00011004691637328534
351370-84-8,O=C(O)C1=CC=C(C=C1C(=O)O)C(=O)C2=CC=C(O)C=C2,21.0,25.0,-8.095387052375,-1.2359411089710002,6.859445943403999,3.1734955699468124,7.082947415447894,238.9360000000001,0.53352,-0.65905,285.090005,189.70574747756777,0,1,2.0196,3.0,4.0,11.37776914863801,2.046985309958559,0.0001977991717822796
138472-63-6,O=C(O)C1=CC=C(C=C1C(=O)O)C(=O)C2=CC=C(C(=C2)C)C,22.0,26.0,-8.2115796665385,-1.2451929798880002,6.966386686650499,3.209359202582518,6.698152000365473,263.4800000000001,0.53385,-0.6586,312.6398543333334,189.77406859640945,0,1,2.9308400000000017,2.0,3.0,11.707485258796453,2.0157931562232663,0.0002978589577415287
13055-36-2,O=C(O)C1=CC2=CC=CC3=C2C(=C1C(=O)O)CC3,18.0,23.0,-7.491022190414499,-0.612800391326,6.878221799088499,2.3869519751831088,3.2556900359217247,205.57600000000005,0.53038,-0.67329,264.9257426666667,175.79323750273963,1,2,2.3348000000000004,2.0,2.0,9.98876713287288,1.9562302638353064,4.734000045508369e-06
195384-92-0,O=C(O)C1=CC=C(C=C1C(=O)O)CCC(=O)CCCCCCCCC,25.0,29.0,-8.57158629075,-0.6691279583795,7.9024583323705,2.7013998759184314,6.332303799566158,343.63200000000006,0.53144,-0.66649,348.663112,184.79135794369896,0,1,4.725400000000005,2.0,3.0,10.055737090532432,1.984196080293794,7.387781918823095e-06
114026-06-1,O=C(O)C1=CC=C(OC=2C=CC=CC2N)C=C1C(=O)O,20.0,30.0,-7.341087458789,-0.539873879392,6.801213579397,2.2830319504320853,2.871810615273925,230.66400000000004,0.53302,-0.6609,271.59708033333334,188.21166165951345,0,1,2.4575,3.0,4.0,12.20853704507033,1.895703424392663,0.00034760866425851376
1784874-74-3,O=C(O)C1=CC=2N=COC2C=C1C(=O)O,15.0,19.0,-8.7013845974385,-0.6873595863630001,8.0140250110755,2.749820384483576,1.860306141472419,160.88800000000003,0.53272,-0.66428,176.962029,184.93403223785265,0,2,1.2242,2.0,4.0,13.435618075479113,1.905542820133701,0.0033477324589197416
917766-59-7,O=C(O)C1=CC(Cl)=C(C=C1C(=O)O)P(=O)(O)O,17.0,20.0,-9.029826014992,-1.1273676826215,7.9024583323705,3.263812964006225,4.10315870275572,201.40000000000003,0.53649,-0.64903,206.447756,186.765787866096,0,2,0.5393999999999999,4.0,3.0,13.297047532127749,1.8896166666578595,0.002457159464253268
515878-10-1,O=C(O)C1=CC=C(OC2=CC=C(F)C=C2)C=C1C(=O)O,20.0,28.0,-8.303282034157,-0.6076302281665,7.6956518059905,2.5795202066255403,1.2643246932651435,224.2800000000001,0.53327,-0.6608,252.16108666666665,188.36097706282885,0,1,3.014400000000001,2.0,3.0,13.569374641940044,1.939285721919332,0.004831779666972791
110300-56-6,O=C(O)C1=CC=C(OCC2=CC=C(C=C)C=C2)C=C1C(=O)O,22.0,35.0,-7.8012319799845,-0.5080365588835,7.293195421101,2.366724722995236,3.57731441307582,263.72800000000007,0.53234,-0.66253,319.17263966666667,187.57433255625327,0,1,3.305000000000001,2.0,3.0,11.581741606583876,1.8977872613931412,9.865328254556483e-05
343217-37-8,O=C(O)C1=CC(F)=CC(=C1C(=O)O)C(F)(F)F,17.0,20.0,-9.1813934297205,-0.907227577567,8.2741658521535,3.075242738885651,2.2314164873460984,175.56000000000003,0.53834,-0.64326,159.89096166666664,168.74411380445304,1,1,2.2409000000000003,2.0,2.0,11.734201442726743,1.9567318435209526,0.00020949612390747585
143650-84-4,O=C(O)C=1C=C(C(=O)OC)C(=CC1C(=O)O)C(=O)OC,20.0,26.0,-9.3081984840535,-1.3548548616395,7.953343622414001,3.573990765741121,2.4918891648707007,229.06400000000005,0.53468,-0.65295,232.38398000000004,186.78840008193453,0,2,0.6562000000000001,2.0,6.0,15.155585358297174,1.919021512527088,0.04172671565776756
39995-21-6,O=C(O)C1=CC=C(C=C1C(=O)O)C(=O)C=2C=CC=C(N)C2,21.0,25.0,-7.365033477633,-1.2987994084365,6.066234069196501,3.0934348815723185,7.792449040577679,241.9360000000001,0.53388,-0.65821,291.2964193333333,190.8728850050313,0,1,1.8962,3.0,4.0,11.022969696182543,2.1226254309593413,0.00017089082893380998
1547162-78-6,O=C(O)C1=CC(OC(C)C)=CC(=C1C(=O)O)N(=O)=O,19.0,29.0,-8.383283506204,-1.88302784546,6.500255660744,4.053577054123195,4.7202534624742345,221.01600000000005,0.53794,-0.65033,234.16785066666668,173.67241164766796,1,1,1.7784,2.0,5.0,12.917881579501568,2.064912167371249,0.003053942271760063
62351-70-6,O=C(O)C1=CC(N)=C(C=C1C(=O)O)C(=O)OCC,18.0,23.0,-7.619732041701,-0.6198753514390001,6.999856690262,2.424732855157433,8.709394186738823,211.31200000000004,0.53234,-0.65913,234.12127266666667,186.08279351076152,0,2,0.8419000000000001,3.0,5.0,8.019722405989626,2.2412268110704296,1.059281941493726e-06
24910-57-4,O=C(O)C1=CC=C(C=C1)C(=O)C2=CC=C(C(=O)O)C(=C2)C(=O)O,32.0,30.0,-8.9511851121975,-1.545062443139,7.4061226690585,3.7189234389535466,5.990022590942375,257.9680000000001,0.53399,-0.65699,301.0091903333333,190.0566818625719,0,1,2.0122,3.0,4.0,13.184219532505125,2.0019041238143833,0.003481813404265472
67389-67-7,O=C(O)C1=CC=CC(=C1C(=O)O)N(CC=C)CC=C,19.0,23.0,-7.7043594492065,-0.5657246951895,7.138634754017,2.39521610616455,1.6802697997643117,240.4000000000001,0.53425,-0.65383,263.4715336666667,157.36684895481733,1,0,2.2614,2.0,3.0,10.96989000112768,2.009166715156062,6.717672561907303e-05
198625-32-0,O=C(O)C1=CC=C(C=C1C(=O)O)C(=O)C2=CC(=CC=C2C)C,22.0,26.0,-8.0679035534745,-1.2944455868285,6.773457966645999,3.23518584807634,4.405526399875502,263.5760000000001,0.5355,-0.65595,308.05917466666665,185.0718672907736,0,1,2.9308400000000017,2.0,3.0,13.605155620706142,1.9092230319703232,0.004482444673183178
936820-89-2,O=C(O)C1=CC=C(C=C1C(=O)O)C=2C=CC=CC2N(=O)=O,21.0,25.0,-8.534578807082,-1.6563570079935,6.878221799088499,3.774782778913562,6.675409157497389,234.45600000000005,0.53272,-0.66379,279.43318766666664,189.12168717322467,0,1,2.658200000000001,2.0,4.0,12.990173189059561,2.0672243994585724,0.0034467442849317673
63196-13-4,O=C(O)C=1C=CC=C(OC2=CC=C(Cl)C=C2)C1C(=O)O,20.0,28.0,-7.9416427268425,-0.7469525196225,7.19469020722,2.623173659414026,3.015061689252809,234.5600000000001,0.53605,-0.65509,267.47427466666664,180.58835626909803,1,0,3.5287000000000024,2.0,3.0,10.62769128463583,1.9444253430788747,1.8455331350858656e-05
1344582-70-2,O=C(O)C1=CC=C2C(=C1C(=O)O)C(N)CC2,16.0,19.0,-8.4684551414105,-0.577969818462,7.8904853229485,2.5929268354567823,4.7397656197326885,190.61600000000004,0.53289,-0.6628,209.4647193333333,173.58901151773804,1,1,1.029,3.0,3.0,8.748817886943812,1.9745709216923595,2.632353486024854e-07
1344577-98-5,O=C(O)C1=CC=C2C(=C1C(=O)O)C(N)CC2,16.0,19.0,-8.464645547503501,-0.5665410367410001,7.898104510762501,2.581705870322918,7.395893115777161,191.06400000000005,0.53246,-0.66417,209.4069473333333,173.69647174897088,1,1,1.029,3.0,3.0,6.6518728854571805,2.1401834685029257,1.0262097474161127e-08
37390-38-8,O=C(O)C1=CC=C(C=C1C(=O)O)NC(=O)C=2C=CC=CC2,21.0,25.0,-8.1168840465645,-0.905594894464,7.2112891521005,2.822141940376609,7.056266034525626,241.29600000000005,0.53289,-0.66191,293.090353,188.4970256065636,0,1,2.3353,3.0,3.0,10.304563054220807,2.031603096279879,2.012851177399385e-05
6279-83-0,O=C(O)C=1C(OC)=C(OC)C=C(C1C(=O)O)N(=O)=O,19.0,27.0,-8.388725783214,-1.877041340749,6.511684442465,4.046033540729504,5.827678207485379,213.59200000000004,0.53593,-0.63957,224.53200966666668,163.7340824981231,2,1,1.0084,2.0,6.0,9.780800909382094,2.429857309772204,0.0001433386286502792
1005516-38-0,O=C(O)C1=CC=CC(=C1C(=O)O)N2CCC(O)CC2,19.0,23.0,-7.084756211617999,-0.398374677132,6.686381534485999,2.093705227908035,3.3439434235644594,231.7040000000001,0.53162,-0.66561,253.81399666666667,167.28233935012454,1,0,1.0440999999999998,3.0,4.0,9.172505897015185,1.9994677069037425,1.0591975438041985e-06
2667597-92-2,O=C(O)C1=CC(F)=C2OCOC2=C1C(=O)O,16.0,20.0,-8.043413306929502,-0.7289930054895001,7.314420301440001,2.6302532989189333,2.3934900208691072,168.54400000000004,0.53421,-0.65408,173.28084133333334,183.9268170874424,1,2,0.9508,2.0,4.0,11.01919085697375,1.9598376581934966,4.9796619325400055e-05
42297-17-6,O=C(O)C1=CC=C(C=C1C(=O)O)[Si](C2=CC=C(C(=O)O)C(=C2)C(=O)O)(C)C,27.0,31.0,-8.686418335661001,-0.823416511613,7.863001824048001,2.875395454756124,6.445756384630124,330.12000000000006,0.53191,-0.66637,368.8077913333333,190.9319657360725,0,1,1.3019999999999994,4.0,4.0,10.501204501452975,1.9835671826600834,2.000439961120828e-05
219646-70-5,O=C(O)C1=CC(OCC=C(C)C)=C(C(OC)=C1C(=O)O)C,21.0,35.0,-8.005045254009,-0.6201474652895,7.384897788719499,2.518448852422755,3.0809993654656926,266.92800000000005,0.5353,-0.66113,283.9984063333333,176.3331011793859,1,2,2.74502,2.0,4.0,10.143487820908888,1.957165360519836,6.885242448276258e-06
1010100-15-8,O=C(O)C1=CC=C(C=C1C(=O)O)NCC=2C=CC=C(Cl)C2,21.0,25.0,-7.3005424950645,-0.3986467909825,6.901895704082,2.147146168382489,4.856090017699424,254.24800000000005,0.53135,-0.66525,307.662666,188.8899783928446,0,1,3.3485000000000014,3.0,3.0,10.234300823443562,1.9441263649637792,7.453728467892031e-06
847802-80-6,O=C(O)C=1C=C(C(=O)O)C(=CC1C(=O)O)C(=O)C2=CC=C(C=C2)C,24.0,28.0,-8.4869588832445,-1.3526779508355,7.134280932408999,3.3927193904982538,8.502127516098543,274.3520000000001,0.53553,-0.65175,319.68503200000004,189.8445593428128,0,2,2.320620000000001,3.0,4.0,10.63459303535899,2.213697446251584,0.00015549999610322413
29638-31-1,O=C(O)C1=CC=C(C=C1C(=O)O)C(=O)OCCCCCCCCCCCCCCCCCC,33.0,37.0,-9.150100336913,-1.1524021568675,7.997698180045501,3.317878320889248,3.691113453959388,469.1680000000001,0.53362,-0.65793,470.4022803333333,191.0895950334153,0,1,7.501300000000008,2.0,4.0,13.67879341396582,1.887248938891243,0.004575177763237362
125592-09-8,O=C(O)C=1C=CC=2C=CC(=O)C2C1C(=O)O,16.0,21.0,-8.417025623666,-1.9475188280285,6.4695067956375,4.151158082235455,5.493890652351937,175.79200000000003,0.53709,-0.65135,207.871868,175.58670463827363,1,1,1.2925,2.0,3.0,12.527216123225514,2.108153375258687,0.002033072495187492
209324-71-0,O=C(O)C1=CC(NC(=O)C)=C(C=C1C(=O)O)N(=O)=O,19.0,26.0,-8.715534517664501,-1.784522631579,6.931011886085502,3.9767353580332414,10.86760293348998,210.82400000000004,0.53705,-0.649,228.26324466666665,189.36233099121688,0,2,0.9495999999999998,3.0,5.0,10.07895540202719,2.707444713799197,0.0009333366125674741
266684-18-8,O=C(O)C1=CC=C(C=C1C(=O)O)C=2C=CC(=CC2)C=3C=CC(=CC3)C=4C=CC(C(=O)O)=C(C4)C(=O)O,36.0,40.0,-7.4420416973245,-1.1034216637775,6.338620033547,2.880159390744904,4.295582519286528,408.3280000000001,0.53272,-0.66426,546.4918656666667,192.27603012032267,0,1,5.480400000000004,4.0,4.0,13.077364652379515,1.8913354234736688,0.001696360491938503
869705-60-2,O=C(O)C=1C=C(C(=O)O)C(=CC1C(=O)O)C(=O)C2=CC=C(C(=C2)C)C,25.0,29.0,-8.2491313779075,-1.300159977689,6.9489714002185,3.280664149488468,5.273434862591933,290.9200000000001,0.5364,-0.65183,337.895536,189.56202272115257,0,2,2.6290400000000007,3.0,4.0,12.975042499539285,1.9365627093141655,0.0018037418414748665
351892-64-3,O=C(O)C1=CC=C(OCOC2=CC=C(C(=O)O)C(=C2)C(=O)O)C=C1C(=O)O,27.0,38.0,-8.3356635823665,-0.5812351846680001,7.7544283976985,2.563408917578635,6.286397612305477,300.12000000000006,0.53286,-0.66077,331.534419,187.25043926261293,0,1,1.8947,4.0,6.0,9.78336466074785,1.9903514935562152,4.176892002274435e-06
146598-55-2,O=C(O)C1=CC=C(C#CC#CC2=CC=C(C(=O)O)C(=C2)C(=O)O)C=C1C(=O)O,28.0,37.0,-7.818375152566,-1.5641104126740002,6.254264739892,3.5188403050978416,1.295200061766521,310.5040000000001,0.53353,-0.66025,427.7631263333333,185.6722350388762,0,1,1.8826000000000005,4.0,4.0,16.553231368008113,2.001404667460012,0.21508802781557745
7487-10-7,O=C(O)C=1C=C2C(=O)OC(=O)C2=CC1C(=O)O,17.0,20.0,-9.6173198182215,-2.061534531388,7.555785286833501,4.512953774542535,7.518213390826307,176.93600000000004,0.53711,-0.64607,193.00370333333333,185.27911128129023,0,2,0.3936,2.0,5.0,13.471074522209733,2.2477951146931012,0.013032087777922793
1010100-13-6,O=C(O)C1=CC=C(C=C1C(=O)O)NCC=2OC=CC2,19.0,23.0,-7.351427785108,-0.386945895411,6.964481889697,2.1495650418711354,6.29255899773693,221.31200000000004,0.53161,-0.66461,258.33662166666664,186.1249479640881,0,1,2.2881,3.0,4.0,9.08909741938092,2.025693579664316,1.1716396616883258e-06
6518-97-4,O=C(O)C1=C(OC)C(OC)=C(OC)C(=C1C(=O)O)N(=O)=O,21.0,31.0,-8.613491823727,-1.5872400899665,7.0262517337605,3.70236277882952,8.860410737657707,239.3280000000001,0.53978,-0.64484,243.8963883333333,165.834482156446,2,2,1.017,2.0,7.0,6.640225873940892,2.6611915801931,3.399411873297484e-06
142671-47-4,O=C(O)C1=CC=2N=C(OC2C=C1C(=O)O)C,16.0,19.0,-8.4972992095635,-0.6522568996485001,7.845042309915001,2.667747785433093,2.693426006037664,177.11200000000005,0.53241,-0.66699,196.998094,185.31075730471125,0,2,1.53262,2.0,4.0,12.728725188368827,1.8862216812370654,0.0008801435494553856
58848-24-1,O=C(O)C=1C=C2C(=CC1C(=O)O)C(C)(C)CCC2(C)C,20.0,23.0,-8.433896682397,-0.5232749345115,7.9106217478855,2.5355441687057296,2.877500071242397,261.0160000000001,0.53022,-0.6727,286.355829,186.89315860290924,0,2,3.432000000000002,2.0,2.0,12.146018203644672,1.8979626003351968,0.00031224122669645674
67532-48-3,O=C(O)C1=CC=C(OC2=CC=C(OC3=CC=C(C(=O)O)C(=C3)C(=O)O)C=C2)C=C1,38.0,36.0,-8.177021207525,-0.6054533173625,7.5715678901625,2.546759795963558,2.8246983007039885,327.16800000000006,0.53334,-0.66058,388.4245736666667,188.22206023905565,0,1,4.365800000000002,3.0,5.0,12.472046824526416,1.8885377611337484,0.0005516367024758773
869719-89-1,O=C(O)C=1C=C(C(=O)O)C(=CC1C(=O)O)C(=O)C=2C=C(C=C(C2C)C)C,26.0,30.0,-7.9704867949955,-1.484108940627,6.4863778543685,3.445273407247176,7.322078462431279,307.5440000000001,0.53503,-0.64979,353.480026,187.2868256517853,0,2,2.937460000000001,3.0,4.0,11.972427157229106,2.0964804051612806,0.0007770476877214626
597565-53-2,O=C(O)C1=CC=CC(C2=CC=C3OCCOC3=C2)=C1C(=O)O,22.0,33.0,-7.510342273800001,-0.591031283286,6.919310990514001,2.371343534111653,5.718888938421519,250.03200000000007,0.53476,-0.65824,293.49571366666663,170.5339949086189,1,0,2.5212000000000003,2.0,4.0,8.041300602617497,2.0107972624568657,6.543045647555456e-08
1810726-43-2,O=C(O)C=1C=C(C=C(C1)C=2C=C(C(=O)O)C(=CC2C=3C=C(C=C(C3)C(=O)O)C(=O)O)C(=O)O)C(=O)O,41.0,48.0,-8.293758049389501,-1.0734891402225,7.220268909167001,3.0381596937439093,2.369335463795703,393.4080000000001,0.5329,-0.66215,466.2962196666667,191.30592287422417,0,2,3.2098000000000004,6.0,6.0,14.364896136754766,1.8937027471877677,0.013395984511889308
39995-15-8,O=C(O)C1=CC=C(C=C1C(=O)O)C(=O)C2=CC=C(C=C2)N(=O)=O,23.0,27.0,-9.1215283826105,-2.0857526640825,7.035775718528001,4.463017067499787,6.065199855734352,253.85600000000005,0.53481,-0.65582,300.4959813333333,190.12804854643187,0,1,2.2222,2.0,5.0,14.629058394564112,2.1267492175611324,0.03734045299534411
61837-56-7,O=C(O)C=1C=C(C(=O)OCC)C(=CC1C(=O)O)N(=O)=O,20.0,28.0,-9.490242650038,-2.1135082768335,7.376734373204501,4.563233158495161,7.659523983903961,224.4720000000001,0.53821,-0.64426,232.37722866666664,189.9435324941364,0,2,1.1679,2.0,6.0,13.498439001769327,2.281941536584753,0.014949247222907608
143330-20-5,N#CC1=CC=C(C=C1)C(=O)NC2=CC=CC(C(=O)O)=C2C(=O)O,32.0,31.0,-8.409406435852,-1.025324988684,7.384081447168,3.013718012524987,6.358201337642588,259.04800000000006,0.5366,-0.64686,307.489247,172.50236553260535,1,0,2.20698,3.0,4.0,9.03249684890227,2.0193772392021447,9.47767020996579e-07
28361-47-9,O=C(O)C1=CC=C(C=C1)S(=O)(=O)C2=CC=C(C(=O)O)C(=C2)C(=O)O,33.0,31.0,-9.1786722912155,-1.430230398228,7.7484418929875005,3.63133704261048,7.452522475645411,273.05600000000004,0.53535,-0.65178,310.488147,189.67167229753144,0,1,1.614,3.0,5.0,11.704063381332105,2.1020184422597943,0.0005067045151264426
62155-83-3,O=C(O)C1=CC=C(C=C1C(=O)O)S(=O)(=O)OC2=CC=CC(=C2)C,23.0,27.0,-8.4232842422275,-1.1621982554855,7.261085986742,3.163489417482744,9.101251374399018,270.2080000000001,0.53697,-0.64946,300.58441366666665,183.8983644234304,0,1,2.1591200000000006,2.0,5.0,9.546101428485088,2.280851483147902,3.428124962695403e-05
81116-57-6,O=C(O)C1=CC(=CC(SC=2C=CC=CC2)=C1C(=O)O)N(=O)=O,22.0,30.0,-7.9797386659125,-2.0033021673810003,5.9764364985315,4.168918397430208,6.037713164766938,252.4480000000001,0.53915,-0.63972,307.63236966666665,178.18137996725767,1,1,3.142400000000002,2.0,5.0,12.275702183643801,2.153663401422416,0.0017067073705656077
874374-20-6,O=C(O)C1=CC(OC=2C=CC=CC2OC)=C(OC=3C=CC=CC3OC)C=C1C(=O)O,30.0,47.0,-7.5732005732655,-0.655794379705,6.9174061935605,2.447317536414587,5.523299528361648,349.9120000000001,0.53317,-0.65757,407.12604166666665,186.2487624725825,0,2,4.684800000000004,2.0,6.0,10.634615622245235,1.9356048097469014,1.7251936984325823e-05
338450-76-3,O=C(O)C1=CC=2N=CN(C2C=C1C(=O)O)C,16.0,20.0,-8.185456736890501,-0.446810942521,7.738645794369501,2.407270188772205,6.920758964882392,180.98400000000004,0.53085,-0.6735,207.7041093333333,184.4352328270028,0,2,0.9697,2.0,4.0,8.813889718882535,2.06414079787593,9.375191494741502e-07
61415-66-5,O=C(O)C=1C=C(C(=O)O)C(=CC1C(=O)O)C(=O)C2=CC=C(OC)C=C2,25.0,29.0,-8.00558948171,-1.3036974577455,6.701892023964501,3.232774528865485,5.281860900288836,282.75200000000007,0.53593,-0.65187,328.5565363333333,190.1983584284452,0,2,2.0208000000000004,3.0,5.0,12.979809753990423,1.9372548090318957,0.0018250024931679223
330971-87-4,O=C(O)C1=CC=C(OC2=CC=C(C=C2)NC(=O)C)C=C1C(=O)O,23.0,35.0,-7.809123281649001,-0.540418107093,7.268705174556,2.397773734390532,5.929606945658371,266.6960000000001,0.53323,-0.66062,308.170491,188.0858683295561,0,1,2.8337000000000003,3.0,4.0,9.915862752872329,1.971946471602982,4.701689043573631e-06
139953-61-0,O=C(O)C=1C=C2C(=CC1C(=O)O)C3C=4C=CC=CC4C2CC3,22.0,25.0,-8.0455902177335,-0.6264060838509999,7.419184133882499,2.534089951725623,2.5731441739630525,255.44000000000003,0.53058,-0.66799,311.51728166666663,189.77959149266792,0,2,3.4540000000000024,2.0,2.0,12.724939277953297,1.8905336761665663,0.000896735188717343
62384-68-3,O=C(O)C1=CC=C(OC(OC2=CC=C(C(=O)O)C(=C2)C(=O)O)(C)C)C=C1C(=O)O,29.0,44.0,-8.7732226539705,-0.7619187814,8.0113038725705,2.837207389667621,5.119919668315119,334.2000000000001,0.53243,-0.66243,360.32772100000005,188.93786892050525,0,1,2.6733,4.0,6.0,11.311706632576147,1.9104819592311768,6.155372670255642e-05
882175-90-8,O=C(O)C1=CC=C2C(C(=O)CCC2(C)C)=C1C(=O)O,19.0,32.0,-8.8494145321105,-0.9548475014045,7.894567030706001,3.0439780182988554,6.319565517501975,229.18400000000003,0.53511,-0.6674,254.5821753333333,171.65202140831798,1,1,2.3371000000000004,2.0,3.0,8.825716912898855,2.016685852775972,5.48672246905888e-07
62155-87-7,O=C(O)C1=CC=C(C=C1C(=O)O)S(=O)(=O)NC=2C=CC=CC2,22.0,26.0,-8.3432827701805,-1.0658699524085,7.277412817771999,3.04133340975249,9.159376379426712,257.0880000000001,0.53665,-0.6515,291.874176,186.38630266903223,0,1,1.8838,3.0,4.0,9.182601480197604,2.285095452417885,1.7744415608434967e-05
61776-90-7,O=C(O)C1=CC=C(N=NC2=CC=C(C=C2)N(CC)CC)C=C1C(=O)O,25.0,43.0,-6.662979743343,-1.5608450464680002,5.102134696875,3.31387243730224,9.054487944660371,307.76000000000005,0.53286,-0.66389,458.063815,188.54486931657632,0,1,4.344600000000003,2.0,5.0,10.845156341585124,2.32248319229321,0.00042824593987913443
64819-48-3,O=C(O)C=1C=C2OC=3C=C(C(=O)O)C(=CC3C2=CC1C(=O)O)C(=O)O,25.0,31.0,-8.311989677373,-1.2677784294795,7.044211247893501,3.2569990362126,3.959079153035463,264.58400000000006,0.53302,-0.66135,323.0754176666666,185.3094092226461,0,2,2.3788,4.0,5.0,13.849113625548569,1.8995743096125475,0.0063198355845017
847802-82-8,O=C(O)C=1C=C2C(=O)C3=CC=C(C=C3C(=O)C2=CC1C(=O)O)C,23.0,29.0,-8.660295406013,-2.2882053688545,6.3720900371585,4.702918058214053,2.623942053476029,255.15200000000007,0.53535,-0.65256,324.94301433333334,186.6051060028986,0,2,2.1668200000000004,2.0,4.0,17.491497531774655,2.1477286120454884,0.5196725492003436
1021304-66-4,O=C(O)C1=CC=C2C(C(=O)C=CC2(C)C)=C1C(=O)O,19.0,30.0,-8.89268063434,-1.1382522366415,7.7544283976985,3.243940400945635,7.920914360097576,223.80000000000004,0.53549,-0.66668,259.8074086666668,172.1313096744477,1,1,2.1131,2.0,3.0,8.189264606534067,2.160118151332976,6.393669066155941e-07
927673-52-7,O=C(O)C=1C=CC=C(NC2=CC=C3C(=C2)CCC3)C1C(=O)O,22.0,36.0,-7.051014094156001,-0.722190159227,6.328823934929001,2.386806181766906,3.5342694209694883,261.83200000000005,0.53612,-0.65734,309.0819066666666,172.05754399848405,1,0,3.315300000000001,3.0,3.0,10.158881573827358,1.9419787583573809,6.1030583714451615e-06
1010100-33-0,O=C(O)C1=CC=CC(=C1C(=O)O)CN(C(=O)OC(C)(C)C)C,22.0,26.0,-8.427910177686,-0.5684458336945,7.8594643439915,2.574425493302728,3.944005919113205,278.8960000000001,0.53427,-0.65796,282.69850033333336,147.3345463536651,1,0,2.4499000000000004,2.0,4.0,9.319695489249654,1.9624998707803707,9.854851686610666e-07
142118-89-6,O=C(O)C1=CC=2N=C(N(C2C=C1C(=O)O)C)C,17.0,20.0,-8.082869815252002,-0.4307562253415,7.652113589910502,2.3680329463039094,7.478609179519947,197.22400000000005,0.53042,-0.67628,227.76826366666668,184.69444555767225,0,2,1.27812,2.0,4.0,8.321093958260803,2.122697701772649,5.670742884063759e-07
1217498-02-6,O=C(O)C1=CC=C2C(=C1C(=O)O)C3C=CC4C=CC2C43,20.0,23.0,-8.29947244025,-0.596473560296,7.702998879953999,2.5684105787220024,3.5581455858354083,230.06400000000005,0.5337,-0.65753,270.87117399999994,170.27443724553848,1,1,2.6358000000000006,2.0,2.0,9.706914802219728,1.9569637597404055,2.4185586077643705e-06
119401-50-2,O=C(O)C1=CC=C(C=C1C(=O)O)S(=O)(=O)C=2C=CC=C(C(=O)O)C2C(=O)O,27.0,31.0,-9.2711910003855,-1.189681754386,8.081509245999502,3.3851925259409468,7.267784882617261,300.1840000000001,0.53606,-0.65065,333.542912,188.7611167277477,0,1,1.3122,4.0,6.0,11.083323317119323,2.0603037412294767,0.0001238793446341846
108171-24-0,O=C(O)C1=CC=C2C(C(=O)OC2(C)C)=C1C(=O)O,18.0,27.0,-9.161529118634,-0.8242328531645,8.3372962654695,2.9900413450103582,7.223302827654396,206.71200000000005,0.53788,-0.64742,221.654807,175.41157500862826,1,1,1.4885000000000002,2.0,4.0,7.677276836978763,2.0919481067957784,7.735373504588069e-08
59529-53-2,O=C(O)C1=CC=C(C=C1C(=O)O)NC(=O)C2=CC=C(C=C2)N(=O)=O,24.0,28.0,-8.240967962392501,-1.982621514743,6.258346447649501,4.175295450296295,5.463555528225187,265.7440000000001,0.53284,-0.66145,320.384405,190.2202878193448,0,1,2.2435,3.0,5.0,14.806893536290886,2.062341649432616,0.03920559829175285
62073-60-3,O=C(O)C1=CC=C(C=C1C(=O)O)S(=O)(=O)NCCCOCC,22.0,26.0,-8.69675866198,-1.0824688972890002,7.614289764691001,3.1399281683315112,11.636041291607729,278.41600000000005,0.53587,-0.65225,280.6697566666667,189.5691914291308,0,1,0.7879,3.0,5.0,7.285924571134913,2.7641885082844797,2.1833991106808947e-05
104941-70-0,O=C(O)C1=CC=C(C=C1)NS(=O)(=O)C2=CC=C(C(=O)O)C(=C2)C(=O)O,35.0,33.0,-8.3285886222535,-1.060155561548,7.2684330607055,3.031895479144389,5.956434242900697,284.72800000000007,0.53708,-0.65099,322.4174473333333,188.69778564367604,0,1,1.582,4.0,5.0,11.678348859911551,1.9535133559258362,0.00018339136520657828
104941-69-7,O=C(O)C=1C=CC=CC1NS(=O)(=O)C2=CC=C(C(=O)O)C(=C2)C(=O)O,35.0,33.0,-8.175388524421999,-1.1393406920435,7.036047832378499,3.082845030444662,9.171786099773588,283.21600000000007,0.53627,-0.65086,322.890683,189.03305517675653,0,1,1.582,4.0,5.0,9.415260538273714,2.2901751391253384,2.87962152647729e-05
2639440-92-7,O=C(O)C1=CC=C(C=C1C(=O)O)CC(NC(=O)OCC=2C=CC=CC2)C,26.0,30.0,-8.417025623666,-0.640011776376,7.777013847289999,2.63693520663924,1.975373172339849,318.0800000000001,0.53207,-0.66358,347.05054766666666,162.88121978853678,0,1,2.940400000000001,3.0,4.0,13.193037791808536,1.905128587404862,0.0022259482070881263
2639416-45-6,O=C(O)C1=CC(O)=C(C=C1C(=O)O)NC(=O)OCC=2C=CC=CC2,24.0,28.0,-8.365323992071001,-0.575248679957,7.790075312114001,2.5652460503017323,4.108190162346432,275.7680000000001,0.5339,-0.65862,304.27575833333333,189.30468154952152,0,2,2.537300000000001,4.0,5.0,11.424996815757794,1.894910169919357,6.898489474573238e-05
293761-62-3,O=C(O)C1=CC=C(C(=O)C2=CC=C(OC3=CC=C(C(=O)O)C(=C3)C(=O)O)C=C2)C(=C1)C(=O)O,42.0,40.0,-8.133482991445,-1.010630840757,7.122852150688,2.934737939499121,5.554354985954714,364.9120000000001,0.53302,-0.66054,437.0786123333333,190.1341070993284,0,1,3.502700000000001,4.0,6.0,11.822885060288712,1.9298575875227681,0.00020611878584353253
201352-97-8,O=C(O)C=1C=C2C(=O)C=3C=CC=C(N)C3C(=O)C2=CC1C(=O)O,23.0,31.0,-7.4676203992715005,-2.211741376864,5.2558790224075,4.456440302082784,4.833242171669034,249.0480000000001,0.5351,-0.65358,334.63700033333333,186.32430020106148,0,2,1.4406,3.0,5.0,15.830711763759751,2.110232284862369,0.12826078974953714
345947-09-3,O=C(O)C1=CC=C(OC2=CC=C(C=C2)S(=O)(=O)C3=CC=C(C(=O)O)C(=C3)C(=O)O)C=C1,42.0,40.0,-8.165592425804,-1.1643751662895,7.0012172595145,3.1083271680798883,8.438812931923543,352.8560000000001,0.53575,-0.65192,420.051685,189.47771007134244,0,1,3.4063000000000008,3.0,6.0,10.077927423369658,2.1886273650123806,4.6497821446125583e-05
73606-83-4,O=C(O)C=1C=2OC(=CC2C=C(C1C(=O)O)CCC=3C=CC=CC3)C,24.0,27.0,-7.8137492171075005,-0.718924793021,7.0948244240865,2.565480180029144,3.348090358697029,286.0640000000001,0.53386,-0.66025,342.0470193333333,162.00136309111588,2,1,3.9228200000000015,2.0,3.0,7.992374449716181,2.2337642756604352,9.204711738589705e-07
104825-39-0,O=C(O)C1=CC=C(C(=C1C(=O)O)N(=O)=O)CS(=O)(=O)C=2C=CC=CC2,25.0,28.0,-8.991730075922,-1.850918411101,7.140811664820999,4.11588457066838,8.383201069400638,285.4080000000001,0.53822,-0.64005,325.865962,173.54753054025412,1,1,1.9651,2.0,6.0,10.058571594991065,2.333442430070899,0.0001243497292732151
101439-04-7,O=C(O)C=1C=C2C(=O)OC(=CC=3C=CC=CC3)C2=CC1C(=O)O,23.0,32.0,-7.5835408995845,-1.6492820478805,5.9342588517040005,3.5912243512413724,7.53375929798663,255.49600000000007,0.53583,-0.65375,357.9635016666667,185.3529968077709,0,2,2.751500000000001,2.0,4.0,12.30556862398953,2.1446238014317593,0.001711956486878656
66421-07-6,O=C(O)C1=CC=C(C=C1C(=O)O)C(=O)C2=CC=C(NC(=O)C)C(=C2)NC(=O)C,28.0,32.0,-8.165864539654502,-1.3477799015265,6.818084638128002,3.3187264223396613,10.587063228771234,325.3760000000001,0.53428,-0.65788,377.657764,188.8550152141815,0,1,2.2307999999999995,4.0,5.0,8.967419826023729,2.558255223081601,8.489610024973375e-05
136673-46-6,O=C(O)C=1C=C(C(=O)OCCOC(=O)C(=C)C)C(=CC1C(=O)O)C(=O)OCCOC(=O)C(=C)C,34.0,46.0,-9.1013919576735,-1.368188440314,7.733203517359499,3.5435545393272907,5.729176818706157,408.0960000000001,0.53508,-0.6525,410.2592143333334,190.55679638157167,0,2,1.6351999999999998,2.0,10.0,12.842483352047765,1.964839641221597,0.0016675449570092045
104941-68-6,O=C(O)C1=CC=C(C=C1C(=O)O)S(=O)(=O)NC2=CC=C(C=C2)N(=O)=O,25.0,29.0,-8.513353926743001,-1.7788082407185,6.734545686024501,3.932284634327613,5.962234324479373,281.08000000000004,0.53607,-0.65081,327.32851,190.9770503188382,0,1,1.792,3.0,6.0,13.883800473322509,2.0410532757291366,0.011362840134438057
304449-33-0,O=C(O)C1=CC=C(OC=2C=CC=CC2NC(=O)CCCCCCCCCCC)C=C1C(=O)O,33.0,65.0,-8.25049194716,-0.57143908605,7.679052861110001,2.533726117086005,7.213659846430243,434.5360000000001,0.53261,-0.66107,466.9686630000001,190.5539725848153,0,1,6.7347000000000055,3.0,4.0,9.025432435884198,2.0698700825221983,1.654720158209435e-06
844645-02-9,O=C(O)C=1C=C2C(=O)C3=CC=C(C=C3C(=O)C2=CC1C(=O)O)S(=O)(=O)O,26.0,32.0,-9.34983190318,-2.499093602992,6.8507383001880005,5.123427194955052,7.376475458509979,280.7680000000001,0.53571,-0.65074,341.5895306666667,186.9754670909084,0,2,1.1051000000000002,3.0,6.0,14.63835811576584,2.42561050207738,0.07087161562717928
15586-20-6,O=C(O)C=1C=CC(=CC1C(=O)O)C=2N=C(N=C(N2)C=3C=CC(C(=O)O)=C(C3)C(=O)O)C=4C=CC(C(=O)O)=C(C4)C(=O)O,42.0,46.0,-8.861659655383,-1.686017417698,7.175642237685,3.876081330174116,5.651879605051756,451.3520000000001,0.53377,-0.6586,555.866785,185.0720466946859,0,1,3.0618000000000007,6.0,9.0,13.853212109373658,2.006079616753109,0.009618827401556784
669704-08-9,O=C(O)C1=CC=C(OC2=CC=C(C=C2)NC(=O)C=3C=CC=CC3OCC)C=C1C(=O)O,31.0,49.0,-7.6695288763425,-0.587221689379,7.0823071869635,2.4064873248519563,9.7265182084855,361.5440000000001,0.53323,-0.6608,438.475935,188.938947604125,0,1,4.526300000000003,3.0,5.0,7.1078277364733395,2.4073141664060116,8.307281685824453e-07
378216-04-7,O=C(O)C1=CC=C(OC2=CC=C(C=C2)NC(=O)CC3=CC=C(OC)C=C3)C=C1C(=O)O,31.0,49.0,-7.617010903196,-0.5428671317475,7.0741437714485,2.353062494074804,8.80838393236807,364.2240000000001,0.53329,-0.66048,428.12945800000006,188.3075902140467,0,1,4.065100000000002,3.0,5.0,7.673336351773145,2.2678806863252037,6.527718650225775e-07
669704-10-3,O=C(O)C1=CC=C(OC2=CC=CC(=C2)NC(=O)C3=CC=C(F)C=C3)C=C1C(=O)O,29.0,42.0,-7.833069300493,-0.6125282774755,7.220541023017501,2.4696251368702504,7.432294825960552,326.9200000000001,0.53326,-0.66072,392.7358793333333,190.03020812060635,0,1,4.266700000000003,3.0,4.0,8.998196931496466,2.086205340806955,1.8554530098045157e-06
405903-64-2,O=C(O)C1=CC=C(OC2=CC=C(C=C2)NC(=O)CC3=CC=C(Cl)C=C3)C=C1C(=O)O,30.0,45.0,-7.826538568080999,-0.6054533173625,7.2210852507185,2.4614889828752093,6.807614180459995,353.8080000000001,0.53301,-0.66141,419.66916,189.0749042382424,0,1,4.709900000000003,3.0,4.0,9.462488336056254,2.0282416624489814,2.939980255667782e-06
404837-77-0,O=C(O)C1=CC=C(OC=2C=CC=CC2NC(=O)C3=CC=C(C=C3)N(=O)=O)C=C1C(=O)O,31.0,44.0,-7.970758908846,-1.963573545208,6.007185363638,4.107204761195455,7.786561389342538,345.3760000000001,0.53292,-0.66053,422.132905,189.04031732543825,0,1,4.035800000000003,3.0,6.0,13.002806763711249,2.2477115206095197,0.007147960987711026
310873-87-1,O=C(O)C1=CC=C(OC2=CC=C(C=C2)NC(=O)C=3C=C(C=C(C3)N(=O)=O)N(=O)=O)C=C1C(=O)O,34.0,46.0,-7.900009307716001,-2.115957301488,5.784052006228001,4.336042752065073,5.665272898104734,369.3440000000001,0.53322,-0.66059,445.7116083333333,189.50153208348937,0,1,3.9440000000000026,3.0,8.0,14.999559783210884,2.112305655689593,0.05479808999104238
2383895-38-1,O=C(O)C1=CC=C(C=C1C(=O)O)NC(=O)OCC2C=3C=CC=CC3C=4C=CC=CC42,30.0,34.0,-7.491838531966001,-0.690624952569,6.801213579397,2.4610574235813343,4.414533549538389,344.8800000000001,0.53282,-0.66204,430.851489,188.9492815938384,0,1,4.444000000000003,3.0,4.0,11.598788897535286,1.891156629766688,9.6993956229704e-05
10595-33-2,O=C(O)C1=CC=C(C=C1C(=O)O)CC2=CC=C(C(=O)O)C(=C2)C(=O)O,1.0,2.0,-8.544919133401,-0.7964772404135,7.7484418929875005,2.815459140620527,5.927544254579631,282.97600000000006,0.53196,-0.66606,317.43319633333334,188.55819665134777,0,1,2.0702,4.0,4.0,10.810719147092499,1.949861046712466,2.91257455534829e-05
