cas,smiles,sasa,polar,h_nbo_charge,o_nbo_charge,molecular_volume_A3,dipole_moment_debye,homo_ev,lumo_ev,gap_ev,omega,3and6,4and5,logp,hbd,hba,prediction_status,known_any,mu,sigma_raw,sigma_cal,ci_lower,ci_upper,current_best_y,xi,beta,pi,ei,ucb,ad_knn_distance,ad_threshold,ad_ratio,in_ad,ad_penalty,ei_ad
66421-10-1,O=C(O)C1=CC=C(C=C1C(=O)O)C(=O)C2=CC=C(C(=C2)N(=O)=O)N(=O)=O,190.536077272946,323.182712,0.53519,-0.6549,278.0880000000001,11.06867026611598,-9.195815463797,-2.2784092702365,6.917406193560501,4.758208118878,0,1,2.1304,2,7,ok,False,20.467984426205902,1.2728016727997231,1.2728016727997231,17.97333898805611,22.962629864355694,18.18,0.5,1.0,0.9199540859986807,1.8341683026056723,21.740786099005625,1.953434366594984,2.4824485263151033,0.7868982361115148,True,0.5383702093519168,0.9874615730604657
61837-56-7,O=C(O)C=1C=C(C(=O)OCC)C(=CC1C(=O)O)N(=O)=O,189.9435324941364,232.37722866666664,0.53821,-0.64426,224.4720000000001,7.659523983903961,-9.490242650038,-2.1135082768335,7.376734373204501,4.563233158495161,0,2,1.1679,2,6,ok,False,20.405400102702586,1.2728016727997231,1.2728016727997231,17.910754664552794,22.90004554085238,18.18,0.5,1.0,0.9123855328860859,1.77682775650956,21.67820177550231,1.9038719831163653,2.4824485263151033,0.7669331158066084,True,0.555333522592424,0.9867320170624477
1898181-04-8,O=C(O)C=1C=C(C(=CC1C(=O)O)CC(=O)C=2SC=CC2)N(=O)=O,191.2214625053384,305.00447,0.53653,-0.65022,261.56800000000004,9.968592726157487,-8.486686769394,-1.863979875925,6.622706893468999,4.044279088818352,0,2,2.4781000000000004,2,6,ok,False,19.381442579040584,1.2728016727997231,1.2728016727997231,16.886797140890792,21.876088017190376,18.18,0.5,1.0,0.7092178619775368,0.9337105543962256,20.654244251840307,1.5591325024946232,2.4824485263151033,0.6280623690550265,True,0.6740423478382699,0.6293604542866046
39995-15-8,O=C(O)C1=CC=C(C=C1C(=O)O)C(=O)C2=CC=C(C=C2)N(=O)=O,190.12804854643187,300.4959813333333,0.53481,-0.65582,253.85600000000005,6.065199855734352,-9.1215283826105,-2.0857526640825,7.035775718528001,4.463017067499787,0,1,2.2222,2,5,ok,False,19.45835059140305,1.2728016727997231,1.2728016727997231,16.963705153253258,21.952996029552843,18.18,0.5,1.0,0.7295741061316741,0.9890424515497378,20.731152264202773,1.6863024868200973,2.4824485263151033,0.679290011029236,True,0.6303784541499997,0.6234710516966497
90348-28-0,O=C(O)C=1C=C(C(=CC1C(=O)O)N(=O)=O)N(=O)=O,185.80155216459065,198.797335,0.53891,-0.63898,187.30400000000003,9.481184314208852,-9.789023657887,-2.428344001862,7.360679656025001,5.069643005428932,0,2,0.8994,2,6,ok,False,19.844333568326764,1.2728016727997231,1.2728016727997231,17.349688130176972,22.338979006476556,18.18,0.5,1.0,0.8198464429847602,1.2887367644106207,21.117135241126487,2.3935019971081117,2.4824485263151033,0.9641698394693315,True,0.394702295965139,0.5086673598075564
61415-80-3,O=C(O)C=1C=C2C(=O)C3=CC=CC(=C3C(=O)C2=CC1C(=O)O)N(=O)=O,186.4965203195005,325.0242296666667,0.53567,-0.65037,262.04800000000006,5.606733406360606,-9.324797428934,-2.483310999663,6.841486429271,5.09507057066401,0,2,1.7666000000000002,2,6,ok,False,19.48898731440621,1.2728016727997231,1.2728016727997231,16.994341876256417,21.983632752556,18.18,0.5,1.0,0.7374800248804559,1.0115156200158493,20.761788987205932,2.108551520679692,2.4824485263151033,0.8493837831189932,True,0.48604561035136634,0.4916427269105442
39995-20-5,O=C(O)C1=CC=C(C=C1C(=O)O)C(=O)C2=CC=CC(=C2)N(=O)=O,190.78514044338615,299.6241043333334,0.53401,-0.65653,253.94400000000007,9.168382578186842,-9.0964939083645,-1.8359521493235,7.260541759040999,4.115339487422917,0,1,2.2222,2,5,ok,False,18.893581834755306,1.2728016727997231,1.2728016727997231,16.398936396605514,21.388227272905098,18.18,0.5,1.0,0.56663145470586,0.6216976347167267,20.16638350755503,1.5638974391853844,2.4824485263151033,0.6299818194042486,True,0.6724166654171441,0.41803985043394704
503427-05-2,O=C(O)C=1C=C2C(=O)C3=NC=CC=C3C(=O)C2=CC1C(=O)O,186.4589703959938,291.2775066666666,0.53572,-0.651,234.12800000000004,3.254320325352131,-9.239353679877,-2.402765299915,6.836588379962,4.956380536851427,0,2,1.2534,2,5,ok,False,19.082135978322004,1.2728016727997231,1.2728016727997231,16.58749054017221,21.576781416471796,18.18,0.5,1.0,0.6239780674896838,0.7339770768968235,20.354937651121727,1.931162076897726,2.4824485263151033,0.7779263321782967,True,0.5459819413163542,0.4007382293258307
884740-23-2,O=C(O)C=1C=C2C(=O)C3=CC=C(Cl)C=C3C(=O)C2=CC1C(=O)O,186.53972145292332,320.02610066666665,0.53556,-0.65149,253.16000000000005,1.2349677445180502,-8.825740627117,-2.3823567611275003,6.4433838659895,4.8740479256345575,0,2,2.5118,2,4,ok,False,18.8868483804619,1.2728016727997231,1.2728016727997231,16.392202942312107,21.38149381861169,18.18,0.5,1.0,0.5645495373115246,0.6178892559423621,20.159650053261622,1.8254360741172637,2.4824485263151033,0.7353369283458636,True,0.5823285927674205,0.3598145808990243
847802-82-8,O=C(O)C=1C=C2C(=O)C3=CC=C(C=C3C(=O)C2=CC1C(=O)O)C,186.6051060028986,324.94301433333334,0.53535,-0.65256,255.15200000000007,2.623942053476029,-8.660295406013,-2.2882053688545,6.3720900371585,4.702918058214053,0,2,2.1668200000000004,2,4,ok,False,18.42347688518561,1.2728016727997231,1.2728016727997231,15.928831447035819,20.918122323335403,18.18,0.5,1.0,0.42013735905765504,0.389790776907036,19.696278557985334,1.6488996671148386,2.4824485263151033,0.6642231045823263,True,0.6432689730410245,0.25074031276185216
35010-28-7,O=C(O)C1=CC(Cl)=C(C=C1C(=O)O)N(=O)=O,187.19475457439728,190.154692,0.53801,-0.64444,178.04800000000003,6.673814974959974,-9.2254758735015,-1.940715981766,7.2847598917355,4.278927596848286,0,2,1.6446,2,4,ok,False,18.241932537092964,1.2728016727997231,1.2728016727997231,15.747287098943172,20.736577975242756,18.18,0.5,1.0,0.3653570613000461,0.31852197217104283,19.514734209892687,1.5960978330987046,2.4824485263151033,0.6429530426026275,True,0.6614052009012972,0.21067208899526596
26190-11-4,O=C(O)C1=CC=C(OC2=CC=C(C=C2)N(=O)=O)C=C1C(=O)O,191.03669807018065,289.4533466666667,0.53328,-0.65975,243.05600000000007,6.556791750543859,-8.3672287890245,-1.7224806736649998,6.6447481153595,3.830176677659445,0,1,2.7835,2,5,ok,False,18.097561205540536,1.2728016727997231,1.2728016727997231,15.602915767390744,20.59220664369033,18.18,0.5,1.0,0.3236185812142828,0.2688106301098815,19.37036287834026,1.579499321886811,2.4824485263151033,0.6362666960234572,True,0.6670866653366615,0.1793199868470476
302927-80-6,O=C(O)C1=CC=C(OC2=CC=CC(=C2)N3C(=O)C=4C(Br)=C(Br)C(Br)=C(Br)C4C3=O)C=C1C(=O)O,190.11088370190788,512.4864256666666,0.53357,-0.6601,409.2800000000001,3.4690033179574797,-8.311989677373,-1.867789469832,6.444200207541001,4.020200340943956,0,1,6.725900000000003,2,5,ok,False,18.057230787536678,1.2728016727997231,1.2728016727997231,15.562585349386886,20.55187622568647,18.18,0.5,1.0,0.3123181770854015,0.2559874022012997,19.3300324603364,1.5822703372612477,2.4824485263151033,0.6373829388559117,True,0.6661389405571376,0.17052317689834764
1823489-93-5,O=C(O)C1=CC=C(C=C1C(=O)O)C(=O)CBr,190.0064887376668,212.572629,0.534,-0.65496,195.56800000000004,3.50310092061305,-9.1705088757005,-1.567920006581,7.602588869119499,3.791927225218107,0,1,1.6606,2,3,ok,False,17.79038418768567,1.2728016727997231,1.2728016727997231,15.295738749535879,20.285029625835463,18.18,0.5,1.0,0.24229382848881054,0.18218285977991464,19.063185860485394,1.366164009159292,2.4824485263151033,0.5503292393285586,True,0.7387008294035882,0.13457862962254055
1806542-29-9,O=C(O)C1=CC=C(C=C1C(=O)O)C(=O)C(Br)C,190.36664508216705,231.39301066666667,0.53426,-0.65561,212.08800000000005,3.302406616393565,-9.1215283826105,-1.5129530087799998,7.608575373830501,3.7159451312268175,0,1,2.0491,2,3,ok,False,17.746850315299234,1.2728016727997231,1.2728016727997231,15.252204877149442,20.241495753449026,18.18,0.5,1.0,0.23173463831287205,0.17186565051709846,19.019651988098957,1.3856223083650279,2.4824485263151033,0.558167588844961,True,0.7323102198143961,0.12585897230872056
136673-46-6,O=C(O)C=1C=C(C(=O)OCCOC(=O)C(=C)C)C(=CC1C(=O)O)C(=O)OCCOC(=O)C(=C)C,190.55679638157167,410.2592143333334,0.53508,-0.6525,408.0960000000001,5.729176818706157,-9.1013919576735,-1.368188440314,7.733203517359499,3.5435545393272907,0,2,1.6351999999999998,2,10,ok,False,17.63375470769882,1.2728016727997231,1.2728016727997231,15.139109269549028,20.128400145848612,18.18,0.5,1.0,0.20553793036784573,0.14715589963733033,18.906556380498543,1.3145161819713977,2.4824485263151033,0.5295240437160803,True,0.7554847272654869,0.11117403470301587
844645-02-9,O=C(O)C=1C=C2C(=O)C3=CC=C(C=C3C(=O)C2=CC1C(=O)O)S(=O)(=O)O,186.9754670909084,341.5895306666667,0.53571,-0.65074,280.7680000000001,7.376475458509979,-9.34983190318,-2.499093602992,6.8507383001880005,5.123427194955052,0,2,1.1051000000000002,3,6,ok,False,17.924969772499818,1.2728016727997231,1.2728016727997231,15.430324334350026,20.41961521064961,18.18,0.5,1.0,0.27652253250610037,0.2170692475569393,19.19777144529954,2.111469628618723,2.4824485263151033,0.8505592789683926,True,0.485075326836645,0.10529493620486693
7487-10-7,O=C(O)C=1C=C2C(=O)OC(=O)C2=CC1C(=O)O,185.27911128129023,193.00370333333333,0.53711,-0.64607,176.93600000000004,7.518213390826307,-9.6173198182215,-2.061534531388,7.555785286833501,4.512953774542535,0,2,0.3936,2,5,ok,False,17.701673397591794,1.2728016727997231,1.2728016727997231,15.207027959442001,20.196318835741586,18.18,0.5,1.0,0.22105345063715653,0.1616389370814645,18.974475070391517,1.6641068618127395,2.4824485263151033,0.6703489897866709,True,0.6380314079367781,0.1031307186034911
54229-55-9,O=C(O)C1=CC=C(C=C1C(=O)O)S(=O)(=O)Cl,187.63887327309027,201.884226,0.53888,-0.6467,189.05600000000004,7.881571569807636,-9.5443933062875,-1.6650646512095,7.879328655078,3.9867593167316913,0,1,1.0105000000000002,2,4,ok,False,17.59596470312247,1.2728016727997231,1.2728016727997231,15.101319264972677,20.09061014127226,18.18,0.5,1.0,0.197192466744328,0.13954696082936033,18.868766375922192,1.4237308997519698,2.4824485263151033,0.5735187999508402,True,0.7196978456326082,0.10043164707346859
84595-08-4,O=C(O)C1=CC(OC2=CC=C(F)C=C2F)=C(C=C1C(=O)O)N(=O)=O,187.48935154897143,277.955565,0.53759,-0.64678,252.7920000000001,8.573036315098637,-8.639070525674,-1.827516619958,6.811553905716001,4.02072155610408,0,2,3.061700000000002,2,5,ok,False,17.59594662904812,1.2728016727997231,1.2728016727997231,15.10130119089833,20.090592067197914,18.18,0.5,1.0,0.1971885249988743,0.13954339679367736,18.868748301847845,1.4243539329189514,2.4824485263151033,0.573769775211909,True,0.7194906449117178,0.10040016855225466
64823-13-8,O=C(O)C1=CC(Br)=C(C=C1C(=O)O)N(=O)=O,186.20254503016204,200.213322,0.53791,-0.64487,182.68800000000005,6.5566974842522665,-9.085881468195,-1.9360900463075,7.1497914218875,4.247811191198133,0,2,1.7536999999999998,2,4,ok,False,17.613092412355986,1.2728016727997231,1.2728016727997231,15.118446974206194,20.107737850505778,18.18,0.5,1.0,0.2009492173777876,0.1429565273608306,18.88589408515571,1.5539847192149192,2.4824485263151033,0.6259886973453677,True,0.6757974694701492,0.09660965943468945
213611-98-4,N#CC=1C=C(C(=O)O)C(=CC1C#N)C(=O)O,186.2493661172145,194.1028983333333,0.53767,-0.64353,175.16800000000003,9.403363456763756,-9.493508016244,-1.824251253752,7.669256762492,4.175491799936786,0,2,0.82636,2,4,ok,False,17.550741163253296,1.2728016727997231,1.2728016727997231,15.056095725103503,20.045386601403088,18.18,0.5,1.0,0.1874794432175243,0.13084997884628002,18.82354283605302,1.5871502927007264,2.4824485263151033,0.6393487219880689,True,0.6644691762351683,0.08694577765437689
88066-33-5,O=C(OCCOC(=O)C1=CC=C(C(=O)O)C(=C1)C(=O)O)C=C,191.50705217060425,262.953476,0.53421,-0.65652,257.15200000000004,5.233058044776495,-9.1759511527105,-1.162470369336,8.013480783374499,3.3344735719983087,0,1,0.9689999999999998,2,6,ok,False,17.33889110947836,1.2728016727997231,1.2728016727997231,14.844245671328569,19.833536547628153,18.18,0.5,1.0,0.14601774256679362,0.09564235157452783,18.611692782278084,1.1831046734986645,2.4824485263151033,0.4765877966681715,True,0.7968124658572016,0.07620901799848093
294675-76-6,O=C(O)C1=CC=C(C=C1C(=O)O)NC(=O)C2=CC=CC(=C2)N3C(=O)C4=CC=C(C=C4C3=O)N(=O)=O,190.3124693245524,471.58161966666665,0.53301,-0.66157,378.2080000000001,7.690108207301118,-8.176204865973501,-2.239496989615,5.936707876358501,4.568476645807869,0,1,3.044100000000001,3,7,ok,False,17.560083974400868,1.2728016727997231,1.2728016727997231,15.065438536251076,20.05472941255066,18.18,0.5,1.0,0.1894614600100919,0.13261081267449956,18.83288564720059,1.9778191369406168,2.4824485263151033,0.7967211065908593,True,0.530060291325788,0.07029172599919474
1806542-44-8,O=C(O)C1=CC=C(C=C1C(=O)O)C(=O)C(Cl)C,190.115732876188,219.89178366666667,0.53565,-0.65503,207.16000000000005,3.6789622463406713,-9.149556109212,-1.3815220189885,7.7680340902235,3.5692301698907727,0,1,1.893,2,3,ok,False,17.29112927472877,1.2728016727997231,1.2728016727997231,14.796483836578979,19.785774712878563,18.18,0.5,1.0,0.1375942516496932,0.08887078608829274,18.563930947528494,1.2780534430984578,2.4824485263151033,0.514835828235913,True,0.7671630413198988,0.0681783825399848
52839-61-9,O=C(O)C1=CC=C2C(=O)C3=CC(C(=O)O)=C(C=C3C(=O)C2=C1)C(=O)O,186.7906362044681,330.6965833333333,0.53552,-0.65123,266.0400000000001,2.92555219232199,-9.1911895283385,-2.4378679866295,6.753321541709001,5.006239442739871,0,2,1.5566000000000002,3,5,ok,False,17.503543773242164,1.2728016727997231,1.2728016727997231,15.008898335092372,19.998189211391956,18.18,0.5,1.0,0.17766391804785675,0.12223436859565973,18.776345446041887,1.9772592334849066,2.4824485263151033,0.7964955617508455,True,0.5302507983707448,0.06481487153619248
58370-85-7,O=C(O)C1=CC=C(C=C1C(=O)O)S(=O)(=O)OC=2C=CC=CC2,190.71112952932137,283.1111416666667,0.53758,-0.6489,253.4480000000001,4.51617598527781,-8.742745902714502,-1.174443378758,7.568302523956501,3.24876823215102,0,1,1.8507,2,5,ok,False,17.232201464225334,1.2728016727997231,1.2728016727997231,14.737556026075541,19.726846902375126,18.18,0.5,1.0,0.12766685620642698,0.08105767272887518,18.505003137025057,1.3078951797536147,2.4824485263151033,0.5268569180344811,True,0.757616307537841,0.06141061471046117
42760-52-1,O=C(O)C=1C=C(C(=CC1C(=O)O)C)N(=O)=O,187.16394568460348,194.0069533333333,0.53665,-0.65122,179.33600000000004,6.199239331563188,-9.1242495211155,-1.7888764531870005,7.3353730679285,4.058972782574116,0,2,1.29962,2,4,ok,False,17.213867762167453,1.2728016727997231,1.2728016727997231,14.719222324017661,19.708513200317245,18.18,0.5,1.0,0.12468237714431918,0.07874450008088299,18.486669434967176,1.3186654461213743,2.4824485263151033,0.5311954838712305,True,0.7541464929713513,0.0593848885767802
777881-14-8,O=C(O)C1=CC=C(OC2=CC=CC(=C2)N3C(=O)C4=CC=C(OC5=CC=CC(=C5)N(=O)=O)C=C4C3=O)C=C1C(=O)O,188.79773874720692,544.1375936666667,0.53259,-0.6612,435.8960000000001,7.209195435691836,-8.209130641884,-1.836768490875,6.372362151009,3.959288839601981,0,1,5.376400000000004,2,8,ok,False,17.13954279640135,1.2728016727997231,1.2728016727997231,14.644897358251558,19.634188234551143,18.18,0.5,1.0,0.11308410803224844,0.06991346073745111,18.412344469201074,1.540776185627987,2.4824485263151033,0.620667928980217,True,0.6802950498603202,0.047561781258291844
1806542-37-9,O=C(O)C1=CC=C(C=C1C(=O)O)C(=O)CCBr,189.76289741798288,228.79198166666663,0.53443,-0.65594,212.20800000000008,4.477470667687283,-9.146290743006,-1.374174945025,7.772115797981,3.5601694947014795,0,1,2.0507,2,3,ok,False,17.02036094498298,1.2728016727997231,1.2728016727997231,14.525715506833187,19.51500638313277,18.18,0.5,1.0,0.09612942581653422,0.05746604388941251,18.293162617782702,1.2557385045737113,2.4824485263151033,0.5058467441569491,True,0.774234152468367,0.04449217378642928
640296-31-7,O=C(O)C1=CC=C(OC=2C=CC=CC2NC(=O)C3=NC=CC(=C3)N(=O)=O)C=C1C(=O)O,190.3486115748479,403.453551,0.53307,-0.66048,341.3200000000001,8.794663427897625,-8.356072121154,-2.108338113674,6.24773400748,4.38174390233608,0,1,3.4308000000000014,3,7,ok,False,17.191346496066398,1.2728016727997231,1.2728016727997231,14.696701057916606,19.68599193421619,18.18,0.5,1.0,0.12108341370622666,0.07597716041682515,18.46414816886612,1.833394063001591,2.4824485263151033,0.7385426298135753,True,0.5795836859291296,0.04403512268081228
29638-31-1,O=C(O)C1=CC=C(C=C1C(=O)O)C(=O)OCCCCCCCCCCCCCCCCCC,191.0895950334153,470.4022803333333,0.53362,-0.65793,469.1680000000001,3.691113453959388,-9.150100336913,-1.1524021568675,7.997698180045501,3.317878320889248,0,1,7.501300000000008,2,4,ok,False,16.981024781466814,1.2728016727997231,1.2728016727997231,14.486379343317022,19.475670219616607,18.18,0.5,1.0,0.09096582105953671,0.053786929419444546,18.253826454266537,1.1200295135079685,2.4824485263151033,0.4511793504014836,True,0.8158189642011439,0.04388039704653128
104941-68-6,O=C(O)C1=CC=C(C=C1C(=O)O)S(=O)(=O)NC2=CC=C(C=C2)N(=O)=O,190.9770503188382,327.32851,0.53607,-0.65081,281.08000000000004,5.962234324479373,-8.513353926743001,-1.7788082407185,6.734545686024501,3.932284634327613,0,1,1.792,3,6,ok,False,17.07379344855369,1.2728016727997231,1.2728016727997231,14.579148010403898,19.568438886703483,18.18,0.5,1.0,0.1034841695807211,0.0627972073844093,18.346595121353413,1.5346477708129538,2.4824485263151033,0.6181992313415473,True,0.6823788412695541,0.0428514856099371
27594-39-4,O=C(O)C=1C=CC(=CC1C(=O)O)C2=CC=C(C=C2)N(=O)=O,188.3548994640644,292.7401716666667,0.5325,-0.66322,234.22400000000005,5.921207289902964,-8.4113112328055,-1.9061575227525,6.505153710053,4.09099332108819,0,1,2.658200000000001,2,4,ok,False,17.09386796310955,1.2728016727997231,1.2728016727997231,14.599222524959757,19.58851340125934,18.18,0.5,1.0,0.10635030647222765,0.06490327517391267,18.366669635909272,1.6826947200623992,2.4824485263151033,0.677836701234711,True,0.6316229925911276,0.04099440089431216
56896-91-4,O=C(O)C1=CC=C(C=C1C(=O)O)N2C(=O)C=CC2=O,188.8729703745971,230.1731663333333,0.53311,-0.66021,207.97600000000008,3.206759319001038,-8.80016192517,-1.664792537359,7.135369387811,3.837056848447299,0,1,0.5123999999999999,2,4,ok,False,16.944347018617034,1.2728016727997231,1.2728016727997231,14.449701580467242,19.438992456766826,18.18,0.5,1.0,0.08633924730543807,0.05053590257502347,18.217148691416757,1.4615243587953768,2.4824485263151033,0.5887430668964703,True,0.7070750974748412,0.0357326782392138
752993-30-9,O=C(OCOC(=O)C1=CC=C(C(=O)O)C(=C1)C(=O)O)C=C,190.02823910811645,248.022473,0.53505,-0.65482,239.9840000000001,5.125376904189584,-9.220305710342,-1.217437367137,8.002868343205,3.4033572676465447,0,1,0.9265,2,6,ok,False,16.84845201133088,1.2728016727997231,1.2728016727997231,14.353806573181089,19.343097449480673,18.18,0.5,1.0,0.07507677713541612,0.042805905713372755,18.121253684130604,1.1546478303337064,2.4824485263151033,0.46512458087001807,True,0.8054606930710586,0.034478474483427606
856806-50-3,O=C(O)C1=CC=C(SC2=CC=C(C=C2)N(=O)=O)C=C1C(=O)O,188.5494904489479,318.44796,0.53365,-0.65863,252.6560000000001,6.920910865630332,-7.966949314939,-1.782889948476,6.184059366463,3.842919352373487,0,1,3.142400000000002,2,5,ok,False,16.897419354428997,1.2728016727997231,1.2728016727997231,14.402773916279205,19.39206479257879,18.18,0.5,1.0,0.08067924697213896,0.04661813645760893,18.17022102722872,1.3909732874972645,2.4824485263151033,0.5603231135519242,True,0.7305467945607586,0.03405673015750224
408339-12-8,O=C(O)C1=CC(OC)=C(C=C1C(=O)O)N(=O)=O,186.74585709268308,203.62363333333332,0.53722,-0.64932,188.09600000000003,9.060077861144462,-8.606961091315,-1.7548622218745002,6.8520988694405,3.91731732201802,0,2,0.9998,2,5,ok,False,16.77358116129126,1.2728016727997231,1.2728016727997231,14.278935723141469,19.268226599441054,18.18,0.5,1.0,0.06709092657627955,0.03748810004331307,18.046382834090984,1.335299149955956,2.4824485263151033,0.5378960070274035,True,0.7487634889848723,0.028069720583845038
302927-97-5,O=C(O)C1=CC=C(C=C1C(=O)O)NC(=O)C=2C=C(C=C(C2)N(=O)=O)N(=O)=O,189.45637149833877,342.8924606666667,0.53399,-0.66037,289.22400000000005,4.874665872652196,-8.2894042277815,-2.1271139693585,6.162290258422999,4.401928779768163,0,1,2.1517,3,7,ok,False,16.779428207141052,1.2728016727997231,1.2728016727997231,14.28478276899126,19.274073645290844,18.18,0.5,1.0,0.06768991948559477,0.03788213293147902,18.052229879940775,1.7663788828223628,2.4824485263151033,0.7115470327372064,True,0.6027220222744187,0.022832395768529388
68183-31-3,O=C(O)C1=CC=C(C=C1C(=O)O)C(=O)OCCOC(=O)C(=C)C,190.0220545638649,280.34901966666666,0.53423,-0.65621,273.4800000000001,4.856300834997766,-9.1128207393945,-1.177164517263,7.935656222131501,3.3356975660983386,0,1,1.3590999999999998,2,6,ok,False,16.5818269772716,1.2728016727997231,1.2728016727997231,14.087181539121808,19.076472415421392,18.18,0.5,1.0,0.04962832032990692,0.026363420276806507,17.854628650071323,1.0647765646380172,2.4824485263151033,0.4289219105052503,True,0.8319574300198477,0.021933243380025082
936820-89-2,O=C(O)C1=CC=C(C=C1C(=O)O)C=2C=CC=CC2N(=O)=O,189.12168717322467,279.43318766666664,0.53272,-0.66379,234.45600000000005,6.675409157497389,-8.534578807082,-1.6563570079935,6.878221799088499,3.774782778913562,0,1,2.658200000000001,2,4,ok,False,16.674447460002746,1.2728016727997231,1.2728016727997231,14.179802021852954,19.169092898152538,18.18,0.5,1.0,0.0575475743635761,0.031319594328122216,17.94724913280247,1.5606074118802515,2.4824485263151033,0.6286565039867255,True,0.6735392548299076,0.02109497622533844
1804224-15-4,O=C(O)C1=CC=C(C=C1C(=O)O)C(=O)CCCl,189.34874448960983,217.39456933333332,0.53384,-0.6568,207.50400000000005,5.374691396722234,-9.163706029438,-1.3061464824,7.857559547038,3.4876544989392477,0,1,1.8946,2,3,ok,False,16.56350551520579,1.2728016727997231,1.2728016727997231,14.068860077055998,19.058150953355582,18.18,0.5,1.0,0.0481699565480422,0.025467569632023138,17.836307188005513,1.179884895932858,2.4824485263151033,0.4752907798190102,True,0.7977968200791461,0.020317946067572288
310873-87-1,O=C(O)C1=CC=C(OC2=CC=C(C=C2)NC(=O)C=3C=C(C=C(C3)N(=O)=O)N(=O)=O)C=C1C(=O)O,189.50153208348937,445.7116083333333,0.53322,-0.66059,369.3440000000001,5.665272898104734,-7.900009307716001,-2.115957301488,5.784052006228001,4.336042752065073,0,1,3.9440000000000026,3,8,ok,False,16.624759075772424,1.2728016727997231,1.2728016727997231,14.130113637622632,19.119404513922216,18.18,0.5,1.0,0.053183748151572986,0.028569689214987412,17.897560748572147,1.7471921340083623,2.4824485263151033,0.7038180713466229,True,0.6093515758777476,0.01740898514549007
61837-53-4,O=C(O)C=1C=C(C(=O)O)C(=CC1C(=O)O)N(=O)=O,186.03369820147367,200.1222323333333,0.53826,-0.64418,190.66400000000004,6.0247326861861685,-9.534325093819,-2.135005271023,7.399319822796001,4.6008712430667495,0,2,0.6894,3,5,ok,False,16.58589195788319,1.2728016727997231,1.2728016727997231,14.0912465197334,19.080537396032984,18.18,0.5,1.0,0.04995661559834894,0.026565825108760766,17.858693630682914,1.7861880730763944,2.4824485263151033,0.7195267310246212,True,0.5958783659871163,0.01583000045690787
309725-94-8,O=C(O)C=1C=C(C(=CC1C(=O)O)N2CCOCC2)N(=O)=O,187.26900605857747,272.3904196666667,0.53563,-0.65226,239.51200000000009,6.767912222391777,-7.712250750871,-1.7510526279675,5.9611981229035,3.755709380630238,0,2,0.8278000000000001,2,6,ok,False,16.44596561800519,1.2728016727997231,1.2728016727997231,13.951320179855397,18.94061105615498,18.18,0.5,1.0,0.0396116864142768,0.020321867927547935,17.718767290804912,1.2645612044491836,2.4824485263151033,0.5094007755021905,True,0.7714455780696582,0.015677215150822463
209324-71-0,O=C(O)C1=CC(NC(=O)C)=C(C=C1C(=O)O)N(=O)=O,189.36233099121688,228.26324466666665,0.53705,-0.649,210.82400000000004,10.86760293348998,-8.715534517664501,-1.784522631579,6.931011886085502,3.9767353580332423,0,2,0.9495999999999998,3,5,ok,False,16.45885617863639,1.2728016727997231,1.2728016727997231,13.964210740486596,18.95350161678618,18.18,0.5,1.0,0.04048526175235173,0.020838098577829547,17.73165785143611,1.4279564697498894,2.4824485263151033,0.575220978245023,True,0.7182919522752514,0.014967838509173326
59529-53-2,O=C(O)C1=CC=C(C=C1C(=O)O)NC(=O)C2=CC=C(C=C2)N(=O)=O,190.2202878193448,320.384405,0.53284,-0.66145,265.7440000000001,5.463555528225187,-8.240967962392501,-1.982621514743,6.258346447649501,4.175295450296295,0,1,2.2435,3,5,ok,False,16.545393333940815,1.2728016727997231,1.2728016727997231,14.050747895791023,19.040038772090607,18.18,0.5,1.0,0.04676215714085654,0.024607906301013185,17.818195006740538,1.776960250582174,2.4824485263151033,0.715809504908389,True,0.5990661533488547,0.014741763769717014
343234-33-3,O=C(O)C=1C=C(C(=O)OCC)C(=CC1C(=O)O)C(=O)OCC,188.4006221189446,264.812144,0.53496,-0.65359,262.75200000000007,2.0275664280116694,-9.282347668256,-1.305602254699,7.976745413556999,3.5134844400472387,0,2,1.4364,2,6,ok,False,16.349570999930798,1.2728016727997231,1.2728016727997231,13.854925561781005,18.84421643808059,18.18,0.5,1.0,0.03355442672603727,0.016802062393898684,17.62237267273052,1.1876924089920786,2.4824485263151033,0.4784358653974048,True,0.7954073725251681,0.013364484301734888
194853-58-2,O=C(O)C1=CC=C(C=C1C(=O)O)S(=O)(=O)C2=CC=C3C=C(Br)C=CC3=C2,189.70961061049508,393.685896,0.53605,-0.65174,308.51200000000006,7.578245293601943,-7.916608252596501,-1.2514515984495,6.665156654147001,3.15271364927576,0,1,3.831500000000002,2,4,ok,False,16.271621459260764,1.2728016727997231,1.2728016727997231,13.776976021110972,18.766266897410556,18.18,0.5,1.0,0.029233047374759083,0.014358134182473628,17.544423132060487,1.012324858189133,2.4824485263151033,0.40779288974495187,True,0.8467963577473446,0.012158415729766316
78164-32-6,O=C(O)C=1C=C(C(=CC1C(=O)O)C(F)(F)F)C(F)(F)F,186.69008834339607,177.13174133333334,0.53676,-0.64715,202.68000000000004,5.741281077425142,-9.596911279434,-1.3602971386495,8.2366141407845,3.644107101085007,0,2,3.1206000000000005,2,2,ok,False,16.216501796731293,1.2728016727997231,1.2728016727997231,13.721856358581501,18.711147234881086,18.18,0.5,1.0,0.02646493869244815,0.01282416070212486,17.489303469531016,1.39912132145183,2.4824485263151033,0.5636053705124181,True,0.7278567561541589,0.009334152009048241
24934-81-4,O=C(O)C1=CC=C(C=C1C(=O)O)NC(=O)C2=CC=CC(=C2)N(=O)=O,190.55385852542892,318.55121933333334,0.53292,-0.66129,265.24800000000005,2.5944183201635007,-8.215661374296001,-1.843299223287,6.372362151009002,3.969591099263954,0,1,2.2435,3,5,ok,False,16.22213074729655,1.2728016727997231,1.2728016727997231,13.727485309146758,18.716776185446342,18.18,0.5,1.0,0.026737192054849698,0.012973895692202517,17.494932420096273,1.7165502047185464,2.4824485263151033,0.6914746414768805,True,0.6199371482911712,0.00804299989765114
40415-14-3,O=C(O)C1=CC=C(C=C1C(=O)O)C(=O)C2=CC=C(Cl)C=C2,188.72486723689232,289.41827866666665,0.53492,-0.6565,245.80000000000007,3.872606700918646,-8.608593774417999,-1.3521337231345,7.256460051283499,3.4181988042140965,0,1,2.9674000000000005,2,3,ok,False,16.08372349713647,1.2728016727997231,1.2728016727997231,13.58907805898668,18.578368935286264,18.18,0.5,1.0,0.02068451231918092,0.009707196549482842,17.356525169936194,1.087943757772012,2.4824485263151033,0.4382543066812079,True,0.8252517090319726,0.008010880542369984
302927-78-2,O=C(O)C1=CC=C(OC2=CC=CC(=C2)NC(=O)C3=CC=C(C=C3)N(=O)=O)C=C1C(=O)O,189.7523186818669,423.73869766666667,0.53293,-0.66054,345.36000000000007,3.931486032024023,-7.974568502753,-1.965206228311,6.009362274441999,4.110216575080441,0,1,4.035800000000003,3,6,ok,False,16.200492396878886,1.2728016727997231,1.2728016727997231,13.705846958729094,18.695137835028678,18.18,0.5,1.0,0.025703254066502975,0.012406594791986247,17.47329406967861,1.6824949365966009,2.4824485263151033,0.6777562228426394,True,0.6316919038533941,0.007837145484487397
886845-79-0,O=C(O)C1=CC=C(C=C1C(=O)O)C(=O)C2=CC(OC)=CC=C2OC,190.14509384715925,320.8456356666666,0.53445,-0.65685,281.21600000000007,8.175813095955656,-7.365577705333999,-1.2884590821175002,6.077118623216499,3.080915371326289,0,1,2.3312,2,5,ok,False,15.971074914743845,1.2728016727997231,1.2728016727997231,13.476429476594053,18.465720352893637,18.18,0.5,1.0,0.016655416249544405,0.007611022118526982,17.243876587543568,0.7893158174015141,2.4824485263151033,0.3179585836461063,True,0.9038447582700225,0.006879182446907815
138472-63-6,O=C(O)C1=CC=C(C=C1C(=O)O)C(=O)C2=CC=C(C(=C2)C)C,189.77406859640945,312.6398543333334,0.53385,-0.6586,263.4800000000001,6.698152000365473,-8.2115796665385,-1.2451929798880002,6.966386686650499,3.209359202582518,0,1,2.9308400000000017,2,3,ok,False,15.973695540639394,1.2728016727997231,1.2728016727997231,13.479050102489602,18.468340978789186,18.18,0.5,1.0,0.01674090070155047,0.007654781663268349,17.246497213439117,0.9074835157617158,2.4824485263151033,0.36555985195341234,True,0.874910218462725,0.006697246697294573
53659-79-3,O=C(Cl)C1=CC=C(C(=O)O)C(=C1)C(=O)O,185.7120684374425,187.862513,0.53606,-0.65067,174.10400000000004,4.798223981849952,-9.3326887305985,-1.590777570023,7.7419111605754996,3.853122102086473,0,1,1.4620000000000002,2,3,ok,False,15.977548564039513,1.2728016727997231,1.2728016727997231,13.48290312588972,18.472194002189305,18.18,0.5,1.0,0.01686726724986021,0.0077195279310688855,17.250350236839235,1.3441222307341978,2.4824485263151033,0.5414501918109802,True,0.7458965881186411,0.005757969545670834
3885-88-9,O=C(O)C1=CC=C(C=C1C(=O)O)C(=O)C=2C=CC=CC2,188.4271952118536,273.57349200000004,0.5339,-0.65788,229.80800000000005,4.528789490581341,-8.741113219611501,-1.3412491691145,7.399864050497001,3.4343209092729623,0,1,2.314,2,3,ok,False,15.872041114583066,1.2728016727997231,1.2728016727997231,13.377395676433274,18.366686552732858,18.18,0.5,1.0,0.013687643746051976,0.0061126551419068975,17.14484278738279,1.0983367170054266,2.4824485263151033,0.44244088260543935,True,0.8222145283346725,0.00502591386437549
344751-59-3,O=C(O)C1=CC=C(C=C1)S(=O)(=O)C2=CC=C(C=C2)S(=O)(=O)C3=CC=C(C(=O)O)C(=C3)C(=O)O,189.71255888058184,446.3023586666666,0.53658,-0.65096,378.7920000000001,3.947759291040932,-9.150644564614002,-1.505333820966,7.645310743648001,3.713056249815924,0,1,2.4468000000000005,3,7,ok,False,15.854738915475624,1.2728016727997231,1.2728016727997231,13.360093477325833,18.349384353625414,18.18,0.5,1.0,0.013218950067948028,0.00587990384872384,17.127540588275348,1.3265509194595022,2.4824485263151033,0.5343719740399241,True,0.7515981997724677,0.004419325147536042
404837-77-0,O=C(O)C1=CC=C(OC=2C=CC=CC2NC(=O)C3=CC=C(C=C3)N(=O)=O)C=C1C(=O)O,189.04031732543825,422.132905,0.53292,-0.66053,345.3760000000001,7.786561389342538,-7.970758908846,-1.963573545208,6.007185363638,4.107204761195455,0,1,4.035800000000003,3,6,ok,False,15.819046042966969,1.2728016727997231,1.2728016727997231,13.324400604817178,18.31369148111676,18.18,0.5,1.0,0.012295717076693106,0.005424729966650124,17.091847715766693,1.6314927408919189,2.4824485263151033,0.6572111057278089,True,0.6492571359117562,0.003522044641241936
53879-50-8,O=C(O)C=1C=C(C(=O)O)C(=CC1C(=O)O)C(=O)OCCOC(=O)C(=C)C,190.1709487674809,305.79654,0.53552,-0.65227,301.3280000000001,2.542355722553396,-9.121800496461,-1.4155362503009998,7.706264246160001,3.602117127309426,0,2,1.0573,3,7,ok,False,15.730828146782164,1.2728016727997231,1.2728016727997231,13.236182708632374,18.225473584931954,18.18,0.5,1.0,0.010249932043217582,0.00443264290169779,17.00362981958189,1.306998623599825,2.4824485263151033,0.5264957600308867,True,0.757904579877463,0.0033595203561580817
37622-96-1,O=C(O)C=1C=C2C=CC=C(C2=CC1C(=O)O)N(=O)=O,186.16123830457065,258.275515,0.53356,-0.66147,206.6080000000001,6.547093230587143,-8.258383248824499,-1.8386732878285,6.419709960995998,3.970216385311189,0,2,2.1444,2,4,ok,False,15.76065562631619,1.2728016727997231,1.2728016727997231,13.266010188166398,18.255301064465982,18.18,0.5,1.0,0.010905693503284042,0.004748064342430303,17.033457299115913,1.55999867291546,2.4824485263151033,0.6284112868318324,True,0.6737469083982877,0.003198993671588565
143650-84-4,O=C(O)C=1C=C(C(=O)OC)C(=CC1C(=O)O)C(=O)OC,186.78840008193453,232.38398000000004,0.53468,-0.65295,229.06400000000005,2.4918891648707007,-9.3081984840535,-1.3548548616395,7.953343622414001,3.573990765741121,0,2,0.6562000000000001,2,6,ok,False,15.695198175509919,1.2728016727997231,1.2728016727997231,13.200552737360127,18.18984361365971,18.18,0.5,1.0,0.009511898031617016,0.004080729163681379,16.967999848309642,1.2423362508605584,2.4824485263151033,0.5004479398832319,True,0.7784518490646652,0.0031766511629998744
201352-97-8,O=C(O)C=1C=C2C(=O)C=3C=CC=C(N)C3C(=O)C2=CC1C(=O)O,186.32430020106148,334.63700033333333,0.5351,-0.65358,249.0480000000001,4.833242171669034,-7.4676203992715005,-2.211741376864,5.2558790224075,4.456440302082784,0,2,1.4406,3,5,ok,False,15.733778403106541,1.2728016727997231,1.2728016727997231,13.239132964956749,18.228423841256333,18.18,0.5,1.0,0.010313224424700004,0.0044629761093755126,17.006580075906264,1.504997720749968,2.4824485263151033,0.6062553582869074,True,0.6924317792778799,0.003090306488289556
1806504-77-7,O=C(O)C1=CC=C(C=C1C(=O)O)C(Br)C(=O)C,189.42456957382663,229.4911966666667,0.53332,-0.66181,212.5600000000001,3.89204333095098,-8.8053320883295,-1.1355310981365,7.669800990193,3.221099250762576,0,1,2.108,2,3,ok,False,15.597905685867751,1.2728016727997231,1.2728016727997231,13.103260247717959,18.092551124017543,18.18,0.5,1.0,0.007728215930723259,0.0032446949618470805,16.870707358667474,0.9515331292171213,2.4824485263151033,0.3833042736356584,True,0.8633611734930406,0.002801343649887252
24910-57-4,O=C(O)C1=CC=C(C=C1)C(=O)C2=CC=C(C(=O)O)C(=C2)C(=O)O,190.0566818625719,301.0091903333333,0.53399,-0.65699,257.9680000000001,5.990022590942375,-8.9511851121975,-1.545062443139,7.4061226690585,3.7189234389535466,0,1,2.0122,3,4,ok,False,15.635267863720047,1.2728016727997231,1.2728016727997231,13.140622425570257,18.129913301869838,18.18,0.5,1.0,0.008375004521535914,0.003545378395710612,16.908069536519772,1.3825876586002954,2.4824485263151033,0.5569451466744331,True,0.7333091571249222,0.0025998584430474577
28361-47-9,O=C(O)C1=CC=C(C=C1)S(=O)(=O)C2=CC=C(C(=O)O)C(=C2)C(=O)O,189.67167229753144,310.488147,0.53535,-0.65178,273.05600000000004,7.452522475645411,-9.1786722912155,-1.430230398228,7.7484418929875005,3.63133704261048,0,1,1.614,3,5,ok,False,15.574246467997423,1.2728016727997231,1.2728016727997231,13.07960102984763,18.068891906147215,18.18,0.5,1.0,0.007341755326011854,0.0030664575217359373,16.847048140797146,1.276360843125221,2.4824485263151033,0.5141540014204545,True,0.7677014662866126,0.0023541239357422914
55552-93-7,O=C(O)C1=CC=CC(=C1)C(=O)C2=CC=C(C(=O)O)C(=C2)C(=O)O,190.86135044866455,299.53962333333334,0.53382,-0.65719,257.77600000000007,7.782532839635179,-8.949280315244,-1.375807628128,7.573472687115999,3.5191069355715285,0,1,2.0122,3,4,ok,False,15.549717371159842,1.2728016727997231,1.2728016727997231,13.055071933010051,18.044362809309632,18.18,0.5,1.0,0.006959170777283918,0.002891100039684541,16.822519043959566,1.3697351885543838,2.4824485263151033,0.5517678107056629,True,0.7375305875892538,0.0021322747110478547
2961390-02-1,O=C(O)C1=CC=2OC3(CN(C(=O)OC(C)(C)C)C3)CC(F)(F)C2C=C1C(=O)O,190.92333288511608,331.272072,0.535,-0.65536,328.84800000000007,2.757991013400878,-8.418386192918499,-0.6549780381535001,7.763408154764999,2.6510888268565083,0,2,2.9468000000000014,2,5,ok,False,15.417906902986065,1.2728016727997231,1.2728016727997231,12.923261464836273,17.912552341135857,18.18,0.5,1.0,0.005189748374957948,0.0020954694893017094,16.690708575785788,0.7089261407860504,2.4824485263151033,0.28557536370688263,True,0.9216835935414897,0.0019313598490561495
203441-54-7,O=C(O)C1=CC=C(C=C1C(=O)O)CBr,190.36786346008796,194.3223333333333,0.53252,-0.66338,175.92800000000005,2.7057755745811587,-8.797985014366,-0.9205611562415,7.877423858124501,2.997494529027315,0,1,1.9779,2,2,ok,False,15.43203817886574,1.2728016727997231,1.2728016727997231,12.93739274071595,17.92668361701553,18.18,0.5,1.0,0.005358080540459579,0.002169991001209067,16.704839851665465,0.8675805930260699,2.4824485263151033,0.3494858337763358,True,0.885024148407477,0.0019204944378969431
2628557-83-3,O=C(O)C1=CC=C(C#CC(=O)C)C=C1C(=O)O,186.45505322327676,233.01602566666668,0.53393,-0.6576,197.7920000000001,5.568711016025162,-8.689139474166,-1.526558701305,7.162580772861,3.6425588946844094,0,1,1.0235,2,3,ok,False,15.369620583958827,1.2728016727997231,1.2728016727997231,12.874975145809035,17.86426602210862,18.18,0.5,1.0,0.004649514852123553,0.0018581314680404335,16.64242225675855,1.2749712777251356,2.4824485263151033,0.5135942454435006,True,0.7681432429619794,0.0014273111317102823
387360-86-3,O=C(O)C1=CC=C(N=NC2=CC=C(C=C2)N(C)C)C=C1C(=O)O,188.3401534740088,413.0011293333334,0.53262,-0.66285,274.7440000000001,8.075163890596896,-6.7712810558420005,-1.5921381392755,5.179142916566501,3.3763685304725533,0,1,3.5644000000000027,2,5,ok,False,15.3404832075319,1.2728016727997231,1.2728016727997231,12.845837769382108,17.835128645681692,18.18,0.5,1.0,0.004348345572911265,0.001727088172982753,16.613284880331623,1.122534894889974,2.4824485263151033,0.45218858839995457,True,0.8150755102014515,0.0014077072737568102
135989-69-4,O=C(O)C=1C=C(C(=O)O)C(=CC1C(=O)O)C(=O)C=2C=CC=CC2,189.90141560438417,298.68828433333334,0.53608,-0.64823,257.44000000000005,6.609028019308134,-8.778937044831,-1.303969571596,7.474967473235,3.4001822148260468,0,2,2.0122,3,4,ok,False,15.366635262645916,1.2728016727997231,1.2728016727997231,12.871989824496126,17.861280700795707,18.18,0.5,1.0,0.004617824356143149,0.0018442985235293495,16.63943693544564,1.3148693915103338,2.4824485263151033,0.5296663264402502,True,0.7553708809027888,0.0013931294003660774
2570271-86-0,O=C(O)C1=CC=C(C#CCCCC=C)C=C1C(=O)O,190.46469245039825,275.86700566666667,0.53299,-0.66224,239.40800000000004,2.0408675949213366,-8.174300069020001,-0.956208070657,7.218091998363,2.88740358628065,0,1,2.790800000000001,2,2,ok,False,15.288623044291608,1.2728016727997231,1.2728016727997231,12.793977606141816,17.7832684824414,18.18,0.5,1.0,0.0038551712490508833,0.001514599874329876,16.56142471709133,0.7607132677210181,2.4824485263151033,0.306436673170503,True,0.9103706682460028,0.001378847299719001
2477640-06-3,O=C(O)C1=CC=C(C#CC(Br)C)C=C1C(=O)O,189.1845261151729,254.62854033333332,0.53325,-0.66131,214.8640000000001,2.8931291191372703,-8.336479923918,-1.143966627502,7.192513296416001,3.1240424282259456,0,1,2.2179,2,2,ok,False,15.265467521632559,1.2728016727997231,1.2728016727997231,12.770822083482766,17.76011295978235,18.18,0.5,1.0,0.0036516312979004532,0.001427707008600813,16.53826919443228,0.8357775378132161,2.4824485263151033,0.33667466976800825,True,0.892838260952877,0.0012747114427093841
748801-94-7,O=C(O)C1=CC(Cl)=C(C=C1C(=O)O)C2=CC(Cl)=CC=C2Cl,189.67221301614012,296.59027066666664,0.53395,-0.6565,256.56800000000004,1.3447979067503042,-8.354983665752,-0.8977035927995,7.4572800729525,2.8700887142175397,0,2,4.710200000000001,2,2,ok,False,15.223824662803477,1.2728016727997231,1.2728016727997231,12.729179224653684,17.71847010095327,18.18,0.5,1.0,0.003309712242112523,0.001282866646832687,16.4966263356032,0.6177426286152486,2.4824485263151033,0.24884408360007906,True,0.9399549053105049,0.0012058367975496232
2576463-79-9,O=C(O)C1=CC=C(C#CCCCCC#C)C=C1C(=O)O,190.47450272477107,282.957123,0.53263,-0.66268,251.08800000000005,2.553489937321077,-8.157973237990001,-0.9379764426735,7.219996795316501,2.8648316245386773,0,1,2.6281000000000008,2,2,ok,False,15.207555043379955,1.2728016727997231,1.2728016727997231,12.712909605230163,17.702200481529747,18.18,0.5,1.0,0.003184144566393151,0.001230046280315913,16.480356716179678,0.7657387699051383,2.4824485263151033,0.3084610866199049,True,0.9092381372347573,0.001118404988626983
752993-36-5,O=C(OCCCCOC(=O)C1=CC=C(C(=O)O)C(=C1)C(=O)O)C=C,187.5985112685502,296.3104216666667,0.53407,-0.65681,290.24000000000007,4.50206442201797,-9.1656108263915,-1.146143538306,8.019467288085501,3.314817376829864,0,1,1.7492,2,6,ok,False,15.213454754927406,1.2728016727997231,1.2728016727997231,12.718809316777616,17.708100193077197,18.18,0.5,1.0,0.0032291739370036983,0.0012489643652144732,16.48625642772713,0.986640638576709,2.4824485263151033,0.39744656459856537,True,0.8538807160453142,0.0010664665864844158
2631423-45-3,O=C(O)C1=CC=C(C#CC(Cl)C)C=C1C(=O)O,189.13789679471617,241.3896513333333,0.53339,-0.66096,210.33600000000004,2.6404762411352998,-8.415937168264,-1.099884183721,7.316052984542999,3.0942523309428283,0,1,2.0618,2,2,ok,False,15.191193195390063,1.2728016727997231,1.2728016727997231,12.696547757240271,17.685838633539856,18.18,0.5,1.0,0.003062204903301375,0.0011789512146341344,16.463994868189786,0.7998966624085292,2.4824485263151033,0.3222208452377781,True,0.9013818780938901,0.001062685260027989
61776-90-7,O=C(O)C1=CC=C(N=NC2=CC=C(C=C2)N(CC)CC)C=C1C(=O)O,188.54486931657632,458.063815,0.53286,-0.66389,307.76000000000005,9.054487944660371,-6.662979743343,-1.5608450464680002,5.102134696875,3.31387243730224,0,1,4.344600000000003,2,5,ok,False,15.221729267658443,1.2728016727997231,1.2728016727997231,12.72708382950865,17.716374705808235,18.18,0.5,1.0,0.0032932941422706883,0.001275948705892191,16.494530940458166,1.0849823867951258,2.4824485263151033,0.43706138326487354,True,0.8261138741952705,0.0010540789286990395
351188-28-8,O=C(O)C1=CC=C(OC2=CC=CC(=C2)NC(=O)C3=CC=C(OC4=CC=C(C=C4)N(=O)=O)C=C3)C=C1C(=O)O,190.01552060118792,535.132696,0.53315,-0.66117,425.6160000000001,5.965043997323071,-7.828715478885001,-1.693092377811,6.135623101074001,3.694197939080033,0,1,5.8281000000000045,3,7,ok,False,15.264583835157094,1.2728016727997231,1.2728016727997231,12.769938397007301,17.759229273306886,18.18,0.5,1.0,0.003644058224935773,0.0014244834585594134,16.537385507956817,1.5037588396464998,2.4824485263151033,0.6057563021774511,True,0.6928507315181461,0.0009869544062983883
856806-22-9,O=C(O)C1=CC(O)=C(C=C1C(=O)O)N(=O)=O,186.787491765614,185.98736833333336,0.53652,-0.64852,171.19200000000004,8.621060246280617,-8.7405689919105,-1.811189788928,6.9293792029825,4.016940410804777,0,2,0.6968,3,5,ok,False,15.236605552490548,1.2728016727997231,1.2728016727997231,12.741960114340756,17.73125099064034,18.18,0.5,1.0,0.0034114578412078466,0.001325814964225144,16.50940722529027,1.360162682089006,2.4824485263151033,0.5479117362034508,True,0.740664686705249,0.0009819843251069472
777879-60-4,O=C(O)C1=CC=C(OC2=CC=CC(=C2)NC(=O)C3=CC=C4C(=O)N(C(=O)C4=C3)C5=CC=C(C(=C5)C)C)C=C1C(=O)O,190.4075239757505,585.1838103333333,0.533,-0.66078,466.7360000000001,4.2305697181349,-7.918240935699501,-1.6041111486975002,6.314129787002001,3.590169678087708,0,1,5.545040000000004,3,6,ok,False,15.239892312402114,1.2728016727997231,1.2728016727997231,12.745246874252324,17.734537750551905,18.18,0.5,1.0,0.003438073232825573,0.0013370712953955158,16.51269398520184,1.4634494031978176,2.4824485263151033,0.5895185288575278,True,0.7064293401040159,0.0009445463928782759
946127-80-6,O=C(O)C1=CC=C(OC2=NC=CC=N2)C=C1C(=O)O,190.08932763498944,233.49341533333333,0.53387,-0.65935,210.75200000000004,4.046900878450076,-8.789821598850999,-0.7336189409480001,8.056202657902999,2.8144748700591555,0,1,1.6652999999999998,2,5,ok,False,15.109298266547105,1.2728016727997231,1.2728016727997231,12.614652828397315,17.603943704696896,18.18,0.5,1.0,0.002512807111530104,0.0009513371870923226,16.38209993934683,0.6170675693971465,2.4824485263151033,0.24857215078417322,True,0.9400820557795155,0.0008943350185812522
29639-50-7,O=C(O)C1=CC=C(C=C1C(=O)O)C(=O)OCCCC,187.59113504368665,240.27286566666663,0.53485,-0.65666,234.05600000000007,3.913198238014527,-9.1612570047835,-1.1164831286015,8.044773876182001,3.2826262078706487,0,1,2.0399000000000003,2,4,ok,False,15.140117810883313,1.2728016727997231,1.2728016727997231,12.645472372733522,17.634763249033103,18.18,0.5,1.0,0.0027081397146504075,0.0010317568601966118,16.412919483683037,0.9596286346737397,2.4824485263151033,0.3865653706416194,True,0.8611963207139821,0.0008885452118727325
2582759-19-9,O=C(O)C=1C=CC(=CC1C(=O)O)C=2C=CN=CC2,189.32579174827328,247.792903,0.53302,-0.66314,206.3520000000001,2.412959813175512,-8.530224985474,-1.0359374288535,7.4942875566205,3.0527072335398437,0,1,2.1450000000000005,2,3,ok,False,15.037035753026053,1.2728016727997231,1.2728016727997231,12.542390314876261,17.531681191175846,18.18,0.5,1.0,0.0021038106518102497,0.0007849290216991661,16.309837425825776,0.8401813125356353,2.4824485263151033,0.3384486339311066,True,0.8917695981456266,0.0006999758382535052
2623801-47-6,O=C(O)C1=CC=C(C#CCCCCCC#C)C=C1C(=O)O,190.03378122405445,300.48668,0.53295,-0.6625,267.68800000000005,3.551076774726224,-8.157429010289,-0.9499494520955,7.2074795581935005,2.877023160017621,0,1,3.018200000000001,2,2,ok,False,15.018243865197707,1.2728016727997231,1.2728016727997231,12.523598427047915,17.5128893033475,18.18,0.5,1.0,0.002007849224592009,0.0007463024624818869,16.29104553799743,0.7382672529257894,2.4824485263151033,0.29739478788777085,True,0.9153546804915348,0.0006831314520951532
847802-80-6,O=C(O)C=1C=C(C(=O)O)C(=CC1C(=O)O)C(=O)C2=CC=C(C=C2)C,189.8445593428128,319.68503200000004,0.53553,-0.65175,274.3520000000001,8.502127516098543,-8.4869588832445,-1.3526779508355,7.134280932408999,3.3927193904982538,0,2,2.320620000000001,3,4,ok,False,15.075908757663516,1.2728016727997231,1.2728016727997231,12.581263319513724,17.57055419581331,18.18,0.5,1.0,0.0023156393521392947,0.0008707680176588961,16.34871043046324,1.223098932127,2.4824485263151033,0.49269860750850836,True,0.7844661016779698,0.0006830879922787278
26363-45-1,O=C(O)C1=CC=2C=C3C(=O)OC(=O)C3=CC2C=C1C(=O)O,185.07103091319857,284.9048453333333,0.53382,-0.65979,220.5840000000001,7.950800247773805,-8.350629844144,-1.7641140927915,6.586515751352501,3.883238451557834,0,2,1.5468,2,5,ok,False,15.087051628401241,1.2728016727997231,1.2728016727997231,12.592406190251449,17.581697066551033,18.18,0.5,1.0,0.0023798241608048594,0.0008969270139781299,16.359853301200964,1.5181990467748714,2.4824485263151033,0.6115732232436076,True,0.6879619090127189,0.0006170516207814719
1354219-93-4,O=C(O)C1=CC=C(C#CC2CCCCC2)C=C1C(=O)O,189.8927496032925,288.6699673333333,0.53307,-0.66246,250.75200000000007,2.5843576784183724,-8.140557951558,-0.9510379074975,7.1895200440605,2.874222297101769,0,1,3.014800000000001,2,2,ok,False,14.939842007286831,1.2728016727997231,1.2728016727997231,12.445196569137039,17.434487445436623,18.18,0.5,1.0,0.0016488967495981402,0.0006033743958772384,16.212643680086554,0.7260080278521489,2.4824485263151033,0.2924564276584702,True,0.9180249022654469,0.0005539127208046748
861555-35-3,O=C(O)C1=CC=C(C=C1C(=O)O)S(=O)(=O)C,186.53716841320133,199.231643,0.53673,-0.65133,190.56800000000004,8.490443746353897,-9.3724173527715,-1.056345967641,8.3160713851305,3.269545779382294,0,1,0.4865000000000001,2,4,ok,False,14.919989881320648,1.2728016727997231,1.2728016727997231,12.425344443170857,17.414635319470438,18.18,0.5,1.0,0.0015678053099963157,0.0005714513732873504,16.192791554120372,1.1703066347932256,2.4824485263151033,0.4714323871723557,True,0.8007163650568142,0.0004575704664253719
101439-04-7,O=C(O)C=1C=C2C(=O)OC(=CC=3C=CC=CC3)C2=CC1C(=O)O,185.3529968077709,357.9635016666667,0.53583,-0.65375,255.49600000000007,7.53375929798663,-7.5835408995845,-1.6492820478805,5.9342588517040005,3.5912243512413724,0,2,2.751500000000001,2,4,ok,False,14.92749824988973,1.2728016727997231,1.2728016727997231,12.432852811739938,17.422143688039522,18.18,0.5,1.0,0.001598037861590559,0.000583336202651258,16.200299922689453,1.3131896503815113,2.4824485263151033,0.5289896795285354,True,0.7559121743485193,0.00044095093732232095
85218-61-7,O=C(O)C1=CC=C(OC2=CC=C(C=C2)C(=O)C=3C=CC=CC3)C=C1C(=O)O,189.17982640518,384.8448916666666,0.53323,-0.65983,310.1760000000001,3.801911795399783,-8.107360061797,-0.9913107573715,7.116049304425499,2.9084189532000404,0,1,4.106300000000003,2,4,ok,False,14.83048364473916,1.2728016727997231,1.2728016727997231,12.335838206589369,17.325129082888953,18.18,0.5,1.0,0.0012454562279432804,0.0004460541183401775,16.103285317538884,0.6428685644284189,2.4824485263151033,0.2589655163495696,True,0.9351361562306438,0.0004171213336954823
413608-47-6,O=C(O)C1=CC=C(C=C1C(=O)O)C(=O)C=2C=CC=C(C2)NC(=O)C3=CC=CC(=C3)N(=O)=O,187.7885420477372,439.6996816666667,0.53416,-0.65776,356.3040000000001,4.603674081643921,-8.028447045152001,-1.837856946277,6.190590098875001,3.931125825508052,0,1,3.474500000000001,3,6,ok,False,14.914631566414275,1.2728016727997231,1.2728016727997231,12.419986128264483,17.409277004564068,18.18,0.5,1.0,0.0015465498098451074,0.0005631076436757873,16.187433239214,1.3717402906610672,2.4824485263151033,0.5525755221588626,True,0.7368730104411895,0.00041493882459782205
144876-16-4,O=CC1=CC=C(C(=O)O)C(=C1)C(=O)O,185.5693513800023,172.39611866666667,0.53445,-0.65519,158.84800000000004,5.014299239175899,-9.1852030236275,-1.3684605541645,7.816742469463001,3.5622196633806045,0,1,0.8955,2,3,ok,False,14.870337068020273,1.2728016727997231,1.2728016727997231,12.37569162987048,17.364982506170065,18.18,0.5,1.0,0.0013806531820609656,0.0004983415502144567,16.143138740819996,1.2702036993764785,2.4824485263151033,0.5116737309602722,True,0.7696572393398179,0.00038355218178638396
61415-66-5,O=C(O)C=1C=C(C(=O)O)C(=CC1C(=O)O)C(=O)C2=CC=C(OC)C=C2,190.1983584284452,328.5565363333333,0.53593,-0.65187,282.75200000000007,5.281860900288836,-8.00558948171,-1.3036974577455,6.701892023964501,3.232774528865485,0,2,2.0208000000000004,3,5,ok,False,14.857424315433082,1.2728016727997231,1.2728016727997231,12.36277887728329,17.352069753582875,18.18,0.5,1.0,0.00133544709675617,0.00048080686436760556,16.130225988232805,1.2388262489398199,2.4824485263151033,0.49903401251131224,True,0.7795527309371562,0.00037481430417109777
2748603-81-6,O=C(O)C1=CC=C(C=C1C(=O)O)CCC(F)(F)F,190.6610898967089,197.81923933333331,0.53231,-0.66558,204.70400000000004,1.6590069077613874,-8.7759437924755,-0.6593318597615001,8.116611932714001,2.742043951703648,0,1,2.5779000000000005,2,2,ok,False,14.801797494729243,1.2728016727997231,1.2728016727997231,12.30715205657945,17.296442932879035,18.18,0.5,1.0,0.0011557616272518873,0.0004116279391239942,16.074599167528966,0.7889615488351385,2.4824485263151033,0.31781587431593483,True,0.9039267686812987,0.0003720815129112944
2609836-22-6,O=C(O)C1=CC=C(C#CCOCC)C=C1C(=O)O,189.06902953020648,243.55615233333333,0.53283,-0.66214,220.50400000000005,2.687121128643069,-8.3721268383335,-1.0021953113915,7.369931526942,2.980961066109384,0,1,1.471,2,3,ok,False,14.79294797446242,1.2728016727997231,1.2728016727997231,12.29830253631263,17.28759341261221,18.18,0.5,1.0,0.0011293096455917853,0.000401517460583597,16.065749647262145,0.7461177300321242,2.4824485263151033,0.3005571805912312,True,0.9136254178708203,0.00036683655770811943
1803746-90-8,O=C(O)C1=CC=C(C=C1C(=O)O)CCC(=O)OC,190.7904930641273,222.51841666666667,0.53163,-0.66666,217.97600000000008,3.3941362759912868,-8.718527770020001,-0.6729375522865,8.045590217733501,2.7406199704803016,0,1,1.1886,2,4,ok,False,14.792017363709759,1.2728016727997231,1.2728016727997231,12.297371925559968,17.28666280185955,18.18,0.5,1.0,0.001126560445612898,0.0004004677925779753,16.064819036509483,0.846986906495158,2.4824485263151033,0.34119011835158103,True,0.8901095830074737,0.00035646021985950507
1301739-50-3,O=C(O)C1=CC(Cl)=C(C=C1C(=O)O)C(F)(F)F,185.8486621613127,179.24709366666664,0.53607,-0.64854,186.26400000000004,4.477490518136247,-9.078262280381,-1.148864676811,7.929397603570001,3.297669351056144,0,2,2.7552000000000003,2,2,ok,False,14.819443148885613,1.2728016727997231,1.2728016727997231,12.324797710735822,17.314088587035403,18.18,0.5,1.0,0.001210207239635892,0.0004324990991821081,16.092244821685338,1.3052918973336611,2.4824485263151033,0.5258082427478206,True,0.7584531049511686,0.0003280302846632533
1806530-78-8,O=C(O)C1=CC=C(C=C1C(=O)O)CCC(=O)OCC,190.82055813018405,238.12110833333332,0.53182,-0.66637,234.24000000000007,3.432095702336985,-8.709275899103,-0.6430050287315,8.0662708703715,2.710830071254123,0,1,1.5787,2,4,ok,False,14.75397144222539,1.2728016727997231,1.2728016727997231,12.2593260040756,17.24861688037518,18.18,0.5,1.0,0.001019279739998798,0.0003596787626100441,16.026773115025115,0.8166688958392048,2.4824485263151033,0.32897717200664445,True,0.8974247737319145,0.00032278463215149386
777882-06-1,O=C(O)C1=CC=C(OC2=CC=C(C=C2)NC(=O)C3=CC=C4C(=O)N(C(=O)C4=C3)C5=CC=C(N=NC=6C=CC=CC6)C=C5)C=C1C(=O)O,189.78500611058783,678.4238026666667,0.53251,-0.66156,524.8240000000001,1.6268006976885645,-7.740006363622001,-1.618533182774,6.121473180848001,3.5768457956931368,0,1,7.343600000000005,3,8,ok,False,14.825594586192075,1.2728016727997231,1.2728016727997231,12.330949148042283,17.320240024341867,18.18,0.5,1.0,0.0012297326378726534,0.00044000352116993664,16.098396258991798,1.4463978827565975,2.4824485263151033,0.5826496974354596,True,0.712140062500283,0.0003133441350663033
328265-20-9,O=C(O)C1=CC=C(C=C1C(=O)O)C(=O)C2=CC=C(C=C2)NC(=O)C(C=3C=CC=CC3)C=4C=CC=CC4,190.92327815976984,531.0394213333333,0.53366,-0.65861,420.8720000000001,10.323534233003734,-7.958241671723,-1.3113166455595,6.6469250261635,3.2317466745632744,0,1,5.084600000000004,3,4,ok,False,14.772372876590802,1.2728016727997231,1.2728016727997231,12.277727438441012,17.267018314740593,18.18,0.5,1.0,0.0010699391873401612,0.00037889761905762244,16.045174549390527,1.3380893754060494,2.4824485263151033,0.539019988217956,True,0.7478577090108864,0.0002833615053381131
905273-60-1,O=C(O)C1=CC(F)=C(C=C1C(=O)O)C(F)(F)F,186.35540961711004,160.61458199999998,0.53699,-0.6482,176.52000000000004,4.875489196993467,-9.2505103477475,-0.956208070657,8.2943022770905,3.1400200219475614,0,2,2.2409000000000003,2,2,ok,False,14.718798339544708,1.2728016727997231,1.2728016727997231,12.224152901394916,17.2134437776945,18.18,0.5,1.0,0.0009285221587608378,0.0003254464181311049,15.991600012344431,1.2715261310685844,2.4824485263151033,0.5122064435938224,True,0.7692375566518367,0.0002503456075042631
106860-70-2,O=NC1=CC=CC(C(=O)O)=C1C(=O)O,179.6068542347105,171.63019766666665,0.5383,-0.64624,154.33600000000004,3.954174306982432,-8.6850577664085,-2.1897001549735,6.495357611435,4.551726283725494,1,0,1.4809,2,4,ok,False,14.801199593864322,1.2728016727997231,1.2728016727997231,12.30655415571453,17.295845032014114,18.18,0.5,1.0,0.0011539567299090538,0.00041093744795098197,16.074001266664045,1.8308219423052499,2.4824485263151033,0.737506507344539,True,0.5804707606429587,0.00023853717298878273
328265-70-9,O=C(O)C1=CC=C(C=C1C(=O)O)C(=O)C2=CC=C(C=C2)NC(=O)C,190.8172495932788,333.762337,0.53366,-0.65853,278.09600000000006,10.475618987916656,-7.9971539523445,-1.2939013591275002,6.703252593217,3.219470980706544,0,1,2.2724,3,4,ok,False,14.691661907916501,1.2728016727997231,1.2728016727997231,12.197016469766709,17.186307346066293,18.18,0.5,1.0,0.0008636421064694043,0.00030113971419280534,15.964463580716224,1.3257959463780336,2.4824485263151033,0.5340678496750216,True,0.7518424627094318,0.00022640962433833318
1803862-56-7,O=C(O)C1=CC=C(C=C1C(=O)O)CC(=O)C,189.93079311890176,202.15430433333336,0.53239,-0.66437,192.47200000000004,4.731353220802691,-8.585736210976,-0.7496736581275001,7.8360625528484995,2.78041034117559,0,1,1.2145,2,3,ok,False,14.59588001558436,1.2728016727997231,1.2728016727997231,12.101234577434568,17.090525453734152,18.18,0.5,1.0,0.0006665346857467357,0.00022823311530252664,15.868681688384083,0.7179541885518856,2.4824485263151033,0.2892121149507186,True,0.9197589561671616,0.00020991945189343135
869705-60-2,O=C(O)C=1C=C(C(=O)O)C(=CC1C(=O)O)C(=O)C2=CC=C(C(=C2)C)C,189.56202272115257,337.895536,0.5364,-0.65183,290.9200000000001,5.273434862591933,-8.2491313779075,-1.300159977689,6.9489714002185,3.280664149488468,0,2,2.6290400000000007,3,4,ok,False,14.644011937803182,1.2728016727997231,1.2728016727997231,12.14936649965339,17.138657375952974,18.18,0.5,1.0,0.0007597114030073837,0.00026251202931107994,15.916813610602905,1.1895841856674392,2.4824485263151033,0.4791979261834823,True,0.7948271157368768,0.00020865167910356013
808116-16-7,O=C(O)C1=CC=C(OC2=CC=C(C=C2)C(F)(F)F)C=C1C(=O)O,190.0937686367492,270.627013,0.53294,-0.66014,251.17600000000007,2.426888530608689,-8.197429746312501,-0.6797403985489999,7.517689347763501,2.620624042022449,0,1,3.8941000000000017,2,3,ok,False,14.576821131916223,1.2728016727997231,1.2728016727997231,12.08217569376643,17.071466570066015,18.18,0.5,1.0,0.000632645966885096,0.00021585524085902634,15.849622804715946,0.49552091637158685,2.4824485263151033,0.19960974462061784,True,0.9609392858076128,0.000207423780988903
830320-86-0,N#CC1=CC=C(C(=O)O)C(=C1)C(=O)O,185.79832377011144,170.580072,0.53599,-0.65279,157.37600000000003,5.715043180939231,-9.1974481469,-1.1665520770935,8.0308960698065,3.343727141693835,0,1,0.95468,2,3,ok,False,14.614537481116923,1.2728016727997231,1.2728016727997231,12.11989204296713,17.109182919266715,18.18,0.5,1.0,0.0007013248187049964,0.0002409909727695181,15.887339153916646,1.1927447280523473,2.4824485263151033,0.48047108143782286,True,0.7938565829177447,0.00019131227015683293
4445-58-3,O=C(O)C=1C=CC(=CC1C(=O)O)C=2C=CC=CC2,189.97842104877367,259.40767,0.53253,-0.66461,210.21600000000004,1.9282532665601788,-8.0085827340655,-0.872397004703,7.1361857293625,2.7630937629569834,0,1,2.750000000000001,2,2,ok,False,14.561504919188646,1.2728016727997231,1.2728016727997231,12.066859481038854,17.05615035733844,18.18,0.5,1.0,0.0006065727690977899,0.00020636646530750903,15.83430659198837,0.7134879004934199,2.4824485263151033,0.2874129686598203,True,0.9207136394746496,0.00019000441933879564
1806542-23-3,O=C(O)C1=CC=C(C=C1C(=O)O)C(=O)CC,186.2530154978598,203.482896,0.53387,-0.65809,191.91200000000003,5.198422393380515,-9.1052015515805,-1.2242402133995,7.8809613381810015,3.3846558369470414,0,1,1.6757,2,3,ok,False,14.590397206515267,1.2728016727997231,1.2728016727997231,12.095751768365474,17.08504264466506,18.18,0.5,1.0,0.0006566179397317677,0.00022460588136532502,15.86319887931499,1.0946321967481933,2.4824485263151033,0.44094859778343254,True,0.8232991427727319,0.000184917829589786
2637372-92-8,O=C(O)C1=CC=C(C=C1C(=O)O)S(=O)(=O)N2CCN(C3=CC(F)=CC=C3F)CC2,188.36954115741463,366.4613706666667,0.53511,-0.65331,334.92800000000005,8.560731277758928,-7.1911527271635,-1.069951660166,6.1212010669975,2.787273484051304,0,1,1.8721,2,5,ok,False,14.552680300484143,1.2728016727997231,1.2728016727997231,12.058034862334353,17.047325738633933,18.18,0.5,1.0,0.0005920047358376613,0.00020107821116959997,15.825481973283866,0.7429466101030904,2.4824485263151033,0.29927976440498666,True,0.9143257437858727,0.00018385098498677728
2733442-60-7,N#CC1=CC=C(SC2=CC=C(C(=O)O)C(=C2)C(=O)O)C=C1,189.06245213001395,308.2012036666667,0.53376,-0.65925,247.16000000000005,5.761225130126404,-7.769394659476,-0.9445071750855,6.8248874843905005,2.781440915914068,0,1,3.105880000000001,2,4,ok,False,14.493948273454833,1.2728016727997231,1.2728016727997231,11.999302835305041,16.988593711604626,18.18,0.5,1.0,0.000502990990522297,0.0001689881749195308,15.766749946254556,0.5719300478568451,2.4824485263151033,0.23038948916528254,True,0.9483047930755608,0.00016025229624928234
1005239-58-6,O=C(O)C1=CC=C(OC2=CC=C(C=C2)N3C(=O)C4C5C=CC(C5)C4C3=O)C=C1C(=O)O,190.12593317736187,405.2920456666668,0.53322,-0.66026,351.00000000000006,5.253307516222518,-8.2442333285985,-0.617154212934,7.6270791156645,2.5738617618360085,0,1,3.1868000000000007,2,5,ok,False,14.469592540654087,1.2728016727997231,1.2728016727997231,11.974947102504295,16.96423797880388,18.18,0.5,1.0,0.00046985103515313396,0.00015714527976042015,15.74239421345381,0.4644681559515532,2.4824485263151033,0.18710082043110896,True,0.9655989303019807,0.00015173931403866721
2562960-10-3,O=C(O)C1=CC=C(C#CCCCCCCC#C)C=C1C(=O)O,189.08616923260828,316.4027623333333,0.53287,-0.66241,284.77600000000007,2.6688511030029383,-8.138653154604501,-0.9352553041685,7.2033978504360014,2.857533917594482,0,1,3.408300000000001,2,2,ok,False,14.477484279124145,1.2728016727997231,1.2728016727997231,11.982838840974352,16.972129717273937,18.18,0.5,1.0,0.0004803607516652421,0.00016089454958948457,15.750285951923868,0.6703478611106903,2.4824485263151033,0.2700349489645778,True,0.9296762481958122,0.00014957984121750706
66421-08-7,O=C(O)C1=CC=C(OC2=CC=C(NC(=O)C)C(=C2)N(=O)=O)C=C1C(=O)O,188.3945888488097,331.2336033333333,0.53289,-0.66021,291.0880000000001,9.639312911717308,-8.359881715061,-1.6356763553555,6.7242053597055005,3.7146092286897465,0,1,2.7419,3,6,ok,False,14.528286317586842,1.2728016727997231,1.2728016727997231,12.033640879437051,17.022931755736632,18.18,0.5,1.0,0.0005533993023732229,0.00018711261924455897,15.801087990386565,1.3797043610725899,2.4824485263151033,0.5557836734365628,True,0.7342575020502958,0.00013738884440859798
1170416-53-1,O=C(O)C1=CC=C(C=C1C(=O)O)C(=O)OCC,186.2571584886825,207.38344633333332,0.53412,-0.6571,200.83200000000005,3.845013602056565,-9.1628896878865,-1.1428781721,8.0200115157865,3.3107449713404526,0,1,1.2597,2,4,ok,False,14.477550065394054,1.2728016727997231,1.2728016727997231,11.982904627244263,16.972195503543844,18.18,0.5,1.0,0.00048044926959809367,0.00016092615364309915,15.750351738193777,1.0366531111860726,2.4824485263151033,0.41759299344863343,True,0.8399743627238454,0.00013517384335196185
51419-12-6,O=C(O)C1=CC=C(OS(=O)(=O)C=2C=CC=CC2)C=C1C(=O)O,187.52323133151947,284.67329466666666,0.53371,-0.65803,253.9120000000001,6.1861309289409645,-9.072820003371,-0.894710340444,8.178109662927,3.0371218181768103,0,1,1.8507,2,5,ok,False,14.401628961305391,1.2728016727997231,1.2728016727997231,11.9069835231556,16.896274399455184,18.18,0.5,1.0,0.0003877691882434593,0.00012808453560323677,15.674430634105114,0.7431094952811048,2.4824485263151033,0.2993453791302419,True,0.9142898310337791,0.00011710638841472341
777881-65-9,O=C(O)C1=CC=C(C=C1C(=O)O)NC(=O)C2=CC=C3C(=O)N(C(=O)C3=C2)C4=CC=C(N=NC=5C=CC=CC5)C=C4,188.79721218333688,576.8308666666667,0.53291,-0.66119,444.9920000000001,8.83827626463441,-7.7190535971335,-1.664792537359,6.0542610597745,3.6361402079641088,0,1,5.551300000000004,3,7,ok,False,14.478219246240176,1.2728016727997231,1.2728016727997231,11.983573808090384,16.972864684389968,18.18,0.5,1.0,0.00048135053674318204,0.0001612479625599612,15.751020919039899,1.4082624866857023,2.4824485263151033,0.567287688649923,True,0.7248320387232864,0.00011687768944231284
1785296-46-9,O=C(O)C=1C=C2N=CC=NC2=CC1C(=O)O,185.5298131652912,210.90084066666668,0.53356,-0.66071,174.33600000000004,1.5405186496761407,-8.7819302971865,-1.439482269145,7.342448028041501,3.557303860107383,0,2,1.0262,2,4,ok,False,14.457358858838916,1.2728016727997231,1.2728016727997231,11.962713420689123,16.952004296988708,18.18,0.5,1.0,0.00045397930247466833,0.0001514948717667357,15.730160531638639,1.3232124467625699,2.4824485263151033,0.5330271434577215,True,0.7526778719079378,0.00011402683768635254
97325-48-9,O=C(O)C1=CC=C(OCC#C)C=C1C(=O)O,190.3238037010164,200.1310383333333,0.53259,-0.66157,187.06400000000005,2.994346556429299,-8.306003172662,-0.546404611804,7.759598560858,2.524780211497475,0,1,1.095,2,3,ok,False,14.361896043931303,1.2728016727997231,1.2728016727997231,11.86725060578151,16.856541482081095,18.18,0.5,1.0,0.00034616625793413577,0.00011351835575708997,15.634697716731026,0.4353226411639123,2.4824485263151033,0.17536018835810321,True,0.9697168128146744,0.00011008065814072763
213611-99-5,O=C(O)C1=CC=C(C=C1C(=O)O)C(=O)C,185.73104376777007,187.583573,0.53414,-0.65743,175.32000000000005,5.357903211145196,-9.1166303333015,-1.241383385981,7.875246947320501,3.405875680042917,0,1,1.2856,2,3,ok,False,14.413748326578535,1.2728016727997231,1.2728016727997231,11.919102888428743,16.908393764728327,18.18,0.5,1.0,0.000401354527684757,0.00013286593637052107,15.686549999378258,1.1503405911686198,2.4824485263151033,0.46338950394116013,True,0.8067593710100992,0.00010719083925494944
39995-21-6,O=C(O)C1=CC=C(C=C1C(=O)O)C(=O)C=2C=CC=C(N)C2,190.8728850050313,291.2964193333333,0.53388,-0.65821,241.9360000000001,7.792449040577679,-7.365033477633,-1.2987994084365,6.066234069196501,3.0934348815723185,0,1,1.8962,3,4,ok,False,14.430604361191843,1.2728016727997231,1.2728016727997231,11.935958923042051,16.925249799341636,18.18,0.5,1.0,0.000420984803706375,0.00013979540495376373,15.703406033991566,1.3065844123898835,2.4824485263151033,0.526328904120059,True,0.7580377326839992,0.00010597019181079257
1344895-99-3,O=C(O)C1=CC=2OCC(=O)C2C=C1C(=O)O,185.7225425619979,193.5522213333333,0.53523,-0.6524,173.53600000000003,4.3274417904808375,-8.507367422031999,-1.23539688127,7.271970540761999,3.263264604058382,0,2,0.6581,2,4,ok,False,14.40209195122175,1.2728016727997231,1.2728016727997231,11.90744651307196,16.89673738937154,18.18,0.5,1.0,0.00038828024090714467,0.00012826418710927632,15.674893624021474,1.1583199290810475,2.4824485263151033,0.46660380539709895,True,0.8043513432131508,0.00010316947118748931
114804-16-9,O=C(O)C1=CC=C(C=C1)C(=O)OC2=CC=C(C(=O)O)C(=C2)C(=O)O,189.389127253728,299.3686226666667,0.53347,-0.65917,266.4000000000001,4.201039722497277,-9.005879996148,-1.28437737436,7.721502621788,3.428393472680527,0,1,2.0004,3,5,ok,False,14.413881101003057,1.2728016727997231,1.2728016727997231,11.919235662853264,16.90852653915285,18.18,0.5,1.0,0.00040150577910688033,0.00013291923602754192,15.68668277380278,1.276347494023597,2.4824485263151033,0.5141486240273355,True,0.7677057113707522,0.00010204285664938097
2531397-77-8,O=C(O)C1=CC=C(C#CCOC(C)C)C=C1C(=O)O,188.2838251428852,261.894185,0.533,-0.66171,237.08800000000005,3.5437065919740025,-8.309268538868,-0.994304009727,7.314964529141,2.9581982872969186,0,1,1.8595,2,3,ok,False,14.352942896324642,1.2728016727997231,1.2728016727997231,11.85829745817485,16.847588334474434,18.18,0.5,1.0,0.0003373831930351284,0.00011045855273440048,15.625744569124365,0.7030314948926215,2.4824485263151033,0.28320083475655683,True,0.9229292378463364,0.0001019454278887696
937647-86-4,O=C(O)C1=CC(Cl)=C(Br)C=C1C(=O)O,186.9442225277549,189.554675,0.53503,-0.65451,174.28000000000003,2.610182143069713,-8.777304361728001,-0.97416758479,7.803136776938001,3.04656985523974,0,2,2.4989,2,2,ok,False,14.362669692167557,1.2728016727997231,1.2728016727997231,11.868024254017765,16.85731513031735,18.18,0.5,1.0,0.0003469350998067024,0.00011378646397636389,15.63547136496728,0.879737239444404,2.4824485263151033,0.3543828724417776,True,0.8819788346311768,0.0001003572528946758
1380302-84-0,O=C(O)C1=CC=C(C=C1C(=O)O)C(=O)OCC=2C=CC=CC2,186.6566212833638,288.50232033333333,0.5345,-0.65656,255.31200000000007,4.186928489955375,-8.571042063049,-1.126007113369,7.445034949679999,3.15756619563991,0,1,2.4400000000000004,2,4,ok,False,14.345297119085865,1.2728016727997231,1.2728016727997231,11.850651680936075,16.839942557235656,18.18,0.5,1.0,0.0003300471331093147,0.00010790713647432638,15.618098791885588,0.9119598743141673,2.4824485263151033,0.3673630549221748,True,0.8737546931967826,9.42843669238684e-05
2600576-05-2,O=C(O)C1=CC=C(C#CCCCOC)C=C1C(=O)O,188.70361832687053,261.778611,0.53282,-0.66262,237.41600000000005,3.757401095172034,-8.192531697003501,-0.9472283135905,7.245303383413001,2.882391827873425,0,1,1.8611,2,3,ok,False,14.323328449825834,1.2728016727997231,1.2728016727997231,11.828683011676041,16.817973887975626,18.18,0.5,1.0,0.00030978548913911824,0.00010088118663455908,15.596130122625556,0.683499603461421,2.4824485263151033,0.27533284022448357,True,0.9269940120722957,9.351625594098397e-05
89939-49-1,O=C(O)C1=CC(N)=C(C=C1C(=O)O)N(=O)=O,186.3799676010364,205.03559833333333,0.53475,-0.65254,173.57600000000005,8.187273193194423,-7.971847364248,-1.8000331210575,6.1718142431905,3.8679731946100895,0,2,0.5734,3,5,ok,False,14.376232350277636,1.2728016727997231,1.2728016727997231,11.881586912127844,16.87087778842743,18.18,0.5,1.0,0.0003606739350941077,0.00011858443333568388,15.649034023077359,1.2367675897770654,2.4824485263151033,0.4982047267714744,True,0.7801976844729328,9.251930030303542e-05
24063-28-3,O=C(O)C1=CC(Br)=C(Br)C=C1C(=O)O,186.74947160868075,199.645904,0.53478,-0.65477,178.79200000000003,2.5087180491238947,-8.734854601050001,-1.00682124685,7.728033354200001,3.069999959109332,0,2,2.6080000000000005,2,2,ok,False,14.300357699592897,1.2728016727997231,1.2728016727997231,11.805712261443105,16.79500313774269,18.18,0.5,1.0,0.0002898417046100721,9.39966077843819e-05,15.57315937239262,0.9030163964721154,2.4824485263151033,0.3637603708192632,True,0.876059202664903,8.234659326879123e-05
61260-14-8,O=C(O)C1=CC=C(C=C1C(=O)O)C(=O)S,188.40862928448587,198.02205333333333,0.53516,-0.65482,176.88000000000005,4.773580673875744,-9.206700017817,-1.28981965137,7.916880366446999,3.479177405300228,0,1,1.153,3,3,ok,False,14.323230790052042,1.2728016727997231,1.2728016727997231,11.828585351902252,16.817876228201833,18.18,0.5,1.0,0.0003096980593605403,0.00010085093732313598,15.596032462851765,1.1395911288618543,2.4824485263151033,0.4590593185645789,True,0.8099883145015799,8.168808073827138e-05
2151858-40-9,O=C(O)C1=CC=C(C(F)=C1C(=O)O)C(F)(F)F,183.91086934668377,160.45914333333334,0.53848,-0.64136,176.11200000000005,4.088675654781143,-9.1928222114415,-1.1458714244555002,8.046950786986,3.320779166122266,1,1,2.2409000000000003,2,2,ok,False,14.35127072902149,1.2728016727997231,1.2728016727997231,11.856625290871698,16.845916167171282,18.18,0.5,1.0,0.0003357659290383008,0.0001098957447650973,15.624072401821213,1.3782713724462852,2.4824485263151033,0.5552064253643009,True,0.7347285448177489,8.074354063292268e-05
92496-88-3,O=C(O)C=1C=CC(=CC1C(=O)O)C2=CC=C(C=C2)C,189.84843010730864,280.03609966666664,0.53237,-0.66504,226.9360000000001,2.7267555482661074,-7.768578317924501,-0.8492673274105,6.919310990514001,2.6833330539932305,0,1,3.058420000000001,2,2,ok,False,14.265824770107686,1.2728016727997231,1.2728016727997231,11.771179331957896,16.760470208257477,18.18,0.5,1.0,0.0002620977487324598,8.447404646695286e-05,15.53862644290741,0.6543649939214087,2.4824485263151033,0.26359660109155814,True,0.9328758353186308,7.880379666060349e-05
137023-78-0,O=C(O)C=1C=C(C(=CC1C(=O)O)CC)CC,191.3637461637674,220.9511243333333,0.53058,-0.67225,205.78400000000005,2.7758233319143346,-8.448046602623,-0.570894858349,7.877151744274,2.5815582750315733,0,2,2.2078,2,2,ok,False,14.314655828190926,1.2728016727997231,1.2728016727997231,11.820010390041134,16.809301266340718,18.18,0.5,1.0,0.0003021102294553853,9.822794611194703e-05,15.587457500990649,1.1880771441542266,2.4824485263151033,0.47859084752817993,True,0.7952894048305189,7.811964480109464e-05
10133-84-3,O=C(O)C1=CC=C(N=N(=O)C2=CC=C(C(=O)O)C(=C2)C(=O)O)C=C1C(=O)O,188.9989075467748,362.3044903333334,0.53334,-0.66008,293.24800000000005,4.284725369262305,-8.3922632632705,-2.0340510324875,6.358212230783,4.274315870883587,0,1,2.4051,4,6,ok,False,14.381536554352884,1.2728016727997231,1.2728016727997231,11.886891116203092,16.876181992502676,18.18,0.5,1.0,0.0003661832314162387,0.00012051209841443104,15.654338227152607,1.6712304479374787,2.4824485263151033,0.6732185703839022,True,0.6355762295192298,7.659462512169443e-05
1222800-55-6,O=C(O)C=1C=C2C(=O)OC(=CC3=CC=C(OC)C=C3)C2=CC1C(=O)O,184.70570185587127,369.5933963333334,0.5352,-0.65304,281.5280000000001,9.164438337945212,-7.361768111427001,-1.5861516345645,5.775616476862501,3.4656589517955063,0,2,2.7601000000000004,2,5,ok,False,14.324557291689867,1.2728016727997231,1.2728016727997231,11.829911853540075,16.81920272983966,18.18,0.5,1.0,0.000310887572446031,0.00010126254078263066,15.59735896448959,1.3145137412882035,2.4824485263151033,0.5295230605403293,True,0.75548551389883,7.650238266186696e-05
2733760-14-8,O=C(O)C1=CC=C(SC2=CC=C(C=C2)C(=O)OC)C=C1C(=O)O,189.48411930447392,327.96432233333337,0.53285,-0.66127,273.8960000000001,2.458301700361451,-7.8349740974465,-0.797293581965,7.037680515481501,2.647038506688812,0,1,3.0208000000000004,2,5,ok,False,14.243687396211303,1.2728016727997231,1.2728016727997231,11.749041958061511,16.738332834361096,18.18,0.5,1.0,0.0002456362516002898,7.885593398628747e-05,15.516489069011026,0.4956527555635223,2.4824485263151033,0.1996628531505784,True,0.960918909516809,7.577415809503283e-05
1615657-05-0,O=C(O)C1=CC=C(OC=2C=CC(=C3C=CC=NC23)S(=O)(=O)O)C=C1C(=O)O,189.98039473141264,362.798831,0.53366,-0.65984,300.7440000000001,4.591386469248696,-8.426821722284,-1.2650572909745,7.1617644313095,3.2789586877847565,0,1,2.6701999999999995,3,6,ok,False,14.30854409809061,1.2728016727997231,1.2728016727997231,11.813898659940818,16.803189536240403,18.18,0.5,1.0,0.0002968080692944161,9.639777711884846e-05,15.581345770890334,1.3053533894002327,2.4824485263151033,0.5258330134795879,True,0.7584333475631667,7.311128879789627e-05
62073-60-3,O=C(O)C1=CC=C(C=C1C(=O)O)S(=O)(=O)NCCCOCC,189.5691914291308,280.6697566666667,0.53587,-0.65225,278.41600000000005,11.636041291607729,-8.69675866198,-1.0824688972890002,7.614289764691001,3.1399281683315112,0,1,0.7879,3,5,ok,False,14.27007802928518,1.2728016727997231,1.2728016727997231,11.775432591135388,16.764723467434973,18.18,0.5,1.0,0.0002653759610360998,8.559577420629819e-05,15.542879702084903,1.202077681534587,2.4824485263151033,0.48423065726922726,True,0.7909825837758383,6.7704766641991e-05
1936714-69-0,O=C(O)C1=CC=C2OOC2=C1C(=O)O,187.0985349597829,156.47239950000002,0.53597,-0.6563,148.90400000000002,3.467650782590427,-8.726146957834,-0.948588882843,7.777558074991001,3.008672924213054,1,1,1.4222,2,4,ok,False,14.226728930956194,1.2728016727997231,1.2728016727997231,11.732083492806403,16.721374369105984,18.18,0.5,1.0,0.00023368361174378716,7.479245526217254e-05,15.499530603755916,0.7857175076318832,2.4824485263151033,0.31650908339202766,True,0.9046763714270473,6.766296703670202e-05
29639-49-4,O=C(O)C1=CC=C(C=C1C(=O)O)C(=O)OC,185.6798741659549,190.99937066666664,0.53423,-0.65642,184.08000000000004,1.9704647522856125,-9.176767494262,-1.1466877660069998,8.030079728255,3.3179536230437594,0,1,0.8695999999999999,2,4,ok,False,14.238446550002873,1.2728016727997231,1.2728016727997231,11.743801111853081,16.733091988152665,18.18,0.5,1.0,0.00024188287050280275,7.757845115461044e-05,15.511248222802596,1.0912525364694694,2.4824485263151033,0.43958717568629824,True,0.8242866898345743,6.394688470472704e-05
2616551-66-5,O=C(O)C=1C=C2C(=CC1C(=O)O)CCN(C(=O)OC(C)(C)C)C2,190.90441026055737,299.67193833333334,0.53125,-0.66955,284.39200000000005,2.2482818350909657,-8.3655961059215,-0.574160224555,7.791435881366499,2.564329748237561,0,2,2.3762000000000008,2,4,ok,False,14.21610928024064,1.2728016727997231,1.2728016727997231,11.721463842090849,16.710754718390433,18.18,0.5,1.0,0.0002264773531279109,7.234926728985169e-05,15.488910953040364,0.9500524100989332,2.4824485263151033,0.3827077983804852,True,0.8637557396024226,6.24920948776392e-05
313701-80-3,O=C(O)C1=CC=C(C=C1C(=O)O)N2C(=CC=C2C)C,190.29983126696345,262.146355,0.53331,-0.66144,229.36000000000004,1.6189727422041422,-7.048837183352,-0.7771571570279999,6.271680026324,2.44137883145315,0,1,2.49054,2,3,ok,False,14.15153185795215,1.2728016727997231,1.2728016727997231,11.656886419802358,16.646177296101943,18.18,0.5,1.0,0.00018693419118622962,5.9038857069018376e-05,15.424333530751873,0.3800532910824764,2.4824485263151033,0.1530961415931632,True,0.9768341178900867,5.767116986625347e-05
10474-63-2,O=C(O)C=1C=C2C=CC=CC=CC2=CC1C(=O)O,189.59970251329923,259.16592833333334,0.53198,-0.66658,210.48000000000005,1.9645426185247292,-7.7604149024095,-0.907771805268,6.8526430971415,2.741185398612821,0,2,2.6792000000000007,2,2,ok,False,14.17230625018013,1.2728016727997231,1.2728016727997231,11.67766081203034,16.66695168832992,18.18,0.5,1.0,0.00019888996166282123,6.304528910477893e-05,15.445107922979853,0.7477445405266947,2.4824485263151033,0.3012125055566134,True,0.91326519642657,5.757706833804582e-05
62268-13-7,O=C(O)C1=CC(Cl)=C(SC)C=C1C(=O)O,187.52029918828725,211.4377913333333,0.53395,-0.65663,189.84000000000003,2.3491993125318253,-8.117428274265501,-0.981242544903,7.136185729362501,2.900212165686723,0,2,2.4583000000000004,2,3,ok,False,14.157149083071669,1.2728016727997231,1.2728016727997231,11.662503644921877,16.65179452122146,18.18,0.5,1.0,0.00019009888978778133,6.0097773669425024e-05,15.429950755871392,0.6796688790051808,2.4824485263151033,0.27378971680595837,True,0.9277798462093964,5.575750321254626e-05
2503966-69-4,O=C(O)C1=CC=C(C#CC=2C=CC=C(C#C)C2)C=C1C(=O)O,187.3293557243896,347.53769800000003,0.53329,-0.66138,255.56800000000007,1.7645637591200831,-7.7527957145955,-1.2117229762765,6.541072738319,3.0714608510700465,0,1,2.4641,2,2,ok,False,14.154102431755565,1.2728016727997231,1.2728016727997231,11.659456993605772,16.648747869905357,18.18,0.5,1.0,0.00018837626967163116,5.952123646934865e-05,15.426904104555287,0.7963953422008956,2.4824485263151033,0.3208104151037721,True,0.9021997578213921,5.370004512787616e-05
39995-17-0,O=C(O)C1=CC=C(C=C1C(=O)O)C(=O)C2=CC=C(N)C=C2,191.5361275833066,304.584983,0.53332,-0.66009,241.89600000000004,8.661624688244117,-7.3582306313705,-1.150497359914,6.207733271456499,2.915655717786734,0,1,1.8962,3,4,ok,False,14.209599966969485,1.2728016727997231,1.2728016727997231,11.714954528819693,16.704245405119277,18.18,0.5,1.0,0.00022216336051897862,7.088913781661942e-05,15.482401639769208,1.339529394587903,2.4824485263151033,0.5396000683954859,True,0.7473899311834707,5.2981827834418765e-05
345947-09-3,O=C(O)C1=CC=C(OC2=CC=C(C=C2)S(=O)(=O)C3=CC=C(C(=O)O)C(=C3)C(=O)O)C=C1,189.47771007134244,420.051685,0.53575,-0.65192,352.8560000000001,8.438812931923543,-8.165592425804,-1.1643751662895,7.0012172595145,3.1083271680798883,0,1,3.4063000000000008,3,6,ok,False,14.166336761934923,1.2728016727997231,1.2728016727997231,11.671691323785133,16.660982200084714,18.18,0.5,1.0,0.0001953833025490114,6.186851329048604e-05,15.439138434734646,1.208709700049275,2.4824485263151033,0.4869022206246747,True,0.7889330843448042,4.8810117014090666e-05
1803862-46-5,O=C(O)C1=CC=C(C=C1C(=O)O)CC(=O)CCl,188.8370857613521,215.20382333333336,0.5322,-0.66511,207.6080000000001,5.561278459131497,-8.690772157269,-0.7845042309915,7.906267926277501,2.838914120767672,0,1,1.4334,2,3,ok,False,14.114400407025549,1.2728016727997231,1.2728016727997231,11.619754968875757,16.60904584517534,18.18,0.5,1.0,0.0001672219434952903,5.247004707176195e-05,15.387202079825272,0.725361002374931,2.4824485263151033,0.2921957876208786,True,0.9181648050251209,4.8176150539303226e-05
1806310-78-0,O=C(O)C1=CC=C(C=C1C(=O)O)C(Cl)C(=O)C,187.34690904253156,217.959454,0.53301,-0.66147,207.89600000000004,5.61819497970656,-8.91444974238,-0.9385206703745,7.9759290720055,3.042937853326632,0,1,1.9519,2,3,ok,False,14.086453714974501,1.2728016727997231,1.2728016727997231,11.591808276824711,16.581099153124292,18.18,0.5,1.0,0.00015368745557459094,4.798835884327487e-05,15.359255387774224,0.7749464278414642,2.4824485263151033,0.3121701898857815,True,0.9071474914730397,4.353251934458486e-05
5466-99-9,O=C(O)C=1C=CC=CC1C(=O)C2=CC=C(C(=O)O)C(=C2)C(=O)O,188.3830225838813,297.036148,0.53469,-0.65598,257.92800000000005,3.9552948512089454,-8.8951296589945,-1.3080512793535,7.587078379641,3.430335632884088,0,1,2.0122,3,4,ok,False,14.108855832911743,1.2728016727997231,1.2728016727997231,11.614210394761951,16.603501271061536,18.18,0.5,1.0,0.00016445108677897742,5.1550574240183e-05,15.381657505711466,1.1484919144948702,2.4824485263151033,0.4626448050464388,True,0.8073159176463874,4.161759914791156e-05
1159694-47-9,O=C(O)C1=CC=C(C=C1C(=O)O)N2C=NN=C2,187.2312532412946,208.250529,0.53364,-0.65827,187.89600000000004,7.449242193001917,-8.776760134027,-0.8955266819955001,7.8812334520315,2.967591710764767,0,1,0.6637,2,5,ok,False,14.059142122258013,1.2728016727997231,1.2728016727997231,11.56449668410822,16.553787560407805,18.18,0.5,1.0,0.00014145727703852504,4.3960084256362743e-05,15.331943795057736,0.7188292836669918,2.4824485263151033,0.28956462784507664,True,0.9195713203247985,4.042443272121288e-05
603109-82-6,O=C(O)C1=CC=C(C=C1C(=O)O)C(=O)OCCO,188.93389062181032,212.88989966666665,0.53389,-0.65696,209.52800000000005,4.477457955134811,-9.165882940242,-1.1513137014655,8.014569238776499,3.3203452167040703,0,1,0.2320999999999999,3,5,ok,False,14.058677032301116,1.2728016727997231,1.2728016727997231,11.564031594151324,16.553322470450908,18.18,0.5,1.0,0.00014125713299675428,4.389434045026601e-05,15.331478705100839,1.1731492758123365,2.4824485263151033,0.4725774828264962,True,0.7998512730581941,3.5108944089195055e-05
1190387-31-5,O=C(O)C1=CC=C(C=C1C(=O)O)CCCC,189.7542287063289,218.33488266666663,0.53148,-0.66737,205.95200000000008,2.3117763624537733,-8.605872635913,-0.6179705544855001,7.9879020814275,2.662754323155664,0,1,2.4256,2,2,ok,False,14.004858521545778,1.2728016727997231,1.2728016727997231,11.510213083395985,16.49950395969557,18.18,0.5,1.0,0.0001198077948028125,3.688412550088534e-05,15.2776601943455,0.7506800837826363,2.4824485263151033,0.30239502484143377,True,0.9126135608256819,3.366095311130431e-05
808118-82-3,O=C(O)C1=CC=C(SC=2C=CN=CC2)C=C1C(=O)O,187.6904014466768,269.94292133333335,0.53386,-0.6585,224.78400000000005,3.2843942653098157,-8.0825977014015,-0.9325341656635,7.150063535738,2.841674139479596,0,1,2.6292,2,4,ok,False,13.972854172998252,1.2728016727997231,1.2728016727997231,11.478208734848462,16.467499611148043,18.18,0.5,1.0,0.0001085431454875708,3.3232797773714504e-05,15.245655845797975,0.6287426888568831,2.4824485263151033,0.2532752168642853,True,0.9378658704302312,3.11679068108766e-05
56025-81-1,N#CC1=CC2=CC(C(=O)O)=C(C=C2C=C1C#N)C(=O)O,184.8664308861337,284.10398200000003,0.53394,-0.65945,218.78400000000005,9.701800006699788,-8.344643339433,-1.4588023525305,6.8858409869025,3.4893177034614604,0,2,1.97956,2,4,ok,False,14.026515572948982,1.2728016727997231,1.2728016727997231,11.531870134799192,16.521161011098773,18.18,0.5,1.0,0.00012804300868097764,3.956705762430226e-05,15.299317245748705,1.2800058182161658,2.4824485263151033,0.5156222997768178,True,0.7665415643158568,3.0329794246708303e-05
869719-89-1,O=C(O)C=1C=C(C(=O)O)C(=CC1C(=O)O)C(=O)C=2C=C(C=C(C2C)C)C,187.2868256517853,353.480026,0.53503,-0.64979,307.5440000000001,7.322078462431279,-7.9704867949955,-1.484108940627,6.4863778543685,3.445273407247176,0,2,2.937460000000001,3,4,ok,False,13.995145744947843,1.2728016727997231,1.2728016727997231,11.500500306798052,16.489791183097633,18.18,0.5,1.0,0.00011627822666164774,3.5737680266305404e-05,15.267947417747566,1.1564699596758738,2.4824485263151033,0.46585858575384625,True,0.8049104725913424,2.8765633112470175e-05
353514-33-7,O=C(O)C1=CC=C(OC2=CC=CC(=C2)N3C(=O)C4C5C=CC(C5)C4C3=O)C=C1C(=O)O,189.0401658415482,404.5352916666666,0.53339,-0.6602,350.9360000000001,4.324887435529392,-8.335391468515999,-0.600827381904,7.734564086611999,2.581141175131868,0,1,3.1868000000000016,2,5,ok,False,13.920409776086256,1.2728016727997231,1.2728016727997231,11.425764337936464,16.415055214236048,18.18,0.5,1.0,9.220820194581845e-05,2.7979590349248406e-05,15.193211448885979,0.4344630513285631,2.4824485263151033,0.17501392142598474,True,0.9698344688736574,2.713557114566584e-05
2612386-56-6,O=C(O)C1=CC(F)=C(Br)C=C1C(=O)O,186.59935921137745,172.11061166666664,0.5349,-0.65428,164.04000000000005,2.750452653655394,-8.8031551775255,-0.8615124506830001,7.941642726842501,2.9403803336566834,0,2,1.9846000000000004,2,2,ok,False,13.933852550675688,1.2728016727997231,1.2728016727997231,11.439207112525896,16.42849798882548,18.18,0.5,1.0,9.615953515076847e-05,2.924550829727548e-05,15.206654223475411,0.8577395449845296,2.4824485263151033,0.34552158318373716,True,0.8874659146078182,2.595439176921212e-05
2612493-88-4,O=C(O)C1=CC=C(C#CC2CCCC2)C=C1C(=O)O,187.92441573000636,271.673542,0.53286,-0.66231,234.48800000000008,2.4721037680485827,-8.1261359174815,-0.9526705906005,7.173465326881001,2.872556144598738,0,1,2.6247000000000007,2,2,ok,False,13.910258965460295,1.2728016727997231,1.2728016727997231,11.415613527310505,16.404904403610086,18.18,0.5,1.0,8.932619620021995e-05,2.7058302481511624e-05,15.183060638260018,0.6672907553264971,2.4824485263151033,0.26880346087860685,True,0.9302933610561731,2.517215916000004e-05
144576-78-3,O=C(O)C=1C=CC(=CC1)C2=CC=C(C(=O)O)C(=C2)C(=O)O,190.67947253227237,289.63338300000004,0.53265,-0.6638,238.34400000000005,2.8823341999150616,-8.231443977625,-1.151041587615,7.080402390010001,3.1082638575084087,0,1,2.4482,3,3,ok,False,13.980770124781081,1.2728016727997231,1.2728016727997231,11.486124686631289,16.475415562930873,18.18,0.5,1.0,0.00011123288685974914,3.410262523549884e-05,15.253571797580804,1.4064460266536236,2.4824485263151033,0.566555967523453,True,0.7254336504883505,2.4739191915824068e-05
351370-84-8,O=C(O)C1=CC=C(C=C1C(=O)O)C(=O)C2=CC=C(O)C=C2,189.70574747756777,285.090005,0.53352,-0.65905,238.9360000000001,7.082947415447894,-8.095387052375,-1.2359411089710002,6.859445943403999,3.1734955699468124,0,1,2.0196,3,4,ok,False,13.957026075758277,1.2728016727997231,1.2728016727997231,11.462380637608486,16.451671513908067,18.18,0.5,1.0,0.00010334707074538164,3.15562040186065e-05,15.229827748558,1.253440811936804,2.4824485263151033,0.5049211690191161,True,0.7749588196906132,2.4454758620175478e-05
698975-52-9,O=C(O)C1=CC(Br)=C(C=C1C(=O)O)S(=O)(=O)O,185.96280305189208,214.73483933333333,0.53765,-0.64372,201.45600000000005,8.366234403242597,-9.0616633355005,-1.379072994334,7.6825903411665,3.547272803451812,0,2,1.0922,3,4,ok,False,13.969058051727254,1.2728016727997231,1.2728016727997231,11.474412613577464,16.463703489877044,18.18,0.5,1.0,0.00010727504810431459,3.2823166182546206e-05,15.241859724526977,1.4789294736915228,2.4824485263151033,0.5957543360976818,True,0.70122727507591,2.3016499381550636e-05
2524781-28-8,O=C(O)C1=CC=C(C#CCCCl)C=C1C(=O)O,187.692999915686,236.75041866666663,0.53283,-0.66199,210.6080000000001,3.388875356220704,-8.245593897851,-0.9543032737035,7.2912906241475,2.9020276494969783,0,1,2.0634,2,2,ok,False,13.883552272506629,1.2728016727997231,1.2728016727997231,11.388906834356838,16.37819771065642,18.18,0.5,1.0,8.21429774383095e-05,2.476987561260413e-05,15.156353945306352,0.6861612996578593,2.4824485263151033,0.27640504622119333,True,0.9264457862159001,2.2947946886389083e-05
692256-96-5,O=C(O)C1=CC(Cl)=C(C=C1C(=O)O)S(=O)(=O)O,186.42052608407607,204.217757,0.53863,-0.6444,196.8400000000001,8.104322625611594,-9.22465953195,-1.2677784294795,7.956881102470501,3.458995206685477,0,2,0.9831,3,4,ok,False,13.944328058776195,1.2728016727997231,1.2728016727997231,11.449682620626405,16.438973496925986,18.18,0.5,1.0,9.93484137849195e-05,3.0269445511278237e-05,15.217129731575918,1.4162119254007213,2.4824485263151033,0.5704899458692575,True,0.7221959497699465,2.186047095002723e-05
19617-57-3,O=C(O)C1=CC=C(C=C1C(=O)O)C=2C=CC(OC)=CC2,189.5074863058817,287.48551066666664,0.53198,-0.66527,235.74400000000009,3.417460314327,-7.4719742208795,-0.822328056211,6.6496461646685,2.586432742439697,0,1,2.7586000000000013,2,3,ok,False,13.83042637098571,1.2728016727997231,1.2728016727997231,11.33578093283592,16.3250718091355,18.18,0.5,1.0,6.943941140714497e-05,2.0752291019505173e-05,15.103228043785434,0.5845273453300007,2.4824485263151033,0.23546403445378236,True,0.946065653173007,1.963302975820449e-05
87255-79-6,O=C(O)C1=CC=2C=NN=CC2C=C1C(=O)O,185.3791279055637,206.9220303333333,0.53452,-0.6564,174.69600000000003,6.217200008042206,-8.7373036257045,-1.1589328892795,7.578370736425001,3.2307569979976494,0,2,1.0262,2,4,ok,False,13.86545981680625,1.2728016727997231,1.2728016727997231,11.370814378656458,16.360105254956043,18.18,0.5,1.0,7.758941414172205e-05,2.3325268435835014e-05,15.138261489605974,1.0500622919100053,2.4824485263151033,0.42299458811687696,True,0.8361690933510896,1.950386856016295e-05
757177-68-7,O=C(O)C1=CC=C(OCOC)C=C1C(=O)O,188.9958186857043,195.773319,0.53279,-0.66147,189.92000000000004,5.037812232507282,-8.36477976437,-0.5951129910435,7.769666773326501,2.5831120088738517,0,1,1.0657,2,4,ok,False,13.814532721044912,1.2728016727997231,1.2728016727997231,11.31988728289512,16.309178159194705,18.18,0.5,1.0,6.601424831771776e-05,1.9676080677183188e-05,15.087334393844635,0.4243365061084547,2.4824485263151033,0.17093466455005665,True,0.9712040782056219,1.910948979678315e-05
161488-22-8,O=C(O)C1=CC=C(C=C1C(=O)O)CCCCCCCCCCCCCCCCC,189.47645929337045,431.3045516666666,0.53144,-0.66751,424.2560000000001,2.360240784326888,-8.5860083248265,-0.612256163625,7.973752161201499,2.652705648765707,0,1,7.496900000000007,2,2,ok,False,13.824148685544928,1.2728016727997231,1.2728016727997231,11.329503247395138,16.31879412369472,18.18,0.5,1.0,6.806700511762527e-05,2.0320693505827196e-05,15.096950358344651,0.738294664934324,2.4824485263151033,0.2974058302148298,True,0.9153486684773344,1.860051974309494e-05
2617443-69-1,O=C(O)C1=CC=C(C#CC2COCC2)C=C1C(=O)O,187.63273448903212,257.395773,0.53275,-0.66251,227.39200000000005,1.5863963722853127,-8.2251853590635,-0.9602897784145,7.264895580649,2.9034468756152845,0,1,1.471,2,3,ok,False,13.819560573545388,1.2728016727997231,1.2728016727997231,11.324915135395596,16.31420601169518,18.18,0.5,1.0,6.708017426046047e-05,2.0010663499433177e-05,15.092362246345111,0.6946602603284094,2.4824485263151033,0.2798286663206464,True,0.9246832038127442,1.850352443507461e-05
2514252-70-9,O=C(O)C1=CC=C(C#CCOCC#C)C=C1C(=O)O,187.02893319224088,253.6238713333333,0.5329,-0.66178,226.6800000000001,2.9771461586559704,-8.406685297347,-1.0163452316175,7.3903400657295,3.00370157394889,0,1,1.0843,2,3,ok,False,13.800546515165626,1.2728016727997231,1.2728016727997231,11.305901077015836,16.295191953315417,18.18,0.5,1.0,6.313244453421414e-05,1.877308584450336e-05,15.07334818796535,0.7674931827570097,2.4824485263151033,0.30916781339924143,True,0.9088413460450827,1.706175660833832e-05
835-58-5,O=C(O)C1=CC=C(C=C1C(=O)O)C(F)(F)F,185.63109772257909,162.104823,0.53542,-0.65513,171.12800000000004,3.5849786066307283,-9.2728236834885,-0.9341668487665,8.338656834722,3.123484326988033,0,1,2.1018,2,2,ok,False,13.819616819371678,1.2728016727997231,1.2728016727997231,11.324971381221886,16.31426225752147,18.18,0.5,1.0,6.709218982158128e-05,2.0014436817165178e-05,15.0924184921714,1.00454229613471,2.4824485263151033,0.40465785513217967,True,0.848955949037918,1.699137520257591e-05
433269-04-6,O=C(O)C1=CC=C(C=C1C(=O)O)CC=C,189.0568077290843,202.42991233333336,0.53165,-0.66687,183.48000000000005,1.6274053613036918,-8.6344445902155,-0.6609645428645,7.973480047351,2.7091254520682275,0,1,1.8115,2,2,ok,False,13.78720416932773,1.2728016727997231,1.2728016727997231,11.292558731177937,16.281849607477522,18.18,0.5,1.0,6.049416505567949e-05,1.7948469395767425e-05,15.060005842127453,0.7150885611915774,2.4824485263151033,0.2880577597526425,True,0.9203720643209407,1.651926982918369e-05
2865961-61-9,O=C(O)C1=CC(F)=C(Cl)C(F)=C1C(=O)O,183.3875562912281,161.17032433333335,0.5398,-0.64074,164.20000000000005,3.289808325723552,-9.090235289803,-1.061788244651,8.028447045152001,3.20932495613654,1,2,2.0146,2,2,ok,False,13.842348794094738,1.2728016727997231,1.2728016727997231,11.347703355944947,16.33699423224453,18.18,0.5,1.0,7.211790357944098e-05,2.159604926286351e-05,15.11515046689446,1.3260090741096013,2.4824485263151033,0.5341537035121943,True,0.7517735137077507,1.623533783654858e-05
62073-62-5,O=C(O)C1=CC=C(C=C1C(=O)O)S(=O)(=O)NCCCOC,188.54686949918863,264.197916,0.53608,-0.65253,261.66400000000004,10.499951574174045,-8.928055434905,-1.0680468632125,7.8600085716925,3.178179140742136,0,1,0.3978000000000001,3,5,ok,False,13.807635046465755,1.2728016727997231,1.2728016727997231,11.312989608315963,16.302280484615547,18.18,0.5,1.0,6.45778580502357e-05,1.9225706867080053e-05,15.080436719265478,1.137322887903445,2.4824485263151033,0.45814560739016175,True,0.8106674181495745,1.558565414803633e-05
1804200-31-4,O=CCCC1=CC=C(C(=O)O)C(=C1)C(=O)O,189.0534687968238,202.277057,0.5314,-0.66699,192.13600000000005,2.858321454980178,-8.6387984118235,-0.650896330396,7.9879020814274995,2.700910311741028,0,1,1.2145,2,3,ok,False,13.756826464960222,1.2728016727997231,1.2728016727997231,11.262181026810431,16.251471903110012,18.18,0.5,1.0,5.486995674575558e-05,1.6197530895747415e-05,15.029628137759945,0.7163145209476922,2.4824485263151033,0.2885516107804157,True,0.9201100172843016,1.4903510432449164e-05
1344893-80-6,O=C(O)C=1C=C2C(=O)CCC2=CC1C(=O)O,185.1798458004633,202.84443666666667,0.53414,-0.65722,181.62400000000005,5.979877691893037,-8.9011161637055,-1.145055082904,7.7560610808015005,3.253118937073081,0,2,1.2119,2,3,ok,False,13.759566490476654,1.2728016727997231,1.2728016727997231,11.264921052326862,16.254211928626447,18.18,0.5,1.0,5.535626523637031e-05,1.6348541301790134e-05,15.032368163276377,1.068644099797291,2.4824485263151033,0.4304798623089941,True,0.8308442621542125,1.3583091735183493e-05
87639-56-3,O=C(O)C1=CC=C(C#C)C=C1C(=O)O,186.62746636137413,185.41143466666665,0.53327,-0.66095,161.66400000000004,0.6155573978111221,-8.5141702682945,-1.026413444086,7.4877568242085,3.0390522725930578,0,1,1.0643,2,2,ok,False,13.734033771303563,1.2728016727997231,1.2728016727997231,11.239388333153773,16.228679209453354,18.18,0.5,1.0,5.097800946396134e-05,1.4991763936535781e-05,15.006835444103286,0.8008565897516394,2.4824485263151033,0.32260753093656885,True,0.9011571502267723,1.3509935265921083e-05
67193-42-4,O=C(O)C1=CC(OC)=C(C=C1C(=O)O)S(=O)(=O)C(F)(F)F,185.15793895092096,227.9912653333333,0.53791,-0.64736,230.83200000000005,8.857897279828887,-8.6747174400895,-0.944235061235,7.7304823788545,2.9921886723337656,0,2,1.3851,2,5,ok,False,13.780109163420416,1.2728016727997231,1.2728016727997231,11.285463725270624,16.27475460157021,18.18,0.5,1.0,5.913390262681587e-05,1.752410571853033e-05,15.05291083622014,1.2681161033330655,2.4824485263151033,0.5108327886320493,True,0.7703193283648422,1.3499157347292773e-05
263745-24-0,O=C(O)C1=CC(F)=C(F)C(F)=C1C(=O)O,183.8414221919976,143.11948470000002,0.53873,-0.64028,154.16800000000003,3.542658244877708,-9.207788473219,-0.9036900975105,8.3040983757085,3.0780583954004124,1,2,1.5003000000000002,2,2,ok,False,13.787523131635853,1.2728016727997231,1.2728016727997231,11.292877693486062,16.282168569785643,18.18,0.5,1.0,6.055600449379578e-05,1.7967774614923175e-05,15.060324804435576,1.350776362486086,2.4824485263151033,0.5441306629995472,True,0.7437292821698781,1.3363160116546971e-05
198625-32-0,O=C(O)C1=CC=C(C=C1C(=O)O)C(=O)C2=CC(=CC=C2C)C,185.0718672907736,308.05917466666665,0.5355,-0.65595,263.5760000000001,4.405526399875502,-8.0679035534745,-1.2944455868285,6.773457966645999,3.23518584807634,0,1,2.9308400000000017,2,3,ok,False,13.745726344166966,1.2728016727997231,1.2728016727997231,11.251080906017176,16.240371782316757,18.18,0.5,1.0,5.294080649500014e-05,1.5599234910397325e-05,15.01852801696669,1.0791323299458113,2.4824485263151033,0.43470481603405237,True,0.8278127669137374,1.2913245812913376e-05
570396-58-6,O=C(O)C1=CC=C(C=C1C(=O)O)N(C=2C=CC=CC2)C=3C=CC=CC3,190.7443519287201,387.6082496666666,0.53238,-0.66429,293.6960000000001,4.699678156001749,-6.899174565577,-0.613344619027,6.28582994655,2.2446496715210738,0,1,4.552800000000003,2,3,ok,False,13.701692970914504,1.2728016727997231,1.2728016727997231,11.207047532764712,16.196338409064296,18.18,0.5,1.0,4.590065067234456e-05,1.3426552499303906e-05,14.974494643714227,0.5767168452289315,2.4824485263151033,0.23231774561102317,True,0.9474590756108576,1.272110901963113e-05
85218-62-8,O=C(O)C1=CC=C(OC2=CC=C(C=C2)C(=O)C3=CC=C(C(=O)O)C(=C3)C(=O)O)C=C1,188.8951475862556,412.81429900000006,0.5338,-0.65859,337.95200000000006,5.080088173447386,-8.0461344454345,-1.3102281901575,6.735906255277,3.249062503657947,0,1,3.8045000000000018,3,5,ok,False,13.749418634298074,1.2728016727997231,1.2728016727997231,11.254773196148282,16.244064072447866,18.18,0.5,1.0,5.357529135940235e-05,1.5795876884180048e-05,15.022220307097797,1.2149953502783988,2.4824485263151033,0.48943425710498556,True,0.7869851561684696,1.2431120636514355e-05
865354-08-1,O=C(O)C1=CC=C(C#CC=2C=CC=C(F)C2)C=C1C(=O)O,186.42962524076347,309.894757,0.5332,-0.66157,237.99200000000005,1.7488182895887154,-7.796606044526,-1.219614277941,6.576991766585,3.0900232122943887,0,1,2.621900000000001,2,2,ok,False,13.713569766459942,1.2728016727997231,1.2728016727997231,11.218924328310152,16.208215204609733,18.18,0.5,1.0,4.7707067090594815e-05,1.3982367189211114e-05,14.986371439259665,0.8617448549036899,2.4824485263151033,0.3471350345309462,True,0.8864746653170518,1.2395014274396048e-05
2493067-40-4,O=C(O)C1=CC=C(C#CCCCC)C=C1C(=O)O,187.5636092333308,257.51313,0.53272,-0.66251,228.22400000000005,2.2890497285991844,-8.1495377086245,-0.9341668487665,7.215370859858,2.8589552113330288,0,1,2.6247000000000007,2,2,ok,False,13.672919150776385,1.2728016727997231,1.2728016727997231,11.178273712626595,16.167564588926176,18.18,0.5,1.0,4.1788415700250475e-05,1.2165852047919622e-05,14.945720823576108,0.6587573009568428,2.4824485263151033,0.26536594574820405,True,0.932003149357936,1.1338612423283783e-05
2528504-14-3,O=C(O)C1=CC=C(C#CCSC)C=C1C(=O)O,187.48699202229895,251.89838866666665,0.53282,-0.66171,213.92000000000004,2.33320825259984,-7.887492070593001,-0.9864127080625,6.901079362530501,2.8526764395798128,0,1,1.7975,2,3,ok,False,13.672111396051504,1.2728016727997231,1.2728016727997231,11.177465957901713,16.166756834201294,18.18,0.5,1.0,4.167815998284612e-05,1.2132141806011227e-05,14.944913068851227,0.6488872267186437,2.4824485263151033,0.2613900025882264,True,0.933957137201959,1.1330900429270452e-05
1822764-40-8,O=C(O)C1=CC=C(SCC)C=C1C(=O)O,189.13867016968484,219.7860473333333,0.53292,-0.66237,191.33600000000004,3.2995993968965385,-7.6031330968205,-0.7181084514695,6.885024645351,2.514263364029605,0,1,2.195,2,3,ok,False,13.657117945267911,1.2728016727997231,1.2728016727997231,11.162472507118121,16.151763383417702,18.18,0.5,1.0,3.9680850179440215e-05,1.1522331481757573e-05,14.929919618067634,0.382201895082311,2.4824485263151033,0.1539616596399861,True,0.9765745449748837,1.1252415623847179e-05
139953-61-0,O=C(O)C=1C=C2C(=CC1C(=O)O)C3C=4C=CC=CC4C2CC3,189.77959149266792,311.51728166666663,0.53058,-0.66799,255.44000000000003,2.5731441739630525,-8.0455902177335,-0.6264060838509999,7.419184133882499,2.534089951725623,0,2,3.4540000000000024,2,2,ok,False,13.656648760604478,1.2728016727997231,1.2728016727997231,11.162003322454687,16.151294198754268,18.18,0.5,1.0,3.9619833540476e-05,1.1503728152927766e-05,14.9294504334042,0.7471390095878457,2.4824485263151033,0.30096858068468546,True,0.9133993530133284,1.0507497852125434e-05
51278-53-6,O=C(O)C1=CC=C(C=C1C(=O)O)C(C)(CCCCC)CCCCC,188.80028695206045,352.1581553333333,0.53182,-0.66493,338.75200000000007,2.63854378587887,-8.534034579381,-0.618786896037,7.915247683344,2.645973452516156,0,1,5.501300000000005,2,2,ok,False,13.629251170847121,1.2728016727997231,1.2728016727997231,11.134605732697331,16.123896608996912,18.18,0.5,1.0,3.6206717123963055e-05,1.0465659517014625e-05,14.902052843646844,0.5796688482144597,2.4824485263151033,0.2335068953372856,True,0.9469343899707239,9.910292910385544e-06
1806433-07-7,O=C(O)C1=CC=C(C=C1C(=O)O)CCCBr,188.76035851306196,225.13359133333333,0.53186,-0.66652,209.54400000000004,2.254417239554382,-8.645873371936501,-0.646542508788,7.999330863148501,2.6986317473795034,0,1,2.4105000000000008,2,2,ok,False,13.629292604799216,1.2728016727997231,1.2728016727997231,11.134647166649426,16.123938042949007,18.18,0.5,1.0,3.62116622483828e-05,1.0467159806843763e-05,14.90209427759894,0.681633434348907,2.4824485263151033,0.27458109488405386,True,0.927377306203396,9.707006465271227e-06
2647271-99-4,O=C(O)C1=CC=C(C#CC2=CC(=CC=C2C)C)C=C1C(=O)O,186.92924158678667,351.246036,0.5331,-0.66197,266.0400000000001,2.179465608813316,-7.53211138184,-1.1567559784755,6.3753554033645,2.960478719559459,0,1,3.099640000000001,2,2,ok,False,13.627885647630162,1.2728016727997231,1.2728016727997231,11.13324020948037,16.122531085779954,18.18,0.5,1.0,3.604409947179612e-05,1.0416329512053212e-05,14.900687320429885,0.7436309416998179,2.4824485263151033,0.29955543239546994,True,0.9141748196282534,9.522346152869699e-06
89-08-7,O=C(O)C1=CC=C(C=C1C(=O)O)S(=O)(=O)O,187.00570715352623,186.43785666666668,0.53725,-0.64986,181.72800000000004,7.500861459859127,-9.4366362214895,-1.1360753258375,8.300560895652001,3.3667071077550745,0,1,0.3297,3,4,ok,False,13.647681112856144,1.2728016727997231,1.2728016727997231,11.153035674706352,16.142326551005937,18.18,0.5,1.0,3.847051786435485e-05,1.1153608674836085e-05,14.920482785655867,1.1536932937147042,2.4824485263151033,0.464740066706327,True,0.8057487339134408,8.987006068315145e-06
2611416-30-7,O=C(O)C1=CC=C(C#CC2=CC=C(C#C)C=C2)C=C1C(=O)O,185.9415853678059,359.419523,0.53336,-0.66145,255.36000000000007,0.856336201500322,-7.5966023644085,-1.305058026998,6.2915443374105,3.1486529170892354,0,1,2.4641,2,2,ok,False,13.610318692376561,1.2728016727997231,1.2728016727997231,11.11567325422677,16.10496413052635,18.18,0.5,1.0,3.401274925556141e-05,9.801149932844985e-06,14.883120365176284,0.9443161166994404,2.4824485263151033,0.3803970582629418,True,0.8652801757146316,8.480740736097558e-06
1061873-28-6,O=C(O)C1=CC=C(N=NC2=CC=C(C(=O)O)C(=C2)C(=O)O)C=C1C(=O)O,188.0285649099624,356.61653666666666,0.53407,-0.65873,285.15200000000004,4.337784026435617,-8.4167535098155,-1.9491515111315,6.467601998684,4.153470904871624,0,1,2.8948,4,6,ok,False,13.664356615827668,1.2728016727997231,1.2728016727997231,11.169711177677875,16.15900205397746,18.18,0.5,1.0,4.0633557372636444e-05,1.181300336176218e-05,14.93715828862739,1.4489370074686634,2.4824485263151033,0.5836725281951511,True,0.7112910213686564,8.402483226619192e-06
141537-47-5,O=C(O)C1=CC=C(OCCCCCCCC)C=C1C(=O)O,189.4506989313891,290.96515466666665,0.53271,-0.66225,281.41600000000005,3.904938361869493,-8.117700388115999,-0.469124278262,7.648576109853999,2.4100419735682386,0,1,3.822300000000003,2,3,ok,False,13.571276991509018,1.2728016727997231,1.2728016727997231,11.076631553359228,16.06592242965881,18.18,0.5,1.0,2.987929939667494e-05,8.555571708443053e-06,14.844078664308741,0.3364386526967982,2.4824485263151033,0.13552694008773708,True,0.9818001039418361,8.399861192631222e-06
859299-74-4,O=C(O)C1=CC=C(C=C1C(=O)O)CC(C)(C)C,188.98841394375756,237.56556266666664,0.53152,-0.66765,222.6320000000001,2.2810689730913443,-8.567776696843,-0.630215677758,7.937561019085,2.664642940060533,0,1,2.6716000000000006,2,2,ok,False,13.587276213314393,1.2728016727997231,1.2728016727997231,11.0926307751646,16.081921651464185,18.18,0.5,1.0,3.1512104748518425e-05,9.046569396320886e-06,14.860077886114116,0.7325615447730571,2.4824485263151033,0.2950963683667821,True,0.9166020534464769,8.29210408531378e-06
2440440-09-3,O=C(O)C1=CC=C(C#CCC=2C=CC=CC2)C=C1C(=O)O,187.1114861578204,304.9835726666667,0.533,-0.66196,249.55200000000005,1.9406782474176396,-8.180286573731,-0.9515821351985,7.2287044385325,2.884023922482261,0,1,2.6772,2,2,ok,False,13.534992751527666,1.2728016727997231,1.2728016727997231,11.040347313377875,16.029638189677456,18.18,0.5,1.0,2.646818200999132e-05,7.5344930023388355e-06,14.807794424327389,0.6843738106709476,2.4824485263151033,0.2756849954455323,True,0.9268141520753812,6.983074743280561e-06
515878-10-1,O=C(O)C1=CC=C(OC2=CC=C(F)C=C2)C=C1C(=O)O,188.36097706282885,252.16108666666665,0.53327,-0.6608,224.2800000000001,1.2643246932651435,-8.303282034157,-0.6076302281665,7.6956518059905,2.5795202066255403,0,1,3.014400000000001,2,3,ok,False,13.51768555184403,1.2728016727997231,1.2728016727997231,11.02304011369424,16.01233098999382,18.18,0.5,1.0,2.4974326231748892e-05,7.089448739204486e-06,14.790487224643753,0.43274788175744117,2.4824485263151033,0.17432300294250347,True,0.9700685796101185,6.877251468658841e-06
6968-28-1,O=C(O)C1=CC=C(Br)C=C1C(=O)O,186.50922823371084,174.07921866666666,0.53364,-0.65843,158.96800000000005,1.3731690864565804,-8.694581751176,-0.849539441261,7.845042309915001,2.902796624206862,0,1,1.8455,2,2,ok,False,13.507597531203256,1.2728016727997231,1.2728016727997231,11.012952093053464,16.00224296935305,18.18,0.5,1.0,2.414082871030663e-05,6.841733937006897e-06,14.780399204002979,0.7278608892799026,2.4824485263151033,0.2932028122896569,True,0.917623696438109,6.2781371853223254e-06
2513372-13-7,O=C(O)C1=CC=C(C#CC=2C=CC=CC2C)C=C1C(=O)O,186.3991223557089,332.930802,0.53343,-0.66142,249.41600000000005,2.038428551605378,-7.6129291954385,-1.1850558189275,6.427873376511,3.010503465884361,0,1,2.791220000000001,2,2,ok,False,13.51076596375325,1.2728016727997231,1.2728016727997231,11.016120525603458,16.005411401903043,18.18,0.5,1.0,2.4399729059369677e-05,6.918631987306147e-06,14.783567636552974,0.7973611469942163,2.4824485263151033,0.32119946840460906,True,0.9019744380575403,6.240429198877385e-06
66753-48-8,O=C(O)C1=CC=C(N=C=S)C=C1C(=O)O,185.84986203389343,218.16867566666667,0.53384,-0.65815,174.08000000000004,2.867452510504751,-8.154163644082999,-1.0936255651595,7.060538078923499,3.028154664085504,0,1,1.8173,2,4,ok,False,13.490581688918017,1.2728016727997231,1.2728016727997231,10.995936250768224,15.985227127067809,18.18,0.5,1.0,2.279438878326102e-05,6.44251669763527e-06,14.76338336171774,0.857779784409178,2.4824485263151033,0.3455377927543372,True,0.8874559734693425,5.717449927492402e-06
2408642-17-9,O=C(O)C1=CC=C(Br)C(F)=C1C(=O)O,183.79460686040056,172.52943266666668,0.53774,-0.64285,163.58400000000003,2.414856281437883,-8.8164887562,-0.973623357089,7.842865399111,3.0552065575941265,1,1,1.9846000000000004,2,2,ok,False,13.529337607619457,1.2728016727997231,1.2728016727997231,11.034692169469665,16.02398304576925,18.18,0.5,1.0,2.597099001294151e-05,7.386221680701587e-06,14.80213928041918,1.26825831108635,2.4824485263151033,0.5108900739097809,True,0.7702742431420625,5.689416314781908e-06
2865961-60-8,O=C(O)C1=CC=C(Cl)C(F)=C1C(=O)O,183.74717634378715,162.311311,0.53801,-0.64273,159.11200000000005,2.4802209841060536,-8.915538197782,-0.948588882843,7.966949314939001,3.053270430636111,1,1,1.8755,2,2,ok,False,13.50784087380709,1.2728016727997231,1.2728016727997231,11.013195435657298,16.002486311956883,18.18,0.5,1.0,2.4160620129766537e-05,6.847610836860162e-06,14.780642546606813,1.2684529689236759,2.4824485263151033,0.5109684875547216,True,0.7702125253463848,5.274115635247337e-06
808117-87-5,O=C(O)C1=CC=C(OC=2C=NC=CC2)C=C1C(=O)O,188.0471345875274,245.57887666666664,0.53344,-0.66044,214.64000000000004,2.3082969934564312,-8.357704804257,-0.6217801483925,7.7359246558645,2.6057373100749306,0,1,2.2703,2,4,ok,False,13.442292157784781,1.2728016727997231,1.2728016727997231,10.947646719634989,15.936937595934573,18.18,0.5,1.0,1.9350469028912615e-05,5.427091744585535e-06,14.715093830584504,0.4735949366754465,2.4824485263151033,0.190777344083924,True,0.9642583763585746,5.233118673983072e-06
100118-44-3,O=C(O)C1=CC=C(OCCCC)C=C1C(=O)O,189.1758446369202,225.417482,0.53253,-0.66232,214.3280000000001,4.0850420866865,-8.088856319963002,-0.4832741984880001,7.605582121475002,2.4153779569968115,0,1,2.2619,2,3,ok,False,13.4350485327489,1.2728016727997231,1.2728016727997231,10.940403094599109,15.92969397089869,18.18,0.5,1.0,1.8878576321997352e-05,5.288639985172517e-06,14.707850205548622,0.33751087992361534,2.4824485263151033,0.13595886333426205,True,0.9816849838004721,5.1917784581706115e-06
2515880-73-4,O=C(O)C1=CC=C(C#CCCC#C)C=C1C(=O)O,186.8243650297888,249.65318366666665,0.53307,-0.66174,217.64800000000005,2.6462377330844635,-8.2170219435485,-0.9640993723215,7.252922571227001,2.9054835409080613,0,1,1.8479,2,2,ok,False,13.45223254896756,1.2728016727997231,1.2728016727997231,10.95758711081777,15.94687798711735,18.18,0.5,1.0,2.0016296382023412e-05,5.622734559786473e-06,14.725034221767283,0.7102885726337153,2.4824485263151033,0.28612418952672236,True,0.9213944482573898,5.180756407412215e-06
89-20-3,O=C(O)C1=CC=C(Cl)C=C1C(=O)O,186.3507568847259,163.80639933333333,0.53361,-0.65827,154.64000000000004,1.3735086202860178,-8.809958023787999,-0.8269539916695,7.983004032118499,2.9083686047263466,0,1,1.7363999999999995,2,2,ok,False,13.449030045310122,1.2728016727997231,1.2728016727997231,10.954384607160332,15.943675483459913,18.18,0.5,1.0,1.9799447868421882e-05,5.558980124742275e-06,14.721831718109845,0.7451614545892131,2.4824485263151033,0.3001719659804249,True,0.9138368640682826,5.0800009646123914e-06
23602-85-9,O=C(O)C1=CC=C(C=C1C(=O)O)C(=O)C2=CC=C(C=C2)C(=O)C3=CC=C(C(=O)O)C(=C3)C(=O)O,188.9345548461106,451.008335,0.53407,-0.65729,376.9840000000001,6.0251878460343455,-8.8891431542835,-1.6569012356945,7.232241918589001,3.844556554085967,0,1,2.9414000000000007,4,6,ok,False,13.474635524533525,1.2728016727997231,1.2728016727997231,10.979990086383733,15.969280962683317,18.18,0.5,1.0,2.1597490703208207e-05,6.088657957604171e-06,14.747437197333248,1.1518456804664563,2.4824485263151033,0.46399579618927,True,0.8063058847293335,4.909320741320328e-06
81116-57-6,O=C(O)C1=CC(=CC(SC=2C=CC=CC2)=C1C(=O)O)N(=O)=O,178.18137996725767,307.63236966666665,0.53915,-0.63972,252.4480000000001,6.037713164766938,-7.9797386659125,-2.0033021673810003,5.9764364985315,4.168918397430208,1,1,3.142400000000002,2,5,ok,False,13.55117769049018,1.2728016727997231,1.2728016727997231,11.05653225234039,16.04582312863997,18.18,0.5,1.0,2.7941460148052598e-05,7.97469939800864e-06,14.823979363289903,1.747221849881067,2.4824485263151033,0.7038300417348866,True,0.6093413083326442,4.8593137647421344e-06
65538-25-2,O=C(O)C1=CC=C(OC2=CC=CC(=C2)C)C=C1C(=O)O,188.38985198449143,273.27072300000003,0.53301,-0.66149,235.7040000000001,3.386198490933454,-8.23960739314,-0.594840877193,7.644766515946999,2.552317198909297,0,1,3.183720000000002,2,3,ok,False,13.417962734455232,1.2728016727997231,1.2728016727997231,10.923317296305441,15.912608172605022,18.18,0.5,1.0,1.7808405367973187e-05,4.975311220415188e-06,14.690764407254955,0.4061101683926613,2.4824485263151033,0.16359258372840588,True,0.9735924097056236,4.843925240119449e-06
2442888-51-7,O=C(O)C1=CC=C(C#CC2=CC=CC(=C2)C)C=C1C(=O)O,186.3785645392755,332.2748506666667,0.53306,-0.66187,249.3280000000001,2.630237650859709,-7.630072368019999,-1.1649193939905,6.4651529740295,2.9911078826964665,0,1,2.791220000000001,2,2,ok,False,13.420901435804357,1.2728016727997231,1.2728016727997231,10.926255997654565,15.915546873954149,18.18,0.5,1.0,1.798827334435152e-05,5.027908674094998e-06,14.69370310860408,0.790084464992204,2.4824485263151033,0.31826821648744896,True,0.9036667213615267,4.5435537468246075e-06
2609386-25-4,O=C(O)C1=CC=C(C#CC2=CC=C(C=C2C)C)C=C1C(=O)O,186.6260091758836,355.1069443333334,0.53328,-0.66197,266.24800000000005,2.8980047084157747,-7.441769583474,-1.1513137014655,6.290455882008501,2.9346474137550764,0,1,3.099640000000001,2,2,ok,False,13.404299048036949,1.2728016727997231,1.2728016727997231,10.909653609887158,15.898944486186739,18.18,0.5,1.0,1.69942966551281e-05,4.737585809320343e-06,14.677100720836671,0.7397412240556468,2.4824485263151033,0.297988544863689,True,0.91503114789567,4.33503858135663e-06
2167961-00-2,O=C(O)C1=CC=C(OCCBr)C=C1C(=O)O,188.726703994942,215.227751,0.53261,-0.66197,201.49600000000004,4.968414562010703,-8.210219097286,-0.517560543651,7.692658553635,2.4755465529131,0,1,1.8567,2,3,ok,False,13.371913875131055,1.2728016727997231,1.2728016727997231,10.877268436981264,15.866559313280845,18.18,0.5,1.0,1.5203586038981284e-05,4.216729945485432e-06,14.644715547930778,0.35417171316832696,2.4824485263151033,0.14267031497891816,True,0.9798509421075031,4.131766809696821e-06
2512318-20-4,O=C(O)C#CC1=CC=C(C(=O)O)C(=C1)C(=O)O,186.43448920204463,219.61988866666664,0.53393,-0.65676,189.5600000000001,2.681478004757824,-8.764242896904,-1.4702311342515,7.2940117626525,3.5900839655455097,0,1,0.5191000000000001,3,3,ok,False,13.425715037045727,1.2728016727997231,1.2728016727997231,10.931069598895935,15.920360475195519,18.18,0.5,1.0,1.828662979476053e-05,5.115213264165897e-06,14.69851670984545,1.162298630956013,2.4824485263151033,0.468206538276669,True,0.8031471251243714,4.108268827512892e-06
2607882-00-6,O=C(O)C1=CC=C(C#CCBr)C=C1C(=O)O,186.0822004734932,231.6381516666667,0.53356,-0.66043,198.15200000000004,2.670167509726684,-8.371854724483,-1.0163452316175,7.355509492865501,2.995655790438971,0,1,1.8294,2,2,ok,False,13.375347271958095,1.2728016727997231,1.2728016727997231,10.880701833808303,15.869992710107887,18.18,0.5,1.0,1.538457426847989e-05,4.269240009397037e-06,14.648148944757818,0.8029516681076766,2.4824485263151033,0.32345148735049983,True,0.9006659321380402,3.845159032584598e-06
1427081-79-5,O=C(O)C1=CC(Cl)=CC(F)=C1C(=O)O,183.8208687130384,161.15374866666664,0.53795,-0.64468,159.26400000000004,1.6643690756559977,-8.8798912833665,-0.9575686399095,7.922322643457001,3.053890320346517,1,1,1.8755,2,2,ok,False,13.41392035950896,1.2728016727997231,1.2728016727997231,10.919274921359168,15.908565797658753,18.18,0.5,1.0,1.756377395669175e-05,4.903818497101913e-06,14.686722032308683,1.2353744756818985,2.4824485263151033,0.4976435412804565,True,0.7806338241756567,3.828086586455988e-06
862190-14-5,O=C(O)C1=CC=C(SC2=NN=C(S2)N)C=C1C(=O)O,190.50675157956724,270.4660236666667,0.53315,-0.65964,224.56800000000004,6.7025408383686855,-8.028991272853,-0.903962211361,7.125029061492,2.799906402571964,0,1,1.6679,3,7,ok,False,13.412029479460948,1.2728016727997231,1.2728016727997231,10.917384041311156,15.90667491761074,18.18,0.5,1.0,1.745044270770709e-05,4.870714765042576e-06,14.68483115226067,1.2668785349306377,2.4824485263151033,0.5103342613154468,True,0.7707115821094466,3.753916282569805e-06
2541028-64-0,O=C(O)C1=CC=C(C#CC=CC)C=C1C(=O)O,186.59454607236836,263.9608836666667,0.53304,-0.66204,205.77600000000004,2.9378825725341717,-7.6292560264685,-1.1072312576845,6.522024768784,2.9257099126441117,0,1,2.0106,2,2,ok,False,13.360773464885394,1.2728016727997231,1.2728016727997231,10.866128026735602,15.855418903035186,18.18,0.5,1.0,1.4630162915209132e-05,4.050569295926471e-06,14.633575137685117,0.7368678672257851,2.4824485263151033,0.2968310760181509,True,0.9156613501977089,3.7089497505774156e-06
62155-83-3,O=C(O)C1=CC=C(C=C1C(=O)O)S(=O)(=O)OC2=CC=CC(=C2)C,183.8983644234304,300.58441366666665,0.53697,-0.64946,270.2080000000001,9.101251374399018,-8.4232842422275,-1.1621982554855,7.261085986742,3.1634894174827437,0,1,2.1591200000000006,2,5,ok,False,13.397277310240185,1.2728016727997231,1.2728016727997231,10.902631872090392,15.891922748389977,18.18,0.5,1.0,1.658980342658191e-05,4.619681852663189e-06,14.670078983039907,1.2373795860800922,2.4824485263151033,0.4984512560737095,True,0.7800060096244428,3.6033796076302674e-06
219537-88-9,O=C(O)C1=CC=C(C#CC=2C=CC=CC2)C=C1C(=O)O,186.1189403119481,313.52680066666665,0.53332,-0.66173,232.89600000000004,2.057549379723364,-7.6912979843825,-1.1758039480105,6.515494036372001,3.01686626679918,0,1,2.4828,2,2,ok,False,13.357757478214175,1.2728016727997231,1.2728016727997231,10.863112040064383,15.852402916363967,18.18,0.5,1.0,1.4478495296138505e-05,4.00667401092463e-06,14.630559151013898,0.8248292370543913,2.4824485263151033,0.33226438667743546,True,0.89547621120377,3.5878812628314e-06
213611-96-2,O=C(O)C1=CC=C(C=C1C(=O)O)CC=2C=CC=CC2,188.64439682303865,265.3407936666667,0.53175,-0.66653,227.32000000000005,1.8950005540896289,-8.226545928316,-0.6582434043595,7.5683025239565,2.607568911131375,0,1,2.673800000000001,2,2,ok,False,13.341896466447327,1.2728016727997231,1.2728016727997231,10.847251028297535,15.83654190459712,18.18,0.5,1.0,1.3705166234245522e-05,3.7832166560791187e-06,14.61469813924705,0.6342980689167778,2.4824485263151033,0.2555130800066647,True,0.9367986253820363,3.5441121629373423e-06
138081-22-8,O=C(O)C1=CC(F)=C(C=C1C(=O)O)C(=O)C=2C=C(C(=O)O)C(=CC2F)C(=O)O,188.22940224837365,320.10202366666664,0.53564,-0.64933,295.7200000000001,8.569269925728795,-9.131052367378,-1.521660651996,7.609391715382,3.728297179252372,0,2,1.9886000000000004,4,5,ok,False,13.363392349637387,1.2728016727997231,1.2728016727997231,10.868746911487595,15.858037787787179,18.18,0.5,1.0,1.4763084982628338e-05,4.089057810908358e-06,14.63619402243711,1.077268692721822,2.4824485263151033,0.4339540906094428,True,0.8283527798154922,3.3871824044921893e-06
2564589-38-2,O=C(O)C1=CC=C(C#CC=CC(C)C)C=C1C(=O)O,186.52322007169852,298.55833466666667,0.53317,-0.66191,238.8880000000001,2.948411641884491,-7.6265348879635,-1.1083197130865,6.5182151748770005,2.9263257983395783,0,1,2.6467,2,2,ok,False,13.333715599540747,1.2728016727997231,1.2728016727997231,10.839070161390957,15.828361037690538,18.18,0.5,1.0,1.3321809988331217e-05,3.672671658772777e-06,14.60651727234047,0.7391906092305938,2.4824485263151033,0.2977667417450276,True,0.9151520684488167,3.3610530652592533e-06
104462-39-7,O=C(O)C1=CC=C(C=C1C(=O)O)C(=O)C=2C(=C(C(N)=C(C2C)C)C)C,188.68123770906328,357.98637933333333,0.53418,-0.65608,306.4560000000001,4.017585848491604,-7.027612303013,-1.3341742090015,5.6934380940115,3.070178006591951,0,1,3.1298800000000018,3,4,ok,False,13.366299972705715,1.2728016727997231,1.2728016727997231,10.871654534555923,15.860945410855507,18.18,0.5,1.0,1.4912006492253074e-05,4.132199456943888e-06,14.639101645505438,1.1789218594115545,2.4824485263151033,0.4749028416559043,True,0.7980909552536426,3.297871011890931e-06
2508554-65-0,O=C(O)C1=CC=C(C#CC2=CC=C(C=C2)CC)C=C1C(=O)O,186.35200671268603,353.087681,0.53337,-0.66179,266.1360000000001,3.08152268367442,-7.5274854463815,-1.154851181522,6.3726342648595,2.957292313789198,0,1,3.045200000000001,2,2,ok,False,13.32862617422343,1.2728016727997231,1.2728016727997231,10.833980736073638,15.823271612373222,18.18,0.5,1.0,1.3088487786250816e-05,3.6054667025348303e-06,14.601427847023153,0.7674160046259374,2.4824485263151033,0.3091367238800614,True,0.9088588166800383,3.2768602008450856e-06
2733421-78-6,O=CC(C)CC1=CC=C(C(=O)O)C(=C1)C(=O)O,188.2673990716613,218.7729163333333,0.53188,-0.66687,208.90400000000005,5.768714596857778,-8.562334419833,-0.6576991766585,7.9046352431745,2.688581348324568,0,1,1.4605,2,3,ok,False,13.320884772250743,1.2728016727997231,1.2728016727997231,10.82623933410095,15.815530210400535,18.18,0.5,1.0,1.2741024706552143e-05,3.5054941191848735e-06,14.593686445050466,0.6801104306164716,2.4824485263151033,0.2739675861984594,True,0.9276894577100354,3.2520099384323335e-06
865354-11-6,O=C(O)C1=CC=C(C#CC2=CC=C(C=C2)C)C=C1C(=O)O,186.39259394654852,335.70225566666664,0.53325,-0.66189,249.34400000000005,3.0059839387461804,-7.519866258567499,-1.1469598798575,6.372906378709999,2.9466098687962883,0,1,2.791220000000001,2,2,ok,False,13.316625271591212,1.2728016727997231,1.2728016727997231,10.821979833441421,15.811270709741002,18.18,0.5,1.0,1.2553602648965763e-05,3.451623816009812e-06,14.589426944390935,0.7592020753304192,2.4824485263151033,0.3058279224251886,True,0.9107100416825984,3.1434284693509453e-06
1245212-48-9,O=C(O)C1=CC=C(C=C1C(=O)O)NC(=O)C=2C=CN=CC2,189.6988088590182,281.34154199999995,0.53271,-0.66141,237.23200000000008,4.872239099223272,-8.234165116129999,-1.047638324425,7.186526791704999,2.996992761807374,0,1,1.7302999999999995,3,4,ok,False,13.35347867948217,1.2728016727997231,1.2728016727997231,10.858833241332377,15.848124117631961,18.18,0.5,1.0,1.4265885795054383e-05,3.945179366325602e-06,14.626280352281892,1.2679497745285853,2.4824485263151033,0.51076578671732,True,0.7703720578038761,3.0392559468416457e-06
344309-11-1,O=C(O)C1=CC(Br)=CC(F)=C1C(=O)O,183.63818122920912,171.13244233333333,0.53826,-0.64418,163.84000000000003,1.7479114680097505,-8.7732226539705,-0.9793377479495,7.793884906021,3.0508672998115776,1,1,1.9846000000000004,2,2,ok,False,13.344713476520322,1.2728016727997231,1.2728016727997231,10.85006803837053,15.839358914670115,18.18,0.5,1.0,1.3839582493971525e-05,3.822013280574006e-06,14.617515149320045,1.233435028649907,2.4824485263151033,0.4968622775356366,True,0.7812405899735667,2.9859119102024437e-06
165051-67-2,O=C(O)C1=CC=C(C=C1C(=O)O)N2N=C(C=CC=3C=CC=CC3)CC2C=4C=CC=CC4,188.73598319880503,541.685036,0.53122,-0.66445,368.1040000000001,8.798360991116471,-6.678218118971,-0.91974481469,5.758473304281001,2.5062650155193555,0,1,5.103800000000004,2,4,ok,False,13.28220830790962,1.2728016727997231,1.2728016727997231,10.787562869759828,15.776853746059412,18.18,0.5,1.0,1.1132548584316189e-05,3.0444868887325447e-06,14.555009980709343,0.4678400828392798,2.4824485263151033,0.18845912730111355,True,0.9651064791298303,2.9382540219415977e-06
2547461-18-5,O=C(O)C1=CC=C(C#CCCBr)C=C1C(=O)O,186.399600759332,248.01354766666665,0.53299,-0.66169,215.03200000000004,1.176280595776365,-8.2605601596285,-0.9706301047335,7.289930054895001,2.922348810453681,0,1,2.2195,2,2,ok,False,13.273952567643263,1.2728016727997231,1.2728016727997231,10.779307129493471,15.768598005793056,18.18,0.5,1.0,1.0815192519049445e-05,2.953895474068808e-06,14.546754240442986,0.7414028382872428,2.4824485263151033,0.2986578897520048,True,0.9146657919652693,2.701827143171771e-06
143092-20-0,O=C(O)C1=CC=C2N=CC=NC2=C1C(=O)O,181.8119956120845,210.700114,0.53805,-0.65392,173.68800000000005,3.5955867421048264,-8.722881591628001,-1.5785324467505,7.144349144877501,3.713393936877689,1,1,1.0262,2,4,ok,False,13.35522473470235,1.2728016727997231,1.2728016727997231,10.860579296552558,15.849870172852143,18.18,0.5,1.0,1.435228469147925e-05,3.97016374715111e-06,14.628026407502073,1.5992325398427947,2.4824485263151033,0.6442157905351066,True,0.6603310460594565,2.621622380183624e-06
921759-09-3,O=C(O)C1=CC=C(C=C1C(=O)O)CC,188.2749490074441,184.75638266666667,0.53163,-0.66738,172.32000000000005,2.225489042884732,-8.648050282740499,-0.6228686037945,8.025181678946,2.677507514446692,0,1,1.6454,2,2,ok,False,13.262305094913222,1.2728016727997231,1.2728016727997231,10.767659656763431,15.756950533063012,18.18,0.5,1.0,1.0382069959054317e-05,2.8304645628534825e-06,14.535106767712945,0.6945787509087088,2.4824485263151033,0.27979583203673813,True,0.924700194902196,2.6173311329343745e-06
2444641-04-5,O=C(O)C1=CC=C(C#CCCl)C=C1C(=O)O,186.1633216957192,220.58748766666668,0.53306,-0.66172,193.72800000000004,1.8960604552598,-8.368045130576,-0.9934876681755,7.3745574624005,2.970967979737352,0,1,1.6733,2,2,ok,False,13.268047957271461,1.2728016727997231,1.2728016727997231,10.773402519121671,15.762693395421252,18.18,0.5,1.0,1.0593517933644593e-05,2.8906925775275353e-06,14.540849630071184,0.7886309442291516,2.4824485263151033,0.317682697493744,True,0.904003274567896,2.6131955558540035e-06
2545565-97-5,O=C(O)C1=CC=C(C#CCCCC(=O)O)C=C1C(=O)O,190.1588976442123,263.519735,0.53323,-0.66172,239.51200000000009,4.3979233747303965,-8.182463484535,-0.952942704451,7.229520780084001,2.885932856976796,0,1,1.6894,3,3,ok,False,13.299001195609334,1.2728016727997231,1.2728016727997231,10.804355757459543,15.793646633759124,18.18,0.5,1.0,1.1805637578038279e-05,3.237033462725981e-06,14.571802868409057,1.2815995604659087,2.4824485263151033,0.5162643039242749,True,0.7660339174959987,2.479677424517621e-06
2574927-72-1,O=C(O)C1=CC=C(C#CCCC(C)C)C=C1C(=O)O,186.64049181485672,275.48110833333334,0.53307,-0.66219,245.03200000000007,2.4876768721037705,-8.1522588471295,-0.945323516637,7.206935330492501,2.8710540982424524,0,1,2.870700000000001,2,2,ok,False,13.239168682617308,1.2728016727997231,1.2728016727997231,10.744523244467516,15.7338141207671,18.18,0.5,1.0,9.570213758418399e-06,2.599773787620316e-06,14.51197035541703,0.6965446577381142,2.4824485263151033,0.28058775453122936,True,0.9242899221518761,2.40294471177207e-06
2544821-50-1,O=C(O)C1=CC=C(C#CC(=C)C)C=C1C(=O)O,185.95482405824612,257.20558566666665,0.53335,-0.66168,206.2800000000001,1.5221070264603602,-7.808306940097499,-1.1415176028475,6.666789337249999,3.0036707063006225,0,1,2.0106,2,2,ok,False,13.242134605358936,1.2728016727997231,1.2728016727997231,10.747489167209146,15.736780043508727,18.18,0.5,1.0,9.670802505575812e-06,2.6283072238968244e-06,14.51493627815866,0.8271717577620109,2.4824485263151033,0.33320801982140114,True,0.8949140628554845,2.3521090961699265e-06
2557766-58-0,O=C(O)C1=CC=C(C#CCCCCC)C=C1C(=O)O,186.68449779995527,273.996177,0.53268,-0.6625,244.92000000000004,2.3326752131404835,-8.1555242133355,-0.935527418019,7.2199967953165,2.861747106922723,0,1,3.014800000000001,2,2,ok,False,13.217919553291749,1.2728016727997231,1.2728016727997231,10.723274115141958,15.712564991441539,18.18,0.5,1.0,8.878156644830652e-06,2.403855501271797e-06,14.490721226091472,0.6881559789965368,2.4824485263151033,0.27720855909065784,True,0.9260337617446865,2.226051352533381e-06
1092449-37-0,O=C(O)C1=CC=C(F)C(F)=C1C(=O)O,183.9258585877241,144.2565383,0.53766,-0.64263,149.16800000000003,2.574850560712213,-9.0028867437925,-0.7872253694965,8.215661374296,2.916572714725024,1,1,1.3612000000000002,2,2,ok,False,13.269965418468466,1.2728016727997231,1.2728016727997231,10.775319980318674,15.764610856618258,18.18,0.5,1.0,1.0665025830826373e-05,2.911073720736133e-06,14.542767091268189,1.2881988072046746,2.4824485263151033,0.5189226658878003,True,0.7639287653967738,2.2238529534609468e-06
1344899-66-6,O=C(O)C1=CC=C2C(=O)COC2=C1C(=O)O,181.93624199475255,193.85918,0.5345,-0.65134,173.93600000000004,2.599661799157729,-8.477434898477,-1.5175789442385,6.9598559542385,3.588447173796604,1,1,0.6581,2,4,ok,False,13.288546820018006,1.2728016727997231,1.2728016727997231,10.793901381868213,15.783192258167798,18.18,0.5,1.0,1.1382199348550409e-05,3.1158391066128064e-06,14.561348492817729,1.472320752483766,2.4824485263151033,0.5930921575519028,True,0.7034501201558431,2.1918373939330533e-06
23646-80-2,O=C(O)C1=CC=C(C=C1C(=O)O)C(=O)C2=CC=CC(=C2)C(=O)C3=CC=C(C(=O)O)C(=C3)C(=O)O,189.8748887741187,449.31301133333335,0.53373,-0.65762,377.0240000000001,8.355860059263797,-8.920980474792001,-1.414447794899,7.506532679893001,3.557603825667037,0,1,2.9414000000000007,4,6,ok,False,13.235571345606946,1.2728016727997231,1.2728016727997231,10.740925907457154,15.730216783756738,18.18,0.5,1.0,9.44954777455958e-06,2.5655639787464825e-06,14.508373018406669,1.092832826397776,2.4824485263151033,0.44022376086079623,True,0.8238251570561184,2.1135761477283407e-06
51307-74-5,O=C(O)C=1C=C(C(=O)O)C(=CC1C(=O)O)S(=O)(=O)O,186.4770905774521,214.45636833333333,0.53752,-0.64523,209.49600000000004,8.65726173221071,-9.5971833932845,-1.6226148905315,7.974568502753,3.946416457707477,0,2,0.0279000000000001,4,5,ok,False,13.264104186928698,1.2728016727997231,1.2728016727997231,10.769458748778906,15.75874962507849,18.18,0.5,1.0,1.0447875112620852e-05,2.8492019974361247e-06,14.53690585972842,1.4150424965324997,2.4824485263151033,0.5700188670711173,True,0.7225840678945358,2.0587879695606316e-06
607735-39-7,O=C(O)C1=CC=C(OCC=2C=CC=C(F)C2)C=C1C(=O)O,188.50838593764652,271.1997803333333,0.53239,-0.6626,241.11200000000005,2.9304829465465243,-8.1756606382725,-0.512118266641,7.6635423716315,2.462226299552368,0,1,2.801100000000001,2,3,ok,False,13.180649548597083,1.2728016727997231,1.2728016727997231,10.686004110447293,15.675294986746874,18.18,0.5,1.0,7.777961812289664e-06,2.093899415259123e-06,14.453451221396806,0.3685216595304051,2.4824485263151033,0.14845087647292782,True,0.9782033925514844,2.0482595116680436e-06
2519098-50-9,O=C(O)C1=CC=C(C#COCC)C=C1C(=O)O,187.3472249989905,233.93234966666668,0.53274,-0.66253,203.7680000000001,4.593318510619528,-7.779462871944499,-0.8721248908525001,6.907337981091999,2.709074430057988,0,1,1.4285,2,3,ok,False,13.186218259621741,1.2728016727997231,1.2728016727997231,10.69157282147195,15.680863697771532,18.18,0.5,1.0,7.933657414735866e-06,2.13764478373891e-06,14.459019932421464,0.5503876410607419,2.4824485263151033,0.22171160256753691,True,0.95203256797984,2.0351074528916645e-06
22037-61-2,O=C(O)C1=CC=C(C=C)C=C1C(=O)O,186.61456630151892,195.09210700000003,0.5321,-0.66467,166.79200000000003,1.6223599662220465,-8.121509982023,-0.9978414897835,7.123668492239499,2.91853036665506,0,1,1.726,2,2,ok,False,13.172469464138318,1.2728016727997231,1.2728016727997231,10.677824025988528,15.667114902288109,18.18,0.5,1.0,7.554527067146526e-06,2.031193120708825e-06,14.445271136938041,0.7485183913666832,2.4824485263151033,0.3015242344129362,True,0.9130936187513019,1.854669476970771e-06
99866-00-9,O=C(O)C1=CC=C(OCCC)C=C1C(=O)O,188.4188494539752,209.07527933333336,0.53268,-0.6628,197.92000000000004,4.051803041856798,-8.131850308342,-0.5363363993354999,7.595513909006501,2.4730868016073764,0,1,1.8718,2,3,ok,False,13.146682005787374,1.2728016727997231,1.2728016727997231,10.652036567637584,15.641327443937165,18.18,0.5,1.0,6.889522332383659e-06,1.8450810190968135e-06,14.419483678587097,0.3815913802631864,2.4824485263151033,0.15371572712108275,True,0.9766484430910445,1.8019955046777406e-06
1780790-28-4,O=C(O)C1=CC=2N=C(Cl)SC2C=C1C(=O)O,185.53831537424352,218.8153146666667,0.53364,-0.66118,185.12800000000004,2.503644613358693,-8.669003049229,-1.0027395390925,7.666263510136499,3.050462737520952,0,2,2.3461,2,4,ok,False,13.173345475130846,1.2728016727997231,1.2728016727997231,10.678700036981056,15.667990913280637,18.18,0.5,1.0,7.578159017035845e-06,2.03782131524959e-06,14.446147147930569,0.8845985578479691,2.4824485263151033,0.3563411480523423,True,0.8807521560482784,1.7948155170472147e-06
2616582-43-3,O=C(O)C1=CC=C(C#CCCC)C=C1C(=O)O,186.47212549884247,241.20123966666668,0.53299,-0.66222,211.38400000000004,2.384269508675561,-8.162327059598,-0.945867744338,7.216459315260001,2.8739583001258096,0,1,2.2346,2,2,ok,False,13.155703205101801,1.2728016727997231,1.2728016727997231,10.661057766952009,15.650348643251593,18.18,0.5,1.0,7.115543300321915e-06,1.9082470321737114e-06,14.428504877901524,0.7094572058155714,2.4824485263151033,0.2857892916187372,True,0.9215709422594835,1.7585850155041902e-06
868943-09-3,O=C(O)C1=CC=C(C=CC=2C=CC=CC2)C=C1C(=O)O,186.41176728457668,324.90670233333327,0.53227,-0.66472,237.64000000000004,2.4519464227425525,-7.3587748590715005,-1.184783705077,6.173991153994501,2.955640489208102,0,1,3.253400000000001,2,2,ok,False,13.154282472882228,1.2728016727997231,1.2728016727997231,10.659637034732437,15.648927911032018,18.18,0.5,1.0,7.079484485427483e-06,1.8981633861927193e-06,14.42708414568195,0.7850355279107355,2.4824485263151033,0.31623436280309364,True,0.9048336428653442,1.7175220914823754e-06
194853-57-1,O=C(O)C1=CC=C(SC2=CC=C3C=C(Br)C=CC3=C2)C=C1C(=O)O,187.56831669965828,395.41361966666665,0.53254,-0.66164,292.4480000000001,0.6602420768172838,-7.617283017046501,-0.8185184623039999,6.798764554742501,2.616752868334449,0,1,5.149900000000002,2,3,ok,False,13.135022042729581,1.2728016727997231,1.2728016727997231,10.640376604579789,15.629667480879373,18.18,0.5,1.0,6.607520503064602e-06,1.7664044324729e-06,14.407823715529304,0.4816672335114549,2.4824485263151033,0.19402909200555796,True,0.9630525606641801,1.701140311861584e-06
1804038-62-7,N#CCCC1=CC=C(C(=O)O)C(=C1)C(=O)O,187.2203026923808,199.972497,0.53208,-0.66515,190.60800000000003,6.4747565375078,-8.795808103562,-0.7074960113,8.088312092262,2.7914597035008786,0,1,1.53918,2,3,ok,False,13.143251932361123,1.2728016727997231,1.2728016727997231,10.648606494211332,15.637897370510913,18.18,0.5,1.0,6.805394168125322e-06,1.8215940163306122e-06,14.416053605160846,0.6525672721266138,2.4824485263151033,0.26287242825343554,True,0.9332315663028978,1.6999690370282037e-06
138455-20-6,O=C(O)C1=CC=C(C=C1C(=O)O)C(=O)C2=CC=C(OC3=CC=C(N)C=C3)C=C2,188.98150885551772,399.56251,0.53337,-0.65904,322.21600000000007,7.177771797709928,-7.2216294784195005,-1.258254444712,5.9633750337075,3.014586158984109,0,1,3.688500000000001,3,5,ok,False,13.182770300380247,1.2728016727997231,1.2728016727997231,10.688124862230456,15.677415738530037,18.18,0.5,1.0,7.83690933691209e-06,2.1104569731916328e-06,14.45557197317997,1.2088783647445376,2.4824485263151033,0.4869701635018279,True,0.7888808841906628,1.6648991630577653e-06
2540385-35-9,O=C(O)C1=CC=C(C#CCCCCCC)C=C1C(=O)O,186.4729527946258,290.86730466666666,0.53303,-0.66219,261.9680000000001,2.393973613054246,-8.1555242133355,-0.9401533534775,7.215370859858,2.866496816528618,0,1,3.4049000000000014,2,2,ok,False,13.139711484265513,1.2728016727997231,1.2728016727997231,10.645066046115723,15.634356922415304,18.18,0.5,1.0,6.719587066061581e-06,1.7976520757324028e-06,14.412513157065236,0.7035331999123534,2.4824485263151033,0.28340293563172647,True,0.9228235582384563,1.6589156850021228e-06
68655-99-2,O=C(O)C1=CC(Cl)=C(C=C1C(=O)O)C,186.804399304896,183.06260666666665,0.53321,-0.66272,171.12800000000004,1.8448080713179893,-8.662472316817,-0.754843821287,7.90762849553,2.803806580415548,0,2,2.0448200000000005,2,2,ok,False,13.122272486464825,1.2728016727997231,1.2728016727997231,10.627627048315034,15.616917924614615,18.18,0.5,1.0,6.311779099588874e-06,1.6840604911164489e-06,14.395074159264547,0.6422095840887625,2.4824485263151033,0.25870006055756795,True,0.9352646689701439,1.5750422777497236e-06
2588311-92-4,O=C(O)C1=CC=C(C#CCSCC)C=C1C(=O)O,186.3794058522569,269.77925866666664,0.53313,-0.66165,230.38400000000004,2.5147185051213983,-7.8779680858255,-0.9934876681755,6.88448041765,2.857976289446053,0,1,2.1876,2,3,ok,False,13.106541027787474,1.2728016727997231,1.2728016727997231,10.611895589637683,15.601186465937264,18.18,0.5,1.0,5.964256144096743e-06,1.5875251416048265e-06,14.379342700587197,0.7029659018679223,2.4824485263151033,0.28317441204365706,True,0.9229430497431254,1.4651952957366454e-06
515878-62-3,O=C(O)C1=CC=C(OCC=C(C)C)C=C1C(=O)O,188.50376347018693,245.82779566666667,0.53237,-0.66273,224.99200000000005,4.337996645918483,-8.131306080641,-0.488716475498,7.642589605143,2.430615560540583,0,1,2.428,2,3,ok,False,13.09092538709017,1.2728016727997231,1.2728016727997231,10.596279948940378,15.585570825239962,18.18,0.5,1.0,5.637400709288186e-06,1.4969643705293087e-06,14.363727059889893,0.36380872740196935,2.4824485263151033,0.1465523750222526,True,0.9787514026011014,1.4651559772994357e-06
4277-02-5,O=C(O)C=1C=C(C=C(C1C(=O)O)N(=O)=O)N(=O)=O,174.07203741569947,199.87258366666663,0.54155,-0.63466,185.82400000000004,5.407243636086689,-9.8812702532065,-2.2623545530570004,7.6189157001495,4.838865175802003,1,1,0.8994,2,6,ok,False,13.39744426454518,1.2728016727997231,1.2728016727997231,10.90279882639539,15.892089702694971,18.18,0.5,1.0,1.659931392272858e-05,4.6224523856015515e-06,14.670245937344903,2.6743854572781647,2.4824485263151033,1.077317587425657,False,0.3132940150394416,1.448186667213755e-06
59590-38-4,O=C(O)C=1C=C2C=CC=C(C2=CC1C(=O)O)N3C(=O)C=4C=CC=CC4C3=O,184.80039285817367,382.01872,0.53208,-0.66724,295.36000000000007,4.172499587777092,-8.0510324947435,-1.405740151683,6.6452923430605,3.3644324534341363,0,2,3.0368000000000013,2,4,ok,False,13.146001778923171,1.2728016727997231,1.2728016727997231,10.65135634077338,15.640647217072964,18.18,0.5,1.0,6.872760194548932e-06,1.8404002841607736e-06,14.418803451722894,1.3306506101776727,2.4824485263151033,0.5360234446241928,True,0.7502707533085575,1.380798507586587e-06
191088-42-3,O=C(O)C1=CC=C(C=C1C(=O)O)CC(=O)O,190.4223231091779,189.654648,0.53224,-0.66428,184.21600000000004,2.9583884599558594,-8.821386805509,-0.7480409750245001,8.0733458304845,2.8356876433147526,0,1,0.7100999999999998,3,3,ok,False,13.136868855036841,1.2728016727997231,1.2728016727997231,10.642223416887049,15.631514293186633,18.18,0.5,1.0,6.651440450189572e-06,1.7786477958878363e-06,14.409670527836564,1.325010770227932,2.4824485263151033,0.5337515586656498,True,0.7520964341307008,1.3377146648616722e-06
2558879-84-6,O=C(O)C1=CC=C(C#CC(O)CCCC)C=C1C(=O)O,189.6180896803569,279.47765066666665,0.53286,-0.66186,254.0720000000001,2.4549611544788243,-8.257566907273,-0.9722627878365,7.285304119436501,2.9233424852315686,0,1,1.9856,3,3,ok,False,13.097493449761236,1.2728016727997231,1.2728016727997231,10.602848011611446,15.592138887911027,18.18,0.5,1.0,5.772739101161465e-06,1.534433949667564e-06,14.37029512256096,1.273264404831088,2.4824485263151033,0.5129066690946039,True,0.7686855881057523,1.1794972630096437e-06
54408-07-0,O=C(O)C1=CC=C(N=NC2=CC=C(N)C=C2C)C=C1C(=O)O,187.11681680100637,384.7361350000001,0.53295,-0.6623,257.8400000000001,6.807187140809337,-6.993325957850001,-1.632683103,5.360642854850001,3.470107705951078,0,1,3.3890200000000004,3,5,ok,False,13.106060440534849,1.2728016727997231,1.2728016727997231,10.611415002385058,15.60070587868464,18.18,0.5,1.0,5.953932487227813e-06,1.584661277523154e-06,14.378862113334572,1.3545603232395735,2.4824485263151033,0.5456549486849807,True,0.7424948658387992,1.1766028626544944e-06
1098083-48-7,O=C(O)C1=CC(Br)=C(C=C1C(=O)O)C,186.564655355776,193.44881533333333,0.53342,-0.66216,175.30400000000003,1.9181364993138523,-8.580838161667,-0.776612929327,7.804225232339999,2.804951430588403,0,2,2.1539200000000003,2,2,ok,False,13.037501056837892,1.2728016727997231,1.2728016727997231,10.542855618688101,15.532146494987682,18.18,0.5,1.0,4.643679326881331e-06,1.2231532615451633e-06,14.310302729637614,0.6489895615870402,2.4824485263151033,0.2614312259478698,True,0.933937008356675,1.1423480978491996e-06
19617-63-1,O=C(O)C=1C=CC(=CC1C(=O)O)C=2C=CC=CC2OC,188.1300144811835,280.8649733333333,0.53181,-0.66642,235.80000000000007,3.469721514761668,-7.6483039960034995,-0.7820552063370001,6.8662487896665,2.587692292312755,0,1,2.7586000000000013,2,3,ok,False,13.029528332671045,1.2728016727997231,1.2728016727997231,10.534882894521253,15.524173770820838,18.18,0.5,1.0,4.510568051144965e-06,1.1866635744184514e-06,14.302330005470768,0.6092462024390283,2.4824485263151033,0.2454214844661376,True,0.9415463472760289,1.117298753939209e-06
2603390-50-5,O=C(O)C1=CC=C(C#CC)C=C1C(=O)O,186.2386361398738,207.183414,0.53292,-0.66237,178.29600000000005,2.253482924275221,-8.18518462304,-0.9450514027865,7.2401332202535,2.8784418515292645,0,1,1.4544,2,2,ok,False,13.033622141593295,1.2728016727997231,1.2728016727997231,10.538976703443502,15.528267579743087,18.18,0.5,1.0,4.578455523929683e-06,1.2052676067481822e-06,14.306423814393018,0.7249303456538339,2.4824485263151033,0.29202230699619214,True,0.9182578662213833,1.106746460798339e-06
302927-72-6,O=C(O)C1=CC=C(OC2=CC=CC(=C2)N3C(=O)C=4C=CC=CC4C3=O)C=C1C(=O)O,183.4335272782524,407.5684893333334,0.53333,-0.65985,331.36000000000007,5.40163502932214,-8.336479923918,-1.4005699885235,6.9359099353945,3.4173649124808176,0,1,3.675900000000002,2,5,ok,False,13.066630791826656,1.2728016727997231,1.2728016727997231,10.571985353676865,15.561276229976446,18.18,0.5,1.0,5.162649187914157e-06,1.3658536752443433e-06,14.339432464626379,1.3328883261922937,2.4824485263151033,0.5369248594937863,True,0.7495454635732695,1.023769426184275e-06
2600829-78-3,N#CCCC#CC1=CC=C(C(=O)O)C(=C1)C(=O)O,185.8333204977734,240.408129,0.53335,-0.6615,212.73600000000005,3.548324859704928,-8.2660024366385,-0.9804262033515,7.285576233287,2.933757051494549,0,1,1.7382800000000005,2,3,ok,False,13.017316778594834,1.2728016727997231,1.2728016727997231,10.522671340445044,15.511962216744624,18.18,0.5,1.0,4.31373100158001e-06,1.1327929124232625e-06,14.290118451394557,0.7897211183981894,2.4824485263151033,0.31812185027273676,True,0.9037508982269189,1.0237626121076108e-06
320-97-8,O=C(O)C1=CC=C(F)C=C1C(=O)O,185.8859952204673,146.12304986666666,0.53334,-0.65797,144.57600000000002,1.1932017474006649,-8.936490964270499,-0.7039585312435,8.232532433026998,2.8222866788446987,0,1,1.2221,2,2,ok,False,13.011772326471776,1.2728016727997231,1.2728016727997231,10.517126888321986,15.506417764621567,18.18,0.5,1.0,4.227095375295807e-06,1.1091165870993623e-06,14.2845739992715,0.7612015084891846,2.4824485263151033,0.30663335026692246,True,0.9102609052523485,1.0095854686034606e-06
1784432-89-8,O=C(O)C1=CC=2ON=CC2C=C1C(=O)O,185.09294923978237,177.794619,0.53373,-0.65706,161.33600000000004,3.4178597776971484,-8.826284854817999,-0.8764787124605001,7.949806142357499,2.960563413644099,0,2,1.2242,2,4,ok,False,12.999796790836559,1.2728016727997231,1.2728016727997231,10.505151352686767,15.494442228986351,18.18,0.5,1.0,4.045609960405427e-06,1.0595891449509956e-06,14.272598463636282,0.893763505124296,2.4824485263151033,0.360033046264601,True,0.8784258374832551,9.307704820417446e-07
1807074-79-8,O=C(O)C1=CC=C(C=C1C(=O)O)CCCCl,187.30206927628296,214.607797,0.53213,-0.66584,205.20800000000008,3.4069847211280537,-8.684785652558,-0.665046250622,8.019739401936,2.7251308376871672,0,1,2.2544000000000004,2,2,ok,False,12.974393995963421,1.2728016727997231,1.2728016727997231,10.479748557813629,15.469039434113213,18.18,0.5,1.0,3.6849819905929328e-06,9.614679622832187e-07,14.247195668763144,0.613662514851422,2.4824485263151033,0.24720049916294953,True,0.9407215547109461,9.044736362838348e-07
1243400-32-9,O=C(O)C1=CC=C(OC2CC2)C=C1C(=O)O,188.04267170790203,204.05894566666663,0.53228,-0.66245,190.29600000000005,3.267130883512321,-8.172395272066499,-0.5181047713520001,7.654290500714499,2.466746950537316,0,1,1.6242,2,3,ok,False,12.957110310565403,1.2728016727997231,1.2728016727997231,10.462464872415612,15.451755748715193,18.18,0.5,1.0,3.457416090757815e-06,8.997644620852474e-07,14.229911983365126,0.3698576922418796,2.4824485263151033,0.1489890679791411,True,0.9780468146259048,8.80011766056067e-07
2574511-79-6,O=C(O)C1=CC=C(C#CC(C)CC)C=C1C(=O)O,186.11038942074384,259.2666753333333,0.53289,-0.66225,228.29600000000005,2.3618919704338723,-8.1533473025315,-0.9504936797965,7.202853622735001,2.876634906542931,0,1,2.4806,2,2,ok,False,12.969918347124953,1.2728016727997231,1.2728016727997231,10.47527290897516,15.464563785274745,18.18,0.5,1.0,3.624716066059034e-06,9.451104959217033e-07,14.242720019924676,0.7306921551383578,2.4824485263151033,0.2943433257095496,True,0.9170089988731878,8.666748296897031e-07
2539029-66-6,O=C(O)C1=CC=C(C#CCOC)C=C1C(=O)O,185.7453061933243,227.350263,0.53298,-0.66213,204.29600000000005,1.7972345311616955,-8.3247790283465,-0.9853242526605,7.339454775686,2.9524680562840486,0,1,1.0809000000000002,2,3,ok,False,12.974005977177141,1.2728016727997231,1.2728016727997231,10.47936053902735,15.468651415326931,18.18,0.5,1.0,3.6797195025943773e-06,9.600391412484167e-07,14.246807649976864,0.810071244417985,2.4824485263151033,0.3263194526818401,True,0.8989890855876894,8.630647097193048e-07
1784934-69-5,O=C(O)C1=CC=2N=C(SC2C=C1C(=O)O)CC,186.90434968222564,240.089582,0.53246,-0.66572,203.22400000000005,3.031248958762708,-8.429542860789,-0.8084502498355001,7.6210926109535,2.799484308499582,0,2,2.2551000000000005,2,4,ok,False,12.957640496951312,1.2728016727997231,1.2728016727997231,10.462995058801521,15.452285935101102,18.18,0.5,1.0,3.464192413029842e-06,9.01599332823181e-07,14.230442169751035,0.6433967936759594,2.4824485263151033,0.25917830192878344,True,0.9350330598495363,8.430251829279594e-07
858242-85-0,O=C(O)C1=CC(Br)=C(OC)C=C1C(=O)O,186.8295515286604,201.40108333333333,0.53431,-0.65811,184.13600000000005,4.914608494071526,-8.2012393402195,-0.6549780381535001,7.546261302066,2.598392207526753,0,2,1.8541,2,3,ok,False,12.943764049229593,1.2728016727997231,1.2728016727997231,10.4491186110798,15.438409487379385,18.18,0.5,1.0,3.290954944280369e-06,8.547404387982184e-07,14.216565722029316,0.5923977780986769,2.4824485263151033,0.2386344658586014,True,0.9446446931291427,8.074260195136118e-07
52287-38-4,O=C(O)C=1C=C2N=CC=CC2=CC1C(=O)O,185.86845079499477,219.83492733333333,0.53264,-0.66427,178.53600000000003,3.950380798100356,-8.380834481549499,-0.998113603634,7.382720877915499,2.978734691423276,0,2,1.6312,2,3,ok,False,12.95659074142896,1.2728016727997231,1.2728016727997231,10.461945303279169,15.45123617957875,18.18,0.5,1.0,3.4507877692909004e-06,8.979698178550533e-07,14.229392414228682,0.8244236088242968,2.4824485263151033,0.3321009882319915,True,0.895573426037199,8.041979062544496e-07
773108-17-1,O=C(O)C1=CC=C(OC=2C(=CC=CC2C)C)C=C1C(=O)O,187.67436444605764,291.51146766666665,0.5331,-0.661,251.90400000000005,2.549641378704072,-8.2104912111365,-0.53334314698,7.6771480641564995,2.489682322239371,0,1,3.492140000000002,2,3,ok,False,12.919957180727605,1.2728016727997231,1.2728016727997231,10.425311742577815,15.414602618877396,18.18,0.5,1.0,3.012880821673591e-06,7.797497385500083e-07,14.192758853527328,0.3747675058661824,2.4824485263151033,0.15096687882688137,True,0.9774667544413054,7.62179446216933e-07
165730-64-3,O=C(O)C=1C=C(F)C=C(F)C1C(=O)O,183.36066662462775,143.99890660000003,0.53777,-0.64651,148.90400000000002,1.6192773758686312,-8.977035927995,-0.904506439062,8.072529488933,3.0239864619202788,1,1,1.3612000000000002,2,2,ok,False,12.971665015683033,1.2728016727997231,1.2728016727997231,10.477019577533241,15.466310453832826,18.18,0.5,1.0,3.64812246316136e-06,9.5146209414375e-07,14.244466688482756,1.1781800532415145,2.4824485263151033,0.47460402129279244,True,0.7983174313127687,7.595687749883062e-07
138518-30-6,O=C(O)C1=CC=C(OCC=C)C=C1C(=O)O,187.9875026216913,209.9275463333333,0.53238,-0.6623,191.92800000000005,3.586779726997464,-8.1756606382725,-0.5017779403220001,7.6738826979505,2.453058746434524,0,1,1.6478,2,3,ok,False,12.904480690976149,1.2728016727997231,1.2728016727997231,10.409835252826358,15.39912612912594,18.18,0.5,1.0,2.844325843339699e-06,7.344372166508301e-07,14.177282363775872,0.35882635556593867,2.4824485263151033,0.14454533568862082,True,0.9793233998559601,7.192515519912392e-07
1785571-16-5,O=C(O)C1=CC=2C=NC=CC2C=C1C(=O)O,185.9229818746144,219.59147,0.53327,-0.6617,178.74400000000006,2.332482940987994,-8.154163644082999,-0.950221565946,7.203942078136999,2.876544159903588,0,2,1.6312,2,3,ok,False,12.908936819273297,1.2728016727997231,1.2728016727997231,10.414291381123505,15.40358225742309,18.18,0.5,1.0,2.89190917604663e-06,7.472176356444421e-07,14.18173849207302,0.7429269593859279,2.4824485263151033,0.2992718485441121,True,0.9143300759184094,6.832035575263571e-07
2498044-76-9,O=C(O)C1=CC=C(C#CC(O)CCC)C=C1C(=O)O,188.96566578933968,261.4045976666667,0.53327,-0.66152,237.2800000000001,3.5290288366631404,-8.3824671646525,-1.0081818161025,7.37428534855,2.989587604482057,0,1,1.5955,3,3,ok,False,12.941758193162029,1.2728016727997231,1.2728016727997231,10.447112755012238,15.43640363131182,18.18,0.5,1.0,3.26660951550466e-06,8.481637024760804e-07,14.214559865961752,1.2473405503454016,2.4824485263151033,0.5024638122897673,True,0.77687961003374,6.589210864243904e-07
90273-39-5,O=C(O)C1=CC(Cl)=C(OC)C=C1C(=O)O,186.72255287663967,191.02114266666663,0.53457,-0.6582,179.14400000000003,5.068373472821434,-8.2366141407845,-0.6362021824690001,7.6004119583155,2.589559287640318,0,2,1.745,2,3,ok,False,12.859372456829606,1.2728016727997231,1.2728016727997231,10.364727018679815,15.354017894979396,18.18,0.5,1.0,2.4029995702975415e-06,6.163561232897716e-07,14.132174129629329,0.5929129357578865,2.4824485263151033,0.23884198583484612,True,0.9445510967948519,5.821798522695767e-07
89939-56-0,O=C(O)C1=CC(NO)=C(C=C1C(=O)O)N(=O)=O,186.8643447249328,204.042525,0.5365,-0.65051,183.88000000000005,7.209552800278253,-8.233893002279501,-1.76329775124,6.4705952510395015,3.861461700382196,0,2,0.7922999999999999,4,6,ok,False,12.893869440347633,1.2728016727997231,1.2728016727997231,10.39922400219784,15.388514878497425,18.18,0.5,1.0,2.7340154072931967e-06,7.048443214923656e-07,14.166671113147355,1.100117485426122,2.4824485263151033,0.44315822614824335,True,0.8216923587531736,5.791651930808421e-07
2639457-43-3,O=C(O)C1=CC=C(C=C1C(=O)O)CNC(=O)OCC2C=3C=CC=CC3C=4C=CC=CC42,192.20931054513343,435.9159706666667,0.53174,-0.66634,362.1600000000001,3.1298032621875773,-7.470613651627,-0.656338607406,6.8142750442210005,2.4231247121663566,0,1,4.121700000000002,3,4,ok,False,12.912934155446417,1.2728016727997231,1.2728016727997231,10.418288717296626,15.407579593596207,18.18,0.5,1.0,2.9352409333649776e-06,7.588639691336437e-07,14.18573582824614,1.359905608104215,2.4824485263151033,0.5478081795810008,True,0.7407487339945995,5.621275244098635e-07
2477563-07-6,O=C(O)C1=CC=C(C#CCC(C)(C)C)C=C1C(=O)O,186.00899032915785,277.2085466666667,0.53269,-0.66242,244.66400000000004,2.3694468827133472,-8.134571446847,-0.9347110764675,7.1998603703795,2.8560236329750643,0,1,2.870700000000001,2,2,ok,False,12.853775307226284,1.2728016727997231,1.2728016727997231,10.359129869076494,15.348420745376075,18.18,0.5,1.0,2.3530494943950608e-06,6.030464329733085e-07,14.126576980026007,0.7187674745788194,2.4824485263151033,0.28953972940810313,True,0.9195845795292185,5.545522005023549e-07
91345-30-1,O=C(O)C1=CC=C(C=C1C(=O)O)CCC(=O)O,190.6687039545585,207.0428643333333,0.53206,-0.66602,200.61600000000004,2.738194704545314,-8.730772893292501,-0.6669510475755001,8.063821845717001,2.738069396823052,0,1,1.1001999999999998,3,3,ok,False,12.904807656205469,1.2728016727997231,1.2728016727997231,10.410162218055678,15.399453094355259,18.18,0.5,1.0,2.847791603475642e-06,7.353677787839175e-07,14.177609329005191,1.3304924970093226,2.4824485263151033,0.5359597521984792,True,0.7503219814512729,5.517626088725704e-07
22179-20-0,O=C(O)C1=CC=C(C=C1C(=O)O)S(=O)(=O)N,186.30338436632076,193.958432,0.53646,-0.65168,185.16800000000003,9.03406064402935,-9.312280191811,-1.0555296260895,8.2567505657215,3.2546544662016523,0,1,-0.2695999999999997,3,4,ok,False,12.875111032519197,1.2728016727997231,1.2728016727997231,10.380465594369404,15.369756470668989,18.18,0.5,1.0,2.5489553787972916e-06,6.553136726567994e-07,14.14791270531892,1.1342408595711346,2.4824485263151033,0.4569040798017186,True,0.8115889078501526,5.318453078908043e-07
2543598-83-8,O=C(O)C1=CC=C(C#CCCC(=O)O)C=C1C(=O)O,189.2288910361764,246.353259,0.5329,-0.66205,222.87200000000004,2.043187911084049,-8.2513082887115,-0.973623357089,7.277684931622501,2.923297884878321,0,1,1.2993,3,3,ok,False,12.879498897521827,1.2728016727997231,1.2728016727997231,10.384853459372035,15.37414433567162,18.18,0.5,1.0,2.5911372903824362e-06,6.665904466094334e-07,14.15230057032155,1.264167290073426,2.4824485263151033,0.5092420957263233,True,0.7715702830856247,5.143213795926135e-07
99807-59-7,O=C(O)C=1C=C(C(=O)O)C(=CC1Cl)C(=O)O,185.7889923986136,191.11426733333332,0.53578,-0.65062,182.39200000000005,2.8873728283683766,-8.9974444667825,-1.197845169901,7.7995992968815,3.331707399937382,0,2,1.4346,3,3,ok,False,12.868360572248957,1.2728016727997231,1.2728016727997231,10.373715134099164,15.363006010398749,18.18,0.5,1.0,2.485342539425903e-06,6.383226246791572e-07,14.14116224504868,1.1619287713637554,2.4824485263151033,0.46805754844331016,True,0.8032591670075115,5.127384997818282e-07
1453498-29-7,O=C(O)C1=CC(F)=C(C=C1C(=O)O)C,186.6202019839463,165.324875,0.5326,-0.66407,160.82400000000004,1.5366327765604897,-8.733221917947,-0.6840942201569999,8.04912769779,2.75451721524259,0,2,1.53052,2,2,ok,False,12.81025510794448,1.2728016727997231,1.2728016727997231,10.31560966979469,15.30490054609427,18.18,0.5,1.0,1.997206724851575e-06,5.085870747930973e-07,14.083056780744203,0.6024202879520079,2.4824485263151033,0.24267181436637014,True,0.9428108407842937,4.795014075977045e-07
2734031-04-8,O=C(O)C1=CC=C(SC2=CC=C(Br)C=C2)C=C1C(=O)O,187.10194468150223,309.961918,0.53319,-0.6613,248.82400000000007,1.1219551417057636,-7.8376952359515,-0.719469020722,7.1182262152295,2.571745330284143,0,1,3.9967000000000015,2,3,ok,False,12.801467465217426,1.2728016727997231,1.2728016727997231,10.306822027067636,15.296112903367217,18.18,0.5,1.0,1.931902983268951e-06,4.913247923769254e-07,14.074269138017149,0.4536779239988323,2.4824485263151033,0.1827542118958908,True,0.9671524900936926,4.7518599639210996e-07
1583-67-1,O=C(O)C=1C=CC=C(F)C1C(=O)O,184.02536886364527,145.66907923333335,0.53604,-0.64923,144.00000000000003,1.953368887332856,-8.899211366752,-0.792395532656,8.106815834096,2.8965516861012635,1,0,1.2221,2,2,ok,False,12.818375646368548,1.2728016727997231,1.2728016727997231,10.323730208218755,15.31302108451834,18.18,0.5,1.0,2.0594297690590696e-06,5.250568730269323e-07,14.09117731916827,1.1734004808321505,2.4824485263151033,0.47267867526499036,True,0.7997747687228122,4.199272391914377e-07
18019-69-7,O=C(O)C1=CC=C(C=C1C(=O)O)[Si](C)(C)C,186.773559936017,234.95942633333337,0.53192,-0.6675,219.48000000000005,1.991899618454705,-8.772406312419001,-0.728176663938,8.044229648481002,2.8051498041110903,0,1,1.6282,2,2,ok,False,12.780324486310692,1.2728016727997231,1.2728016727997231,10.285679048160901,15.274969924460482,18.18,0.5,1.0,1.783062921219559e-06,4.5207222306632524e-07,14.053126159110414,0.6782681838993462,2.4824485263151033,0.27322547747088793,True,0.9280662473259496,4.1955297158146403e-07
253789-13-8,O=C(O)C=1C=C(C(=CC1C(=O)O)CC)C,188.26108074116303,203.841551,0.53089,-0.67131,188.87200000000004,2.76485736521796,-8.4488629441745,-0.5891264863325,7.859736457842001,2.5982185720888684,0,2,1.95382,2,2,ok,False,12.787965190724176,1.2728016727997231,1.2728016727997231,10.293319752574384,15.282610628873968,18.18,0.5,1.0,1.8355357011868615e-06,4.6589561524928427e-07,14.060766863523899,0.8665917127541565,2.4824485263151033,0.3490874850245164,True,0.8852704634890644,4.124436272492567e-07
2639456-65-6,O=C(O)C=1C=C2C(=CC1C(=O)O)C(NC(=O)OCC=3C=CC=CC3)CC2,190.97714547654107,344.4146303333334,0.5323,-0.66585,307.4800000000001,3.2962079318513875,-8.522061569959,-0.6106234805220001,7.911438089436999,2.635612365552068,0,2,2.996700000000001,3,4,ok,False,12.824893663478928,1.2728016727997231,1.2728016727997231,10.330248225329136,15.31953910162872,18.18,0.5,1.0,2.1107133968374914e-06,5.386467487139615e-07,14.097695336278651,1.3014045750535193,2.4824485263151033,0.5242423201359578,True,0.7597012536970451,4.0921061029783376e-07
202597-63-5,O=C(O)C=1C=CC2=C(OC=3C=CC=CC32)C1C(=O)O,184.0090414748283,267.93741933333337,0.53506,-0.65144,208.28800000000004,3.299370176260918,-7.992255903035501,-1.059611333847,6.932644569188501,2.9547274368537937,1,1,2.982400000000001,2,3,ok,False,12.801830734546598,1.2728016727997231,1.2728016727997231,10.307185296396806,15.29647617269639,18.18,0.5,1.0,1.934561512723081e-06,4.92027076252703e-07,14.074632407346321,1.144873077075038,2.4824485263151033,0.46118703567822394,True,0.8084038896865907,3.9775660227380593e-07
5840-66-4,O=C(O)C1=CC=C(OCC=2C=CC=CC2)C=C1C(=O)O,187.41931679128277,274.0281346666667,0.5326,-0.66221,235.46400000000008,3.788552426719208,-8.167225108907001,-0.561098759731,7.606126349176001,2.504022220327996,0,1,2.662,2,3,ok,False,12.73799027817741,1.2728016727997231,1.2728016727997231,10.243344840027618,15.232635716327202,18.18,0.5,1.0,1.5174103011410198e-06,3.8235570300247404e-07,14.010791950977133,0.38481517823384825,2.4824485263151033,0.15501436350225564,True,0.9762569557437759,3.7327741462446663e-07
63196-16-7,O=C(O)C1=CC=C(OC2=CC=C(Cl)C=C2)C=C1C(=O)O,186.99398348041555,269.257645,0.53332,-0.66011,234.08800000000005,1.288111404343584,-8.3040983757085,-0.5586497350765,7.745448640632,2.535305174679134,0,1,3.528700000000001,2,3,ok,False,12.736262217565388,1.2728016727997231,1.2728016727997231,10.241616779415597,15.230907655715178,18.18,0.5,1.0,1.5074163965671152e-06,3.7974217018839307e-07,14.00906389036511,0.4598438412603551,2.4824485263151033,0.18523801657347477,True,0.9662688964561976,3.6693304772582016e-07
607735-04-6,O=C(O)C1=CC=C(OCC2=CC=C(F)C=C2)C=C1C(=O)O,187.38021278643376,271.277649,0.5327,-0.66215,241.04000000000005,3.204638255716236,-8.180286573731,-0.5591939627775,7.621092610953499,2.5054977004949066,0,1,2.801100000000001,2,3,ok,False,12.72519999630583,1.2728016727997231,1.2728016727997231,10.23055455815604,15.219845434455621,18.18,0.5,1.0,1.4449203699453978e-06,3.6341480928862777e-07,13.998001669105554,0.3856354499682749,2.4824485263151033,0.1553447919988514,True,0.9761568442530194,3.5474985338999977e-07
2533173-76-9,O=C(O)C1=CC=C(C#CCC(C)C)C=C1C(=O)O,185.6644155000753,258.846287,0.53314,-0.66195,228.12800000000004,2.5526410519303337,-8.139469496156,-0.945867744338,7.193601751818,2.8686378403087995,0,1,2.4806,2,2,ok,False,12.736069304941134,1.2728016727997231,1.2728016727997231,10.241423866791344,15.230714743090925,18.18,0.5,1.0,1.5063046498431865e-06,3.7945147778314335e-07,14.008870977740857,0.7462015281680245,2.4824485263151033,0.3005909368343162,True,0.9136068783133251,3.4666948008883564e-07
328265-76-5,O=C(O)C1=CC=C(C=C1C(=O)O)C(=O)C2=CC=C(C=C2)NC(=O)C=CC=3C=CC=CC3,186.73813277659036,480.4549083333333,0.53437,-0.65778,359.6720000000001,10.949694192533414,-7.724767987994,-1.3902296622045,6.3345383257895005,3.2789754315982123,0,1,3.965900000000002,3,4,ok,False,12.744245368043334,1.2728016727997231,1.2728016727997231,10.249599929893542,15.238890806193126,18.18,0.5,1.0,1.5541195287004653e-06,3.9196161178494415e-07,14.017047040843057,1.149151293534372,2.4824485263151033,0.4629104214459379,True,0.8071174693589163,3.163590641897061e-07
13124-84-0,O=C(O)C=1C=C(C(=O)O)C(=CC1Br)C(=O)O,185.9298257817201,200.97979366666664,0.53593,-0.65122,187.00800000000004,3.048617819602844,-8.873088437104,-1.163558824738,7.709529612366,3.2665510518652088,0,2,1.5437,3,3,ok,False,12.739686247194763,1.2728016727997231,1.2728016727997231,10.245040809044973,15.234331685344554,18.18,0.5,1.0,1.5272803939287063e-06,3.8493754486948794e-07,14.012487919994486,1.1546428505094386,2.4824485263151033,0.4651225748569165,True,0.8054621961329804,3.1005264026461547e-07
328265-77-6,O=C(O)C1=CC=C(C=C1C(=O)O)C(=O)C2=CC=C(C=C2)NC(=O)C=3C=CC=CC3,186.7613383837821,421.324732,0.53427,-0.65773,332.36000000000007,10.551212508048543,-7.966405087238001,-1.340977055264,6.625428031974001,3.2687458805870957,0,1,3.566300000000002,3,4,ok,False,12.734546107994737,1.2728016727997231,1.2728016727997231,10.239900669844946,15.229191546144527,18.18,0.5,1.0,1.497554117737487e-06,3.7716374974035515e-07,14.00734778079446,1.1480912669378238,2.4824485263151033,0.462483412956009,True,0.8074364656749842,3.045357650710766e-07
2707039-96-9,O=CC(C1=CC=C(C(=O)O)C(=C1)C(=O)O)C,186.7744148586536,201.208292,0.53176,-0.66639,192.5360000000001,5.328417296909092,-8.770229401615,-0.6549780381535001,8.1152513634615,2.7366538417602317,0,1,1.3854,2,3,ok,False,12.687427792432409,1.2728016727997231,1.2728016727997231,10.192782354282617,15.182073230582201,18.18,0.5,1.0,1.249726292235384e-06,3.1260898337700024e-07,13.960229465232132,0.599818288952236,2.4824485263151033,0.24162365607741088,True,0.9432895503220832,2.948807873563341e-07
2620557-98-2,O=C(C#CC1=CC=C(C(=O)O)C(=C1)C(=O)O)N,186.27069790613328,224.858433,0.53382,-0.65862,192.99200000000005,6.618053494797394,-8.649410851993,-1.323017541131,7.326393310862,3.3935295252489257,0,1,-0.0801999999999997,3,3,ok,False,12.724352607471072,1.2728016727997231,1.2728016727997231,10.22970716932128,15.218998045620864,18.18,0.5,1.0,1.4402369558714484e-06,3.6219238526664037e-07,13.997154280270795,1.188879504959782,2.4824485263151033,0.4789140609994967,True,0.7950433179514077,2.879586357191243e-07
119401-50-2,O=C(O)C1=CC=C(C=C1C(=O)O)S(=O)(=O)C=2C=CC=C(C(=O)O)C2C(=O)O,188.76111672774772,333.542912,0.53606,-0.65065,300.1840000000001,7.267784882617261,-9.2711910003855,-1.189681754386,8.081509245999502,3.3851925259409468,0,1,1.3122,4,6,ok,False,12.701989086968506,1.2728016727997231,1.2728016727997231,10.207343648818714,15.196634525118299,18.18,0.5,1.0,1.3217716498888804e-06,3.3132644994435473e-07,13.97479075976823,0.9437268584151713,2.4824485263151033,0.3801596884733882,True,0.8654364016108068,2.867419705983255e-07
304449-33-0,O=C(O)C1=CC=C(OC=2C=CC=CC2NC(=O)CCCCCCCCCCC)C=C1C(=O)O,190.5539725848153,466.9686630000001,0.53261,-0.66107,434.5360000000001,7.213659846430243,-8.25049194716,-0.57143908605,7.679052861110001,2.533726117086005,0,1,6.7347000000000055,3,4,ok,False,12.678749156216595,1.2728016727997231,1.2728016727997231,10.184103718066805,15.173394594366385,18.18,0.5,1.0,1.2085959202675288e-06,3.0194249689897514e-07,13.951550829016318,1.2078268668393544,2.4824485263151033,0.48654659060835725,True,0.7892062504895888,2.3829490584110446e-07
13629-83-9,O=C(O)C=1C=CC=C(C1)C=2C=CC(C(=O)O)=C(C2)C(=O)O,189.4202735763778,284.96476133333334,0.53234,-0.66411,238.44000000000003,4.211437031465626,-8.187361533844,-0.928452457906,7.258909075937999,2.8619336550047323,0,1,2.4482,3,3,ok,False,12.686318446851475,1.2728016727997231,1.2728016727997231,10.191673008701684,15.180963885001265,18.18,0.5,1.0,1.2443948719810514e-06,3.112255642537741e-07,13.959120119651198,1.3037659236660186,2.4824485263151033,0.5251935376888972,True,0.7589432665337053,2.362025463635549e-07
1498132-06-1,O=C(O)C1=CC=C(C=C1C(=O)O)C(Cl)C(=O)O,187.6932316599504,206.02285433333336,0.53322,-0.66085,199.40800000000004,1.808841731606168,-9.047785529125,-0.9972972620825,8.050488267042502,3.1334648575073927,0,1,1.4475,3,3,ok,False,12.674877140928727,1.2728016727997231,1.2728016727997231,10.180231702778936,15.169522579078517,18.18,0.5,1.0,1.1906675770652024e-06,2.9729758743092243e-07,13.94767881372845,1.2156161947134163,2.4824485263151033,0.48968435068333627,True,0.786792469701541,2.3391150305108528e-07
62155-89-9,O=C(O)C1=CC=C(C=C1C(=O)O)S(=O)(=O)NC=2C=CC=C(OC)C2,187.3651097624277,315.81244466666664,0.53685,-0.65133,282.61600000000004,10.549080160848147,-7.862185482496501,-1.0664141801095002,6.795771302387001,2.932702131511052,0,1,1.8924,3,5,ok,False,12.659994395716604,1.2728016727997231,1.2728016727997231,10.165348957566813,15.154639833866394,18.18,0.5,1.0,1.1241046755328518e-06,2.800770642488285e-07,13.932796068516327,1.2472509944458736,2.4824485263151033,0.5024277366577538,True,0.7769077740597894,2.17594048550758e-07
7717-74-0,O=C(O)C1=CC=C(OC2=CC=C(C(=O)O)C(=C2)C(=O)O)C=C1,189.6605479692716,285.83664666666664,0.53274,-0.66014,247.00800000000007,2.646561678858061,-8.1430069762125,-0.7611024398485,7.381904536364001,2.6850511308643106,0,1,2.5735,3,4,ok,False,12.64766729612943,1.2728016727997231,1.2728016727997231,10.153021857979638,15.142312734279223,18.18,0.5,1.0,1.0716915668926172e-06,2.665456335598004e-07,13.920468968929153,1.2459804430471917,2.4824485263151033,0.5019159228637462,True,0.7773072360140533,2.0718784969398314e-07
330635-68-2,O=C(O)C1=CC=C(OC2=CC=C(C=C2)NC(=O)C=3SC=CC3)C=C1C(=O)O,190.74610803472228,384.5656753333333,0.53336,-0.66081,312.38400000000007,7.995585012993108,-7.839327919054501,-0.612800391326,7.226527527728501,2.471396971125585,0,1,4.189100000000002,3,5,ok,False,12.643279117359683,1.2728016727997231,1.2728016727997231,10.14863367920989,15.137924555509475,18.18,0.5,1.0,1.0536064818946077e-06,2.6188264777171926e-07,13.916080790159405,1.2027136796198241,2.4824485263151033,0.4844868551635623,True,0.7907862993974936,2.0709320990781514e-07
339100-35-5,O=C(O)C1=CC=C(OC2=CC=CC(=C2)NC(=O)C=CC=3C=CC=CC3)C=C1C(=O)O,189.58620128770124,451.48448033333335,0.53263,-0.66151,348.8560000000001,4.11000197688517,-7.672522128698,-0.919200586989,6.753321541709,2.732644179880544,0,1,4.527200000000003,3,4,ok,False,12.632188123156359,1.2728016727997231,1.2728016727997231,10.137542685006569,15.12683356130615,18.18,0.5,1.0,1.0091941987028772e-06,2.5044509053721376e-07,13.904989795956082,1.2582965518421816,2.4824485263151033,0.5068771974539072,True,0.7734266104527826,1.937008974787375e-07
1780981-73-8,O=C(O)C1=CC=2N=CSC2C=C1C(=O)O,185.70397124521415,201.85145266666663,0.53285,-0.6642,170.08800000000005,2.336636920875813,-8.5027414865735,-0.855525945972,7.6472155406015,2.8630410923448766,0,2,1.6927,2,4,ok,False,12.588126729831732,1.2728016727997231,1.2728016727997231,10.09348129168194,15.082772167981524,18.18,0.5,1.0,8.498770102326046e-07,2.0958498153991925e-07,13.860928402631455,0.7175167049014014,2.4824485263151033,0.28903588424710214,True,0.9198526890270445,1.9278730884917821e-07
140436-03-9,O=C(O)C=1C=C(C(=O)O)C(=CC1C(=O)O)[Si](C)(C)C,186.42242459501,262.71204400000005,0.53379,-0.65787,246.4000000000001,1.4297946181182808,-8.9838387742575,-1.169001101748,7.8148376725094995,3.29757833327798,0,2,1.3263999999999996,3,3,ok,False,12.61802210521307,1.2728016727997231,1.2728016727997231,10.12337666706328,15.11266754336286,18.18,0.5,1.0,9.550786319830375e-07,2.365355106570812e-07,13.890823778012793,1.1545852907366108,2.4824485263151033,0.4650993881635298,True,0.8054795691503475,1.9052452121282317e-07
37951-15-8,O=C(O)C1=CC=C(OC=2C=CC=CC2)C=C1C(=O)O,186.8044728682783,254.87760866666667,0.53329,-0.66074,219.08800000000005,3.109274682301324,-8.300560895652,-0.539329651691,7.761231243960999,2.517115597792798,0,1,2.8753,2,3,ok,False,12.548089064430597,1.2728016727997231,1.2728016727997231,10.053443626280806,15.042734502580387,18.18,0.5,1.0,7.263002571536779e-07,1.7809400659823195e-07,13.82089073723032,0.441119692407317,2.4824485263151033,0.17769540344190188,True,0.968917648855227,1.725584261483662e-07
1781086-48-3,O=C(O)C1=CC=2N=C(OC2C=C1C(=O)O)C(C)C,186.88248344029572,230.91143433333332,0.5326,-0.66696,210.70400000000004,2.775764545129864,-8.4847819724405,-0.6615087705655,7.823273201875,2.6732619517731973,0,2,2.3476,2,4,ok,False,12.547950041905999,1.2728016727997231,1.2728016727997231,10.053304603756207,15.042595480055791,18.18,0.5,1.0,7.259028917151525e-07,1.7799306212665457e-07,13.820751714705722,0.5863711768900156,2.4824485263151033,0.236206781600589,True,0.9457342740057652,1.6833413938841472e-07
3062824-86-3,O=C(O)C1=CC(F)=C(OC)C=C1C(=O)O,186.4434699497388,173.50962866666669,0.53352,-0.66092,169.40800000000004,4.477991318660633,-8.263553411984,-0.6375627517215,7.6259906602625,2.597363165307499,0,2,1.2307,2,3,ok,False,12.544612755053931,1.2728016727997231,1.2728016727997231,10.04996731690414,15.039258193203722,18.18,0.5,1.0,7.164264883636835e-07,1.755863619889055e-07,13.817414427853654,0.5130458017764938,2.4824485263151033,0.20666926074719008,True,0.9581871326057577,1.6824459271882597e-07
54451-50-2,O=C(O)C1=CC=C(N=NC2=CC=C(N)C=3C=CC=CC23)C=C1C(=O)O,188.4830824950733,400.1893883333334,0.53336,-0.66083,284.85600000000005,7.927654306918282,-6.740804304586,-1.269683226433,5.471121078153,2.9321189189562475,0,1,4.233800000000001,3,5,ok,False,12.592883242003197,1.2728016727997231,1.2728016727997231,10.098237803853404,15.087528680152989,18.18,0.5,1.0,8.658356922843983e-07,2.1366527261924586e-07,13.86568491480292,1.226489142118512,2.4824485263151033,0.49406427932630204,True,0.783409671637358,1.6738744106294998e-07
2419694-45-2,O=C(O)C1=CC=C(C=C1C(=O)O)NS(=O)(=O)C=2C(=CC(=CC2C)C)C,189.61749232643027,353.98214433333334,0.53322,-0.6598,305.80000000000007,8.628142535331692,-8.259743818077,-0.706951783599,7.552792034478,2.6613214572203097,0,1,2.809060000000001,3,4,ok,False,12.589605023113403,1.2728016727997231,1.2728016727997231,10.094959584963611,15.084250461263196,18.18,0.5,1.0,8.548063399147116e-07,2.1084498913663848e-07,13.862406695913126,1.2410258426149983,2.4824485263151033,0.4999200706316969,True,0.7788630296379345,1.6421936702293964e-07
21278-45-5,O=C(O)C1=CC=C(N=NC2=CC=C(C(=O)O)C(=C2)C(=O)O)C=C1C(=O)O,186.5442904700901,354.929535,0.5336,-0.65972,285.36800000000005,4.108750148159413,-8.421379445273999,-1.885748983965,6.535630461308999,4.063758541955146,0,1,2.8948,4,6,ok,False,12.59281004872152,1.2728016727997231,1.2728016727997231,10.098164610571729,15.08745548687131,18.18,0.5,1.0,8.655879523358485e-07,2.1360190833039843e-07,13.865611721521242,1.3558117797110074,2.4824485263151033,0.5461590705059037,True,0.7420863037137136,1.5851105061910086e-07
108347-25-7,O=C(O)C1=CC=C2C(=O)C=CC2=C1C(=O)O,178.5957740417875,206.6217036666667,0.53471,-0.65459,176.21600000000004,4.136845951930045,-8.4004266787855,-1.9339131355035,6.466513543282,4.128908827081591,1,1,1.2925,2,3,ok,False,12.646452317198998,1.2728016727997231,1.2728016727997231,10.151806879049207,15.141097755348788,18.18,0.5,1.0,1.066654623430135e-06,2.6524661308363775e-07,13.91925398999872,1.8349466697087031,2.4824485263151033,0.7391680634089365,True,0.5790482763954057,1.535905941257995e-07
671215-11-5,O=C(O)C1=CC=2C=C(CC2C=C1C(=O)O)S(=O)(=O)S,186.62293660288248,273.681411,0.53243,-0.66409,226.12800000000004,6.488759661137096,-8.410494891254,-1.382882588241,7.027612303013001,3.411907142869831,0,2,1.2396,3,4,ok,False,12.57870716034839,1.2728016727997231,1.2728016727997231,10.084061722198598,15.073352598498182,18.18,0.5,1.0,8.191034346176351e-07,2.017252991829664e-07,13.851508833148113,1.38307108567079,2.4824485263151033,0.5571398846782104,True,0.7331500795173062,1.478949191366442e-07
2365462-88-8,O=C(O)C=1C=C2C(=CC1C(=O)O)CC3N(C(=O)CC3)C2,187.2938826273106,256.75815600000004,0.53168,-0.66806,232.59200000000004,5.870349882247225,-8.394712287925,-0.608990797419,7.785721490506,2.6030557780639443,0,2,1.1301,2,3,ok,False,12.514718662056413,1.2728016727997231,1.2728016727997231,10.020073223906621,15.009364100206206,18.18,0.5,1.0,6.366826487062301e-07,1.5538391725595411e-07,13.787520334856136,0.6270954210200769,2.4824485263151033,0.2526116511067904,True,0.9381807547252362,1.4577820076335468e-07
92971-15-8,O=C(O)C1=CC=C(C(=C1C(=O)O)N(=O)=O)N(=O)=O,172.3845996600956,197.03737266666667,0.53998,-0.63073,186.84800000000004,9.060131102804196,-9.75800267893,-2.3023552890805004,7.455647389849499,4.877250314794275,1,1,0.8994,2,6,ok,False,12.87514620815026,1.2728016727997231,1.2728016727997231,10.38050077000047,15.369791646300051,18.18,0.5,1.0,2.5492909035211167e-06,6.554033396718488e-07,14.147947880949983,3.049386039238147,2.4824485263151033,1.2283783558503807,False,0.2211501524931763,1.4494254851296639e-07
2516206-98-5,O=C(O)C1=CC=C(C#CCCCCCCO)C=C1C(=O)O,188.96080593442468,295.64132433333333,0.53295,-0.66281,270.83200000000005,1.9496920808168656,-8.153619416382,-0.945323516637,7.208295899745,2.871370836110696,0,1,2.3773,3,3,ok,False,12.557415638739561,1.2728016727997231,1.2728016727997231,10.062770200589771,15.052061076889352,18.18,0.5,1.0,7.534412448721455e-07,1.849937220510056e-07,13.830217311539284,1.2625384000411242,2.4824485263151033,0.5085859330647273,True,0.7720857567054824,1.4283101787551435e-07
1784982-04-2,O=C(O)C1=CC=2N=C(Cl)OC2C=C1C(=O)O,185.3889593701066,193.30896100000004,0.53347,-0.66213,175.85600000000005,1.8987074366526295,-8.688595246464999,-0.7877695971975001,7.900825649267499,2.841522349582801,0,2,1.8776,2,4,ok,False,12.511525558198398,1.2728016727997231,1.2728016727997231,10.016880120048608,15.006170996348189,18.18,0.5,1.0,6.286881555752284e-07,1.533637129144887e-07,13.784327230998121,0.7364720458400636,2.4824485263151033,0.2966716280451011,True,0.9157480058981968,1.4044251427858656e-07
144907-46-0,N#CC1=CC=C(C=C1)C(=O)NC2=CC=C(C(=O)O)C(=C2)C(=O)O,187.3752922081238,316.531085,0.53338,-0.66119,259.40000000000003,4.7123488591147416,-8.2017835679205,-1.202198991509,6.9995845764115,3.158576305945304,0,1,2.20698,3,4,ok,False,12.546400581151781,1.2728016727997231,1.2728016727997231,10.05175514300199,15.041046019301572,18.18,0.5,1.0,7.214882223273985e-07,1.7687172760668352e-07,13.819202253951504,1.2260107785509304,2.4824485263151033,0.4938715810437352,True,0.7835588263097234,1.3858940329086604e-07
75293-73-1,O=C(O)C1=CC=C(OC2=CC=C(OC)C=C2)C=C1C(=O)O,187.14253085655565,278.4138686666667,0.53319,-0.66071,244.39200000000005,4.8720109451847495,-7.76068701626,-0.5782419323125001,7.1824450839475,2.4204061150691825,0,1,2.883900000000001,2,4,ok,False,12.488366961024798,1.2728016727997231,1.2728016727997231,9.993721522875006,14.98301239917459,18.18,0.5,1.0,5.735290665448973e-07,1.3945228380695338e-07,13.761168633824521,0.35699043916903417,2.4824485263151033,0.14380577699185715,True,0.9795322653606422,1.3659801146714024e-07
2543218-41-1,O=C(O)C1=CC=C(C#CCCCCCO)C=C1C(=O)O,188.92167462460537,279.50980866666663,0.53249,-0.66281,254.41600000000005,1.909609687868178,-8.166136653505,-0.942058150431,7.224078503073999,2.8709271553162745,0,1,1.9872,3,3,ok,False,12.535724304507792,1.2728016727997231,1.2728016727997231,10.041078866358,15.030369742657584,18.18,0.5,1.0,6.917640269204323e-07,1.6932866147736565e-07,13.808525977307514,1.2612821293209273,2.4824485263151033,0.5080798719291671,True,0.7724830932119106,1.308035281874679e-07
47297-31-4,O=C(O)C1=CC=C(C=C1C(=O)O)C(=O)OCC(CC)CCCC,182.77395168825785,306.621052,0.53467,-0.65682,301.26400000000007,2.06556508491018,-9.1460186291555,-1.0979793867674998,8.048039242388,3.259784532284938,0,1,3.4562000000000026,2,4,ok,False,12.537588566098599,1.2728016727997231,1.2728016727997231,10.042943127948806,15.03223400424839,18.18,0.5,1.0,6.968680896532043e-07,1.7062304263098962e-07,13.810390238898322,1.284767656149357,2.4824485263151033,0.5175405018594446,True,0.7650239250534819,1.3053070977812726e-07
82157-67-3,O=C(O)C1=CC=2C(Cl)=CC=C(Cl)C2C=C1C(=O)O,184.6941905181688,260.88001033333336,0.53324,-0.66226,212.92000000000004,1.3919001149507817,-7.9198736188025,-1.105326460731,6.8145471580715,2.988248323262864,0,2,3.543000000000001,2,2,ok,False,12.500613612077029,1.2728016727997231,1.2728016727997231,10.005968173927236,14.99525905022682,18.18,0.5,1.0,6.020906119633781e-07,1.4664962286823822e-07,13.773415284876751,0.8987424259933331,2.4824485263151033,0.3620386954517878,True,0.877154602069465,1.2863439159062663e-07
2513864-14-5,O=C(O)C1=CC=C(C#CC(O)CC)C=C1C(=O)O,188.36769308529983,246.62711866666663,0.53337,-0.66129,220.40800000000004,1.9368553559829915,-8.2725331690505,-0.982875228006,7.289657941044501,2.93781221591962,0,1,1.2054,3,3,ok,False,12.51460711184383,1.2728016727997231,1.2728016727997231,10.019961673694038,15.009252549993622,18.18,0.5,1.0,6.364017222470657e-07,1.553129108409475e-07,13.787408784643553,1.2306593965932167,2.4824485263151033,0.4957441749738847,True,0.7821081200812425,1.2147148872215907e-07
110300-56-6,O=C(O)C1=CC=C(OCC2=CC=C(C=C)C=C2)C=C1C(=O)O,187.57433255625332,319.17263966666667,0.53234,-0.66253,263.72800000000007,3.57731441307582,-7.8012319799845,-0.5080365588835,7.293195421101,2.366724722995236,0,1,3.305000000000001,2,3,ok,False,12.457262316793537,1.2728016727997231,1.2728016727997231,9.962616878643747,14.951907754943328,18.18,0.5,1.0,5.067266404758411e-07,1.2267243022655998e-07,13.73006398959326,0.3361186535673414,2.4824485263151033,0.13539803544940734,True,0.9818343924227404,1.2044401099851553e-07
2920146-85-4,O=C(O)C1=CC=C(O[Si](C)(C)C)C=C1C(=O)O,187.146938943348,238.511525,0.53252,-0.66253,226.97600000000008,4.212466701352071,-8.154979985634501,-0.51157403894,7.643405946694501,2.456665234866614,0,1,2.2967,2,3,ok,False,12.45526333001023,1.2728016727997231,1.2728016727997231,9.960617891860437,14.949908768160022,18.18,0.5,1.0,5.02699910093807e-07,1.216635202112507e-07,13.728065002809952,0.36987922924874406,2.4824485263151033,0.1489977436904947,True,0.978044286136027,1.1899231077380879e-07
2474496-05-2,O=C(O)C1=CC=C(C#CC(O)C(C)C)C=C1C(=O)O,188.34193256809004,263.5504643333333,0.53299,-0.66122,236.76000000000005,2.7814451028197555,-8.263553411984,-0.9842357972585,7.2793176147255005,2.9371436233795603,0,1,1.4514,3,3,ok,False,12.50421306803378,1.2728016727997231,1.2728016727997231,10.009567629883989,14.99885850618357,18.18,0.5,1.0,6.107422080211988e-07,1.4883235640822013e-07,13.777014740833502,1.2291633323800952,2.4824485263151033,0.49514151828341857,True,0.7825753062900925,1.1647252690203908e-07
329203-92-1,O=C(O)C1=CC(OC2=CC=C(OC)C=C2)=C(OC3=CC=C(OC)C=C3)C=C1C(=O)O,187.1946774790042,406.133943,0.53291,-0.66126,350.1840000000001,4.124093110006126,-7.408571693713,-0.6555222658545,6.7530494278585005,2.407416533946316,0,2,4.684800000000004,2,6,ok,False,12.445753566155176,1.2728016727997231,1.2728016727997231,9.951108128005384,14.940399004304968,18.18,0.5,1.0,4.839616535416038e-07,1.1697260398399409e-07,13.718555238954899,0.3421960921623707,2.4824485263151033,0.13784619843470416,True,0.9811778174527653,1.1477092427878196e-07
937641-99-1,O=C(O)C=1C=C2C=C(F)C(Br)=CC2=CC1C(=O)O,185.91967310609385,256.59157266666665,0.53261,-0.66578,207.80000000000004,1.8255016132559292,-8.015929808029,-0.90886026067,7.107069547359,2.80185374715895,0,2,3.1378000000000013,2,2,ok,False,12.441224553206423,1.2728016727997231,1.2728016727997231,9.946579115056633,14.935869991356213,18.18,0.5,1.0,4.7527572725095804e-07,1.148004618804751e-07,13.714026226006146,0.6332046587845999,2.4824485263151033,0.25507262369081873,True,0.9370093263702178,1.0756910345361385e-07
217196-44-6,O=C(O)C1=CC=C(C(Br)=C1C(=O)O)N(=O)=O,175.62117975705465,198.026695,0.54,-0.63747,182.44800000000004,5.491690181537921,-9.071731547969,-1.943437120271,7.128294427698,4.255363678523011,1,1,1.7537000000000005,2,4,ok,False,12.57307459923537,1.2728016727997231,1.2728016727997231,10.07842916108558,15.067720037385161,18.18,0.5,1.0,8.012167055057185e-07,1.9716220125695252e-07,13.845876272035094,1.9808251977062945,2.4824485263151033,0.7979320323094843,True,0.5290377290637398,1.0430624321018619e-07
4371-40-8,O=C(O)C1=CC(C(=O)O)=C(C=C1C(=O)O)C=2C=CC=CC2,186.7765118290436,282.0883836666667,0.53444,-0.65621,238.61600000000007,1.1618544056808495,-8.248315036356,-1.1545790676715,7.0937359686845,3.115932772303026,0,2,2.448200000000001,3,3,ok,False,12.468439972583493,1.2728016727997231,1.2728016727997231,9.9737945344337,14.963085410733285,18.18,0.5,1.0,5.298212555592648e-07,1.2846459526762738e-07,13.741241645383216,1.157574960172815,2.4824485263151033,0.4663037109941997,True,0.8045765612004597,1.033596022964365e-07
2733084-51-8,O=C(O)C1=CC=C(SC2=CC=C(C=C2)C(=O)OCC)C=C1C(=O)O,185.86479130121248,346.957834,0.5332,-0.66209,290.6240000000001,3.803118271892159,-7.679052861110001,-0.8906286326865,6.788424228423501,2.7045835098822826,0,1,3.4109000000000016,2,5,ok,False,12.425288735075624,1.2728016727997231,1.2728016727997231,9.930643296925833,14.919934173225414,18.18,0.5,1.0,4.458907218532014e-07,1.0746308908545723e-07,13.698090407875346,0.6061620736002704,2.4824485263151033,0.24417911073469276,True,0.9421192329872455,1.01243043063631e-07
34240-10-3,O=C(O)C=1C=C(C(=O)O)C(=CC1C(=O)O)C,186.96029061909843,194.771365,0.53431,-0.65752,183.25600000000009,4.5726500522126114,-8.8858777880775,-1.0136240931125,7.872253694965001,3.1122008160879044,0,2,1.08962,3,3,ok,False,12.465720589882324,1.2728016727997231,1.2728016727997231,9.971075151732531,14.960366028032116,18.18,0.5,1.0,5.241111181187148e-07,1.270315860302334e-07,13.738522262682046,1.1829433046245545,2.4824485263151033,0.47652279275272297,True,0.7968618346360532,1.0122662270077941e-07
294890-67-8,O=C(O)C1=CC=C(OC2=CC=CC(=C2)NC(=O)C=3C=CC(=CC3)C=4C=CC=CC4)C=C1C(=O)O,190.3452075715656,507.1276423333333,0.53332,-0.66034,392.3760000000001,9.184069177657582,-7.712794978572001,-0.6416444594790001,7.071150519093001,2.4676556571523305,0,1,5.794600000000004,3,4,ok,False,12.455398536299729,1.2728016727997231,1.2728016727997231,9.960753098149937,14.950043974449521,18.18,0.5,1.0,5.029712936777535e-07,1.2173150674562e-07,13.728200209099452,1.1961496798572404,2.4824485263151033,0.4818426916721536,True,0.7928094474166548,9.650988859619178e-08
63196-15-6,O=C(O)C1=CC=C(OC2=CC=C(C=C2)C)C=C1C(=O)O,186.6732607705051,273.1227463333333,0.53315,-0.66083,235.36800000000005,3.758531022886468,-8.177021207525,-0.5363363993354999,7.6406848081895,2.484155631693437,0,1,3.183720000000001,2,3,ok,False,12.39116040214306,1.2728016727997231,1.2728016727997231,9.896514963993269,14.88580584029285,18.18,0.5,1.0,3.887296185892632e-07,9.324246112012959e-08,13.663962074942782,0.4281625472686887,2.4824485263151033,0.1724759014053937,True,0.9706901782142816,9.050954120183682e-08
223387-87-9,O=C(O)C1=CC=C(OC(C)C)C=C1C(=O)O,187.0311012155784,210.23592466666665,0.5326,-0.66245,197.94400000000005,4.3475302253118375,-8.090489003065999,-0.52245859296,7.568030410105999,2.450534097776273,0,1,1.8702,2,3,ok,False,12.384618975830154,1.2728016727997231,1.2728016727997231,9.889973537680362,14.879264413979946,18.18,0.5,1.0,3.786109993334201e-07,9.073285020321653e-08,13.657420648629877,0.3717291282150991,2.4824485263151033,0.14974293495901259,True,0.9778265791823549,8.872099253367626e-08
294890-18-9,O=C(O)C1=CC=C(OC2=CC=CC(=C2)NC(=O)C=3C=CC=CC3)C=C1C(=O)O,190.24026346087877,395.350827,0.53306,-0.66049,321.46400000000006,5.578151871363848,-7.818919380266999,-0.6299435639075001,7.188975816359499,2.4823871603171392,0,1,4.127600000000003,3,4,ok,False,12.426358823982993,1.2728016727997231,1.2728016727997231,9.931713385833202,14.921004262132783,18.18,0.5,1.0,4.478078513349384e-07,1.0794125684406876e-07,13.699160496782715,1.195939867283459,2.4824485263151033,0.4817581732736622,True,0.7928740180345143,8.558381802565231e-08
2534423-97-5,O=C(O)C1=CC=C(C#CC(C)(C)CO)C=C1C(=O)O,188.5791431642062,264.889093,0.53288,-0.66229,237.08800000000005,4.199623317632189,-8.1903547861995,-0.9521263628995,7.238228423299999,2.8869274590923704,0,1,1.453,3,3,ok,False,12.430927454166143,1.2728016727997231,1.2728016727997231,9.936282016016353,14.925572892315934,18.18,0.5,1.0,4.560824815359452e-07,1.1000597163462838e-07,13.703729126965866,1.244851770118452,2.4824485263151033,0.5014612617028902,True,0.7776619218569745,8.554745531712892e-08
346712-17-2,O=C(O)C1=CC=2N=C(SC2C=C1C(=O)O)C,185.74865198851012,223.0035806666667,0.53243,-0.66561,186.52000000000004,2.935262313661251,-8.4385226178555,-0.8144367545465,7.624085863309001,2.8074597624666078,0,2,2.00112,2,4,ok,False,12.37682584647202,1.2728016727997231,1.2728016727997231,9.882180408322228,14.871471284621812,18.18,0.5,1.0,3.6688718600673564e-07,8.782819901967418e-08,13.649627519271743,0.6470840993841731,2.4824485263151033,0.2606636522468773,True,0.934311355159307,8.20588836472731e-08
4316-23-8,O=C(O)C1=CC=C(C=C1C(=O)O)C,186.50620339767184,167.77904566666666,0.53172,-0.66655,155.82400000000004,2.25191052442143,-8.641791664179,-0.6157936436815,8.0259980204975,2.6695398352154767,0,1,1.39142,2,2,ok,False,12.368942514632545,1.2728016727997231,1.2728016727997231,9.874297076482755,14.863587952782336,18.18,0.5,1.0,3.5538388343943545e-07,8.498147969360339e-08,13.641744187432268,0.5618539235783383,2.4824485263151033,0.22633054326098878,True,0.9500643927782323,8.073787790249898e-08
62155-87-7,O=C(O)C1=CC=C(C=C1C(=O)O)S(=O)(=O)NC=2C=CC=CC2,186.38630266903223,291.874176,0.53665,-0.6515,257.0880000000001,9.159376379426712,-8.3432827701805,-1.0658699524085,7.277412817771999,3.04133340975249,0,1,1.8838,3,4,ok,False,12.402449630358724,1.2728016727997231,1.2728016727997231,9.907804192208932,14.897095068508516,18.18,0.5,1.0,4.0680813070967784e-07,9.773222007004996e-08,13.675251303158447,1.2075876331240545,2.4824485263151033,0.4864502205476032,True,0.7892802560629136,7.713811168248607e-08
1780976-68-2,O=C(O)C1=CC=2N=C(OC2C=C1C(=O)O)CC,186.4924522062984,213.80247066666664,0.53247,-0.66662,194.32000000000005,2.799753065897062,-8.491040591002,-0.645454053386,7.845586537615999,2.659951999340763,0,2,1.7866,2,4,ok,False,12.333125557915379,1.2728016727997231,1.2728016727997231,9.838480119765588,14.82777099606517,18.18,0.5,1.0,3.073534359023044e-07,7.313291536251343e-08,13.605927230715102,0.5595858923816704,2.4824485263151033,0.2254169165844935,True,0.9504565923892223,6.950966152694393e-08
441772-78-7,O=C(O)C1=CC=C(C=C1C(=O)O)C(C)C,186.3985273361757,202.161897,0.53148,-0.66708,189.36000000000004,2.235814075454397,-8.6426080057305,-0.634569499366,8.0080385063645,2.686863405834848,0,1,2.2064000000000004,2,2,ok,False,12.318730580521994,1.2728016727997231,1.2728016727997231,9.824085142372201,14.813376018671786,18.18,0.5,1.0,2.898681173614281e-07,6.883560416970439e-08,13.591532253321716,0.5821178950504412,2.4824485263151033,0.23449344019814394,True,0.9464972881269152,6.515271267320298e-08
67389-70-2,O=C(O)C1=CC=C(C=C1C(=O)O)N(CC=C)CC=C,188.98919231704767,284.42766,0.53103,-0.66518,239.71200000000005,6.406173819839733,-7.13482516011,-0.373340202886,6.761484957224,2.084325687135641,0,1,2.2614,2,3,ok,False,12.319483867134807,1.2728016727997231,1.2728016727997231,9.824838428985014,14.814129305284599,18.18,0.5,1.0,2.90758840585093e-07,6.905429326155235e-08,13.59228553993453,0.6189519388536885,2.4824485263151033,0.24933122773443697,True,0.9397268217414194,6.48921715342785e-08
266684-18-8,O=C(O)C1=CC=C(C=C1C(=O)O)C=2C=CC(=CC2)C=3C=CC(=CC3)C=4C=CC(C(=O)O)=C(C4)C(=O)O,192.27603012032267,546.4918656666667,0.53272,-0.66426,408.3280000000001,4.295582519286528,-7.4420416973245,-1.1034216637775,6.338620033547,2.880159390744904,0,1,5.480400000000004,4,4,ok,False,12.363065742059442,1.2728016727997231,1.2728016727997231,9.868420303909652,14.857711180209233,18.18,0.5,1.0,3.470354459292427e-07,8.291759401287338e-08,13.635867414859165,1.243042203769895,2.4824485263151033,0.500732317545791,True,0.7782302450170379,6.452897950486172e-08
1780827-63-5,O=C(O)C1=CC=2N=C(SC2C=C1C(=O)O)C(C)C,185.76123753930375,257.96909066666666,0.53243,-0.666,220.01600000000005,3.0830141387933985,-8.416481395965,-0.8019195174235,7.6145618785415,2.7900132914882447,0,2,2.8161000000000014,2,4,ok,False,12.31336298324802,1.2728016727997231,1.2728016727997231,9.818717545098227,14.808008421397812,18.18,0.5,1.0,2.8359692628632905e-07,6.729659861391902e-08,13.586164656047742,0.6324205983698089,2.4824485263151033,0.25475678213097186,True,0.937160220740539,6.30676952121078e-08
669704-09-0,O=C(O)C1=CC=C(OC2=CC=CC(=C2)NC(=O)C3=CC=C(C=C3)C)C=C1C(=O)O,190.5243012508521,414.3369,0.53308,-0.66098,338.24000000000007,9.274236465068162,-7.823273201875,-0.5442277010000001,7.279045500875,2.4046789977888428,0,1,4.436020000000003,3,4,ok,False,12.349506101683573,1.2728016727997231,1.2728016727997231,9.854860663533781,14.844151539833366,18.18,0.5,1.0,3.284876699800113e-07,7.83387780203864e-08,13.622307774483296,1.1955639033951297,2.4824485263151033,0.48160672445837205,True,0.7929897071676861,6.212184464226058e-08
770744-13-3,O=C(O)C1=CC(OC=2C=CC=CC2)=C(OC3=CC=C(N)C=C3)C=C1C(=O)O,190.22420951607376,376.0870003333334,0.5337,-0.65688,310.5280000000001,5.829192319695757,-7.248024521917999,-0.640011776376,6.608012745541999,2.354002596513615,0,2,4.249800000000003,3,5,ok,False,12.34823555781361,1.2728016727997231,1.2728016727997231,9.853590119663817,14.842880995963402,18.18,0.5,1.0,3.26799534570152e-07,7.792249333747899e-08,13.621037230613332,1.2569216058340236,2.4824485263151033,0.5063233305786898,True,0.773860762420854,6.03011601038754e-08
874374-20-6,O=C(O)C1=CC(OC=2C=CC=CC2OC)=C(OC=3C=CC=CC3OC)C=C1C(=O)O,186.2487624725825,407.12604166666665,0.53317,-0.65757,349.9120000000001,5.523299528361648,-7.5732005732655,-0.655794379705,6.9174061935605,2.447317536414587,0,2,4.684800000000004,2,6,ok,False,12.300896269823465,1.2728016727997231,1.2728016727997231,9.806250831673673,14.795541707973257,18.18,0.5,1.0,2.6953216246028e-07,6.384946425153596e-08,13.573697942623188,0.6132178185484347,2.4824485263151033,0.2470213630002967,True,0.9408048433066094,6.006988521037724e-08
14236-13-6,O=C(O)C1=CC=C(C=C1C(=O)O)C(C)(C)C,186.69146693866276,219.84130166666668,0.53149,-0.66798,205.3520000000001,2.361375381001504,-8.629546540906501,-0.5880380309305,8.041508509976001,2.641415638420467,0,1,2.3805000000000005,2,2,ok,False,12.298291122598009,1.2728016727997231,1.2728016727997231,9.803645684448217,14.792936560747801,18.18,0.5,1.0,2.666792362385825e-07,6.315101578751825e-08,13.571092795397732,0.6041839431900888,2.4824485263151033,0.24338226423849654,True,0.9424853283242488,5.951890584850896e-08
596790-80-6,O=C(O)C1=CC=C(OC2=CC=CC(=C2)NC(=O)C=3SC=CC3)C=C1C(=O)O,189.83953107459703,385.328579,0.53349,-0.66086,312.82400000000007,8.612013405702525,-7.875519061171,-0.676475032343,7.199044028828,2.539802600269863,0,1,4.1891000000000025,3,5,ok,False,12.332310512156782,1.2728016727997231,1.2728016727997231,9.837665074006992,14.826955950306573,18.18,0.5,1.0,3.0633683810170996e-07,7.288282275554907e-08,13.605112184956505,1.20405637053091,2.4824485263151033,0.4850277287796122,True,0.7903717317415196,5.760452283551355e-08
2733109-19-6,O=C(O)C1=CC=C(SC2=CC=C(Cl)C=C2)C=C1C(=O)O,186.01626673989443,298.8121713333333,0.53267,-0.66173,244.56800000000007,0.7443661128772588,-7.827354909632501,-0.7556601628385,7.071694746794001,2.604331435815379,0,1,3.8876000000000017,2,3,ok,False,12.281319832457818,1.2728016727997231,1.2728016727997231,9.786674394308026,14.77596527060761,18.18,0.5,1.0,2.4879402640120746e-07,5.877858580584015e-08,13.554121505257541,0.538393723071035,2.4824485263151033,0.21688011548429395,True,0.9540521118047065,5.6077833916955945e-08
56306-44-6,O=C(O)C=1C=C2C(=CC1C(=O)O)C3C=CC2C3,186.87882450202576,225.518995,0.53061,-0.66787,196.16000000000005,2.628512046767144,-8.071985261232001,-0.680828853951,7.391156407281001,2.591331813093443,0,2,2.2237,2,2,ok,False,12.280329339653942,1.2728016727997231,1.2728016727997231,9.78568390150415,14.774974777803735,18.18,0.5,1.0,2.477867303571568e-07,5.853265629808469e-08,13.553131012453665,0.5932771158292749,2.4824485263151033,0.2389886877976574,True,0.9444848873136693,5.5283209287866255e-08
7717-75-1,O=C(O)C=1C=CC=C(OC2=CC=C(C(=O)O)C(=C2)C(=O)O)C1,189.2634972925746,282.04557300000005,0.53296,-0.66018,246.97600000000008,5.401488942874917,-8.3226021175425,-0.6666789337250001,7.6559231838174995,2.6387142307501503,0,1,2.5735,3,4,ok,False,12.321137782629453,1.2728016727997231,1.2728016727997231,9.82649234447966,14.815783220779245,18.18,0.5,1.0,2.927237776068089e-07,6.953680697473379e-08,13.593939455429176,1.2369640198817078,2.4824485263151033,0.4982838543354743,True,0.7801361685339558,5.4248178165354074e-08
1868072-45-0,O=C(O)C=1C=C(C=C(C1)C2=CC=C(C(=O)O)C(=C2)C(=O)O)C(=O)O,191.65594556914337,310.79424866666665,0.53262,-0.66348,266.03200000000004,3.2486314426231857,-8.3509019579945,-0.9923992127735,7.358502745221,2.9658641095286047,0,1,2.1464,4,4,ok,False,12.302864972864704,1.2728016727997231,1.2728016727997231,9.808219534714912,14.797510411014496,18.18,0.5,1.0,2.7170761029097795e-07,6.4382231678571e-08,13.575666645664427,1.1672109476712378,2.4824485263151033,0.4701853574397461,True,0.8016571387222685,5.161247563199742e-08
22895-22-3,O=C(O)C1=CC=C(OCC)C=C1C(=O)O,186.83991934522783,192.49594833333333,0.53285,-0.66198,180.58400000000003,3.8600037422261657,-8.142734862362,-0.479464604581,7.663270257780999,2.425280629123961,0,1,1.4817,2,3,ok,False,12.25378201755816,1.2728016727997231,1.2728016727997231,9.75913657940837,14.74842745570795,18.18,0.5,1.0,2.222083852014375e-07,5.230004585824106e-08,13.526583690357883,0.37302177997396413,2.4824485263151033,0.15026365139891548,True,0.9776738366471353,5.113238649104765e-08
2613587-61-2,O=C(O)C1=CC=C(C#CCC(N)C)C=C1C(=O)O,188.50774146526845,255.576693,0.5329,-0.66253,223.43200000000004,2.433793294427446,-8.027902817451,-0.953486932152,7.0744158852990005,2.8506014893010674,0,1,1.1718000000000002,3,3,ok,False,12.286804353528517,1.2728016727997231,1.2728016727997231,9.792158915378725,14.781449791678309,18.18,0.5,1.0,2.5444345968105557e-07,6.015853819503613e-08,13.55960602632824,1.2459430949500525,2.4824485263151033,0.5019008780010861,True,0.7773189752188117,4.676237326042723e-08
669704-10-3,O=C(O)C1=CC=C(OC2=CC=CC(=C2)NC(=O)C3=CC=C(F)C=C3)C=C1C(=O)O,190.03020812060635,392.7358793333333,0.53326,-0.66072,326.9200000000001,7.432294825960552,-7.833069300493,-0.6125282774755,7.220541023017501,2.4696251368702504,0,1,4.266700000000003,3,4,ok,False,12.26836146139717,1.2728016727997231,1.2728016727997231,9.773716023247378,14.763006899546962,18.18,0.5,1.0,2.3592245955317055e-07,5.563872986041409e-08,13.541163134196893,1.1928977520149417,2.4824485263151033,0.48053272378849893,True,0.7938095574107883,4.416655552539372e-08
2581670-73-5,O=C(O)C1=CC=C(C#CCC(N)CC)C=C1C(=O)O,188.45115855122955,271.106365,0.53274,-0.66279,240.52000000000007,1.966318583037856,-8.0940264831225,-0.946411972039,7.1476145110835,2.8586295236973243,0,1,1.5619,3,3,ok,False,12.259027502094053,1.2728016727997231,1.2728016727997231,9.764382063944261,14.753672940243845,18.18,0.5,1.0,2.2705152381960047e-07,5.347829477874116e-08,13.531829174893776,1.2460827173813072,2.4824485263151033,0.5019571218384807,True,0.7772750883862747,4.156734630089329e-08
37390-38-8,O=C(O)C1=CC=C(C=C1C(=O)O)NC(=O)C=2C=CC=CC2,188.4970256065636,293.090353,0.53289,-0.66191,241.29600000000005,7.056266034525626,-8.1168840465645,-0.905594894464,7.2112891521005,2.822141940376609,0,1,2.3353,3,3,ok,False,12.253312465359496,1.2728016727997231,1.2728016727997231,9.758667027209704,14.747957903509288,18.18,0.5,1.0,2.217797420628253e-07,5.219580808881113e-08,13.526114138159219,1.2377488620671602,2.4824485263151033,0.49860001081450406,True,0.779890330751694,4.070700603423486e-08
2595725-80-5,O=C(O)C1=CC=C(C#CCCCC#C)C=C1C(=O)O,184.59733464668344,266.849125,0.533,-0.66194,234.44000000000003,3.378792356745232,-8.1636876288505,-0.9548475014045,7.208840127446,2.883531936196259,0,1,2.238,2,2,ok,False,12.212149739189307,1.2728016727997231,1.2728016727997231,9.717504301039515,14.7067951773391,18.18,0.5,1.0,1.871489390655999e-07,4.3798949097775774e-08,13.48495141198903,0.8118589213219305,2.4824485263151033,0.32703957915576104,True,0.898566209691443,3.935625567925682e-08
36468-98-1,O=C(O)C1=CC=C(SC)C=C1C(=O)O,186.4737737765544,202.297985,0.53271,-0.66226,174.02400000000003,2.9788028232832064,-7.6112965123355005,-0.6859990171105,6.925297495225,2.485276378034061,0,1,1.8049,2,3,ok,False,12.190524434825411,1.2728016727997231,1.2728016727997231,9.69587899667562,14.685169872975202,18.18,0.5,1.0,1.7110941835934487e-07,3.9927725513180755e-08,13.463326107625134,0.4279415779149932,2.4824485263151033,0.17238688874255173,True,0.9707199760987504,3.875864075583229e-08
723736-52-5,O=C(O)C1=CC=C(OC2=CC=CC(=C2)NC(=O)C=3OC=CC3)C=C1C(=O)O,189.9855346086287,365.701427,0.53339,-0.66049,303.78400000000005,5.8825887787605895,-7.794701247572499,-0.608990797419,7.1857104501535,2.4570305357052344,0,1,3.720600000000002,3,5,ok,False,12.22947226709832,1.2728016727997231,1.2728016727997231,9.734826828948528,14.724117705248112,18.18,0.5,1.0,2.01034538297949e-07,4.715972437389703e-08,13.502273939898043,1.1924292882171241,2.4824485263151033,0.48034401341128397,True,0.7939535098939557,3.744262869228708e-08
62155-85-5,O=C(O)C1=CC=C(C=C1C(=O)O)S(=O)(=O)NC2=CC=CC(=C2)C,186.07491798687275,310.402777,0.53626,-0.65161,273.56800000000004,8.025870067475552,-8.18518462304,-1.0979793867674998,7.087205236272499,3.039884240685188,0,1,2.19222,3,4,ok,False,12.227428522065136,1.2728016727997231,1.2728016727997231,9.732783083915344,14.722073960214928,18.18,0.5,1.0,1.9934597011529205e-07,4.675058887680068e-08,13.500230194864859,1.2214629932642733,2.4824485263151033,0.492039605380011,True,0.7849753419179938,3.6698059488434175e-08
2645887-49-4,O=C(O)C1=CC=C(C#CCO)C=C1C(=O)O,187.6006998979002,211.86522666666667,0.53307,-0.66151,186.90400000000005,2.1949385822842515,-8.3645076505195,-1.01226352386,7.3522441266595,2.9896938996441684,0,1,0.4268,3,3,ok,False,12.224435678879765,1.2728016727997231,1.2728016727997231,9.729790240729972,14.719081117029557,18.18,0.5,1.0,1.9689791683061928e-07,4.6157648248188676e-08,13.497237351679487,1.2183495308942158,2.4824485263151033,0.4907854152781606,True,0.7859435379127608,3.627730536591415e-08
116751-33-8,O=C(O)C1=C(F)C(F)=C(OC(=O)C=2C=CC=CC2)C(F)=C1C(=O)O,180.03999108325854,269.750107,0.53803,-0.63497,254.1200000000001,3.622666303981088,-8.848326076708501,-1.023692305581,7.824633771127501,3.1137798199537534,2,2,2.719500000000001,2,4,ok,False,12.24119208994398,1.2728016727997231,1.2728016727997231,9.746546651794187,14.735837528093771,18.18,0.5,1.0,2.1098734230282379e-07,4.957368292092276e-08,13.513993762743702,1.4572899797186756,2.4824485263151033,0.5870373400579014,True,0.7084946021214124,3.512268675675222e-08
2733858-31-4,O=C(O)C1=CC=C(SC2=CC=C(OC)C=C2)C=C1C(=O)O,186.0290258411457,309.3357256666667,0.53263,-0.66216,254.39200000000005,4.543077948924055,-7.7484418929875005,-0.738516990257,7.009924902730501,2.5688032356033608,0,1,3.2428000000000017,2,4,ok,False,12.170381768783678,1.2728016727997231,1.2728016727997231,9.675736330633885,14.66502720693347,18.18,0.5,1.0,1.573689983571793e-07,3.6621373634093864e-08,13.4431834415834,0.5127778471328324,2.4824485263151033,0.20656132108970232,True,0.9582298725066252,3.509169418841525e-08
2617119-31-8,O=C(O)C1=CC=C(C#CCCC(O)CC)C=C1C(=O)O,188.3466939689546,279.52161466666666,0.53257,-0.66287,253.94400000000007,1.9099006623382275,-8.1533473025315,-0.937704328823,7.2156429737085,2.863473846512826,0,1,1.9856,3,3,ok,False,12.21055486881971,1.2728016727997231,1.2728016727997231,9.715909430669917,14.705200306969502,18.18,0.5,1.0,1.8591808641008659e-07,4.3501453367128394e-08,13.483356541619433,1.243110069828592,2.4824485263151033,0.500759655900636,True,0.7782089380316006,3.385321982766419e-08
294667-39-3,O=C(O)C1=CC=C(OC2=CC=CC(=C2)NC(=O)C(C=3C=CC=CC3)C=4C=CC=CC4)C=C1C(=O)O,189.9930870175473,504.60853133333336,0.53333,-0.66039,409.6160000000001,5.287331544361485,-7.935656222131501,-0.5412344486445001,7.394421773487,2.429455528961636,0,1,5.645900000000004,3,4,ok,False,12.171989657158381,1.2728016727997231,1.2728016727997231,9.677344219008589,14.666635095308173,18.18,0.5,1.0,1.5842549252095025e-07,3.687525386494826e-08,13.444791329958104,1.1915917823517113,2.4824485263151033,0.480006642522609,True,0.7942107880247644,2.9286724430693795e-08
2639455-09-5,O=C(O)C=1C=C2C(=CC1C(=O)O)C(NC(=O)OC(C)(C)C)CC2,189.6959887211028,297.87495066666673,0.53206,-0.66626,286.2320000000001,3.320740653830106,-8.617301417634001,-0.6043648619605,8.012936555673502,2.6531824001526303,0,2,2.5950000000000006,3,4,ok,False,12.166042472059207,1.2728016727997231,1.2728016727997231,9.671397033909415,14.660687910208999,18.18,0.5,1.0,1.5455161861935206e-07,3.5944633347988624e-08,13.43884414485893,1.2735309975479199,2.4824485263151033,0.5130140601297074,True,0.7686009030752681,2.7627077651973453e-08
1780884-15-2,O=C(O)C1=CC=2N=NN(C2C=C1C(=O)O)C,184.7941116549021,198.5952,0.53296,-0.66276,177.03200000000004,6.10942720801222,-8.502197258872501,-0.8182463484535,7.683950910419001,2.8263672572254595,0,2,0.3646999999999999,2,5,ok,False,12.1175758609096,1.2728016727997231,1.2728016727997231,9.622930422759808,14.612221299059392,18.18,0.5,1.0,1.262152052581958e-07,2.9163096208408578e-08,13.390377533709323,0.7399838294591237,2.4824485263151033,0.2980862731351537,True,0.9149778458078399,2.6683586945856463e-08
444149-79-5,O=C(O)C1=CC=C(OC2=CC=CC(=C2)NC(=O)COC3=CC=C(C=C3C)C)C=C1C(=O)O,190.42025820358535,445.2919816666667,0.53303,-0.66054,380.3040000000001,3.4381799981967203,-7.4779607255905,-0.5564728242725,6.921487901318,2.331584024544493,0,1,4.509640000000003,3,5,ok,False,12.143889972342631,1.2728016727997231,1.2728016727997231,9.649244534192839,14.638535410492423,18.18,0.5,1.0,1.4091095449287024e-07,3.2674262526220214e-08,13.416691645142354,1.2013768922022612,2.4824485263151033,0.4839483596405364,True,0.7911988004427055,2.5851837316095477e-08
92241-98-0,O=C(O)C=1C=CC=2C(=CC(=O)C2C1C(=O)O)C=3C=CC=CC3,177.03235136531214,322.93019533333336,0.5369,-0.65156,246.97600000000008,6.993838709178244,-8.0308960698065,-2.0199011122615,6.010994957545,4.201406119475596,1,1,2.711000000000001,2,3,ok,False,12.212000985482439,1.2728016727997231,1.2728016727997231,9.717355547332648,14.706646423632229,18.18,0.5,1.0,1.870338056028293e-07,4.377111856346067e-08,13.484802658282161,1.8471015477803387,2.4824485263151033,0.7440643897346542,True,0.5748582351940618,2.5162187969861037e-08
2107-46-2,O=C(O)C1=CC=C2OCOC2=C1C(=O)O,185.21931474473055,175.04140500000003,0.53338,-0.65478,163.16000000000005,2.367627998651815,-7.868171987207501,-0.63674641017,7.231425577037501,2.5006700330200737,1,1,0.8116999999999999,2,4,ok,False,12.083465101826803,1.2728016727997231,1.2728016727997231,9.588819663677011,14.578110539976596,18.18,0.5,1.0,1.093549303129999e-07,2.5151995369218824e-08,13.356266774626526,0.839589907273799,2.4824485263151033,0.33821039927867885,True,0.8919133662292618,2.2433400857142763e-08
443905-30-4,O=C(O)C1=CC=C(OC2=CC=CC(=C2)NC(=O)COC3=CC=CC(=C3)C)C=C1C(=O)O,189.7828552743837,428.493866,0.53269,-0.6616,363.8320000000001,8.830060879744828,-7.750618803791501,-0.6479030780405001,7.102715725751001,2.4826831216081424,0,1,4.201220000000003,3,5,ok,False,12.109983441042274,1.2728016727997231,1.2728016727997231,9.615338002892482,14.604628879192067,18.18,0.5,1.0,1.2225790525871508e-07,2.8219917166619468e-08,13.382785113841997,1.196258651324203,2.4824485263151033,0.48188658844012583,True,0.7927759086390594,2.237207047348574e-08
66421-07-6,O=C(O)C1=CC=C(C=C1C(=O)O)C(=O)C2=CC=C(NC(=O)C)C(=C2)NC(=O)C,188.8550152141815,377.657764,0.53428,-0.65788,325.3760000000001,10.587063228771234,-8.165864539654502,-1.3477799015265,6.818084638128002,3.3187264223396613,0,1,2.2307999999999995,4,5,ok,False,12.088970454765462,1.2728016727997231,1.2728016727997231,9.59432501661567,14.583615892915255,18.18,0.5,1.0,1.1192046640628299e-07,2.5761068572984487e-08,13.361772127565185,0.9981457014950671,2.4824485263151033,0.40208112712681077,True,0.8507225491306128,2.1915521924737882e-08
2520521-48-4,O=C(O)C1=CC=C(C#CC(N)CCC)C=C1C(=O)O,187.78831621838071,269.5146306666666,0.53288,-0.66168,240.57600000000005,3.5601419114973494,-8.199334543266,-0.9695416493315,7.2297928939344995,2.907008951311423,0,1,1.5619,3,3,ok,False,12.106538019898377,1.2728016727997231,1.2728016727997231,9.611892581748585,14.601183458048169,18.18,0.5,1.0,1.2050188657673286e-07,2.7801719353548018e-08,13.3793396926981,1.2172256695778656,2.4824485263151033,0.49033269236993643,True,0.7862927116444541,2.1860289298879372e-08
2522108-69-4,O=C(O)C1=CC=C(C#CC=CCO)C=C1C(=O)O,187.2305778607282,267.25721766666663,0.53296,-0.66186,214.69600000000003,3.494756934323187,-7.800687752283499,-1.1632867108875,6.637401041395999,3.026517370098588,0,1,0.983,3,3,ok,False,12.096837709203838,1.2728016727997231,1.2728016727997231,9.602192271054047,14.591483147353628,18.18,0.5,1.0,1.1568783680073275e-07,2.665631578234581e-08,13.36963938200356,1.2245241033571308,2.4824485263151033,0.4932727065139956,True,0.7840221840956831,2.0899142919618992e-08
104941-69-7,O=C(O)C=1C=CC=CC1NS(=O)(=O)C2=CC=C(C(=O)O)C(=C2)C(=O)O,189.03305517675653,322.890683,0.53627,-0.65086,283.21600000000007,9.171786099773588,-8.175388524421999,-1.1393406920435,7.036047832378499,3.082845030444662,0,1,1.582,4,5,ok,False,12.081307772274418,1.2728016727997231,1.2728016727997231,9.586662334124625,14.57595321042421,18.18,0.5,1.0,1.0836517555758187e-07,2.4917149923253546e-08,13.35410944507414,1.0989652006110213,2.4824485263151033,0.4426940534562879,True,0.822030298623832,2.0482652192266907e-08
1824411-98-4,O=C(O)C=1C=C2C(=CC1C(=O)O)CN(C(=O)OC(C)(C)C)C2,186.2852334665183,280.2550306666667,0.53197,-0.66659,269.12800000000004,3.379533797730095,-8.2703562582465,-0.613888846728,7.656467411518499,2.5772267693100943,0,2,2.3337000000000003,2,4,ok,False,12.021125112418455,1.2728016727997231,1.2728016727997231,9.526479674268664,14.515770550568245,18.18,0.5,1.0,8.399395088930316e-08,1.915887431317197e-08,13.293926785218177,0.5341357150676616,2.4824485263151033,0.21516487025030964,True,0.9547593866580489,1.8292115088302718e-08
213612-01-2,O=C(O)C1=CC=C(C=C1C(=O)O)C(=O)N,186.21843276965336,181.39013866666667,0.53386,-0.65876,170.41600000000005,6.778235971844001,-9.061935449351,-1.0021953113915,8.0597401379595,3.141749182839236,0,1,0.1819,3,3,ok,False,12.063210574923833,1.2728016727997231,1.2728016727997231,9.56856513677404,14.557856013073625,18.18,0.5,1.0,1.003964226531096e-07,2.3029036996726975e-08,13.336012247723556,1.2115563749014022,2.4824485263151033,0.4880489412200672,True,0.7880515527236784,1.814806836300173e-08
52060-72-7,O=C(O)C=1C=C(C(=O)O)C(=CC1OC)C(=O)O,187.0186580267648,203.651753,0.53548,-0.65402,191.90400000000005,4.188746520141796,-8.385460417008,-0.8560701736730001,7.529390243334999,2.8357504691065065,0,2,0.7898000000000001,3,4,ok,False,12.052227308342426,1.2728016727997231,1.2728016727997231,9.557581870192635,14.546872746492216,18.18,0.5,1.0,9.583956040220091e-08,2.1951568187767436e-08,13.325028981142149,1.2424521436629843,2.4824485263151033,0.5004946247595535,True,0.7784154737316485,1.7087440350033574e-08
2961389-74-0,O=C(O)C1=CC=2OC3(CNCC3)CCC2C=C1C(=O)O,190.8263836537575,263.0130743333333,0.53123,-0.66655,238.84800000000007,4.8137020680553135,-7.972391591949001,-0.4683079367105,7.504083655238501,2.3735545806241523,0,2,1.1401,3,4,ok,False,12.047899756436033,1.2728016727997231,1.2728016727997231,9.553254318286243,14.542545194585824,18.18,0.5,1.0,9.409956324931003e-08,2.154059359259378e-08,13.320701429235756,1.3102362563546284,2.4824485263151033,0.5277999694517399,True,0.7568631602375829,1.630328173988396e-08
114202-92-5,O=C(O)C1=CC(C=2C=CC=CC2)=C(C=C1C(=O)O)C=3C=CC=CC3,185.5280394253484,360.70674966666667,0.53172,-0.6661,281.4800000000001,1.8454311935154883,-7.863546051749,-0.8536211490185001,7.0099249027305,2.710050573314185,0,2,4.4170000000000025,2,2,ok,False,11.98558910253926,1.2728016727997231,1.2728016727997231,9.49094366438947,14.48023454068905,18.18,0.5,1.0,7.218972606543051e-08,1.6388919538991098e-08,13.258390775338983,0.5984332386508854,2.4824485263151033,0.24106571890905937,True,0.9435436221650498,1.5463660505191218e-08
2589350-65-0,O=C(O)C1=CC=C(C#CCC(=O)O)C=C1C(=O)O,187.6330400401284,229.110176,0.53306,-0.66255,206.08800000000005,1.3688571510570413,-8.303282034157,-0.9646436000225,7.3386384341345,2.926102925345022,0,1,0.9092,3,3,ok,False,12.012260440729383,1.2728016727997231,1.2728016727997231,9.517615002579593,14.506905878879174,18.18,0.5,1.0,8.08856293166809e-08,1.8428156359567466e-08,13.285062113529106,1.2228870226487922,2.4824485263151033,0.49261324441801063,True,0.7845320853199091,1.445747993737281e-08
2151858-37-4,O=C(O)C1=CC(=CC(F)=C1C(=O)O)C,183.31756019025585,164.62064233333334,0.5354,-0.6521,160.83200000000005,2.6987215584420707,-8.6910442711195,-0.741238128762,7.9498061423575,2.7978025400230395,1,1,1.53052,2,2,ok,False,12.003609025598072,1.2728016727997231,1.2728016727997231,9.508963587448282,14.498254463747863,18.18,0.5,1.0,7.795949211927811e-08,1.7741113981181697e-08,13.276410698397795,1.1316438772795276,2.4824485263151033,0.45585794238373073,True,0.8123642435221236,1.4412246638562438e-08
405902-91-2,O=C(O)C1=CC=C(OC2=CC=C(C=C2)NC(=O)CC=3C=CC=CC3)C=C1C(=O)O,189.6300989845967,405.0949546666666,0.53326,-0.66024,338.2320000000001,8.11057257966415,-7.8164703556125,-0.579602501565,7.2368678540475,2.4352399699963505,0,1,4.0565000000000015,3,4,ok,False,12.005639270897067,1.2728016727997231,1.2728016727997231,9.510993832747275,14.50028470904686,18.18,0.5,1.0,7.863684068241861e-08,1.7900077506740038e-08,13.27844094369679,1.1933020942214252,2.4824485263151033,0.4806956041875071,True,0.7936852841448148,1.4207028102151174e-08
339252-13-0,O=C(O)C1=CC=C(OC2=CC=C(C=C2)NC(=O)C=CC=CC)C=C1C(=O)O,189.48530690843936,398.6494923333333,0.5332,-0.66062,322.28800000000007,10.17649819977383,-7.642589605143,-0.668311616828,6.974277988315,2.4759222114849617,0,1,3.946100000000002,3,4,ok,False,12.004113014774266,1.2728016727997231,1.2728016727997231,9.509467576624473,14.498758452924058,18.18,0.5,1.0,7.812710911309395e-08,1.778044694534623e-08,13.276914687573989,1.1943634278085713,2.4824485263151033,0.48112313916996313,True,0.793358978993548,1.4106277234608835e-08
140188-81-4,O=C(O)C1=C(F)C(F)=C(Br)C(F)=C1C(=O)O,178.9874508032391,169.442331,0.53824,-0.63327,173.71200000000005,2.683187136597073,-9.0388057720585,-1.071584343269,7.9672214287895,3.207516861359621,2,2,2.2628000000000004,2,2,ok,False,12.036662340603623,1.2728016727997231,1.2728016727997231,9.542016902453831,14.531307778753416,18.18,0.5,1.0,8.972269074729303e-08,2.050793874956259e-08,13.309464013403346,1.591094014152492,2.4824485263151033,0.6409373637705512,True,0.6631190752278974,1.3599205378440307e-08
1782406-14-7,O=C(O)C1=CC=2N=C(SC2C=C1C(=O)O)C(C)(C)C,185.17808012023747,276.248076,0.5323,-0.66585,236.33600000000007,3.168516114839879,-8.4015151341875,-0.7812388647855,7.620276269402,2.7664013752440977,0,2,2.990200000000001,2,4,ok,False,11.958300072708859,1.2728016727997231,1.2728016727997231,9.463654634559067,14.452945510858651,18.18,0.5,1.0,6.423089784301915e-08,1.4529570957050762e-08,13.231101745508582,0.6589335209870963,2.4824485263151033,0.2654369321265259,True,0.9319680323515959,1.3541095655755491e-08
723736-54-7,O=C(O)C1=CC=C(OC2=CC=CC(=C2)NC(=O)C=3OC=C(Br)C3)C=C1C(=O)O,189.34758714021063,387.945666,0.53327,-0.66091,323.56000000000006,2.54624662788191,-7.8387836913535,-0.6517126719474999,7.187071019406,2.507576740948412,0,1,4.483100000000002,3,5,ok,False,11.990129941708055,1.2728016727997231,1.2728016727997231,9.495484503558263,14.484775379857847,18.18,0.5,1.0,7.360345547367594e-08,1.6719921199072686e-08,13.262931614507778,1.1969907180845925,2.4824485263151033,0.48218148549544404,True,0.7925505538211692,1.3251382806171365e-08
883801-81-8,O=C(O)C1=CC(OC=2C=CC=CC2C)=C(OC=3C=CC=CC3C)C=C1C(=O)O,186.90193144460432,397.1454413333333,0.5311,-0.66989,332.5280000000001,0.0913998905907441,-7.955520533218,-0.620963806841,7.334556726377,2.5071754974213434,0,2,5.2844400000000045,2,4,ok,False,11.944865277627905,1.2728016727997231,1.2728016727997231,9.450219839478113,14.439510715777697,18.18,0.5,1.0,6.063132034975992e-08,1.3691046653173253e-08,13.217666950427628,0.6895760967968159,2.4824485263151033,0.2777806224326467,True,0.9257398029100481,1.267434683034088e-08
723735-73-7,O=C(O)C1=CC=C(OC2=CC=C(C=C2)NC(=O)C3=CC=C(C(=C3)C)C)C=C1C(=O)O,189.9382198410158,432.8733546666666,0.53344,-0.66086,354.75200000000007,7.182180021414112,-7.7223189633395,-0.5308941223255,7.191424841014,2.367942644999806,0,1,4.744440000000004,3,4,ok,False,11.958312325653635,1.2728016727997231,1.2728016727997231,9.463666887503845,14.452957763803425,18.18,0.5,1.0,6.423427326532197e-08,1.4530357995372593e-08,13.231113998453358,1.192689270021863,2.4824485263151033,0.4804487413852915,True,0.7938736248193893,1.1535267971709836e-08
90829-94-0,O=C(O)C=1C=C2C(=O)OC3(C4=CC=C(O)C=C4OC5=CC(O)=CC=C53)C2=CC1C(=O)O,188.9382845186644,408.502414,0.53539,-0.65012,331.2320000000001,7.678215561574187,-7.802048321536,-1.1665520770935,6.6354962444425,3.0305115905108635,0,2,3.0622000000000016,4,7,ok,False,11.952677054578452,1.2728016727997231,1.2728016727997231,9.45803161642866,14.447322492728244,18.18,0.5,1.0,6.269985149028852e-08,1.4172720749489262e-08,13.225478727378174,1.141827682571298,2.4824485263151033,0.4599602652249971,True,0.8093179317734804,1.1470237044579742e-08
937635-61-5,O=C(O)C=1C=C2C=C(Cl)C(Cl)=CC2=CC1C(=O)O,184.7847841786423,264.577085,0.53245,-0.66639,213.3520000000001,1.988708774556999,-8.0151134664775,-0.948588882843,7.0665245836345,2.842555730765206,0,2,3.543000000000001,2,2,ok,False,11.902904134182286,1.2728016727997231,1.2728016727997231,9.408258696032494,14.397549572332078,18.18,0.5,1.0,5.0601692769340074e-08,1.136344834074111e-08,13.175705806982009,0.7515097843773508,2.4824485263151033,0.3027292515478163,True,0.9124290045887734,1.0368339858238359e-08
93305-72-7,O=C(O)C1=CC=C(C=C1C(=O)O)C(C(=O)O)(C)C,188.6786115838424,223.36292666666668,0.53215,-0.66505,216.6320000000001,4.164109280506457,-8.8178493254525,-0.6495357611435,8.168313564308999,2.7432645573726435,0,1,1.4452,3,3,ok,False,11.937227286258281,1.2728016727997231,1.2728016727997231,9.442581848108489,14.431872724408073,18.18,0.5,1.0,5.8672732466584644e-08,1.3235464598325057e-08,13.210028959058004,1.240801324154035,2.4824485263151033,0.49982962828875066,True,0.7789334573873914,1.0309546199701759e-08
1784874-74-3,O=C(O)C1=CC=2N=COC2C=C1C(=O)O,184.93403223785265,176.962029,0.53272,-0.66428,160.88800000000003,1.860306141472419,-8.7013845974385,-0.6873595863630001,8.0140250110755,2.749820384483576,0,2,1.2242,2,4,ok,False,11.89685987421404,1.2728016727997231,1.2728016727997231,9.402214436064249,14.391505312363833,18.18,0.5,1.0,4.929640212818157e-08,1.106155994397543e-08,13.169661547013764,0.6673964840568423,2.4824485263151033,0.26884605138117895,True,0.9302720587329378,1.0290260141879824e-08
1510005-73-8,O=C(O)C=1C=CN=C(C1)C2=NC(=CC(=C2)C3=CC=C(C(=O)O)C(=C3)C(=O)O)C4=NC=CC(=C4)C(=O)O,190.3683792454752,498.8483446666666,0.5325,-0.66385,395.9840000000001,3.9921569833863,-8.126680145182501,-1.1616540277845,6.965026117398001,3.096655714369976,0,1,3.665400000000001,4,7,ok,False,11.92399795182002,1.2728016727997231,1.2728016727997231,9.429352513670228,14.418643389969812,18.18,0.5,1.0,5.542430227415909e-08,1.2480948055766546e-08,13.196799624619743,1.1198416778778573,2.4824485263151033,0.45110368493324926,True,0.815874663424218,1.0182889294213678e-08
2535605-72-0,O=C(O)C1=CC=C(C#CC(N)C)C=C1C(=O)O,187.52911544908528,237.88177666666664,0.53297,-0.66209,207.20800000000008,0.4461177423057729,-8.153619416382,-0.97416758479,7.179451831592,2.901213682225151,0,1,0.7817000000000001,3,3,ok,False,11.927554429587769,1.2728016727997231,1.2728016727997231,9.432908991437976,14.422199867737561,18.18,0.5,1.0,5.6280063182526305e-08,1.2679581341263057e-08,13.200356102387492,1.2169970918446567,2.4824485263151033,0.4902406148381021,True,0.7863637082512278,9.970762602588694e-09
53656-45-4,O=C(O)C1=CC=C(SC=2C=CC=CC2)C=C1C(=O)O,185.5277628101565,284.4015373333333,0.53267,-0.66205,228.80800000000005,3.284911607638781,-7.787354173609,-0.7094008082535,7.0779533653555,2.5499901417540327,0,1,3.2342000000000013,2,3,ok,False,11.867553092476872,1.2728016727997231,1.2728016727997231,9.37290765432708,14.362198530626664,18.18,0.5,1.0,4.341587803709018e-08,9.704776297379928e-09,13.140354765276594,0.5342458615556938,2.4824485263151033,0.2152092403497758,True,0.9547411549931127,9.265549331110296e-09
99865-99-3,O=C(O)C1=CC(OCC)=C(C=C1C(=O)O)C,186.7155886267944,211.32374566666667,0.53146,-0.66653,197.68800000000005,3.7381121732767735,-7.9998750908495,-0.5129346081924999,7.486940482656999,2.419811174536872,0,2,1.79012,2,3,ok,False,11.86158549893992,1.2728016727997231,1.2728016727997231,9.366940060790128,14.356230937089713,18.18,0.5,1.0,4.2304629062621706e-08,9.449017599107624e-09,13.134387171739643,0.537500905541873,2.4824485263151033,0.2165204635037201,True,0.9542008347195104,9.01626048034784e-09
103204-95-1,O=C(O)C1=CC(OC)=C(C=C1C(=O)O)C,186.587160154526,194.452231,0.53143,-0.66615,180.90400000000005,3.400348983560364,-8.019467288085501,-0.5232749345115,7.496192353574001,2.433850454989566,0,2,1.40002,2,3,ok,False,11.854956710450532,1.2728016727997231,1.2728016727997231,9.360311272300741,14.349602148600322,18.18,0.5,1.0,4.110254089511714e-08,9.172591889937863e-09,13.127758383250255,0.5192863828322649,2.4824485263151033,0.20918314209845196,True,0.9571859637314349,8.779876208085318e-09
294667-38-2,O=C(O)C1=CC=C(OC2=CC=C(C=C2)NC(=O)C(C=3C=CC=CC3)C=4C=CC=CC4)C=C1C(=O)O,189.602827376871,504.5740233333333,0.53276,-0.66119,409.8400000000001,6.28837747356184,-7.852661497729001,-0.556200710422,7.296460787307001,2.422714439810195,0,1,5.645900000000004,3,4,ok,False,11.89484893134938,1.2728016727997231,1.2728016727997231,9.400203493199587,14.389494369499172,18.18,0.5,1.0,4.8869398943202064e-08,1.0962857637956603e-08,13.167650604149102,1.1901138601820291,2.4824485263151033,0.4794112939568621,True,0.794664561352391,8.711794456035494e-09
5680-10-4,O=C(O)C=1C=C(C(=CC1C(=O)O)C)C,186.6203740777804,186.930024,0.53042,-0.67232,172.17600000000004,2.7613085412535847,-8.454305221184502,-0.593752421791,7.860552799393502,2.6037401312578186,0,2,1.69984,2,2,ok,False,11.86874752147393,1.2728016727997231,1.2728016727997231,9.37410208332414,14.36339295962372,18.18,0.5,1.0,4.364166713219476e-08,9.756768212690216e-09,13.141549194273653,0.8466684679204871,2.4824485263151033,0.3410618423485561,True,0.8901874857402119,8.685352964204725e-09
499793-28-1,O=C(O)C1=CC(OC2=CC=C(C(=O)O)C(=C2)C(=O)O)=CC(=C1)C(=O)O,190.2251980457164,308.0568786666667,0.5333,-0.65993,275.02400000000006,3.379372807193666,-8.399066109532999,-1.004644336046,7.394421773486999,2.989745948133502,0,1,2.2717,4,5,ok,False,11.853539787849305,1.2728016727997231,1.2728016727997231,9.358894349699515,14.348185225999096,18.18,0.5,1.0,4.08499159184714e-08,9.114531923876496e-09,13.126341460649028,1.0085942097725844,2.4824485263151033,0.4062900797664157,True,0.8478329725555926,7.727600694473054e-09
1344440-61-4,O=C(O)C1=CC=C(C=C1C(=O)O)CCC(N)C,189.7693688649027,231.588394,0.5317,-0.66698,218.12800000000004,4.055659263301098,-8.0951149385245,-0.6152494159805001,7.479865522543999,2.5358225679178643,0,1,1.3628000000000002,3,3,ok,False,11.864233296343667,1.2728016727997231,1.2728016727997231,9.369587858193874,14.358878734493459,18.18,0.5,1.0,4.2794244299645076e-08,9.561678683379392e-09,13.13703496914339,1.2647166964896046,2.4824485263151033,0.5094634120639451,True,0.7713963474112671,7.375844011479036e-09
53624-86-5,O=C(O)C1=CC=C(C=C1C(=O)O)C(=O)OC2=CC=C(OC(=O)C3=CC=C(C(=O)O)C(=C3)C(=O)O)C=C2,188.2579073233604,444.4034676666667,0.53483,-0.65505,393.82400000000007,4.248168406501796,-8.6850577664085,-1.200022080705,7.4850356857035,3.2636719344720637,0,1,2.9178000000000006,4,8,ok,False,11.833128115329576,1.2728016727997231,1.2728016727997231,9.338482677179783,14.327773553479368,18.18,0.5,1.0,3.737335103516365e-08,8.316707390824843e-09,13.105929788129298,0.934187814201227,2.4824485263151033,0.37631709350602993,True,0.8679557413370382,7.218533928886602e-09
1344446-34-9,O=C(O)C1=CC=C(C=C1C(=O)O)CC(N)C,189.32136268467133,214.95737466666665,0.53169,-0.66682,201.67200000000005,1.944509858550478,-8.3030099203065,-0.654705924303,7.6483039960035,2.622825700792509,0,1,0.9727,3,3,ok,False,11.8551218411899,1.2728016727997231,1.2728016727997231,9.36047640304011,14.34976727933969,18.18,0.5,1.0,4.113208051068623e-08,9.179381621572164e-09,13.127923513989623,1.256080541024309,2.4824485263151033,0.5059845260472771,True,0.7741262224408151,7.106000019050303e-09
2538750-81-9,O=C(O)C1=CC=C(C#CC(O)C)C=C1C(=O)O,187.07342794132668,229.31386066666667,0.53292,-0.66171,203.43200000000004,1.9327225434603903,-8.3204252067385,-0.988317505016,7.3321077017225,2.954562807816012,0,1,0.8152999999999999,3,3,ok,False,11.846138747225474,1.2728016727997231,1.2728016727997231,9.351493309075682,14.340784185375266,18.18,0.5,1.0,3.9554620019288076e-08,8.817018232767279e-09,13.118940420025197,1.215178529049903,2.4824485263151033,0.48950804665975883,True,0.7869283097848417,6.938361255253687e-09
58848-24-1,O=C(O)C=1C=C2C(=CC1C(=O)O)C(C)(C)CCC2(C)C,186.89315860290924,286.355829,0.53022,-0.6727,261.0160000000001,2.877500071242397,-8.433896682397,-0.5232749345115,7.9106217478855,2.5355441687057296,0,2,3.432000000000002,2,2,ok,False,11.81711996697928,1.2728016727997231,1.2728016727997231,9.322474528829488,14.311765405129073,18.18,0.5,1.0,3.484903088153597e-08,7.73886216928503e-09,13.089921639779003,0.8783486179772806,2.4824485263151033,0.35382349670753643,True,0.8823283028131108,6.8282171235298496e-09
90772-02-4,O=C(O)C1=CC=2OCCOC2C=C1C(=O)O,187.17801134841503,194.38232166666668,0.53092,-0.67134,179.01600000000005,4.046500071666872,-7.9329350836265,-0.5401459932425,7.392789090384,2.427808437974335,0,2,0.8542000000000001,2,4,ok,False,11.793628521386545,1.2728016727997231,1.2728016727997231,9.298983083236752,14.288273959536337,18.18,0.5,1.0,3.144133292580406e-08,6.960898822346681e-09,13.066430194186267,0.805387040896977,2.4824485263151033,0.3244325239212421,True,0.9000936526442657,6.2654608466931915e-09
82520-82-9,O=C(O)C1=CC=2SC=3C=C(C(=O)O)C(=CC3SC2C=C1C(=O)O)C(=O)O,189.8394730742197,367.7922683333333,0.53438,-0.65823,291.9200000000001,3.267762465357603,-7.8616412547955,-1.1273676826215,6.734273572174,2.999665844094807,0,2,3.0952,4,6,ok,False,11.792173746801772,1.2728016727997231,1.2728016727997231,9.29752830865198,14.286819184951565,18.18,0.5,1.0,3.124127028488247e-08,6.915304443317242e-09,13.064975419601495,0.9993243558229497,2.4824485263151033,0.4025559221992517,True,0.8503976031141631,5.880758323401705e-09
2667597-92-2,O=C(O)C1=CC(F)=C2OCOC2=C1C(=O)O,183.92681708744237,173.28084133333334,0.53421,-0.65408,168.54400000000004,2.3934900208691072,-8.043413306929502,-0.7289930054895001,7.314420301440001,2.6302532989189333,1,2,0.9508,2,4,ok,False,11.772665745782557,1.2728016727997231,1.2728016727997231,9.278020307632765,14.26731118393235,18.18,0.5,1.0,2.867479787426893e-08,6.331229583649233e-09,13.04546741858228,0.9896762064445292,2.4824485263151033,0.3986693766068071,True,0.8530498675359823,5.400854557671871e-09
2248293-20-9,O=C(O)C1=CC=C(C=C1C(=O)O)CC(NC(=O)OC(C)(C)C)C,189.0325879198413,301.7061273333333,0.53124,-0.66734,296.22400000000005,2.2574491467140514,-8.532946123979,-0.648175191891,7.884770932088,2.6726517911155243,0,1,2.5387000000000004,3,4,ok,False,11.790853119187965,1.2728016727997231,1.2728016727997231,9.296207681038172,14.285498557337757,18.18,0.5,1.0,3.1060724149602106e-08,6.874165687770691e-09,13.063654791987688,1.2532704871449272,2.4824485263151033,0.5048525574084135,True,0.7750125124039109,5.3275644203599216e-09
2517324-04-6,O=C(O)C1=CC=C(C#CCON)C=C1C(=O)O,186.8216205067205,225.342048,0.53309,-0.66139,199.97600000000008,4.190910169640957,-8.334303013114,-1.0032837667935,7.331019246320501,2.9733425852095863,0,1,0.3248,3,4,ok,False,11.782203627864638,1.2728016727997231,1.2728016727997231,9.287558189714847,14.276849066014428,18.18,0.5,1.0,2.99029803054655e-08,6.610543884138723e-09,13.05500530066436,1.2171776867793422,2.4824485263151033,0.4903133635508231,True,0.7863076157519356,5.197921000360659e-09
104941-70-0,O=C(O)C1=CC=C(C=C1)NS(=O)(=O)C2=CC=C(C(=O)O)C(=C2)C(=O)O,188.69778564367604,322.4174473333333,0.53708,-0.65099,284.72800000000007,5.956434242900697,-8.3285886222535,-1.060155561548,7.2684330607055,3.031895479144389,0,1,1.582,4,5,ok,False,11.769661548786342,1.2728016727997231,1.2728016727997231,9.27501611063655,14.264306986936134,18.18,0.5,1.0,2.8298177395961105e-08,6.245651771048076e-09,13.042463221586065,1.1064990513634672,2.4824485263151033,0.4457289001701607,True,0.8198169031918643,5.120290893355417e-09
2520422-38-0,O=C(O)C1=CC=C(C#CC(O)CCCCC)C=C1C(=O)O,186.8907828035568,295.0352166666667,0.53296,-0.66182,270.36800000000005,2.099460704562007,-8.332670330011,-0.9891338465675,7.3435364834435,2.9582488390433324,0,1,2.3757,3,3,ok,False,11.751590009230778,1.2728016727997231,1.2728016727997231,9.256944571080986,14.24623544738057,18.18,0.5,1.0,2.6131771934722028e-08,5.754087075463394e-09,13.024391682030501,1.2180180444936686,2.4824485263151033,0.4906518832443507,True,0.7860465451711546,4.522980266281994e-09
142671-47-4,O=C(O)C1=CC=2N=C(OC2C=C1C(=O)O)C,185.31075730471125,196.998094,0.53241,-0.66699,177.11200000000005,2.693426006037664,-8.4972992095635,-0.6522568996485001,7.845042309915001,2.667747785433093,0,2,1.53262,2,4,ok,False,11.705142795418974,1.2728016727997231,1.2728016727997231,9.210497357269183,14.199788233568764,18.18,0.5,1.0,2.12753558307935e-08,4.656866376823336e-09,12.977944468218697,0.6101500577624304,2.4824485263151033,0.24578558278029025,True,0.9413779689677324,4.383871411568075e-09
1785552-19-3,O=C(O)C1=CC=2N=C(OC2C=C1C(=O)O)C(C)(C)C,185.3991468203889,248.67821866666665,0.53231,-0.66744,227.03200000000007,2.877216538601153,-8.4831492893375,-0.6440934841335,7.839055805204,2.656779168180404,0,2,2.521700000000001,2,4,ok,False,11.693493721620689,1.2728016727997231,1.2728016727997231,9.198848283470898,14.18813915977048,18.18,0.5,1.0,2.0201983517721872e-08,4.415332384172101e-09,12.966295394420412,0.6110419352127241,2.4824485263151033,0.2461448560706886,True,0.9412116069112559,4.15576208835393e-09
2618027-83-9,O=C(O)C1=CC=C(C#CC=2C=CC=C(O)C2)C=C1C(=O)O,186.60432429078995,319.41801133333337,0.53303,-0.66182,241.1920000000001,0.3894736704836413,-7.6363309865815,-1.17553183416,6.4607991524215,3.004617716001263,0,1,2.1884,3,3,ok,False,11.715768027125344,1.2728016727997231,1.2728016727997231,9.221122588975554,14.210413465275135,18.18,0.5,1.0,2.230246127179897e-08,4.888337009061627e-09,12.988569699925067,1.227735522619394,2.4824485263151033,0.4945663564036995,True,0.7830209080272819,3.827670083578802e-09
22803-05-0,O=C(O)C1=CC=C(C=C1C(=O)O)C=2C=CC(C(=O)O)=C(C2)C(=O)O,189.31960836536464,313.2182956666667,0.53254,-0.6636,265.83200000000005,4.30511465700973,-8.358249031958,-1.2304988319610002,7.127750199996999,3.2248634919139665,0,1,2.1464,4,4,ok,False,11.70706652049331,1.2728016727997231,1.2728016727997231,9.212421082343518,14.201711958643102,18.18,0.5,1.0,2.145785161694573e-08,4.697969605883991e-09,12.979868193293033,1.1317114981244065,2.4824485263151033,0.4558851819595616,True,0.812344068303756,3.816367742411194e-09
405903-64-2,O=C(O)C1=CC=C(OC2=CC=C(C=C2)NC(=O)CC3=CC=C(Cl)C=C3)C=C1C(=O)O,189.0749042382424,419.66916,0.53301,-0.66141,353.8080000000001,6.807614180459995,-7.826538568080999,-0.6054533173625,7.2210852507185,2.4614889828752093,0,1,4.709900000000003,3,4,ok,False,11.697997112850416,1.2728016727997231,1.2728016727997231,9.203351674700624,14.192642551000208,18.18,0.5,1.0,2.0610559988272565e-08,4.507226832496037e-09,12.970798785650139,1.1875464369060218,2.4824485263151033,0.4783770637406899,True,0.7954521251411576,3.585283162402221e-09
330634-73-6,O=C(O)C1=CC=C(C=C1)NC(=O)C2=CC=C(C(=O)O)C(=C2)C(=O)O,189.1690965951581,320.2972876666667,0.53448,-0.65764,269.5040000000001,8.038823561939894,-8.074162172035999,-1.155939636924,6.918222535111999,3.0786368525794834,0,1,2.0335,4,4,ok,False,11.675740408025213,1.2728016727997231,1.2728016727997231,9.18109496987542,14.170385846175005,18.18,0.5,1.0,1.866645901652879e-08,4.070484691706763e-09,12.948542080824936,1.0026293484301632,2.4824485263151033,0.4038872660608379,True,0.8494850609807102,3.457815936555567e-09
868946-72-9,O=C(O)C1=CC=2OCCCOC2C=C1C(=O)O,186.4800961992601,210.62599466666663,0.53103,-0.66989,195.92800000000005,3.7866073548758656,-7.996881838494,-0.5744323384055,7.4224495000885,2.474500726419304,0,2,1.2443000000000002,2,4,ok,False,11.641906771621631,1.2728016727997231,1.2728016727997231,9.147261333471839,14.136552209771423,18.18,0.5,1.0,1.6047435910563477e-08,3.484318417875693e-09,12.914708444421354,0.6780514637523292,2.4824485263151033,0.273138176507859,True,0.9281105153534499,3.2338325624701264e-09
1344583-93-2,O=C(O)C1=CC=C(C=C1C(=O)O)CC(N)C,188.9153675347032,214.408885,0.53144,-0.66735,201.3760000000001,2.694156378163673,-8.42464481148,-0.6530732412,7.771571570280001,2.650846238072521,0,1,0.9727,3,3,ok,False,11.674438904976085,1.2728016727997231,1.2728016727997231,9.179793466826293,14.169084343125878,18.18,0.5,1.0,1.8558454680879843e-08,4.046260588288574e-09,12.947240577775808,1.243802781464612,2.4824485263151033,0.5010386996063471,True,0.7779914236090812,3.1479560353759463e-09
10210-28-3,O=C(O)C=1C=C2C=C3C=CC=CC3=CC2=CC1C(=O)O,184.74518753493743,333.67565866666666,0.53101,-0.67405,226.4000000000001,3.391101422841847,-7.083667756216,-1.2405670444295,5.8431007117865,2.964730903769228,0,2,3.389400000000002,2,2,ok,False,11.657557328430999,1.2728016727997231,1.2728016727997231,9.162911890281208,14.152202766580789,18.18,0.5,1.0,1.7211297953513727e-08,3.744474184939462e-09,12.930359001230721,1.1714811686443265,2.4824485263151033,0.47190552240100203,True,0.8003590639485393,2.9969238536376177e-09
293761-62-3,O=C(O)C1=CC=C(C(=O)C2=CC=C(OC3=CC=C(C(=O)O)C(=C3)C(=O)O)C=C2)C(=C1)C(=O)O,190.1341070993284,437.0786123333333,0.53302,-0.66054,364.9120000000001,5.554354985954714,-8.133482991445,-1.010630840757,7.122852150688,2.934737939499121,0,1,3.502700000000001,4,6,ok,False,11.627284726943959,1.2728016727997231,1.2728016727997231,9.132639288794167,14.121930165093751,18.18,0.5,1.0,1.502928473156038e-08,3.257194705146051e-09,12.900086399743682,0.9954091072059142,2.4824485263151033,0.4009787500744193,True,0.8514760058072994,2.773423137674444e-09
143092-15-3,O=C(O)C=1C=C2C(=CC1C(=O)O)CCOC2,185.6629968689596,202.305916,0.53113,-0.66982,187.35200000000003,1.9020111172125151,-8.5800218201155,-0.5902149417345001,7.989806878381,2.6312664232200205,0,2,1.1557,2,3,ok,False,11.605271647737652,1.2728016727997231,1.2728016727997231,9.11062620958786,14.099917085887444,18.18,0.5,1.0,1.3613707258239581e-08,2.9421836835090177e-09,12.878073320537375,0.6833535430564317,2.4824485263151033,0.2752740029904217,True,0.9270240436270605,2.727475015380089e-09
99866-19-0,O=C(O)C1=CC(OC)=C(OCC)C=C1C(=O)O,187.1217955375876,218.23732066666665,0.53057,-0.67225,206.39200000000005,1.0436477997868825,-7.726128557246501,-0.5551122550200001,7.1710163022265005,2.39083787082786,0,2,1.4903,2,4,ok,False,11.60977713651384,1.2728016727997231,1.2728016727997231,9.11513169836405,14.10442257466363,18.18,0.5,1.0,1.3892482037796983e-08,3.0041460383361075e-09,12.882578809313562,0.8737738425823138,2.4824485263151033,0.3519806486700154,True,0.8834766849054013,2.654092982920879e-09
174611-11-1,O=C(O)C1=CC=C(C(=C1C(=O)O)C)N(=O)=O,176.15993554418404,191.71775866666667,0.53777,-0.64995,178.94400000000005,5.010102363225726,-9.0616633355005,-1.8462924756425,7.215370859858,4.122570491830199,1,1,1.29962,2,4,ok,False,11.668364422340476,1.2728016727997231,1.2728016727997231,9.173718984190685,14.163009860490266,18.18,0.5,1.0,1.8062331598728527e-08,3.935041022915449e-09,12.941166095140199,1.7892445376153259,2.4824485263151033,0.7207579607989877,True,0.5948226184976866,2.3406514051463826e-09
119252-37-8,O=C(O)C1=CC=C(C=C1C(=O)O)C=2C=CC(N)=CC2,189.4265379801512,287.2826733333334,0.53224,-0.66533,222.15200000000004,4.9673480741739855,-7.0110133581325,-0.8035522005265,6.207461157606,2.459436850271449,0,1,2.3322000000000003,3,3,ok,False,11.608100986097458,1.2728016727997231,1.2728016727997231,9.113455547947666,14.10274642424725,18.18,0.5,1.0,1.3788130070558876e-08,2.980947710217603e-09,12.880902658897181,1.2315013129279437,2.4824485263151033,0.49608332252349235,True,0.7818450820278128,2.3306393070157025e-09
81452-61-1,O=C(O)C1=CC=2SC=CC2C=C1C(=O)O,185.61771954872685,214.66586533333336,0.53184,-0.66947,174.26400000000004,2.3446467388500127,-7.8942949168554994,-0.7507621135295001,7.143532803325999,2.615547975919277,0,2,2.2977,2,3,ok,False,11.566583346044974,1.2728016727997231,1.2728016727997231,9.071937907895183,14.061228784194764,18.18,0.5,1.0,1.1433101652820857e-08,2.4588648759765316e-09,12.839385018844697,0.6627880074789649,2.4824485263151033,0.2669896275604933,True,0.9311978962167802,2.2896897995906805e-09
2383895-38-1,O=C(O)C1=CC=C(C=C1C(=O)O)NC(=O)OCC2C=3C=CC=CC3C=4C=CC=CC42,188.9492815938384,430.851489,0.53282,-0.66204,344.8800000000001,4.414533549538389,-7.491838531966001,-0.690624952569,6.801213579397,2.4610574235813343,0,1,4.444000000000003,3,4,ok,False,11.587453887279846,1.2728016727997231,1.2728016727997231,9.092808449130054,14.082099325429638,18.18,0.5,1.0,1.256347524341643e-08,2.7090957780606046e-09,12.860255560079569,1.1890891430363755,2.4824485263151033,0.47899850910561903,True,0.794979006396102,2.1536742698744942e-09
84029-87-8,O=C(O)C=1C=C(C(=CC1C(=O)O)C(C)C)C,186.03439854865996,221.2753943333333,0.53072,-0.67171,205.3040000000001,2.8839448642441137,-8.433896682397,-0.580146729266,7.853749953131,2.586438934020065,0,2,2.514820000000001,2,2,ok,False,11.559507645652651,1.2728016727997231,1.2728016727997231,9.064862207502859,14.054153083802444,18.18,0.5,1.0,1.1072776340281533e-08,2.379249055265129e-09,12.832309318452374,0.7837736223629961,2.4824485263151033,0.3157260318007133,True,0.9051243628976959,2.1535162853217945e-09
82520-81-8,O=C(O)C1=CC(Br)=C(S)C=C1C(=O)O,186.6394644772027,205.33360033333332,0.53436,-0.65689,176.50400000000005,0.7752465736783363,-8.118516729667501,-0.891444974238,7.227071755429501,2.8081708834859658,0,2,2.1342,3,3,ok,False,11.58676859863142,1.2728016727997231,1.2728016727997231,9.092123160481627,14.081414036781212,18.18,0.5,1.0,1.2524694184297834e-08,2.7004994658462185e-09,12.859570271431142,1.2206739148204324,2.4824485263151033,0.4917217424171031,True,0.7852208431076413,2.120488467383503e-09
195384-92-0,O=C(O)C1=CC=C(C=C1C(=O)O)CCC(=O)CCCCCCCCC,184.79135794369896,348.663112,0.53144,-0.66649,343.63200000000006,6.332303799566158,-8.57158629075,-0.6691279583795,7.9024583323705,2.7013998759184314,0,1,4.725400000000005,2,3,ok,False,11.549644918552373,1.2728016727997231,1.2728016727997231,9.054999480402582,14.044290356702163,18.18,0.5,1.0,1.058885997105329e-08,2.272444904253389e-09,12.822446591352096,0.664204263487302,2.4824485263151033,0.26756013526420763,True,0.9309139569739121,2.1154506778237253e-09
7717-76-2,O=C(O)C1=CC=C(OC2=CC=C(C(=O)O)C(=C2)C(=O)O)C=C1C(=O)O,190.7913684305582,310.066145,0.53315,-0.66018,275.12800000000004,1.2404259308801957,-8.2447775562995,-0.8147088683970001,7.4300686879025,2.761559069194475,0,1,2.2717,4,5,ok,False,11.568732572784462,1.2728016727997231,1.2728016727997231,9.07408713463467,14.063378010934255,18.18,0.5,1.0,1.1544785278014857e-08,2.483557031741374e-09,12.841534245584185,1.0217819664682462,2.4824485263151033,0.41160247861612614,True,0.8441571539111723,2.096512435490877e-09
294892-14-1,O=C(O)C1=CC=C(OC2=CC=C(C=C2)NC(=O)C(C)C)C=C1C(=O)O,189.10484134971512,341.77177266666666,0.53338,-0.66074,300.3280000000001,8.043499130353654,-7.795789702974501,-0.5336152608304999,7.262174442144001,2.3883682361180214,0,1,3.469800000000001,3,4,ok,False,11.57865322652364,1.2728016727997231,1.2728016727997231,9.08400778837385,14.07329866467343,18.18,0.5,1.0,1.2074181605756167e-08,2.600695782491356e-09,12.851454899323363,1.1820044121787683,2.4824485263151033,0.4761445805014583,True,0.7971490040317292,2.073142052802503e-09
2588231-51-8,O=C(O)C1=CC=C(C#CCOCCO)C=C1C(=O)O,186.65481766736383,249.66105566666667,0.53308,-0.66164,229.32000000000005,3.987450828536949,-8.282057153818,-0.977432950996,7.304624202822,2.934379463628845,0,1,0.4434,3,4,ok,False,11.580654210226886,1.2728016727997231,1.2728016727997231,9.086008772077093,14.075299648376678,18.18,0.5,1.0,1.218377976723411e-08,2.6249655149065814e-09,12.853455883026609,1.2181259036932777,2.4824485263151033,0.49069533195978865,True,0.7860130302162069,2.063257098584768e-09
937648-30-1,O=C(O)C=1C=C2C=C(F)C(F)=CC2=CC1C(=O)O,184.9216780610448,226.096589,0.53203,-0.66789,193.23200000000008,1.8254001999561629,-8.0548420886505,-0.8057291113305001,7.249112977319999,2.707563057561761,0,2,2.5144,2,2,ok,False,11.537122643344384,1.2728016727997231,1.2728016727997231,9.042477205194594,14.031768081494175,18.18,0.5,1.0,1.000396155855019e-08,2.143544082676897e-09,12.809924316144107,0.6846718203035886,2.4824485263151033,0.2758050420968453,True,0.9267527948090571,1.986535469417231e-09
1344436-42-5,O=C(O)C1=CC=C(C=C1C(=O)O)CCC(N)C,188.8830945885265,231.125506,0.53191,-0.6668,217.92800000000005,3.829092084293612,-8.358793259659,-0.6168820990835,7.7419111605755,2.6015135821950137,0,1,1.3628000000000002,3,3,ok,False,11.573053498877835,1.2728016727997231,1.2728016727997231,9.078408060728044,14.067698937027625,18.18,0.5,1.0,1.1772533850086206e-08,2.5339316831064518e-09,12.845855171677558,1.2348336894792191,2.4824485263151033,0.49742569740697967,True,0.7808030603066499,1.9785016127774976e-09
1812208-96-0,O=C(O)C1=CC=C(C=C1C(=O)O)CN(C)CC(=O)O,189.08779595897863,236.33318,0.53194,-0.66644,229.88000000000005,2.4879841016373074,-7.891845892201,-0.6778356015955,7.214010290605501,2.545028283393055,0,1,0.5994000000000002,3,4,ok,False,11.565562919839422,1.2728016727997231,1.2728016727997231,9.07091748168963,14.060208357989215,18.18,0.5,1.0,1.1380443504263146e-08,2.4472251263814757e-09,12.838364592639145,1.2334505201773005,2.4824485263151033,0.4968685179580379,True,0.7812357452813826,1.911859745479958e-09
105553-71-7,O=C(O)C1=CC=C(OC2=CC=C(C=C2)C(=O)C3=CC=C(C(=O)O)C(=C3)C(=O)O)C=C1C(=O)O,188.44074978322075,437.3948423333334,0.53327,-0.65997,365.63200000000006,5.302563223574048,-8.123686892827001,-1.292540789875,6.831146102952001,3.244892673799196,0,1,3.502700000000001,4,6,ok,False,11.5441159687905,1.2728016727997231,1.2728016727997231,9.049470530640708,14.038761406940292,18.18,0.5,1.0,1.0326628380745612e-08,2.2146275034037844e-09,12.816917641590223,1.0310747206732476,2.4824485263151033,0.415345861049435,True,0.8415480350832433,1.8637154239307632e-09
332933-35-4,O=C(O)C1=CC=C(OC2=CC=C(C=C2)NC(=O)COC=3C=CC=CC3Cl)C=C1C(=O)O,188.9545984611517,424.43301966666667,0.53324,-0.66062,361.9520000000001,7.35493207718467,-7.853477839280499,-0.5379690824385,7.315508756841999,2.406407530240761,0,1,4.5462000000000025,3,5,ok,False,11.552560642495395,1.2728016727997231,1.2728016727997231,9.057915204345605,14.047206080645186,18.18,0.5,1.0,1.0729741157314029e-08,2.3035240429223746e-09,12.825362315295118,1.1823426160796038,2.4824485263151033,0.4762808185330833,True,0.7970455754282711,1.8360136463039216e-09
2510871-92-6,O=C(O)C1=CC=C(C#CC=2C=CC=CC2O)C=C1C(=O)O,186.4407398375797,322.43662666666665,0.53332,-0.66163,240.7040000000001,4.135384373912538,-7.517961461614001,-1.1665520770935,6.351409384520501,2.9686629706080487,0,1,2.1884,3,3,ok,False,11.553657020798656,1.2728016727997231,1.2728016727997231,9.059011582648864,14.048302458948449,18.18,0.5,1.0,1.0783185014318768e-08,2.3153171721180243e-09,12.82645869359838,1.2249854822450272,2.4824485263151033,0.4934585628904745,True,0.7838784152167876,1.8149271556040911e-09
669704-08-9,O=C(O)C1=CC=C(OC2=CC=C(C=C2)NC(=O)C=3C=CC=CC3OCC)C=C1C(=O)O,188.938947604125,438.475935,0.53323,-0.6608,361.5440000000001,9.7265182084855,-7.6695288763425,-0.587221689379,7.0823071869635,2.4064873248519563,0,1,4.526300000000003,3,5,ok,False,11.532131631904221,1.2728016727997231,1.2728016727997231,9.037486193754429,14.026777070054013,18.18,0.5,1.0,9.779688216775425e-09,2.0941759248969455e-09,12.804933304703944,1.182067655753831,2.4824485263151033,0.4761700567900469,True,0.7971296642815887,1.6693297519596876e-09
1391002-69-9,O=C(O)C1=CC=C(C=C1C(=O)O)C(N)C=C,188.1319508929864,215.3274123333333,0.53189,-0.66554,196.18400000000003,2.94670925101205,-8.433896682397,-0.7099450359545,7.7239516464425,2.706187363587858,0,1,1.2688,3,3,ok,False,11.523941248470141,1.2728016727997231,1.2728016727997231,9.029295810320349,14.018586686619933,18.18,0.5,1.0,9.422187204752813e-09,2.015549386352984e-09,12.796742921269864,1.2050441424388199,2.4824485263151033,0.4854256310512763,True,0.790066592095729,1.59241823487654e-09
346419-81-6,O=C(O)C=1C=CC=2C=NN=CC2C1C(=O)O,178.33240258970707,205.985738,0.5379,-0.64589,174.57600000000005,6.055824490521501,-8.7269632993855,-1.39322291456,7.333740384825501,3.491334695213973,1,1,1.0262,2,4,ok,False,11.526620339268222,1.2728016727997231,1.2728016727997231,9.031974901118431,14.021265777418012,18.18,0.5,1.0,9.537706790723495e-09,2.0409467199666505e-09,12.799422012067945,1.292687417576698,2.4824485263151033,0.520730804233648,True,0.7624940525405408,1.5562097355266956e-09
67532-48-3,O=C(O)C1=CC=C(OC2=CC=C(OC3=CC=C(C(=O)O)C(=C3)C(=O)O)C=C2)C=C1,188.22206023905565,388.4245736666667,0.53334,-0.66058,327.16800000000006,2.8246983007039885,-8.177021207525,-0.6054533173625,7.5715678901625,2.546759795963558,0,1,4.365800000000002,3,5,ok,False,11.517679886419263,1.2728016727997231,1.2728016727997231,9.02303444826947,14.012325324569055,18.18,0.5,1.0,9.15747664667988e-09,1.95738620704064e-09,12.790481559218986,1.2013389977184847,2.4824485263151033,0.48393309467799045,True,0.7912104902335254,1.5487045004489657e-09
2830605-80-4,O=C(O)C1=CC(Br)=C(O)C=C1C(=O)O,187.16851445447583,182.17053066666668,0.53461,-0.65656,166.66400000000004,1.1884199299910785,-8.4134881436095,-0.6620529982665,7.751435145343001,2.656457980796254,0,2,1.5510999999999997,3,3,ok,False,11.511884052605158,1.2728016727997231,1.2728016727997231,9.017238614455366,14.00652949075495,18.18,0.5,1.0,8.918892632300717e-09,1.9050053447821484e-09,12.78468572540488,1.2323156490231928,2.4824485263151033,0.49641135997789143,True,0.7815905739127434,1.488934220735123e-09
65190-26-3,O=C(O)C=1C=C2C=CC=C(C2=CC1C(=O)O)S(=O)(=O)O,184.99281805509588,268.5967283333334,0.53344,-0.66077,225.17600000000004,8.459610446113935,-8.32124154829,-1.24628143529,7.074960113,3.234558731756469,0,2,1.4829,3,4,ok,False,11.509915370593204,1.2728016727997231,1.2728016727997231,9.015269932443413,14.004560808742994,18.18,0.5,1.0,8.83923423391487e-09,1.887525406171417e-09,12.782717043392926,1.3163578767065005,2.4824485263151033,0.5302659300897875,True,0.7548909655788795,1.4248758764194075e-09
42297-17-6,O=C(O)C1=CC=C(C=C1C(=O)O)[Si](C2=CC=C(C(=O)O)C(=C2)C(=O)O)(C)C,190.9319657360725,368.8077913333333,0.53191,-0.66637,330.12000000000006,6.445756384630124,-8.686418335661001,-0.823416511613,7.863001824048001,2.875395454756124,0,1,1.3019999999999994,4,4,ok,False,11.49873398237039,1.2728016727997231,1.2728016727997231,9.004088544220597,13.993379420520181,18.18,0.5,1.0,8.399742082847554e-09,1.791167843529172e-09,12.771535655170112,1.2024447972813332,2.4824485263151033,0.4843785418045377,True,0.7908692897088747,1.4165796401612931e-09
2616679-38-8,O=C(O)C1=CC=C(C#CC(N)CC)C=C1C(=O)O,186.70094029959276,253.42281366666668,0.53299,-0.66194,223.5600000000001,3.061991139765104,-8.1685856781595,-0.963827258471,7.2047584196885,2.8939542864208203,0,1,1.1718,3,3,ok,False,11.484085316764794,1.2728016727997231,1.2728016727997231,8.989439878615002,13.978730754914586,18.18,0.5,1.0,7.855968373869125e-09,1.6721487544412389e-09,12.756886989564517,1.2071835487759925,2.4824485263151033,0.4862874440212106,True,0.7894052396920245,1.3200029883004063e-09
36528-51-5,O=C(O)C=1C=CC2=CC(C(=O)O)=C(C=C2C1)C(=O)O,186.0776487354537,261.8937876666667,0.53265,-0.66526,210.52800000000005,3.1168206701701653,-8.019739401936,-1.2024711053595,6.817268296576501,3.1188873219050794,0,2,1.9344,3,3,ok,False,11.485016047410843,1.2728016727997231,1.2728016727997231,8.990370609261053,13.979661485560634,18.18,0.5,1.0,7.889476188573813e-09,1.6794761275926137e-09,12.757817720210566,1.275740633278948,2.4824485263151033,0.5139041634722762,True,0.7678986741538348,1.2896674916513848e-09
917766-59-7,O=C(O)C1=CC(Cl)=C(C=C1C(=O)O)P(=O)(O)O,186.765787866096,206.447756,0.53649,-0.64903,201.40000000000003,4.10315870275572,-9.029826014992,-1.1273676826215,7.9024583323705,3.263812964006225,0,2,0.5393999999999999,4,3,ok,False,11.462700915929847,1.2728016727997231,1.2728016727997231,8.968055477780055,13.95734635407964,18.18,0.5,1.0,7.123078965613369e-09,1.5121139981179826e-09,12.73550258872957,1.0115964567987057,2.4824485263151033,0.40749946920361696,True,0.8469989555893824,1.2807589771380167e-09
1010100-11-4,O=C(O)C1=CC=C(C=C1C(=O)O)NCC=2C=CC=CC2,190.68787801461588,288.644406,0.53085,-0.6654,238.99200000000005,6.04235653863623,-7.3538768097625,-0.3752449998395,6.978631809923,2.140080089292046,0,1,2.695100000000001,3,3,ok,False,11.475546388708281,1.2728016727997231,1.2728016727997231,8.980900950558489,13.970191826858073,18.18,0.5,1.0,7.554935347541133e-09,1.6063605846129323e-09,12.748348061508004,1.334051435485097,2.4824485263151033,0.5373933925894271,True,0.749168272061905,1.203434383482822e-09
2243517-66-8,O=C(O)C1=CC(Br)=CC(=C1C(=O)O)N(=O)=O,173.66644998687502,199.69282166666667,0.53978,-0.64134,182.01600000000005,4.124062506800788,-9.002614629942,-2.034323146338,6.968291483604,4.370296354712559,1,1,1.7536999999999998,2,4,ok,False,11.562892566317972,1.2728016727997231,1.2728016727997231,9.068247128168181,14.057538004467762,18.18,0.5,1.0,1.1243754049491626e-08,2.417018180349779e-09,12.835694239117695,2.0960654223490915,2.4824485263151033,0.8443540319687711,True,0.49020395915854553,1.184831881365645e-09
1613510-57-8,O=C(O)C1=CC=C(OCCCC(=O)O)C=C1C(=O)O,188.63214036529337,230.74843633333333,0.53303,-0.66186,225.69600000000003,6.528865464228835,-8.159878034943501,-0.5232749345115,7.636603100432001,2.468281528428851,0,1,1.3266,3,4,ok,False,11.450862233020805,1.2728016727997231,1.2728016727997231,8.956216794871015,13.945507671170596,18.18,0.5,1.0,6.7463704149868354e-09,1.43003560782786e-09,12.723663905820528,1.1905406524023467,2.4824485263151033,0.47958321785207825,True,0.7945335525705901,1.1362112717899128e-09
1344425-17-7,O=C(O)C1=CC=C(C=C1C(=O)O)C(N)CC,188.45094855432183,214.477695,0.53151,-0.66681,201.48000000000005,0.8787238815464161,-8.3285886222535,-0.6639577952200001,7.6646308270335,2.6376316386041,0,1,1.4928,3,3,ok,False,11.434474037474025,1.2728016727997231,1.2728016727997231,8.939828599324233,13.929119475623818,18.18,0.5,1.0,6.256678994275223e-09,1.3235363071286841e-09,12.707275710273748,1.2142355501384845,2.4824485263151033,0.489128188265346,True,0.7872208994048967,1.0419154420928782e-09
727656-48-6,O=C(O)C1=CC=C(OC2=CC=C(C=C2)NC(=O)C3=CC=C(OC)C=C3)C=C1C(=O)O,188.6825559674774,421.85085733333335,0.53297,-0.66075,346.4720000000001,10.24610039429636,-7.6395963527875,-0.5994668126515,7.040129540135999,2.410543778246386,0,1,4.136200000000002,3,5,ok,False,11.410708123102058,1.2728016727997231,1.2728016727997231,8.916062684952266,13.90535356125185,18.18,0.5,1.0,5.607381667386163e-09,1.1826930636430078e-09,12.68350979590178,1.1836205935564044,2.4824485263151033,0.4767956237599605,True,0.7966546019488273,9.421978718441594e-10
2595194-30-0,O=C(O)C1=CC=C(C#CCC(O)C)C=C1C(=O)O,186.544949947954,246.93137,0.53297,-0.66197,220.61600000000004,1.8893008865715384,-8.2006951125185,-0.9564801845075,7.244214928011001,2.893821492520462,0,1,1.2054,3,3,ok,False,11.399605577304959,1.2728016727997231,1.2728016727997231,8.904960139155168,13.89425101545475,18.18,0.5,1.0,5.326969787395335e-09,1.1220064290620086e-09,12.672407250104682,1.2058184306274913,2.4824485263151033,0.485737536083934,True,0.7898273087301497,8.861913182439719e-10
2227312-00-5,O=C(O)C1=CC=C(F)C(=C1C(=O)O)N(=O)=O,173.22590865016772,172.441777,0.5382,-0.63537,167.80000000000004,5.294087084663417,-9.368335645014,-1.9241170368855,7.4442186081285,4.282500766222058,1,1,1.1303,2,4,ok,False,11.524448066711413,1.2728016727997231,1.2728016727997231,9.029802628561622,14.019093504861203,18.18,0.5,1.0,9.44393597287103e-09,2.020330231980864e-09,12.797249739511136,2.2761354736072006,2.4824485263151033,0.9168913069008727,True,0.43141288885281137,8.715965018155351e-10
113006-47-6,O=C(O)C1=CC=C(OC2=CC=CC(N)=C2)C=C1C(=O)O,189.1124162743025,272.757933,0.53293,-0.66147,231.32000000000005,4.169239722059646,-7.323127944656001,-0.597562015698,6.725565928958001,2.3320464816918625,0,1,2.4575000000000005,3,4,ok,False,11.392801697109475,1.2728016727997231,1.2728016727997231,8.898156258959684,13.887447135259265,18.18,0.5,1.0,5.161913636493658e-09,1.0863267387744391e-09,12.665603369909197,1.1855059510306705,2.4824485263151033,0.4775550987115176,True,0.796077391544554,8.648001565686577e-10
2043-87-0,O=C(O)C1=CC(OCC)=C(OCC)C=C1C(=O)O,186.995029866464,235.0803116666667,0.53019,-0.67403,223.24000000000007,0.9955445997041016,-7.6880326181765,-0.5444998148505,7.143532803326,2.3718862965564416,0,2,1.8804,2,4,ok,False,11.373568791677103,1.2728016727997231,1.2728016727997231,8.878923353527313,13.868214229826894,18.18,0.5,1.0,4.7217721268884994e-09,9.91341843923878e-10,12.646370464476826,0.9999861305032439,2.4824485263151033,0.40282250363015715,True,0.8502150432544022,8.428537487116388e-10
2439732-48-4,O=C(O)C1=CC=C(C#CC(NC)C)C=C1C(=O)O,186.60207741735852,253.91498666666664,0.53295,-0.66198,223.88000000000005,2.5303146227297506,-8.073617944335,-0.967092624677,7.106525319658,2.875330907727588,0,1,1.0424,3,3,ok,False,11.383152619807234,1.2728016727997231,1.2728016727997231,8.888507181657442,13.877798057957026,18.18,0.5,1.0,4.9363312674359565e-09,1.0376152437737583e-09,12.655954292606957,1.2035294302593704,2.4824485263151033,0.48481546243613977,True,0.7905344584210681,8.202706047861326e-10
2623094-09-5,O=C(O)C1=CC=C(C#CCN)C=C1C(=O)O,186.46411903604127,219.75972033333332,0.53324,-0.66181,190.39200000000005,0.406421197773935,-8.215117146595,-0.958384981461,7.256732165134,2.899140390552572,0,1,0.3932,3,3,ok,False,11.381266926436409,1.2728016727997231,1.2728016727997231,8.886621488286618,13.875912364586199,18.18,0.5,1.0,4.893379617743105e-09,1.0283473907809555e-09,12.654068599236131,1.2088662317449608,2.4824485263151033,0.4869652759887745,True,0.7888846393689897,8.112474605222756e-10
1219463-88-3,O=C(O)C1=CC=C(C#CC(O)(C)C)C=C1C(=O)O,186.21545236947935,247.05735166666668,0.53329,-0.66144,220.08800000000005,3.578744809287189,-8.2790639014625,-0.982331000305,7.2967329011575,2.9387616584155967,0,1,1.2054,3,3,ok,False,11.374079133061311,1.2728016727997231,1.2728016727997231,8.87943369491152,13.868724571211104,18.18,0.5,1.0,4.732965296707018e-09,9.937544147204102e-10,12.646880805861034,1.2224371122081137,2.4824485263151033,0.4924320078542272,True,0.78467215736787,7.797714204925092e-10
2639420-64-5,O=C(O)C=1C=C2C(=CC1C(=O)O)C(NC(=O)OCC3C=4C=CC=CC4C=5C=CC=CC53)CC2,189.41638340015467,468.0648416666666,0.53198,-0.6659,384.8880000000001,2.927172183182944,-7.4888452796105,-0.605181203512,6.8836640760985,2.3793020688271214,0,2,4.609000000000004,3,4,ok,False,11.364916808211145,1.2728016727997231,1.2728016727997231,8.870271370061353,13.859562246360937,18.18,0.5,1.0,4.535880847794728e-09,9.512985465390579e-10,12.637718481010868,1.2371469058482156,2.4824485263151033,0.4983575259401699,True,0.7800788897863054,7.420879140395142e-10
36439-94-8,O=C(O)C1=CC=CC2=CC(C(=O)O)=C(C=C21)C(=O)O,186.2604777167588,258.2197213333333,0.53261,-0.66613,210.16000000000005,4.5538155221747845,-8.0640939595675,-1.134170528884,6.929923430683501,3.0522728874928937,0,2,1.9344,3,3,ok,False,11.356240618542063,1.2728016727997231,1.2728016727997231,8.861595180392271,13.850886056691856,18.18,0.5,1.0,4.356621371312751e-09,9.127271090489658e-10,12.629042291341786,1.2492192110777043,2.4824485263151033,0.5032205896055457,True,0.7762885681099231,7.085396205587313e-10
67614-42-0,O=C(O)C1=CC=C(C=C1C(=O)O)NC(=O)C,187.43236514630397,205.521697,0.53298,-0.66225,186.75200000000004,6.475269812139104,-8.169946247412,-0.754843821287,7.415102426124999,2.6854611437907328,0,1,1.0414,3,3,ok,False,11.330916337686654,1.2728016727997231,1.2728016727997231,8.836270899536864,13.825561775836444,18.18,0.5,1.0,3.871893791119903e-09,8.086537822916245e-10,12.603718010486377,1.2124389055682545,2.4824485263151033,0.48840444936353805,True,0.7877780382440036,6.370396902322896e-10
302927-96-4,O=C(O)C1=CC=C(OC2=CC=C(C=C2)NC(=O)C=3C=CC=CC3)C=C1C(=O)O,188.3728896588587,394.47528933333336,0.53306,-0.6609,321.6400000000001,8.283273145924865,-7.796606044526,-0.592663966389,7.2039420781370005,2.44240759269953,0,1,4.127600000000002,3,4,ok,False,11.31639918240791,1.2728016727997231,1.2728016727997231,8.821753744258118,13.811044620557702,18.18,0.5,1.0,3.6181148824207166e-09,7.543072097362268e-10,12.589200855207633,1.1874681013813486,2.4824485263151033,0.47834550799085546,True,0.7954761402813848,6.000333877873947e-10
66918-88-5,O=C(O)C1=CC=C(C=C1C(=O)O)CN,188.0740097548627,179.31776766666667,0.53171,-0.66688,167.93600000000004,3.382208376194465,-8.522605797659999,-0.6484473057415,7.874158491918499,2.670387417008853,0,1,0.5417000000000001,3,3,ok,False,11.312482564280614,1.2728016727997231,1.2728016727997231,8.817837126130822,13.807128002430407,18.18,0.5,1.0,3.552466098265198e-09,7.402653775586832e-10,12.585284237080337,1.1983664344418532,2.4824485263151033,0.4827356626889196,True,0.7921268625310456,5.863840909659196e-10
109803-50-1,O=C(O)C1=CC(Cl)=C(O)C=C1C(=O)O,186.86968861219916,172.231932,0.53473,-0.65685,162.30400000000003,1.2716092992739554,-8.431175543892,-0.6484473057415,7.7827282381505,2.6481571940117568,0,2,1.442,3,3,ok,False,11.314099966831579,1.2728016727997231,1.2728016727997231,8.819454528681788,13.80874540498137,18.18,0.5,1.0,3.579434724655221e-09,7.460329281166046e-10,12.586901639631302,1.2329904583699238,2.4824485263151033,0.4966831921385899,True,0.7813796080766827,5.829349169840525e-10
2541881-22-3,O=C(O)C1=CC=C(C#CC2=CC=C(O)C=C2)C=C1C(=O)O,186.46530963934475,326.46371600000003,0.53319,-0.66205,241.06400000000005,3.454952192143909,-7.3408153449385,-1.1202927225085,6.22052262243,2.8771838828652343,0,1,2.1884,3,3,ok,False,11.310956110531162,1.2728016727997231,1.2728016727997231,8.81631067238137,13.805601548680954,18.18,0.5,1.0,3.5271952639559838e-09,7.348620120608148e-10,12.583757783330885,1.202316767093838,2.4824485263151033,0.48432696764856303,True,0.7909088026593042,5.812088340788261e-10
1391133-39-3,O=C(O)C1=CC=C(C=C1C(=O)O)C(N)CC,188.39836680518937,214.55528666666663,0.53164,-0.6672,201.50400000000005,0.49211882711394,-8.320969434439501,-0.635657954768,7.685311479671501,2.6095615773445178,0,1,1.4928,3,3,ok,False,11.310389692905165,1.2728016727997231,1.2728016727997231,8.815744254755373,13.805035131054957,18.18,0.5,1.0,3.517862617623906e-09,7.328667907155705e-10,12.583191365704888,1.2123721570282289,2.4824485263151033,0.48837756117660563,True,0.7877987286371926,5.77351525986146e-10
17851-32-0,O=C(O)C=1C=C(C(=O)O)C(=CC1C(=O)O)C(=O)C2=CC(C(=O)O)=C(C=C2C(=O)O)C(=O)O,190.02868211837935,375.272828,0.53563,-0.65086,341.7680000000001,7.268179151616999,-9.2864293760135,-1.833503124669,7.452926251344501,4.147796940746198,0,2,1.1068000000000002,6,7,ok,False,11.522844800027926,1.2728016727997231,1.2728016727997231,9.028199361878134,14.017490238177718,18.18,0.5,1.0,9.375302294706997e-09,2.0052441680631245e-09,12.795646472827649,2.9069622949993503,2.4824485263151033,1.1710060708950074,False,0.2537882000029303,5.089073079791138e-10
1390722-01-6,O=C(O)C1=CC=C(C=C1C(=O)O)C(N)CC(=O)O,191.0482953067603,217.72923133333333,0.53168,-0.66609,213.1920000000001,5.267635873900169,-8.70220093899,-0.6925297495225,8.0096711894675,2.7548248430515887,0,1,0.5575000000000001,4,4,ok,False,11.280406888437808,1.2728016727997231,1.2728016727997231,8.785761450288017,13.775052326587598,18.18,0.5,1.0,3.056692796804742e-09,6.344624156463689e-10,12.55320856123753,1.1833951163484726,2.4824485263151033,0.4767047952068036,True,0.7967235992589231,5.054911793882859e-10
2574407-01-3,O=C(O)C1=CC=C(C#CCC(O)CC)C=C1C(=O)O,186.4009610782744,263.16513933333334,0.53294,-0.66209,236.95200000000008,4.179546121291162,-8.184640395339,-0.945323516637,7.239316878702001,2.8785948464010938,0,1,1.5955,3,3,ok,False,11.277837843315188,1.2728016727997231,1.2728016727997231,8.783192405165398,13.772483281464979,18.18,0.5,1.0,3.0200339655413415e-09,6.266568151301055e-10,12.550639516114911,1.2019400285824886,2.4824485263151033,0.4841752067933607,True,0.7910250595467473,4.957012445036667e-10
3002680-36-3,O=C(O)C=1C=C2C(=CC1C(=O)O)C(NCC3C4CCCCC34)CC2,189.1463710254557,334.2830823333333,0.53128,-0.66805,306.6160000000001,2.468873234898868,-7.9525272808625,-0.5711669721995001,7.381360308663,2.46070374164007,0,2,3.0961000000000016,3,3,ok,False,11.276569859519565,1.2728016727997231,1.2728016727997231,8.781924421369773,13.771215297669357,18.18,0.5,1.0,3.0020985314529647e-09,6.228388429001375e-10,12.549371532319288,1.2591091490379978,2.4824485263151033,0.5072045344307679,True,0.7731699168429642,4.815602563716673e-10
125592-09-8,O=C(O)C=1C=CC=2C=CC(=O)C2C1C(=O)O,175.58670463827363,207.871868,0.53709,-0.65135,175.79200000000003,5.493890652351937,-8.417025623666,-1.9475188280285,6.4695067956375,4.151158082235455,1,1,1.2925,2,3,ok,False,11.341194195419503,1.2728016727997231,1.2728016727997231,8.846548757269712,13.835839633569293,18.18,0.5,1.0,4.061943283817453e-09,8.494176229436251e-10,12.613995868219225,1.8820076255823526,2.4824485263151033,0.7581255384078263,True,0.5628431243762458,4.780888687978339e-10
2961389-69-3,O=C(O)C1=CC=2OC3(CCNCC3)CCC2C=C1C(=O)O,189.5973047684504,280.44981,0.53105,-0.66696,254.85600000000005,5.34939830728653,-7.8344298697455,-0.460960862747,7.3734690069985,2.333145610953555,0,2,1.5302,3,4,ok,False,11.272760383291185,1.2728016727997231,1.2728016727997231,8.778114945141393,13.767405821440978,18.18,0.5,1.0,2.9488351013153404e-09,6.115041672365703e-10,12.545562056090908,1.2648766518467067,2.4824485263151033,0.5095278465750362,True,0.7713457005755743,4.716811102819755e-10
1779992-55-0,O=C(O)C1=CC=2C=NN(C2C=C1C(=O)O)C,185.6814509059499,209.567225,0.53128,-0.66781,181.04000000000005,2.5299353292129823,-7.8872199567425,-0.5442277010000001,7.3429922557425,2.4203113366236004,0,2,0.9697,2,4,ok,False,11.230526176484616,1.2728016727997231,1.2728016727997231,8.735880738334824,13.725171614634409,18.18,0.5,1.0,2.416595700274946e-09,4.985643356573592e-10,12.50332784928434,0.6002587785625157,2.4824485263151033,0.24180109766607238,True,0.9432086387389963,4.702501883591898e-10
1812209-09-8,O=C(O)C1=CC=C(C=C1C(=O)O)CN(CC(=O)O)CC2=CC=C(C=C2)C,188.5579132418715,351.23613933333337,0.53168,-0.66674,317.9440000000001,3.5757950682330777,-7.7810955550475,-0.7061354420475,7.074960113,2.5453532192249333,0,1,2.4782200000000003,3,4,ok,False,11.266880983327447,1.2728016727997231,1.2728016727997231,8.772235545177654,13.761526421477239,18.18,0.5,1.0,2.8684299546823036e-09,5.94404212682004e-10,12.53968265612717,1.218559254015652,2.4824485263151033,0.4908698976427346,True,0.7858783603042595,4.671294080204776e-10
210173-64-1,O=C(O)C1=CC=C(OC)C(F)=C1C(=O)O,182.40389135491623,173.39366533333336,0.53559,-0.64743,169.06400000000005,4.204386313125853,-8.263553411984,-0.591031283286,7.672522128698,2.554690257342228,1,1,1.2307,2,3,ok,False,11.241774241351036,1.2728016727997231,1.2728016727997231,8.747128803201246,13.736419679500827,18.18,0.5,1.0,2.548428677170168e-09,5.264814074173869e-10,12.51457591415076,1.2041405698603769,2.4824485263151033,0.48506164663473567,True,0.7903457262909306,4.16102330323966e-10
2474245-38-8,O=C(O)C1=CC=C(C#CCCC(O)C)C=C1C(=O)O,186.4317337070844,263.107965,0.53274,-0.66265,237.1440000000001,3.015106507239836,-8.168313564309,-0.938792784225,7.229520780084001,2.8680803529879557,0,1,1.5955,3,3,ok,False,11.229422759197318,1.2728016727997231,1.2728016727997231,8.734777321047527,13.724068197347108,18.18,0.5,1.0,2.404026417132099e-09,4.959047626320391e-10,12.50222443199704,1.1932669183074467,2.4824485263151033,0.48068143434124216,True,0.7936960962477037,3.935976742116935e-10
2251-54-9,O=C(O)C=1C(F)=CC(F)=C(F)C1C(=O)O,178.933550138803,142.96994456666667,0.53684,-0.63726,154.63200000000003,1.4186176546201588,-8.971865764835501,-0.8884517218825,8.083414042953,3.0069553663293065,2,1,1.5003000000000002,2,2,ok,False,11.236569525183418,1.2728016727997231,1.2728016727997231,8.741924087033627,13.731214963333208,18.18,0.5,1.0,2.486579338334082e-09,5.133791548797571e-10,12.50937119798314,1.2943686332434423,2.4824485263151033,0.5214080451306586,True,0.7619560900768029,3.911723735791131e-10
125592-10-1,O=C(O)C1=CC=C2C(C(=O)C(Br)C2)=C1C(=O)O,178.49761208514823,227.92435866666665,0.53724,-0.64993,201.5840000000001,7.067271859777294,-9.041799024414,-1.294717700679,7.747081323735001,3.447865510356364,1,1,1.5853000000000002,2,3,ok,False,11.227716894947669,1.2728016727997231,1.2728016727997231,8.733071456797877,13.722362333097461,18.18,0.5,1.0,2.3847196207764897e-09,4.918203088332196e-10,12.500518567747392,1.3362054857513836,2.4824485263151033,0.538261104545366,True,0.7484693558816714,3.6811242976192455e-10
2550644-45-4,O=C(O)C1=CC=C(C#CCCO)C=C1C(=O)O,186.16223741464896,229.5954323333333,0.53315,-0.66208,203.5600000000001,2.496751972062904,-8.2208315374555,-0.9613782338165,7.259453303638999,2.9035580489710844,0,1,0.8169,3,3,ok,False,11.214772445136541,1.2728016727997231,1.2728016727997231,8.72012700698675,13.709417883286331,18.18,0.5,1.0,2.243051889128275e-09,4.61877437793424e-10,12.487574117936264,1.2069774644841742,2.4824485263151033,0.48620442747942383,True,0.7894689732485053,3.646379065814248e-10
2167532-99-0,O=C(O)C1=CC=C(OCCN)C=C1C(=O)O,188.33875560956787,204.3746723333333,0.53244,-0.66236,192.86400000000003,4.541751043375231,-8.151170391727499,-0.4963356633119999,7.654834728415499,2.442226502107108,0,1,0.4204999999999999,3,4,ok,False,11.197483906638299,1.2728016727997231,1.2728016727997231,8.702838468488508,13.69212934478809,18.18,0.5,1.0,2.0665544550872723e-09,4.246443193193719e-10,12.470285579438022,1.1938676412506977,2.4824485263151033,0.4809234224174834,True,0.7935114271059134,3.36960119835534e-10
50919-66-9,O=C(O)C1=CC(=CC(OC)=C1C(=O)O)CC,184.34966614931707,207.515049,0.53508,-0.6615,197.44000000000003,4.811064725193375,-8.0053173678595,-0.596473560296,7.408843807563501,2.496705595823296,1,1,1.654,2,3,ok,False,11.153416469034887,1.2728016727997231,1.2728016727997231,8.658771030885095,13.64806190718468,18.18,0.5,1.0,1.6756001249530407e-09,3.4248360077519e-10,12.42621814183461,0.6207581439109454,2.4824485263151033,0.25005881786897965,True,0.9393854328326479,3.2172410555228563e-10
40513-55-1,O=C(O)C1=CC=C(C=C1C(=O)O)C(=O)C2=CC=C(N)C(N)=C2,189.43447192324277,320.48890766666665,0.53298,-0.6604,253.97600000000008,6.993668297109894,-7.018088318245499,-1.188593298984,5.829495019261499,2.888312921789951,0,1,1.4784,4,5,ok,False,11.153701324301345,1.2728016727997231,1.2728016727997231,8.659055886151553,13.648346762451137,18.18,0.5,1.0,1.6778793909610227e-09,3.4296122885412047e-10,12.426502997101068,0.9646863127013118,2.4824485263151033,0.38860274542460416,True,0.8598372999376558,2.948908570012274e-10
2607327-61-5,O=C(O)C1=CC=C(C#CCC(O)CN)C=C1C(=O)O,189.83485516852244,258.2108063333333,0.53272,-0.66276,232.55200000000005,4.186219825809438,-8.1321224221925,-0.943690833534,7.1884315886585,2.864685614549778,0,1,0.1442000000000001,4,4,ok,False,11.143375508372886,1.2728016727997231,1.2728016727997231,8.648730070223095,13.638020946522676,18.18,0.5,1.0,1.597155421282301e-09,3.2605585988115004e-10,12.416177181172609,0.9997637358095759,2.4824485263151033,0.40273291680033546,True,0.8502764030704252,2.772376037397788e-10
149967-37-3,O=C(O)C1=CC=2C=CC=C(OC)C2C=C1C(=O)O,185.6106284068815,257.72294266666665,0.53165,-0.66959,207.72800000000004,4.556181047763576,-7.426259093995499,-0.6816451955025,6.744613898492999,2.4366892218377547,0,2,2.2448,2,3,ok,False,11.111315344268634,1.2728016727997231,1.2728016727997231,8.616669906118844,13.605960782418425,18.18,0.5,1.0,1.3698830515428591e-09,2.785847099513355e-10,12.384117017068357,0.6734109357771134,2.4824485263151033,0.2712688414839808,True,0.9290555148045021,2.588206611205009e-10
858932-53-3,O=C(O)C1=CC2=CC=C(C=C2C=C1C(=O)O)N(C)C,187.50800186767452,301.62724,0.53022,-0.67332,227.92800000000005,6.478590548105352,-6.8461123647295,-0.5227307068105,6.323381657919,2.1467883464293744,0,2,2.3022,2,3,ok,False,11.13450799889031,1.2728016727997231,1.2728016727997231,8.639862560740518,13.629153437040102,18.18,0.5,1.0,1.5308603909828958e-09,3.12189027034349e-10,12.407309671690033,1.0812593293074442,2.4824485263151033,0.43556163112571916,True,0.8271957322538284,2.582414308192885e-10
115897-04-6,O=C(O)C1=CC(Cl)=C(Cl)C(=C1C(=O)O)N(=O)=O,172.70189017442837,204.01588266666667,0.54069,-0.63303,193.26400000000004,5.1180438851186105,-9.177311721963,-1.912960369015,7.264351352948001,4.232798259476133,1,2,2.298000000000001,2,4,ok,False,11.286600137221896,1.2728016727997231,1.2728016727997231,8.791954699072104,13.781245575371688,18.18,0.5,1.0,3.1468554618868363e-09,6.536711587282086e-10,12.559401810021619,2.4036149697595386,2.4824485263151033,0.9682436289333324,True,0.3916073008061841,2.559823980844045e-10
331675-79-7,O=C(O)C1=CC=C(OC2=CC=C(C=C2)NC(=O)C=3C=CC(=CC3)C=4C=CC=CC4)C=C1C(=O)O,188.0488283924587,505.67851,0.53315,-0.66086,393.1200000000001,7.154879077943945,-7.6983729444955,-0.607902342017,7.0904706024785,2.4326385723682127,0,1,5.794600000000004,3,4,ok,False,11.124413615892243,1.2728016727997231,1.2728016727997231,8.629768177742452,13.619059054042033,18.18,0.5,1.0,1.4586517240734653e-09,2.9710324453888074e-10,12.397215288691966,1.1870348307058036,2.4824485263151033,0.4781709743918897,True,0.7956089515459962,2.3637800088849263e-10
441772-77-6,O=C(O)C=1C=C(C(=CC1C(=O)O)C(C)(C)C)C(C)(C)C,184.8735036597111,292.518685,0.5318,-0.67172,269.6720000000001,2.7506014924012527,-8.4847819724405,-0.6310320193094999,7.853749953130999,2.645171581349395,0,2,3.6780000000000026,2,2,ok,False,11.093491932271707,1.2728016727997231,1.2728016727997231,8.598846494121915,13.5881373704215,18.18,0.5,1.0,1.2574955457276095e-09,2.551841990933741e-10,12.36629360507143,0.8204051169597715,2.4824485263151033,0.3304822268268999,True,0.8965345012905892,2.2878143867141658e-10
2620457-58-9,O=C(O)C1=CC=C(C#CCNC)C=C1C(=O)O,186.0852098699724,236.159527,0.53311,-0.66174,207.34400000000005,2.6805289962990515,-8.074162172035999,-0.9630109169195,7.111151255116499,2.871212216902968,0,1,0.6539000000000001,3,3,ok,False,11.117479511467991,1.2728016727997231,1.2728016727997231,8.622834073318199,13.612124949617783,18.18,0.5,1.0,1.410982764977754e-09,2.871549631314212e-10,12.390281184267714,1.2088150705105822,2.4824485263151033,0.48694466680641435,True,0.788900473616165,2.2653668641561058e-10
167490-20-2,O=C(O)C=1C=C2C(=CC1C(=O)O)CCCC2,185.56039216844192,215.67358033333332,0.53034,-0.67309,194.65600000000003,2.9095221652360714,-8.405596841945,-0.530622008475,7.87497483347,2.5351194458171453,0,2,1.9618,2,2,ok,False,11.08788999354976,1.2728016727997231,1.2728016727997231,8.59324455539997,13.58253543169955,18.18,0.5,1.0,1.2240649600148472e-09,2.4823383370697805e-10,12.360691666349483,0.8612270506644804,2.4824485263151033,0.34692644843793335,True,0.8866030109389872,2.200848643815346e-10
2733732-98-2,O=C(O)C1=CC=C(SC2=CC=C(C=C2)CC)C=C1C(=O)O,183.93704328334957,320.053338,0.53261,-0.662,262.0880000000001,3.7741624514586016,-7.755788966951,-0.7338910547985,7.0218979121525,2.5660678841170568,0,1,3.7966000000000015,2,3,ok,False,11.073770665691306,1.2728016727997231,1.2728016727997231,8.579125227541514,13.568416103841098,18.18,0.5,1.0,1.1435994336626929e-09,2.3152518879402464e-10,12.346572338491029,0.6691087572118827,2.4824485263151033,0.2695358031069004,True,0.9299266665123115,2.153014470288609e-10
343779-22-6,O=C(O)C1=CC=2OC=CC2C=C1C(=O)O,185.10311888379331,189.52746166666668,0.53168,-0.67031,165.15200000000004,2.604303795642897,-8.118788843518,-0.6206916929905,7.498097150527501,2.546596773644016,0,2,1.8292,2,3,ok,False,11.06707928747575,1.2728016727997231,1.2728016727997231,8.572433849325957,13.561724725625542,18.18,0.5,1.0,1.107288319681323e-09,2.2399505454119026e-10,12.339880960275472,0.7083601799984061,2.4824485263151033,0.2853473788034114,True,0.9218035693139922,2.0647944078475155e-10
2639425-20-8,O=C(O)C1=CC=C(C=C1C(=O)O)CC(NC(=O)OCC2C=3C=CC=CC3C=4C=CC=CC42)C,188.75255372214227,472.733164,0.53243,-0.66568,395.4000000000001,4.684549793736854,-7.4828587748995,-0.6359300686185,6.846928706281,2.4067262532310933,0,1,4.552700000000003,3,4,ok,False,11.098706808402179,1.2728016727997231,1.2728016727997231,8.604061370252388,13.59335224655197,18.18,0.5,1.0,1.289414427533505e-09,2.61824770479894e-10,12.371508481201902,1.2117920415326626,2.4824485263151033,0.48814387435916845,True,0.7879785249679344,2.0631229644281485e-10
378216-04-7,O=C(O)C1=CC=C(OC2=CC=C(C=C2)NC(=O)CC3=CC=C(OC)C=C3)C=C1C(=O)O,188.3075902140467,428.12945800000006,0.53329,-0.66048,364.2240000000001,8.80838393236807,-7.617010903196,-0.5428671317475,7.0741437714485,2.353062494074804,0,1,4.065100000000002,3,5,ok,False,11.089520382442993,1.2728016727997231,1.2728016727997231,8.594874944293203,13.584165820592784,18.18,0.5,1.0,1.2337042511622526e-09,2.502373835134948e-10,12.362322055242716,1.1887404953974865,2.4824485263151033,0.4788580640429347,True,0.7950859591157576,1.989602300774447e-10
778601-70-0,O=C(O)C1=CC=C(C=C1C(=O)O)NC(=O)OCC=2C=CC=CC2,187.34194666763497,306.922556,0.533,-0.66229,266.9920000000001,5.280222515197631,-8.1163398188635,-0.6840942201569999,7.4322455987064995,2.6051224440372898,0,1,2.831700000000001,3,4,ok,False,11.081474665646278,1.2728016727997231,1.2728016727997231,8.586829227496487,13.576120103796068,18.18,0.5,1.0,1.1868430480296233e-09,2.4050104951038773e-10,12.354276338446,1.2013996016106272,2.4824485263151033,0.4839575076281483,True,0.791191794890275,1.9028245703511858e-10
77764-02-4,O=C(O)C=1C=CC=C(OCCCC)C1C(=O)O,183.7082579571242,221.1519933333333,0.53563,-0.66012,214.0720000000001,5.179450985384454,-8.024637451245,-0.6500799888445,7.3745574624005,2.5510250292665693,1,0,2.2619,2,3,ok,False,11.045513976939274,1.2728016727997231,1.2728016727997231,8.550868538789484,13.540159415089065,18.18,0.5,1.0,9.977426101180442e-10,2.0131720690755846e-10,12.318315649738997,0.7040368342930179,2.4824485263151033,0.28360581370767673,True,0.9227174085871865,1.857588914617528e-10
330971-87-4,O=C(O)C1=CC=C(OC2=CC=C(C=C2)NC(=O)C)C=C1C(=O)O,188.0858683295561,308.170491,0.53323,-0.66062,266.6960000000001,5.929606945658371,-7.809123281649001,-0.540418107093,7.268705174556,2.397773734390532,0,1,2.8337000000000003,3,4,ok,False,11.074018579443523,1.2728016727997231,1.2728016727997231,8.579373141293733,13.568664017593314,18.18,0.5,1.0,1.1449667959954758e-09,2.31808872281805e-10,12.346820252243246,1.1854346916564211,2.4824485263151033,0.47752639343384756,True,0.796099217005518,1.845428617184771e-10
2083629-97-2,O=C(O)C1=CC=C(C=C1C(=O)O)CN(CC=2C=CC=C(C2)C)CCC(=O)O,188.38311557275065,368.1123023333334,0.53167,-0.66668,334.9440000000001,2.7086484489501403,-7.744904412931,-0.6713048691835001,7.073599543747499,2.5034135111225173,0,1,2.8683200000000006,3,4,ok,False,11.075087445768494,1.2728016727997231,1.2728016727997231,8.580442007618704,13.569732883918284,18.18,0.5,1.0,1.1508803590378452e-09,2.330358464942648e-10,12.347889118568217,1.2101905335829146,2.4824485263151033,0.48749874196960574,True,0.7884746494678927,1.837428573780191e-10
1421750-77-7,O=C(O)C=1C=CC2=CC=CN=C2C1C(=O)O,180.49869949091388,219.082126,0.53711,-0.65984,177.63200000000003,5.27681609306218,-8.3356635823665,-1.250635256898,7.0850283254685,3.24265201260177,1,1,1.6312,2,3,ok,False,11.089948880363936,1.2728016727997231,1.2728016727997231,8.595303442214146,13.584594318513727,18.18,0.5,1.0,1.2362498882962024e-09,2.507665684377261e-10,12.362750553163659,1.401860352460395,2.4824485263151033,0.5647087291438379,True,0.7269511855353461,1.8229505421843548e-10
332368-63-5,O=C(O)C1=CC=C(OC=2C=CC=CC2NC(=O)C=3C=CC=CC3)C=C1C(=O)O,187.25624225777176,388.1655293333333,0.5336,-0.66017,321.4560000000001,6.730914183080928,-8.2806965845655,-0.5839563231730001,7.696740261392501,2.5524465067650444,0,1,4.127600000000003,3,4,ok,False,11.051763280733883,1.2728016727997231,1.2728016727997231,8.557117842584091,13.546408718883676,18.18,0.5,1.0,1.0283514197027516e-09,2.0764757621408013e-10,12.324564953533606,1.2130211433625682,2.4824485263151033,0.48863899110252745,True,0.7875975337065038,1.635427189063428e-10
62268-17-1,O=C(O)C1=CC(Cl)=C(SC)C(Cl)=C1C(=O)O,178.7934184851617,225.89385666666664,0.5403,-0.64374,204.42400000000004,4.297094839539849,-8.1713068166645,-1.184239477376,6.987067339288501,3.131723304274316,1,2,3.1117000000000017,2,3,ok,False,11.025974420650957,1.2728016727997231,1.2728016727997231,8.531328982501165,13.52061985880075,18.18,0.5,1.0,9.07655638015352e-10,1.8271541130786766e-10,12.29877609345068,1.0392878822367393,2.4824485263151033,0.41865435324028144,True,0.8392291664102268,1.533401023222035e-10
1388735-09-8,O=C(O)C1=CC=C(C=C1C(=O)O)C2NCC2,187.6764417056577,208.09589866666667,0.53207,-0.66581,192.73600000000005,2.603255980498268,-8.113618680358499,-0.690624952569,7.422993727789499,2.610628164003164,0,1,1.1174,3,3,ok,False,11.028826294360549,1.2728016727997231,1.2728016727997231,8.534180856210757,13.523471732510341,18.18,0.5,1.0,9.202920319229062e-10,1.8532190880254146e-10,12.301627967160272,1.1742726523439397,2.4824485263151033,0.47303001044980636,True,0.7995090791111771,1.4816654864584547e-10
1344476-10-3,O=C(O)C=1C=C2C(=CC1C(=O)O)C(N)CC2,188.1198051599052,209.75825,0.5315,-0.66892,191.11200000000005,3.024179943389613,-8.495122298759501,-0.579058273864,7.916064024895501,2.600432260452338,0,2,1.029,3,3,ok,False,11.022776428294986,1.2728016727997231,1.2728016727997231,8.528130990145193,13.517421866444778,18.18,0.5,1.0,8.936866729392132e-10,1.7983512809682087e-10,12.295578101094709,1.199859753543102,2.4824485263151033,0.48333721357121134,True,0.7916666580839886,1.423694748665162e-10
77764-00-2,O=C(O)C=1C=CC=C(OCC)C1C(=O)O,183.5207806992117,188.305079,0.53575,-0.66004,180.37600000000003,5.1404590563489565,-8.0515767224445,-0.655250152004,7.3963265704404995,2.5623812543847597,1,0,1.4817,2,3,ok,False,10.980511292465708,1.2728016727997231,1.2728016727997231,8.485865854315918,13.475156730615499,18.18,0.5,1.0,7.276326258937727e-10,1.4568956536718482e-10,12.253312965265431,0.7251463072058372,2.4824485263151033,0.2921093023758401,True,0.9182112045255378,1.3377379130260486e-10
2587035-40-1,O=C(O)C1=CC=C(C#CCCCN)C=C1C(=O)O,186.03469003189824,253.38941366666663,0.53275,-0.66267,223.87200000000004,0.4645631711618991,-8.137292585352,-0.94151392273,7.195778662622001,2.8636486569320807,0,1,1.1734,3,3,ok,False,11.00812976080243,1.2728016727997231,1.2728016727997231,8.513484322652637,13.502775198952222,18.18,0.5,1.0,8.323409869352344e-10,1.6720003959334496e-10,12.280931433602152,1.1953533979202964,2.4824485263151033,0.48152192693987295,True,0.7930544740110786,1.325987394543317e-10
1388089-72-2,O=C(O)C1=CC=C(C=C1C(=O)O)C2NCC2,187.9626973541886,208.285398,0.53148,-0.66693,193.0720000000001,3.5438631280002904,-8.214572918894,-0.6136167328775001,7.600956186016499,2.563392375258858,0,1,1.1174,3,3,ok,False,10.98529374261989,1.2728016727997231,1.2728016727997231,8.490648304470099,13.47993918076968,18.18,0.5,1.0,7.447957531619462e-10,1.4921031760753716e-10,12.258095415419612,1.1867978133565724,2.4824485263151033,0.4780754971456473,True,0.7956815937841639,1.1872390332300647e-10
2552003-47-9,O=C(O)C1=CC=C(C#CCC(O)(C)C)C=C1C(=O)O,185.8200086686199,263.97510600000004,0.53269,-0.66229,236.95200000000008,2.4849242141361176,-8.202599909472,-0.947500427441,7.255099482030999,2.885016821028397,0,1,1.5955,3,3,ok,False,10.974276440965788,1.2728016727997231,1.2728016727997231,8.479631002815996,13.46892187911558,18.18,0.5,1.0,7.05835076015887e-10,1.412211719699663e-10,12.247078113765511,1.2066596064501929,2.4824485263151033,0.48607638533449643,True,0.7895672626648634,1.1150361418265022e-10
945681-55-0,O=C(O)C=1C=C2C(=CC1C(=O)O)C3C=4C=CC=CC4C2C5=CC(C(=O)O)=C(C=C53)C(=O)O,190.0590800128043,433.699933,0.53216,-0.66286,348.8400000000001,4.88565374233582,-7.9432754099455005,-0.8696758661980001,7.0735995437475,2.744999547802073,0,2,3.466600000000001,4,4,ok,False,10.957858761246683,1.2728016727997231,1.2728016727997231,8.463213323096891,13.452504199396476,18.18,0.5,1.0,6.514373725048247e-10,1.300853572165934e-10,12.230660434046406,1.0149834009223961,2.4824485263151033,0.4088638254381117,True,0.8460560845728751,1.1005950798693482e-10
1391300-19-8,O=C(O)C1=CC=C(C=C1C(=O)O)CC(N)C,187.82351470897905,215.43821233333333,0.53198,-0.66656,201.42400000000004,2.697908163744645,-8.221647879007001,-0.6223243760935,7.599323502913501,2.573118686781801,0,1,0.9727,3,3,ok,False,10.961628414316184,1.2728016727997231,1.2728016727997231,8.466982976166392,13.456273852465976,18.18,0.5,1.0,6.635540965566374e-10,1.3256381965276267e-10,12.234430087115907,1.1796763722406014,2.4824485263151033,0.4752067806182025,True,0.7978605195462188,1.0576743802118448e-10
2549261-62-1,O=C(O)C1=CC=C(C#CCCN)C=C1C(=O)O,185.8809087962541,236.797004,0.53268,-0.66247,207.27200000000005,1.9429781702324915,-8.140013723857,-0.9461398581885,7.1938738656685,2.869044844896181,0,1,0.7833000000000001,3,3,ok,False,10.954348181649866,1.2728016727997231,1.2728016727997231,8.459702743500074,13.448993619799658,18.18,0.5,1.0,6.403475037234428e-10,1.2781795470360813e-10,12.22714985444959,1.2009990475246997,2.4824485263151033,0.4837961531905109,True,0.7913153502017597,1.0114430958835832e-10
1822789-72-9,O=C(O)C=1C=C2C(=CC1C(=O)O)C(N)CC2,188.35031379704503,211.16430266666663,0.53132,-0.66975,191.16800000000003,1.2199381869586672,-8.256478451871,-0.5744323384055,7.682046113465501,2.537897593751933,0,2,1.029,3,3,ok,False,10.931955723599938,1.2728016727997231,1.2728016727997231,8.437310285450145,13.42660116174973,18.18,0.5,1.0,5.738193214682968e-10,1.1423713828834896e-10,12.20475739639966,1.2278314677255908,2.4824485263151033,0.4946050057876363,True,0.7829909730338525,8.944664806499711e-11
113845-03-7,O=C(O)C=1C=CC(=CC1C(=O)O)C=2C=CC(=CC2)C3=CC=C(C(=O)O)C(=C3)C(=O)O,188.9629761728402,431.5867796666666,0.5322,-0.66518,336.92800000000005,4.305880757754446,-7.737829452818,-1.164103052439,6.573726400379001,3.013678905300289,0,1,3.8134000000000015,4,4,ok,False,10.887243163636242,1.2728016727997231,1.2728016727997231,8.39259772548645,13.381888601786034,18.18,0.5,1.0,4.6052712494491543e-10,9.120345800337042e-11,12.160044836435965,1.0822031977014501,2.4824485263151033,0.4359418478287044,True,0.8269216779354347,7.541811652566102e-11
104825-39-0,O=C(O)C1=CC=C(C(=C1C(=O)O)N(=O)=O)CS(=O)(=O)C=2C=CC=CC2,173.54753054025412,325.865962,0.53822,-0.64005,285.4080000000001,8.383201069400638,-8.991730075922,-1.850918411101,7.140811664820999,4.11588457066838,1,1,1.9651,2,6,ok,False,10.958593194369843,1.2728016727997231,1.2728016727997231,8.463947756220051,13.453238632519636,18.18,0.5,1.0,6.537810044624264e-10,1.3056465451899175e-10,12.231394867169566,1.9680844426875375,2.4824485263151033,0.7927996982918,True,0.5333745604257908,6.963986521121246e-11
28889-41-0,O=C(O)C1=C(F)C(F)=C(OC)C(F)=C1C(=O)O,179.731522203902,170.770766,0.53699,-0.64083,179.75200000000004,2.030243044563877,-8.5125375851915,-0.7741639046725,7.738373680519,2.786206382710446,2,2,1.5089,2,3,ok,False,10.86363083703632,1.2728016727997231,1.2728016727997231,8.36898539888653,13.35827627518611,18.18,0.5,1.0,4.09827126038067e-10,8.093925932565749e-11,12.136432509836043,1.0962109954289443,2.4824485263151033,0.441584582241525,True,0.8228371732404309,6.659983134769819e-11
201730-10-1,O=C(O)C1=CC=C(C=C1C(=O)O)C(N)C(=O)O,189.4308525292656,202.51384466666664,0.53274,-0.66311,195.97600000000008,3.447903074333732,-8.650771421245501,-0.789674394151,7.861097027094502,2.834274175928128,0,1,0.1674000000000002,4,4,ok,False,10.831316727636063,1.2728016727997231,1.2728016727997231,8.336671289486272,13.325962165785853,18.18,0.5,1.0,3.491740511964704e-10,6.870154226053594e-11,12.104118400435786,0.9906066240867435,2.4824485263151033,0.3990441749691302,True,0.8527948593317752,5.858832206794976e-11
671215-10-4,O=C(O)C=1C(F)=C2C(F)=CC(=C(F)C2=C(F)C1C(=O)O)S(=O)(=O)S,178.06420675812862,293.39629933333333,0.53825,-0.63411,255.5360000000001,6.571038801437714,-8.264097639685001,-1.660982943452,6.603114696233002,3.72957419011517,2,2,2.4111,3,4,ok,False,10.92599437498138,1.2728016727997231,1.2728016727997231,8.43134893683159,13.42063981313117,18.18,0.5,1.0,5.572757093070828e-10,1.1086594679522975e-10,12.198796047781103,2.0207324021638655,2.4824485263151033,0.8140077752844286,True,0.5155048030913598,5.715192807221209e-11
114026-06-1,O=C(O)C1=CC=C(OC=2C=CC=CC2N)C=C1C(=O)O,188.21166165951345,271.59708033333334,0.53302,-0.6609,230.66400000000004,2.871810615273925,-7.341087458789,-0.539873879392,6.801213579397,2.2830319504320853,0,1,2.4575,3,4,ok,False,10.836567802365346,1.2728016727997231,1.2728016727997231,8.341922364215556,13.331213240515137,18.18,0.5,1.0,3.5839664628220865e-10,7.055919293037596e-11,12.10936947516507,1.1891780161524559,2.4824485263151033,0.4790343096932801,True,0.79495174056409,5.60911532327998e-11
1133-27-3,O=CC1=CC=CC(C(=O)O)=C1C(=O)O,177.69157722813137,170.92329266666664,0.5369,-0.64722,158.32000000000005,3.37975892779352,-9.188196275983,-1.198933625303,7.9892626506800015,3.3761710029963323,1,0,0.8955,2,3,ok,False,10.812432157991283,1.2728016727997231,1.2728016727997231,8.317786719841493,13.307077596141074,18.18,0.5,1.0,3.178811416235999e-10,6.240752751067517e-11,12.085233830791006,1.2402335822239396,2.4824485263151033,0.4996009258910667,True,0.7791115202427356,4.8622423633432475e-11
100303-99-9,O=C(O)C1=CC=C(OC2=C(F)C(F)=C(OC3=CC=C(C(=O)O)C(=C3)C(=O)O)C(F)=C2F)C=C1C(=O)O,188.7875082446165,404.4698743333333,0.53413,-0.65855,375.28800000000007,4.636124813893603,-8.571042063049,-0.7964772404135,7.774564822635499,2.8217147809115586,0,1,4.620400000000002,4,6,ok,False,10.775552648539032,1.2728016727997231,1.2728016727997231,8.280907210389241,13.270198086688822,18.18,0.5,1.0,2.644611880137004e-10,5.1698734407680766e-11,12.048354321338755,0.9700381089748064,2.4824485263151033,0.39075859929902007,True,0.8583938236106211,4.4377874304039075e-11
1391038-53-1,O=C(O)C1=CC=C(C=C1C(=O)O)C(N)C,187.1164135198718,197.09004666666667,0.53144,-0.66747,184.89600000000004,2.78646961045693,-8.451311968829001,-0.6751144630904999,7.776197505738501,2.6777759745612566,0,1,1.1027,3,3,ok,False,10.78627157198646,1.2728016727997231,1.2728016727997231,8.291626133836669,13.28091701013625,18.18,0.5,1.0,2.790115642386283e-10,5.461077657073153e-11,12.059073244786182,1.1512380476232686,2.4824485263151033,0.46375102461123063,True,0.8064890063418834,4.4042990932087876e-11
2091808-05-6,O=C(O)C1=CC(OC)=CC(F)=C1C(=O)O,181.95430797486185,172.34940766666668,0.53456,-0.65626,169.48000000000005,4.4036364121030696,-8.300560895652,-0.7390612179580001,7.561499677694,2.701672004229561,1,1,1.2307,2,3,ok,False,10.761621969048965,1.2728016727997231,1.2728016727997231,8.266976530899175,13.256267407198756,18.18,0.5,1.0,2.466534123371455e-10,4.8140053842947347e-11,12.034423641848688,0.995952969919656,2.4824485263151033,0.40119783325297326,True,0.851326377671199,4.098289765901285e-11
39519-77-2,O=C(O)C1=CC=C(C=C1C(=O)O)N(C)C,186.1634745131228,214.2883003333333,0.53056,-0.66616,183.94400000000005,6.753950113822281,-7.112783938219501,-0.3703469505305,6.7424369876890005,2.076298525311012,0,1,1.1489999999999998,2,3,ok,False,10.745174501479188,1.2728016727997231,1.2728016727997231,8.250529063329395,13.23981993962898,18.18,0.5,1.0,2.271314344385855e-10,4.4245926455664864e-11,12.01797617427891,0.7279417187096945,2.4824485263151033,0.29323537265452854,True,0.917606174910083,4.060033533033548e-11
1344588-48-2,O=C(O)C1=CC=C(C=C1C(=O)O)C(N)CC,186.9153880428293,213.005387,0.5318,-0.66629,201.67200000000005,3.4122681283861622,-8.476346443075,-0.671032755333,7.805313687742,2.680050717592415,0,1,1.4928,3,3,ok,False,10.767354861508112,1.2728016727997231,1.2728016727997231,8.272709423358322,13.262000299657903,18.18,0.5,1.0,2.5383545358223326e-10,4.957458215623321e-11,12.040156534307835,1.1577312989384494,2.4824485263151033,0.46636668864065534,True,0.8045293038637643,3.9884204071491294e-11
2639451-53-7,O=C(O)C1=CC=C(C=C1C(=O)O)NC(=O)OC(C)(C)C,186.89853448139797,260.5389553333334,0.53245,-0.66202,245.3040000000001,5.717844378784719,-8.054025747099,-0.654161696602,7.399864050497,2.56195681559645,0,1,2.4300000000000006,3,4,ok,False,10.759748249892368,1.2728016727997231,1.2728016727997231,8.265102811742576,13.25439368804216,18.18,0.5,1.0,2.443493524832317e-10,4.768005649498784e-11,12.032549922692091,1.1829098602604846,2.4824485263151033,0.4765093204234016,True,0.7968720660590524,3.79949051289733e-11
146598-55-2,O=C(O)C1=CC=C(C#CC#CC2=CC=C(C(=O)O)C(=C2)C(=O)O)C=C1C(=O)O,185.6722350388762,427.7631263333333,0.53353,-0.66025,310.5040000000001,1.295200061766521,-7.818375152566,-1.5641104126740002,6.254264739892,3.5188403050978416,0,1,1.8826000000000005,4,4,ok,False,10.746929339437497,1.2728016727997231,1.2728016727997231,8.252283901287704,13.241574777587289,18.18,0.5,1.0,2.2914020857610683e-10,4.464626533031726e-11,12.01973101223722,1.0427831187572383,2.4824485263151033,0.42006233269421484,True,0.8382387090893669,3.7424227816146504e-11
129321-45-5,O=C(O)C1=C(F)C(F)=C(C(F)=C1C(=O)O)C,178.99208572891308,161.732122,0.53654,-0.64168,170.93600000000004,1.8566674958107063,-8.8793470556655,-0.8201511454070001,8.0591959102585,2.9184135241350337,2,2,1.8087200000000003,2,2,ok,False,10.743667165473294,1.2728016727997231,1.2728016727997231,8.249021727323502,13.238312603623086,18.18,0.5,1.0,2.2541970837183652e-10,4.3904854727190085e-11,12.016468838273017,1.0122000460761145,2.4824485263151033,0.4077426119197742,True,0.8468310799478062,3.7179995543577925e-11
15908-31-3,O=C(O)C1=CC=2OC(=C(C2C=C1C(=O)O)C)C,185.48622100125525,228.7586253333333,0.53116,-0.67274,198.14400000000003,3.981074294709909,-7.679052861110001,-0.5692621752460001,7.1097906858640005,2.392289166622236,0,2,2.446040000000001,2,3,ok,False,10.718968624177243,1.2728016727997231,1.2728016727997231,8.224323186027451,13.213614062327036,18.18,0.5,1.0,1.9910153658596035e-10,3.866888962388744e-11,11.991770296976966,0.8759391288317122,2.4824485263151033,0.35285288679557786,True,0.8829337056639592,3.4142066009529555e-11
577-68-4,O=C(O)C1=CC(OC)=C(OC)C=C1C(=O)O,185.3694467898625,201.57412033333333,0.53038,-0.67321,189.78400000000005,0.594500311185789,-7.768578317924501,-0.5776977046114999,7.190880613313,2.421828674063652,0,2,1.1002,2,4,ok,False,10.698374819394868,1.2728016727997231,1.2728016727997231,8.203729381245076,13.19302025754466,18.18,0.5,1.0,1.7947162882737447e-10,3.477417173120738e-11,11.97117649219459,0.8938779768935028,2.4824485263151033,0.3600791587088242,True,0.8783966688415781,3.0545516610417536e-11
1344491-15-1,O=C(O)C1=CC=2OCC(N)C2C=C1C(=O)O,187.45975492180403,199.4946463333333,0.53291,-0.6622,183.38400000000004,4.005518629341274,-8.07633908284,-0.500145257219,7.576193825621001,2.4272109890631017,0,2,0.4751999999999999,3,4,ok,False,10.708735263504938,1.2728016727997231,1.2728016727997231,8.214089825355146,13.20338070165473,18.18,0.5,1.0,1.890985473276162e-10,3.668302312068748e-11,11.98153693630466,1.16403625358675,2.4824485263151033,0.4689065014832843,True,0.8026204778104981,2.944254554465973e-11
2592108-14-8,O=C(O)C1=CC=C(C#CCCCCO)C=C1C(=O)O,185.5494948451569,262.75337533333334,0.5325,-0.66303,237.52800000000005,4.455641240046151,-8.148177139371999,-0.930085141009,7.218091998362999,2.8544539904063084,0,1,1.5971,3,3,ok,False,10.705240070094398,1.2728016727997231,1.2728016727997231,8.210594631944605,13.19988550824419,18.18,0.5,1.0,1.8579578037610144e-10,3.60278755764639e-11,11.97804174289412,1.2009552815790232,2.4824485263151033,0.4837785230381784,True,0.791328848961039,2.8509897310434708e-11
1812208-91-5,O=C(O)C1=CC=C(C=C1C(=O)O)CNCC(=O)O,190.4459398954804,218.18355133333336,0.532,-0.66689,212.9120000000001,4.209427240136121,-8.333214557712001,-0.694978774177,7.638235783535001,2.667771627764636,0,1,0.2571999999999999,4,4,ok,False,10.692614693045183,1.2728016727997231,1.2728016727997231,8.19796925489539,13.187260131194975,18.18,0.5,1.0,1.7432805353929554e-10,3.37552763867185e-11,11.965416365844906,1.1613501221049423,2.4824485263151033,0.4678244522672247,True,0.8034344175237812,2.7120150822117422e-11
1192548-76-7,O=C(O)C1=CC(Br)=CC(Cl)=C1C(=O)O,178.31642088043654,188.0995303333333,0.53962,-0.64305,173.29600000000005,2.1667953802793654,-8.75118143208,-1.007365474551,7.743815957529,3.07436405549934,1,1,2.4989,2,2,ok,False,10.68031000251546,1.2728016727997231,1.2728016727997231,8.18566456436567,13.17495544066525,18.18,0.5,1.0,1.6381787792908913e-10,3.167554014038064e-11,11.953111675315183,1.0373464512692832,2.4824485263151033,0.41787229031052636,True,0.8397783835933135,2.660043389853397e-11
62268-15-9,O=C(O)C1=CC(Cl)=C(Cl)C(Cl)=C1C(=O)O,177.04437196018074,194.738511,0.54032,-0.63887,184.08000000000004,3.559856419857408,-8.9686003986295,-1.1121293069935,7.856471091635999,3.2336754699580017,1,2,3.043200000000001,2,2,ok,False,10.693506609127143,1.2728016727997231,1.2728016727997231,8.198861170977352,13.188152047276933,18.18,0.5,1.0,1.7511497659480964e-10,3.391111305868449e-11,11.966308281926866,1.3175036741916206,2.4824485263151033,0.5307274895029935,True,0.7545213772948692,2.5586659730640647e-11
2620962-27-6,O=C(O)C1=CC=C(C#CC(N)C(C)C)C=C1C(=O)O,185.3363235432384,271.7298243333334,0.53266,-0.66275,240.82400000000007,0.6533715099390239,-8.1043668094415,-0.962738803069,7.1416280063725,2.87792937811452,0,1,1.4178000000000002,3,3,ok,False,10.670519966470273,1.2728016727997231,1.2728016727997231,8.175874528320481,13.165165404620065,18.18,0.5,1.0,1.5589997674274283e-10,3.011082794144316e-11,11.943321639269996,1.2141195954685766,2.4824485263151033,0.4890814784670647,True,0.7872568699052795,2.3704956155436974e-11
176796-64-8,O=C(O)C1=CC=C(C=C1C(=O)O)C(N)C(=O)O,189.34761836663955,202.44308433333333,0.53263,-0.66404,195.99200000000005,2.7760466674751707,-8.636349387169,-0.764639919905,7.871709467264,2.806842666108895,0,1,0.1674000000000002,4,4,ok,False,10.655512123796685,1.2728016727997231,1.2728016727997231,8.160866685646894,13.150157561946475,18.18,0.5,1.0,1.4448242297669634e-10,2.7857842458232135e-11,11.928313796596408,1.0101977460170648,2.4824485263151033,0.4069360292100727,True,0.8473877203481344,2.3606393614498798e-11
2080747-16-4,O=C(O)C1=CC=C(Cl)C(=C1C(=O)O)N(=O)=O,172.54636497420435,188.46528666666669,0.53886,-0.63683,178.19200000000004,5.6889968825795645,-9.2238431903985,-1.853095321905,7.370747868493499,4.161672906009696,1,1,1.6446,2,4,ok,False,10.766898625095255,1.2728016727997231,1.2728016727997231,8.272253186945463,13.261544063245047,18.18,0.5,1.0,2.532564945236607e-10,4.9458905299582003e-11,12.039700297894978,2.2132159695252573,2.4824485263151033,0.8915455632067065,True,0.45164740036099205,2.2337986003256705e-11
312317-46-7,O=C(O)C1=CC=C(OC2=CC=C(C=C2)NC(=O)C=3C=CC=C(C3)NC(=O)C(C)(C)C)C=C1C(=O)O,190.62937164203217,497.2702586666667,0.53325,-0.6609,419.0160000000001,7.7285159985601375,-7.794429133722,-0.5962014464455,7.1982276872765,2.445139435408695,0,1,5.112200000000003,4,5,ok,False,10.649721741423564,1.2728016727997231,1.2728016727997231,8.155076303273773,13.144367179573354,18.18,0.5,1.0,1.4029916010546367e-10,2.7033403244277126e-11,11.922523414223287,1.1127200610692418,2.4824485263151033,0.448234897631872,True,0.8179823468705937,2.2112846629652926e-11
1423616-88-9,O=C(O)C=1C=C(Br)C=C(OC)C1C(=O)O,181.2098047945386,197.45543,0.53789,-0.65447,183.45600000000005,5.272829086932365,-8.2104912111365,-0.8236886254635,7.386802585672999,2.762237259403964,1,1,1.8541,2,3,ok,False,10.643171896837725,1.2728016727997231,1.2728016727997231,8.148526458687932,13.137817334987517,18.18,0.5,1.0,1.357097171592568e-10,2.612957698056989e-11,11.915973569637448,1.033990744083098,2.4824485263151033,0.4165205171919247,True,0.8407261122104429,2.1967817668578006e-11
62384-68-3,O=C(O)C1=CC=C(OC(OC2=CC=C(C(=O)O)C(=C2)C(=O)O)(C)C)C=C1C(=O)O,188.93786892050525,360.32772100000005,0.53243,-0.66243,334.2000000000001,5.119919668315119,-8.7732226539705,-0.7619187814,8.0113038725705,2.837207389667621,0,1,2.6733,4,6,ok,False,10.625977994793423,1.2728016727997231,1.2728016727997231,8.131332556643631,13.120623432943216,18.18,0.5,1.0,1.2434844491307858e-10,2.3895259544457853e-11,11.898779667593146,0.9715109122959029,2.4824485263151033,0.3913518858487649,True,0.8579956078550077,2.050202773770029e-11
610-35-5,O=C(O)C1=CC=C(O)C=C1C(=O)O,186.8990096392595,157.7776031,0.53324,-0.66097,147.14400000000003,2.963805116737604,-8.289948455482499,-0.5039548511259999,7.785993604356499,2.483072145175854,0,1,0.7886,3,3,ok,False,10.636774469904685,1.2728016727997231,1.2728016727997231,8.142129031754894,13.131419908054475,18.18,0.5,1.0,1.3136875427137963e-10,2.5275342953112193e-11,11.909576142704408,1.181123855111841,2.4824485263151033,0.475789867379477,True,0.797418217715275,2.015501892981306e-11
2476585-29-0,O=C(O)C1=CC=C(C#CCC(N)CO)C=C1C(=O)O,188.6938443760487,258.59942433333333,0.53255,-0.66274,232.34400000000005,2.5784928330325063,-8.220015195904,-0.948044655142,7.271970540762,2.889633592477192,0,1,0.1442000000000002,4,4,ok,False,10.606157918273478,1.2728016727997231,1.2728016727997231,8.111512480123686,13.10080335642327,18.18,0.5,1.0,1.1240199190146784e-10,2.1551000002548545e-11,11.878959591073201,0.9805608392172245,2.4824485263151033,0.39499745063103053,True,0.8555395247091977,1.84377322991883e-11
1391103-19-7,O=C(O)C1=CC=C(C=C1C(=O)O)C2NCC2,187.03390018464356,208.52198533333333,0.53249,-0.66531,192.88800000000003,1.162996895954585,-7.999330863148501,-0.6734817799875,7.325849083161001,2.566858745282952,0,1,1.1174,3,3,ok,False,10.616650227207758,1.2728016727997231,1.2728016727997231,8.122004789057968,13.111295665357549,18.18,0.5,1.0,1.1857925381434602e-10,2.2762481060428502e-11,11.889451900007481,1.159240358472541,2.4824485263151033,0.4669745802114552,True,0.8040729673074495,1.8302695689538365e-11
77856-04-3,O=C(O)C=1C=C(C=C)C=C(OC)C1C(=O)O,182.6792423940555,215.865636,0.53598,-0.65941,191.43200000000004,4.531733047080333,-7.8692604426095,-0.7055912143465001,7.163669228263,2.5660062809959494,1,1,1.7346,2,3,ok,False,10.590028227825456,1.2728016727997231,1.2728016727997231,8.095382789675664,13.084673665975249,18.18,0.5,1.0,1.035140476231863e-10,1.981063176586359e-11,11.86282990062518,0.8196995683260881,2.4824485263151033,0.3301980120179304,True,0.8967028639599456,1.7764250241305755e-11
1344418-88-7,O=C(O)C1=CC=C(C=C1C(=O)O)C(N)C(O)C,190.3058375225367,218.51282,0.53147,-0.66715,209.61600000000004,4.9899242429119095,-8.505734738929,-0.6506242165455001,7.8551105223835,2.668291842698942,0,1,0.4636000000000001,4,4,ok,False,10.602281053053622,1.2728016727997231,1.2728016727997231,8.107635614903831,13.096926491203412,18.18,0.5,1.0,1.1019999491300325e-10,2.111951480083118e-11,11.875082725853344,1.162784723671328,2.4824485263151033,0.4684023500770597,True,0.8029998421925789,1.695896705225127e-11
250207-95-5,O=C(O)C=1C=C(C=C(C1C(=O)O)N(=O)=O)C(C)(C)C,174.16115636372905,245.306361,0.53768,-0.64896,228.38400000000004,5.531707335895492,-9.0045194268955,-1.846564589493,7.1579548374025,4.112418526150202,1,1,2.2887000000000004,2,4,ok,False,10.659553980744692,1.2728016727997231,1.2728016727997231,8.164908542594901,13.154199418894482,18.18,0.5,1.0,1.4747439489571785e-10,2.8447846133922816e-11,11.932355653544414,1.8769870976168845,2.4824485263151033,0.7561031287134266,True,0.5645694118804168,1.6060783761093393e-11
856806-24-1,O=C(O)C1=CC=C(C=C1C(=O)O)C(O)(C)C,186.4866223629768,207.000797,0.53186,-0.66653,197.52800000000005,1.9564214729960412,-8.738664194957,-0.628038766954,8.110625428003,2.704326724106726,0,1,1.3104,3,3,ok,False,10.585372502319405,1.2728016727997231,1.2728016727997231,8.090727064169613,13.080017940469197,18.18,0.5,1.0,1.0107889191873945e-10,1.9334389454217017e-11,11.858174175119128,1.1495058723036917,2.4824485263151033,0.4630532557345691,True,0.8070107275754048,1.560305970067391e-11
181942-10-9,O=C(O)C1=C(F)C(F)=C(C(F)=C1C(=O)O)CC(=O)O,181.15717505011924,184.455517,0.53692,-0.6373,199.0960000000001,2.642220530160191,-8.9686003986295,-0.917567903886,8.051032494743499,3.0349002991067926,2,2,1.1274000000000002,3,3,ok,False,10.612335482510124,1.2728016727997231,1.2728016727997231,8.117690044360334,13.106980920659915,18.18,0.5,1.0,1.1599984707682319e-10,2.2256426517586478e-11,11.885137155309847,1.6638294872395634,2.4824485263151033,0.6702372555169627,True,0.6381269854526406,1.4202426360615671e-11
7475-29-8,O=C(O)C1=CC=C2C(=O)C=3C=CC=CC3C(=O)C2=C1C(=O)O,172.71994632503942,303.0500723333334,0.5378,-0.65792,236.9600000000001,2.995610325125749,-8.9996213775865,-2.259089186851,6.7405321907355,4.70135591622867,1,1,1.8584,2,4,ok,False,10.743961349830252,1.2728016727997231,1.2728016727997231,8.249315911680462,13.238606787980043,18.18,0.5,1.0,2.257527913094853e-10,4.397121866127731e-11,12.016763022629975,2.7117309797624936,2.4824485263151033,1.09236141294246,False,0.30323310176521834,1.333352902305577e-11
1010100-15-8,O=C(O)C1=CC=C(C=C1C(=O)O)NCC=2C=CC=C(Cl)C2,188.8899783928446,307.662666,0.53135,-0.66525,254.24800000000005,4.856090017699424,-7.3005424950645,-0.3986467909825,6.901895704082,2.147146168382489,0,1,3.3485000000000014,3,3,ok,False,10.557291094546354,1.2728016727997231,1.2728016727997231,8.062645656396562,13.051936532696146,18.18,0.5,1.0,8.753473946688048e-11,1.6690574652563617e-11,11.830092767346077,1.2496333414973027,2.4824485263151033,0.5033874129717538,True,0.7761582202258965,1.2954526716881238e-11
201730-11-2,O=C(O)C1=CC=C(C=C1C(=O)O)C(N)C(=O)O,189.1025801889332,202.4670923333333,0.53223,-0.66463,195.76000000000005,2.574404770039086,-8.631995565561,-0.782599434038,7.849396131523001,2.822975090100241,0,1,0.1674000000000002,4,4,ok,False,10.525934892539977,1.2728016727997231,1.2728016727997231,8.031289454390187,13.020580330689768,18.18,0.5,1.0,7.450230151739416e-11,1.4155503472160821e-11,11.7987365653397,1.019649410320306,2.4824485263151033,0.41074342509484096,True,0.8447537102592022,1.1957914078694874e-11
2920140-58-3,O=C(O)C1=CC=C(O[Si](C)(C)C(C)(C)C)C=C1C(=O)O,183.57446335976107,292.786709,0.53234,-0.66261,277.15200000000004,4.504661395710004,-8.0298076144045,-0.5172884298004999,7.512519184604001,2.4310370793653924,0,1,3.4670000000000014,2,3,ok,False,10.506327218679102,1.2728016727997231,1.2728016727997231,8.011681780529312,13.000972656828893,18.18,0.5,1.0,6.733788276825069e-11,1.276608195303501e-11,11.779128891478825,0.7117964279270993,2.4824485263151033,0.2867315959955374,True,0.921073899017081,1.1758504879653549e-11
294892-13-0,O=C(O)C1=CC=C(OC2=CC=C(C=C2)NC(=O)C3CCCCC3)C=C1C(=O)O,187.12291351784077,386.2679816666667,0.5331,-0.66097,339.46400000000006,6.258919975522933,-7.783000352001,-0.5379690824385,7.2450312695625,2.3891729984575165,0,1,4.394100000000003,3,4,ok,False,10.521881881930554,1.2728016727997231,1.2728016727997231,8.027236443780762,13.016527320080346,18.18,0.5,1.0,7.296279802224981e-11,1.3856675275605999e-11,11.794683554730277,1.1753137812408856,2.4824485263151033,0.4734494064154868,True,0.7991917772434243,1.1074140940196575e-11
4961-03-9,O=C(O)C=1C=C(C(=O)O)C(=CC1O)C(=O)O,186.9252035027146,185.9663623333333,0.53483,-0.65359,174.05600000000004,3.600695057902016,-8.485054086290999,-0.966004169275,7.519049917015999,2.9698732930327,0,2,0.4868,4,4,ok,False,10.504197234683959,1.2728016727997231,1.2728016727997231,8.009551796534168,12.99884267283375,18.18,0.5,1.0,6.66014078482732e-11,1.2623439085382286e-11,11.776998907483682,1.0729910848720101,2.4824485263151033,0.43223095000674056,True,0.8295900680244488,1.0472279689544776e-11
72066-79-6,O=C(O)C1=CC=C(OC2=CC=C(C=C2)C(C3=CC=C(OC4=CC=CC(C(=O)O)=C4C(=O)O)C=C3)(C)C)C=C1C(=O)O,189.8979044553012,562.35103,0.53261,-0.66181,476.1200000000001,3.963998128152938,-7.7544283976985,-0.7284487777884999,7.02597961991,2.560468755505729,0,1,6.389900000000005,4,6,ok,False,10.487992094959154,1.2728016727997231,1.2728016727997231,7.993346656809362,12.982637533108946,18.18,0.5,1.0,6.125023551383492e-11,1.1588103722245933e-11,11.760793767758877,1.0314398545949883,2.4824485263151033,0.4154929472499625,True,0.8414452000535424,9.75075425480643e-12
1344514-16-4,O=C(O)C1=CC=C(C=C1C(=O)O)C(N)CCO,189.9879404130184,219.1940903333333,0.53158,-0.66677,210.3280000000001,2.330328463972408,-8.3792017984465,-0.6903528387185001,7.688848959728,2.6745492643749067,0,1,0.4651999999999999,4,4,ok,False,10.47666357791202,1.2728016727997231,1.2728016727997231,7.982018139762229,12.971309016061813,18.18,0.5,1.0,5.776140388407464e-11,1.0914179823750688e-11,11.749465250711744,1.1257300317939103,2.4824485263151033,0.4534756792983423,True,0.8141259528528472,8.885517048618348e-12
2749794-60-1,O=C(O)C=1C=CC=C(OCC(F)(F)F)C1C(=O)O,181.40984169228804,185.5206003333333,0.5365,-0.65616,196.16800000000003,5.17853447415386,-8.339201062423001,-0.7211017038249999,7.618099358598001,2.693883419997441,1,0,2.0241,2,3,ok,False,10.462693099717232,1.2728016727997231,1.2728016727997231,7.96804766156744,12.957338537867024,18.18,0.5,1.0,5.372561505534577e-11,1.0135748977085829e-11,11.735494772516954,1.0052933994256017,2.4824485263151033,0.4049604206367328,True,0.8487480120829531,8.602696795273423e-12
581794-00-5,O=C(O)C1=CC=2N=NNC2C=C1C(=O)O,184.7921599757001,179.413044,0.53326,-0.66131,160.08000000000004,5.593780120812759,-8.664104999920001,-0.82722610552,7.836878894400001,2.8737641402582224,0,2,0.3543,3,4,ok,False,10.472974102290753,1.2728016727997231,1.2728016727997231,7.978328664140961,12.967619540440545,18.18,0.5,1.0,5.6667673636279946e-11,1.0703094461610689e-11,11.745775775090475,1.2442254226282747,2.4824485263151033,0.5012089513393367,True,0.7778586828351232,8.325494960168391e-12
2639625-50-4,O=C(O)C1=CC(F)=C(O)C=C1C(=O)O,185.8280393360363,155.3995623,0.53341,-0.66059,152.72800000000004,0.7225209339527817,-8.424100583779001,-0.630759905459,7.793340678320002,2.630146103700102,0,2,0.9277,3,3,ok,False,10.46386738046791,1.2728016727997231,1.2728016727997231,7.969221942318119,12.958512818617702,18.18,0.5,1.0,5.405394719917382e-11,1.0199030518361103e-11,11.736669053267633,1.2167193587250293,2.4824485263151033,0.4901287361358115,True,0.7864499632801767,8.02102717665849e-12
106321-13-5,O=C(O)C1=CC=C(C=C1C(=O)O)NC=2C=CC=CC2,188.23580303124004,285.1525863333334,0.53181,-0.66385,222.00000000000009,4.795892603051073,-7.081218731561501,-0.5232749345115,6.557943797050001,2.2045143152704987,0,1,2.826600000000001,3,3,ok,False,10.45160281705569,1.2728016727997231,1.2728016727997231,7.956957378905899,12.946248255205482,18.18,0.5,1.0,5.0719354549664137e-11,9.556743248827875e-12,11.724404489855413,1.2044335292127577,2.4824485263151033,0.48517965889129416,True,0.7902552365967558,7.552266397196921e-12
1344471-68-6,O=C(O)C1=CC=2OCC(N)C2C=C1C(=O)O,187.07165683260152,199.7588683333333,0.53278,-0.66236,183.28800000000004,4.143950968580588,-8.050760380893001,-0.4835463123385,7.567214068554501,2.4062485240373586,0,2,0.4751999999999999,3,4,ok,False,10.441543068293287,1.2728016727997231,1.2728016727997231,7.9468976301434955,12.936188506443077,18.18,0.5,1.0,4.813510140382422e-11,9.059628509398278e-12,11.71434474109301,1.153231312130057,2.4824485263151033,0.46455396754666667,True,0.8058880928254638,7.301046741146179e-12
1344574-24-8,O=C(O)C=1C=C2C(=CC1C(=O)O)C(N)CC2,187.5078293705727,211.19686133333332,0.53088,-0.67071,191.00000000000009,0.9820657462716028,-8.273621624452499,-0.5727996553025,7.700821969149999,2.540610917003843,0,2,1.029,3,3,ok,False,10.429261841768557,1.2728016727997231,1.2728016727997231,7.934616403618766,12.92390727991835,18.18,0.5,1.0,4.515425110152527e-11,8.48696533468582e-12,11.70206351456828,1.1823021357646972,2.4824485263151033,0.4762645119251205,True,0.797057955860602,6.764603241124469e-12
2639416-45-6,O=C(O)C1=CC(O)=C(C=C1C(=O)O)NC(=O)OCC=2C=CC=CC2,189.30468154952152,304.27575833333333,0.5339,-0.65862,275.7680000000001,4.108190162346432,-8.365323992071001,-0.575248679957,7.790075312114001,2.5652460503017323,0,2,2.537300000000001,4,5,ok,False,10.407260545479557,1.2728016727997231,1.2728016727997231,7.912615107329766,12.901905983629348,18.18,0.5,1.0,4.0258999651524333e-11,7.548371020091712e-12,11.68006221827928,1.0181380025379174,2.4824485263151033,0.4101345875836632,True,0.845176007908294,6.37970208497177e-12
2639442-25-2,O=C(O)C1=CC(O)=C(C=C1C(=O)O)NC(=O)OC(C)(C)C,189.52236462530303,259.88563700000003,0.53367,-0.65935,254.20000000000007,6.170112744512859,-8.280424470715001,-0.5551122550200001,7.725312215695001,2.52632861469369,0,2,2.1356,4,5,ok,False,10.37510654952407,1.2728016727997231,1.2728016727997231,7.880461111374278,12.869751987673862,18.18,0.5,1.0,3.402527540156221e-11,6.3568495234499225e-12,11.647908222323792,1.0303094749157031,2.4824485263151033,0.41503759856204303,True,0.841763478815654,5.35096376916684e-12
1780738-75-1,O=C(O)C1=CC=2OC(=O)NC2C=C1C(=O)O,185.8900323871794,184.77033000000003,0.53318,-0.6622,169.02400000000003,5.791797091577018,-8.2839619507715,-0.6625972259675,7.621364724804001,2.6255442428308418,0,2,0.5175000000000001,3,4,ok,False,10.374254205709958,1.2728016727997231,1.2728016727997231,7.879608767560167,12.868899643859748,18.18,0.5,1.0,3.387359055789511e-11,6.3279129813359066e-12,11.647055878509681,1.2015721136485726,2.4824485263151033,0.48402700032300855,True,0.7911385749076977,5.006256058194009e-12
10311-28-1,O=C(O)C=1C(F)=C(C(=O)O)C(=C(F)C1C(=O)O)C,180.2957740388483,189.38184766666663,0.53739,-0.63815,193.55200000000005,2.4643951834070768,-8.881251852619,-1.0590671061460002,7.822184746473,3.158003301013059,2,2,1.36782,3,3,ok,False,10.405628146744679,1.2728016727997231,1.2728016727997231,7.910982708594887,12.900273584894471,18.18,0.5,1.0,3.991722395310667e-11,7.48293162470094e-12,11.678429819544402,1.631723726354863,2.4824485263151033,0.6573041531608154,True,0.6491777286536726,4.857752555794092e-12
623904-16-5,O=C(O)C=1C=CC(=CC1)C2=CC(C(=O)O)=C(C=C2C3=CC=C(C=C3)C(=O)O)C(=O)O,187.13512481149752,420.0165406666667,0.53285,-0.66259,337.5920000000001,4.962400073553119,-8.141646406960001,-1.174987606459,6.966658800501001,3.114824187089288,0,2,3.8134000000000015,4,4,ok,False,10.354354734064687,1.2728016727997231,1.2728016727997231,7.859709295914896,12.849000172214478,18.18,0.5,1.0,3.0514383740610045e-11,5.687838547844474e-12,11.62715640686441,1.092384632085751,2.4824485263151033,0.4400432156018417,True,0.8239560963694347,4.686529246661527e-12
4841-80-9,O=C(O)C=1C(F)=C(F)C(=C(F)C1C(=O)O)C2=C(F)C(F)=C(C(=O)O)C(C(=O)O)=C2F,180.7367993074124,297.00559733333336,0.5381,-0.63179,296.5680000000001,4.94728016186672,-9.041254796713,-1.4936329253945,7.5476218713184995,3.676120147829541,2,2,2.9810000000000008,4,4,ok,False,10.498740178333765,1.2728016727997231,1.2728016727997231,8.004094740183973,12.993385616483557,18.18,0.5,1.0,6.47502814023436e-11,1.2265065491436727e-11,11.771541851133488,2.4767846834670846,2.4824485263151033,0.9977184449997737,True,0.36956002760126455,4.532677941546675e-12
1344461-24-0,O=C(O)C1=CC=C(C=C1C(=O)O)C(N)(C)CCO,190.0036782914989,235.817716,0.53147,-0.66779,226.9840000000001,2.199805409576038,-8.565055558337999,-0.6092629112695,7.955792647068499,2.6448690631974623,0,1,0.6393,4,4,ok,False,10.341171648808583,1.2728016727997231,1.2728016727997231,7.846526210658792,12.835817086958375,18.18,0.5,1.0,2.8470775714177092e-11,5.2991875692903575e-12,11.613973321608306,1.1760605236239443,2.4824485263151033,0.47375021522386407,True,0.7989640991727484,4.233860622645497e-12
343982-49-0,O=C(O)C1=CC=C(OC2=CC=C(O)C=C2)C=C1C(=O)O,186.6484039261757,261.3140936666667,0.53308,-0.66093,227.60000000000005,2.897477145725225,-7.858103774739,-0.5401459932425,7.3179577814965,2.4095041701298947,0,1,2.5809,3,4,ok,False,10.32532620197474,1.2728016727997231,1.2728016727997231,7.830680763824948,12.819971640124532,18.18,0.5,1.0,2.6191101149870268e-11,4.8663623606065044e-12,11.598127874774462,1.1737917028097686,2.4824485263151033,0.47283627046725574,True,0.7996556042674057,3.891413934054953e-12
25641-98-9,O=C(O)C=1C=C(Cl)C=C(Cl)C1C(=O)O,177.6067080512451,177.93857633333332,0.5397,-0.6434,169.29600000000005,2.252488743590076,-8.8347203841835,-1.001923197541,7.8327971866425,3.088282341807877,1,1,2.3898,2,2,ok,False,10.31724484727903,1.2728016727997231,1.2728016727997231,7.822599409129238,12.81189028542882,18.18,0.5,1.0,2.5098209492986442e-11,4.659149492938414e-12,11.590046520078753,1.0909787798853725,2.4824485263151033,0.43947689884422275,True,0.824366600397563,3.84084722823767e-12
1822647-91-5,N#CC1=CC=CC(C(=O)O)=C1C(=O)O,177.60821488178172,169.514967,0.53658,-0.64132,156.88000000000002,5.289150382622903,-9.212142294827,-0.8438250504005,8.3683172444265,3.0209920434013133,1,0,0.95468,2,3,ok,False,10.294452737986248,1.2728016727997231,1.2728016727997231,7.7998072998364565,12.78909817613604,18.18,0.5,1.0,2.2250671258676164e-11,4.1201961076161115e-12,11.56725441078597,1.1374533863448983,2.4824485263151033,0.45819817582816563,True,0.8106283686233641,3.339947849125183e-12
1344454-58-5,O=C(O)C1=CC=C(C=C1C(=O)O)C(N)C,186.1527256585576,196.464794,0.53207,-0.66665,184.72000000000008,3.1111733011839764,-8.55525945972,-0.6266781977015,7.928581262018499,2.658356405724453,0,1,1.1027,3,3,ok,False,10.287477394061712,1.2728016727997231,1.2728016727997231,7.792831955911921,12.782122832211503,18.18,0.5,1.0,2.1444205909696955e-11,3.967819641937238e-12,11.560279066861435,1.1376125940421422,2.4824485263151033,0.45826230916086363,True,0.81058072480194,3.2162381212448603e-12
1073323-63-3,O=C(O)C1=CC=C2OCCOC2=C1C(=O)O,182.25844183464952,193.26254333333333,0.53437,-0.65597,178.84800000000004,5.414643570910277,-7.9302139451215,-0.542595017897,7.3876189272245,2.429351474101321,1,1,0.8541999999999998,2,4,ok,False,10.266719426669919,1.2728016727997231,1.2728016727997231,7.772073988520128,12.761364864819711,18.18,0.5,1.0,1.9209728566673267e-11,3.546289206091455e-12,11.539521099469642,0.9559767639829329,2.4824485263151033,0.3850942945439298,True,0.8621744801016189,3.057520052551883e-12
114571-71-0,O=C(O)C=1C=C(Br)C=C(Br)C1C(=O)O,177.51844510480382,198.466241,0.53889,-0.64175,178.26400000000004,1.916222596672944,-8.711997037608,-0.980698317202,7.731298720406,3.037922431880298,1,1,2.6080000000000005,2,2,ok,False,10.259572892224728,1.2728016727997231,1.2728016727997231,7.764927454074937,12.75421833037452,18.18,0.5,1.0,1.8494490631250932e-11,3.411577770803514e-12,11.532374565024451,1.1328806538727592,2.4824485263151033,0.4563561507373466,True,0.8119951300483806,2.7701845356737637e-12
63196-14-5,O=C(O)C=1C=CC=C(OC2=CC=C(OC)C=C2)C1C(=O)O,181.83965430903652,275.0981003333333,0.5366,-0.65785,243.92000000000004,4.555230657167648,-7.744360185230001,-0.7227343869280001,7.021625798302001,2.5525317267407024,1,0,2.883900000000001,2,4,ok,False,10.22221246969359,1.2728016727997231,1.2728016727997231,7.727567031543798,12.71685790784338,18.18,0.5,1.0,1.515920291883875e-11,2.7849392599784498e-12,11.495014142493313,0.9147821604785976,2.4824485263151033,0.36849995106906885,True,0.873024015865968,2.4313188566891834e-12
1344490-97-6,O=C(O)C1=CC=C(C=C1C(=O)O)C2CNCC2,186.79155940834696,226.43745766666663,0.53171,-0.66725,208.38400000000004,2.44083250961634,-8.0548420886505,-0.606813886615,7.448028202035499,2.5182599407098403,0,1,1.1599,3,3,ok,False,10.23513317913958,1.2728016727997231,1.2728016727997231,7.740487740989789,12.729778617289373,18.18,0.5,1.0,1.624002217842048e-11,2.987710956463763e-12,11.507934851939304,1.1424648971886748,2.4824485263151033,0.4602169531726512,True,0.8091267947455727,2.417436989829754e-12
134331-63-8,O=C(O)C=1C=CC2=CC(=CN=C2C1C(=O)O)C,180.86666832924936,239.9150473333333,0.53651,-0.67014,194.70400000000004,6.014991517866006,-8.2175661712495,-1.154851181522,7.0627149897275,3.1093640038673547,1,1,1.93962,2,3,ok,False,10.244208814006472,1.2728016727997231,1.2728016727997231,7.74956337585668,12.738854252156262,18.18,0.5,1.0,1.7043926612024923e-11,3.138718692164262e-12,11.517010486806194,1.4439238928597973,2.4824485263151033,0.5816531048090366,True,0.7129668635487613,2.237802421514224e-12
64208-34-0,O=C(O)C=1C=CC=C(OCC=C)C1C(=O)O,181.77525156318083,205.91116266666668,0.53601,-0.6588,191.82400000000004,4.5870926184240055,-8.122054209724,-0.661236656715,7.460817553009,2.5850450669899154,1,0,1.6478,2,3,ok,False,10.20350533093963,1.2728016727997231,1.2728016727997231,7.708859892789838,12.69815076908942,18.18,0.5,1.0,1.3718080480234013e-11,2.5150532090649646e-12,11.476307003739352,0.9048443947521457,2.4824485263151033,0.36449673987612485,True,0.8755895278455632,2.202154251831661e-12
82520-79-4,O=C(O)C1=CC=C(S)C=C1C(=O)O,185.4354236529518,180.37899233333331,0.53283,-0.66101,157.56800000000004,1.685542319255141,-7.956064760918999,-0.7480409750245001,7.2080237858944995,2.627677811314364,0,1,1.3717,3,3,ok,False,10.22223504993603,1.2728016727997231,1.2728016727997231,7.727589611786239,12.71688048808582,18.18,0.5,1.0,1.516102890819109e-11,2.7852815790716723e-12,11.495036722735753,1.2243143825121643,2.4824485263151033,0.4931882250664476,True,0.7840875253827106,2.183904540828356e-12
81722-05-6,O=C(O)C1=CC(=CC(OC)=C1C(=O)O)C,182.35870300074623,190.509826,0.53553,-0.66162,180.44000000000003,4.956982624540861,-8.0189230603845,-0.632936816263,7.3859862441215,2.533672445731931,1,1,1.40002,2,3,ok,False,10.189085361108216,1.2728016727997231,1.2728016727997231,7.694439922958424,12.683730799258008,18.18,0.5,1.0,1.269959254713277e-11,2.3246745961596996e-12,11.461887033907939,0.8493148331176386,2.4824485263151033,0.3421278725880953,True,0.8895393974275118,2.0678896394829436e-12
62351-70-6,O=C(O)C1=CC(N)=C(C=C1C(=O)O)C(=O)OCC,186.08279351076152,234.12127266666667,0.53234,-0.65913,211.31200000000004,8.709394186738823,-7.619732041701,-0.6198753514390001,6.999856690262,2.424732855157433,0,2,0.8419000000000001,3,5,ok,False,10.1893415186489,1.2728016727997231,1.2728016727997231,7.694696080499109,12.683986956798691,18.18,0.5,1.0,1.2717022039076455e-11,2.3279299244019094e-12,11.462143191448623,1.2297200521917242,2.4824485263151033,0.4953657806621658,True,0.782401489386267,1.821375840038914e-12
97325-40-1,O=C(O)C=1C=CC=C(OCC#C)C1C(=O)O,181.2389774796337,196.876989,0.53636,-0.65709,186.7920000000001,4.362492210881299,-8.218382512801,-0.6925297495225,7.5258527632785,2.637719599507427,1,0,1.095,2,3,ok,False,10.16956675852848,1.2728016727997231,1.2728016727997231,7.674921320378689,12.664212196678271,18.18,0.5,1.0,1.1438075743855847e-11,2.0893179361678905e-12,11.442368431328203,0.9772622737417922,2.4824485263151033,0.39366869579866803,True,0.8564365521159625,1.7893682495256667e-12
1344509-94-9,O=C(O)C1=CC=C(C=C1C(=O)O)C(N)C,185.74652414651345,196.6598876666667,0.53163,-0.66655,184.99200000000005,3.3578826691830668,-8.5462797026535,-0.669944299931,7.8763354027225,2.6960121846910905,0,1,1.1027,3,3,ok,False,10.173933771698636,1.2728016727997231,1.2728016727997231,7.679288333548844,12.668579209848428,18.18,0.5,1.0,1.1709207740165712e-11,2.1398579190887732e-12,11.446735444498358,1.1469738097809707,2.4824485263151033,0.46203326982312726,True,0.8077725622702336,1.7285185141965886e-12
1344509-94-9,O=C(O)C1=CC=C(C=C1C(=O)O)C(N)C,185.74652414651345,196.6598876666667,0.53163,-0.66655,184.99200000000005,3.3578826691830668,-8.5462797026535,-0.669944299931,7.8763354027225,2.6960121846910905,0,1,1.1027,3,3,ok,False,10.173933771698636,1.2728016727997231,1.2728016727997231,7.679288333548844,12.668579209848428,18.18,0.5,1.0,1.1709207740165712e-11,2.1398579190887732e-12,11.446735444498358,1.1469738097809707,2.4824485263151033,0.46203326982312726,True,0.8077725622702336,1.7285185141965886e-12
1061606-52-7,O=C(O)C=1C=CC=C(OCC=2OC=3C=CC=CC3C2)C1C(=O)O,181.9208010158424,308.9673683333333,0.53603,-0.65798,261.8160000000001,4.775773471386598,-7.77701384729,-0.672121210735,7.104892636555,2.511926881957834,1,0,3.4082000000000017,2,4,ok,False,10.155331282395164,1.2728016727997231,1.2728016727997231,7.660685844245372,12.649976720544956,18.18,0.5,1.0,1.0596232148730936e-11,1.932558242728813e-12,11.428132955194886,0.8961753393077558,2.4824485263151033,0.36100460082369584,True,0.8778106915919767,1.6964202875915542e-12
338450-76-3,O=C(O)C1=CC=2N=CN(C2C=C1C(=O)O)C,184.4352328270028,207.7041093333333,0.53085,-0.6735,180.98400000000004,6.920758964882392,-8.185456736890501,-0.446810942521,7.738645794369501,2.407270188772205,0,2,0.9697,2,4,ok,False,10.150727060823744,1.2728016727997231,1.2728016727997231,7.656081622673953,12.645372498973536,18.18,0.5,1.0,1.0337168807366467e-11,1.8843696434347367e-12,11.423528733623467,0.9579943213494231,2.4824485263151033,0.3859070233256561,True,0.8616343979021862,1.6236377031460468e-12
17013-02-4,O=C(O)C1=CC=C(C=C1C(=O)O)C(=O)NN,186.441467134118,193.60697,0.53379,-0.65927,183.06400000000005,8.708786977530224,-9.020574144075,-0.960017664564,8.060556479511,3.0894955299883646,0,1,-0.3135,4,4,ok,False,10.15510797646482,1.2728016727997231,1.2728016727997231,7.660462538315028,12.649753414614612,18.18,0.5,1.0,1.0583522130694519e-11,1.930193460639488e-12,11.427909649264542,1.0361176454147982,2.4824485263151033,0.4173772927943809,True,0.8401256587856555,1.6216050527035142e-12
1344553-98-5,O=C(O)C1=CC=C(C=C1C(=O)O)C(N)(C(=O)O)C,188.58567856972155,219.65998366666668,0.53247,-0.6647,212.47200000000004,3.093754657370232,-8.523694253062,-0.7681773999615,7.755516853100499,2.783143936491645,0,1,0.3414999999999999,4,4,ok,False,10.150395645503224,1.2728016727997231,1.2728016727997231,7.6557502073534325,12.645041083653016,18.18,0.5,1.0,1.0318762359544306e-11,1.880946798297922e-12,11.423197318302947,1.0185749952480372,2.4824485263151033,0.41031062052271006,True,0.8450539518552861,1.5895015251312068e-12
855764-12-4,O=C(O)C1=CC=C2N=CC=CC2=C1C(=O)O,177.9797954064036,219.2359603333333,0.5361,-0.65254,178.39200000000005,4.3392694615568645,-8.3601538289115,-1.1997499668545,7.160403862057,3.190873110823621,1,1,1.6312,2,3,ok,False,10.138642898088646,1.2728016727997231,1.2728016727997231,7.643997459938855,12.633288336238437,18.18,0.5,1.0,9.686373668695595e-12,1.763427492384245e-12,11.411444570888369,1.1983480377044518,2.4824485263151033,0.4827282519663179,True,0.7921325300489154,1.3968682811001465e-12
13133-05-6,O=C(O)C=1C=C(OC)C=C(OC)C1C(=O)O,182.3377970765532,196.51356733333333,0.53576,-0.66181,189.36000000000004,3.298583686978397,-7.931574514374001,-0.633481043964,7.29809347041,2.512991133055993,1,1,1.1002,2,4,ok,False,10.113749198389748,1.2728016727997231,1.2728016727997231,7.619103760239956,12.60839463653954,18.18,0.5,1.0,8.46962730232848e-12,1.5377741434986558e-12,11.38655087118947,0.853553474178453,2.4824485263151033,0.34383531627358677,True,0.8884981400786625,1.366309466359614e-12
1344445-95-9,O=C(O)C1=CC=C(C=C1C(=O)O)C(N)CCO,189.62708154174115,219.436421,0.53156,-0.66724,210.6080000000001,2.635915129513847,-8.33756837932,-0.639467548675,7.698100830645,2.617112188622792,0,1,0.4651999999999999,4,4,ok,False,10.112068159497861,1.2728016727997231,1.2728016727997231,7.61742272134807,12.606713597647651,18.18,0.5,1.0,8.393086811381371e-12,1.523600799693125e-12,11.384869832297584,1.1358474493873345,2.4824485263151033,0.45755125930984103,True,0.8111087380353297,1.2358059219087098e-12
1547162-78-6,O=C(O)C1=CC(OC(C)C)=CC(=C1C(=O)O)N(=O)=O,173.67241164766796,234.16785066666668,0.53794,-0.65033,221.01600000000005,4.7202534624742345,-8.383283506204,-1.88302784546,6.500255660744,4.053577054123195,1,1,1.7784,2,5,ok,False,10.162226924716604,1.2728016727997231,1.2728016727997231,7.667581486566813,12.656872362866395,18.18,0.5,1.0,1.0996155448544868e-11,2.0069965984104362e-12,11.435028597516327,1.9267492320661688,2.4824485263151033,0.7761487143204523,True,0.5474923298799562,1.0988152437248766e-12
2870646-24-3,O=C(O)C=1C=C2C(=CC1C(=O)O)CNC2,186.57602906749173,191.577055,0.53118,-0.66987,174.63200000000003,1.147418367466723,-8.397161312579499,-0.576337135359,7.820824177220499,2.574014981365191,0,2,0.6861999999999999,3,3,ok,False,10.07954017780579,1.2728016727997231,1.2728016727997231,7.584894739655998,12.574185615955582,18.18,0.5,1.0,7.038607421173452e-12,1.2732523639480724e-12,11.352341850605512,1.1280135675957077,2.4824485263151033,0.45439555166531825,True,0.8134463392015632,1.0357224743332958e-12
108347-31-5,O=C(O)C1=CC=C2C(=O)C(Cl)CC2=C1C(=O)O,175.4075111544167,218.24189866666663,0.53473,-0.65343,197.40800000000004,6.073009249128475,-9.0170366640185,-1.55104894785,7.4659877161685,3.7397742182831295,1,1,1.4292,2,3,ok,False,10.084158287562055,1.2728016727997231,1.2728016727997231,7.589512849412263,12.578803725711847,18.18,0.5,1.0,7.216978627883288e-12,1.3061676119706647e-12,11.356959960361777,1.7127376817862572,2.4824485263151033,0.6899388501434954,True,0.621253780090354,8.114615663683662e-13
1061605-95-5,O=C(O)C=1C=CC=C(OCC=2C=CC=C(F)C2)C1C(=O)O,181.40273062685415,267.11990733333334,0.53572,-0.65846,240.4240000000001,4.036720572444914,-8.1212378681725,-0.6555222658545,7.465715602318,2.5795088693952004,1,0,2.801100000000001,2,3,ok,False,10.017161281427661,1.2728016727997231,1.2728016727997231,7.52251584327787,12.511806719577454,18.18,0.5,1.0,5.013364686160984e-12,9.008502972911914e-13,11.289962954227384,0.9460561220772711,2.4824485263151033,0.3810979813070194,True,0.8648184561539164,7.790719633291648e-13
35555-66-9,O=C(O)C=1C=C(C(=O)O)C(C(=O)O)=C(C1)N(=O)=O,173.81937020083367,200.7980533333333,0.53935,-0.63896,190.05600000000004,3.5027396734556224,-9.6428985201685,-2.0218059092150003,7.6210926109535,4.463445609797396,1,1,0.6894,3,5,ok,False,10.17719836054891,1.2728016727997231,1.2728016727997231,7.682552922399119,12.671843798698703,18.18,0.5,1.0,1.1915994199987463e-11,2.178420240414027e-12,11.450000033348633,2.5476981488822643,2.4824485263151033,1.0262843808745619,False,0.34879893843587156,7.598306673236287e-13
63035-28-9,O=C(O)C1=CC(O)=C(OC)C=C1C(=O)O,187.25169166799537,183.21175466666668,0.53124,-0.67023,172.38400000000004,4.365885319153493,-7.875791175021501,-0.5450440425515,7.330747132470001,2.4182550727822387,0,2,0.7971999999999999,3,4,ok,False,10.024277759571856,1.2728016727997231,1.2728016727997231,7.529632321422064,12.518923197721648,18.18,0.5,1.0,5.211853811887957e-12,9.372295917765732e-13,11.297079432371579,1.1867614417316066,2.4824485263151033,0.47806084563340834,True,0.7956927404410262,7.457467823031258e-13
61415-58-5,O=C(O)C=1C=CC2=CC=3C=CC=CC3C=C2C1C(=O)O,178.4353026451153,330.93609333333336,0.53597,-0.65593,225.7680000000001,3.90450255474369,-7.055367915764,-1.38778063755,5.667587278214,3.1444931499931195,1,1,3.389400000000001,2,2,ok,False,10.030031521934175,1.2728016727997231,1.2728016727997231,7.535386083784384,12.524676960083966,18.18,0.5,1.0,5.377945300319344e-12,9.676927381809383e-13,11.302833194733898,1.2803508019989656,2.4824485263151033,0.5157612689353493,True,0.7664317033984606,7.416703936903371e-13
1344431-51-1,O=C(O)C1=CC=C(C=C1C(=O)O)C2CNCC2,186.1214701076232,226.41198933333337,0.53153,-0.66682,207.77600000000004,1.7662446517965738,-8.0189230603845,-0.6568828351070001,7.3620402252775,2.556003690315612,0,1,1.1599,3,3,ok,False,10.005660911051265,1.2728016727997231,1.2728016727997231,7.511015472901474,12.500306349201058,18.18,0.5,1.0,4.708150349303014e-12,8.449677844158257e-13,11.278462583850988,1.1309960185187815,2.4824485263151033,0.45559696667612654,True,0.8125575016308123,6.865849118634461e-13
1381801-67-7,O=C(O)C=1C=CC=C(OC=2C=NC=CC2)C1C(=O)O,180.4691437082196,243.82698733333336,0.53642,-0.65534,214.69600000000003,3.393259480204837,-8.153891530232501,-0.7556601628385,7.3982313673940014,2.682401625115223,1,0,2.2703,2,4,ok,False,9.995669326545663,1.2728016727997231,1.2728016727997231,7.5010238883958715,12.490314764695455,18.18,0.5,1.0,4.45781426207717e-12,7.991876865967073e-13,11.268470999345386,1.010960171132941,2.4824485263151033,0.40724315546376705,True,0.8471758526219,6.770525097974893e-13
142118-89-6,O=C(O)C1=CC=2N=C(N(C2C=C1C(=O)O)C)C,184.69444555767225,227.76826366666668,0.53042,-0.67628,197.22400000000005,7.478609179519947,-8.082869815252002,-0.4307562253415,7.652113589910502,2.3680329463039094,0,2,1.27812,2,4,ok,False,9.998515073601007,1.2728016727997231,1.2728016727997231,7.503869635451216,12.493160511750798,18.18,0.5,1.0,4.527753964606814e-12,8.119727607831376e-13,11.27131674640073,1.145399002236173,2.4824485263151033,0.4613988931067104,True,0.8082458971850971,6.562736525290273e-13
405898-35-3,O=C(O)C1=CC(=CC(=C1)C(=O)O)NC(=O)C2=CC=C(C(=O)O)C(=C2)C(=O)O,189.72016315751384,340.52753566666667,0.53408,-0.65816,297.1120000000001,8.530281736261704,-8.235253571532,-1.10478223303,7.130471338502001,3.058573013240212,0,1,1.7317,5,5,ok,False,10.019344855305617,1.2728016727997231,1.2728016727997231,7.5246994171558255,12.513990293455407,18.18,0.5,1.0,5.07346682370811e-12,9.118628405080065e-13,11.29214652810534,1.529959861972215,2.4824485263151033,0.616310809974077,True,0.6839715098515358,6.236882037997714e-13
695154-17-7,O=C(O)C1=C(F)C(F)=C(C(F)=C1C(=O)O)CCS,181.3494354172432,203.268156,0.53689,-0.63938,206.20800000000008,3.9646631269251618,-8.231988205326001,-0.871852777002,7.360135428324001,2.815162894712784,2,2,1.9726000000000004,3,3,ok,False,10.025734916040456,1.2728016727997231,1.2728016727997231,7.5310894778906645,12.520380354190248,18.18,0.5,1.0,5.253435496052054e-12,9.448543344744254e-13,11.298536588840179,1.650296247679298,2.4824485263151033,0.6647856864645506,True,0.6427881958517255,6.073412129994988e-13
40532-23-8,O=C(O)C1=CC=C(OC2=CC=C(N)C=C2)C=C1C(=O)O,186.7856729614695,271.8001996666667,0.53306,-0.66113,230.9600000000001,5.233600772890496,-7.235507284795001,-0.5265403007175,6.708966984077501,2.2451065440756857,0,1,2.4575,3,4,ok,False,9.976356371012479,1.2728016727997231,1.2728016727997231,7.481710932862687,12.47100180916227,18.18,0.5,1.0,4.010352026653236e-12,7.174896529175906e-13,11.249158043812201,1.189093319616694,2.4824485263151033,0.47900019154949414,True,0.7949777250666298,5.703882920352719e-13
1344570-43-9,O=C(O)C1=CC=C2C(OCC2N)=C1C(=O)O,185.02702283542288,198.2987263333333,0.53229,-0.66169,183.48800000000008,5.776848907492735,-8.0581074548565,-0.728176663938,7.3299307909185,2.6329985513583134,1,1,0.4752000000000001,3,4,ok,False,9.97370220271414,1.2728016727997231,1.2728016727997231,7.479056764564349,12.468347640863932,18.18,0.5,1.0,3.95240459183302e-12,7.069225876162506e-13,11.246503875513863,1.2278430116527808,2.4824485263151033,0.4946096560057848,True,0.7829873712335704,5.535114585432815e-13
1391046-76-6,O=C(O)C1=CC=C(C=C1C(=O)O)C(N)CO,188.7601648611173,201.7572543333333,0.53171,-0.66656,193.99200000000005,4.753827016204943,-8.530224985474,-0.7017816204395,7.8284433650345,2.7218037481214785,0,1,0.0751,4,4,ok,False,9.962151335587901,1.2728016727997231,1.2728016727997231,7.46750589743811,12.456796773737693,18.18,0.5,1.0,3.7096297189371915e-12,6.626855326815927e-13,11.234953008387624,1.0652408874066677,2.4824485263151033,0.4291089527595925,True,0.8318239215269329,5.512376785343668e-13
770744-15-5,O=C(O)C1=CC(OC2=CC=C(N)C=C2)=C(C=C1C(=O)O)N3CCOCC3,186.7518329584796,353.70897800000006,0.53282,-0.66222,307.9200000000001,5.913165654706454,-7.2270717554295,-0.5659968090399999,6.6610749463895,2.2793587423693977,0,2,2.2941000000000003,3,6,ok,False,9.968404106220293,1.2728016727997231,1.2728016727997231,7.473758668070501,12.463049544370083,18.18,0.5,1.0,3.839176162239513e-12,6.862837380888204e-13,11.241205779020015,1.1638247940383621,2.4824485263151033,0.4688213196371569,True,0.8026845915975794,5.50869382027885e-13
2639436-60-3,O=C(O)C1=CC(O)=C(C=C1C(=O)O)NC(=O)OCC2C=3C=CC=CC3C=4C=CC=CC42,189.5260712141877,430.020143,0.5336,-0.65906,353.31200000000007,5.705091826605423,-7.496736581275001,-0.570350630648,6.926385950627001,2.3489124252049702,0,2,4.149600000000002,4,5,ok,False,9.957319573687835,1.2728016727997231,1.2728016727997231,7.462674135538044,12.451965011837625,18.18,0.5,1.0,3.6124673007700303e-12,6.449972354698534e-13,11.230121246487558,1.1542098366939686,2.4824485263151033,0.4649481447284043,True,0.8055928787622262,5.196051797158366e-13
63196-13-4,O=C(O)C=1C=CC=C(OC2=CC=C(Cl)C=C2)C1C(=O)O,180.58835626909803,267.47427466666664,0.53605,-0.65509,234.5600000000001,3.015061689252809,-7.9416427268425,-0.7469525196225,7.19469020722,2.623173659414026,1,0,3.5287000000000024,2,3,ok,False,9.92882314457265,1.2728016727997231,1.2728016727997231,7.434177706422859,12.423468582722442,18.18,0.5,1.0,3.0881474826883696e-12,5.497167119878879e-13,11.201624817372373,1.0036176987058587,2.4824485263151033,0.4042854013152928,True,0.8492117729117706,4.668259035864635e-13
1344468-30-9,O=C(O)C1=CC=C(C=C1C(=O)O)CC(N)CC(=O)O,188.9435296180926,236.426032,0.53187,-0.6667,229.7920000000001,4.122993287649156,-8.513898154444,-0.653617468901,7.860280685543,2.673038854033901,0,1,0.4274999999999998,4,4,ok,False,9.928147577346085,1.2728016727997231,1.2728016727997231,7.433502139196293,12.422793015495877,18.18,0.5,1.0,3.07666952153772e-12,5.476343401832792e-13,11.200949250145808,1.0806288285542438,2.4824485263151033,0.43530764771115216,True,0.8273787168972363,4.531009977097062e-13
1344436-52-7,O=C(O)C1=CC=C(C=C1C(=O)O)C(N)(C)CO,188.69304302910095,218.6325316666667,0.53142,-0.66753,209.61600000000004,5.323179818491951,-8.670091504631001,-0.6903528387185001,7.979738665912501,2.7450121480552383,0,1,0.2492000000000002,4,4,ok,False,9.917575618273869,1.2728016727997231,1.2728016727997231,7.4229301801240775,12.412221056423661,18.18,0.5,1.0,2.9024041382491936e-12,5.160378523506121e-13,11.190377291073592,1.1019647754955513,2.4824485263151033,0.4439023664797939,True,0.8211501406073378,4.2374455501641377e-13
2557465-51-5,O=C(O)C1=CC=C(C#CC(O)C(=O)O)C=C1C(=O)O,186.67087541296533,234.129741,0.53302,-0.6613,215.32000000000005,3.301250120787578,-8.411583346656,-1.010086613056,7.4014967336,2.9983079107083483,0,1,-0.1200000000000001,4,4,ok,False,9.910089636650076,1.2728016727997231,1.2728016727997231,7.415444198500285,12.404735074799866,18.18,0.5,1.0,2.7848959191540957e-12,4.947533098345025e-13,11.182891309449799,1.0740618184615136,2.4824485263151033,0.43266227157419834,True,0.8292806495727867,4.102893461578425e-13
1936621-53-2,O=C(O)C1=CC(Br)=C(N)C=C1C(=O)O,186.23805992694952,197.06928233333332,0.53282,-0.66059,170.43200000000004,4.771209323641125,-7.6564674115185,-0.4917097278535,7.164757683665,2.3166446663630382,0,2,1.4277,3,3,ok,False,9.902660513246142,1.2728016727997231,1.2728016727997231,7.40801507509635,12.397305951395932,18.18,0.5,1.0,2.6728944354301143e-12,4.744828005415697e-13,11.175462186045864,1.1899566457585713,2.4824485263151033,0.4793479635708375,True,0.7947128137320592,3.7707756148585824e-13
61415-82-5,O=C(O)C=1C=C2C=C3C=CC=C(N)C3=CC2=CC1C(=O)O,185.60289934581857,355.37842300000005,0.53117,-0.67314,238.24000000000007,4.332521996481956,-6.64502022921,-1.1798856557680002,5.465134573442,2.8008986460419663,0,2,2.9716000000000005,3,3,ok,False,9.90465485115837,1.2728016727997231,1.2728016727997231,7.410009413008578,12.399300289308162,18.18,0.5,1.0,2.70251995499635e-12,4.798429437026314e-13,11.177456523958092,1.2439045816555017,2.4824485263151033,0.5010797075828712,True,0.7779594528266138,3.7329835392561076e-13
1344492-48-3,O=C(O)C1=CC=C(C=C1C(=O)O)C(N)C(O)C,188.647833113456,218.61658866666664,0.53189,-0.66579,209.95200000000008,3.3155199531898463,-8.6159408483815,-0.650896330396,7.9650445179855005,2.695348127184481,0,1,0.4636000000000001,4,4,ok,False,9.890479229981313,1.2728016727997231,1.2728016727997231,7.395833791831522,12.385124668131105,18.18,0.5,1.0,2.498732648742397e-12,4.4299594860038104e-13,11.163280902781036,1.0411626406336698,2.4824485263151033,0.41940955858575274,True,0.8386981776399608,3.715398947930253e-13
1061606-01-6,O=C(O)C=1C=CC=C(OCC=2C=CC=C(C2)C)C1C(=O)O,181.27308235951855,287.94269933333334,0.53564,-0.6588,252.23200000000008,5.695997283180532,-8.0766111966905,-0.6402838902265,7.436327306464,2.5544955468228485,1,0,2.9704200000000007,2,3,ok,False,9.863540502873077,1.2728016727997231,1.2728016727997231,7.368895064723286,12.358185941022867,18.18,0.5,1.0,2.1521307979722593e-12,3.8046563270218503e-13,11.1363421756728,0.9520982428301871,2.4824485263151033,0.38353191727341174,True,0.8632104736755294,3.284219190221131e-13
56962-06-2,O=C(O)C1=CC=C(Cl)C(Cl)=C1C(=O)O,176.85903829704296,179.18033533333332,0.53903,-0.64329,168.98400000000004,2.362879264795389,-8.86002697228,-0.9635551446205,7.8964718276595,3.055249474501404,1,1,2.3898,2,2,ok,False,9.849509990583094,1.2728016727997231,1.2728016727997231,7.354864552433303,12.344155428732886,18.18,0.5,1.0,1.9907494270246694e-12,3.514166843587653e-13,11.122311663382817,1.1551534935303778,2.4824485263151033,0.4653282762100467,True,0.8053080494486108,2.829986846246554e-13
98589-66-3,O=C(O)C1=CC=C(OC)C(=C1C(=O)O)N(=O)=O,173.08295746637077,201.587475,0.53652,-0.64326,187.36800000000005,6.950261498677586,-8.578661250863,-1.726834495273,6.85182675559,3.874997367927547,1,1,0.9997999999999998,2,5,ok,False,9.896148374972006,1.2728016727997231,1.2728016727997231,7.401502936822214,12.390793813121796,18.18,0.5,1.0,2.578357482318887e-12,4.573861720004348e-13,11.168950047771729,1.8182919331136198,2.4824485263151033,0.7324590676660095,True,0.584793616791028,2.674765137943375e-13
64819-48-3,O=C(O)C=1C=C2OC=3C=C(C(=O)O)C(=CC3C2=CC1C(=O)O)C(=O)O,185.3094092226461,323.0754176666666,0.53302,-0.66135,264.58400000000006,3.959079153035463,-8.311989677373,-1.2677784294795,7.044211247893501,3.2569990362126,0,2,2.3788,4,5,ok,False,9.831343961265379,1.2728016727997231,1.2728016727997231,7.3366985231155875,12.325989399415171,18.18,0.5,1.0,1.7993251107633262e-12,3.170201009276934e-13,11.104145634065102,1.1387575849339033,2.4824485263151033,0.4587235436556069,True,0.8102379658160169,2.568617216984427e-13
63196-12-3,O=C(O)C=1C=CC=C(OC=2C=CC=CC2)C1C(=O)O,180.54825064637907,252.91388899999995,0.5363,-0.65638,218.67200000000005,5.388512196330264,-8.011575986421,-0.731442030144,7.280133956277001,2.6249642004208105,1,0,2.8753,2,3,ok,False,9.823354472896693,1.2728016727997231,1.2728016727997231,7.328709034746901,12.317999911046485,18.18,0.5,1.0,1.7209636709960038e-12,3.029597254899042e-13,11.096156145696416,1.0134689737662494,2.4824485263151033,0.40825377163836807,True,0.8464779365630023,2.564487232943877e-13
170846-97-6,O=C(O)C1=CC=C(C=C1C(=O)O)C(N)(C(=O)O)C,188.12798305098403,219.82005666666663,0.53217,-0.66483,212.33600000000004,2.4520193208863588,-8.5272317331185,-0.7311699162935,7.796061816824999,2.7487596659650424,0,1,0.3414999999999999,4,4,ok,False,9.815380922156738,1.2728016727997231,1.2728016727997231,7.3207354840069465,12.31002636030653,18.18,0.5,1.0,1.6460976474221147e-12,2.8953817773796354e-13,11.08818259495646,1.0266444897810465,2.4824485263151033,0.41356123959797747,True,0.8427938460269011,2.440209943873988e-13
2733442-76-5,O=C(O)C1=CC=C(SC2=CC=C(N)C=C2)C=C1C(=O)O,185.83267654192585,304.92236933333334,0.53253,-0.66267,240.84800000000007,5.583859699168667,-7.332924043274,-0.6925297495225,6.6403942937515,2.424852566394984,0,1,2.8164000000000007,3,4,ok,False,9.814332540945946,1.2728016727997231,1.2728016727997231,7.319687102796155,12.308977979095737,18.18,0.5,1.0,1.636494772724347e-12,2.878174784431046e-13,11.087134213745669,1.1597102081653548,2.4824485263151033,0.4671638488661053,True,0.8039308172617802,2.313853406669899e-13
176796-67-1,O=C(O)C1=CC=C(C=C1C(=O)O)CC(N)C(=O)O,188.49868123604745,219.065402,0.53183,-0.66635,213.13600000000005,4.096998943128982,-8.622199466943,-0.6446377118345,7.9775617551085,2.691118976389704,0,1,0.0373999999999999,4,4,ok,False,9.762961333569526,1.2728016727997231,1.2728016727997231,7.268315895419735,12.257606771719317,18.18,0.5,1.0,1.2275845189175474e-12,2.1474474519387614e-13,11.03576300636925,1.0610341212469163,2.4824485263151033,0.427414349179636,True,0.8330321635261531,1.788892796947271e-13
2580116-81-8,O=C(O)C1=CC=C(C#CC(N)CO)C=C1C(=O)O,186.7707927108026,241.249872,0.53277,-0.66212,215.99200000000005,2.359442359965592,-8.291309024735002,-0.9777050648465,7.313603959888502,2.9368086740839257,0,1,-0.2459000000000002,4,4,ok,False,9.753803519059431,1.2728016727997231,1.2728016727997231,7.25915808090964,12.248448957209224,18.18,0.5,1.0,1.1660560135731011e-12,2.0378685519405617e-13,11.026605191859154,1.0703975526113227,2.4824485263151033,0.4311862023581207,True,0.830338739887123,1.6921212054739221e-13
3016-76-0,O=C(O)C1=CC=C(C=C1C(=O)O)C(C2=CC=C(C(=O)O)C(=C2)C(=O)O)(C(F)(F)F)C(F)(F)F,185.5253070014132,342.0830946666667,0.53374,-0.65799,345.3520000000001,5.21972360666731,-8.9533620230015,-0.9673647385275,7.985997284473999,3.0810434805763967,0,1,3.890100000000001,4,4,ok,False,9.740171107927843,1.2728016727997231,1.2728016727997231,7.2455256697780515,12.234816546077635,18.18,0.5,1.0,1.0800277412684855e-12,1.8848443240519686e-13,11.012972780727566,1.0761181652105642,2.4824485263151033,0.433490625808839,True,0.8286858695117628,1.5619438575713163e-13
1005516-15-3,O=C(O)C=1C=CC=C(OCCCC=2C=CC=CC2)C1C(=O)O,181.2258705850657,301.388196,0.53618,-0.66046,268.38400000000007,5.205075282836935,-7.984908829071999,-0.6658625921735,7.319046236898499,2.5562021252631864,1,0,3.0946000000000016,2,3,ok,False,9.728654039439942,1.2728016727997231,1.2728016727997231,7.23400860129015,12.223299477589734,18.18,0.5,1.0,1.0122249751713295e-12,1.7644026164785791e-13,11.001455712239665,0.9486244283343133,2.4824485263151033,0.382132567212756,True,0.8641358412006009,1.5246835392072583e-13
1243386-96-0,O=C(O)C=1C=CC=C(OC2CC2)C1C(=O)O,180.76399843257056,200.4018643333333,0.53614,-0.65858,189.59200000000004,4.842351876929226,-8.118788843518,-0.6797403985489999,7.439048444969001,2.6016135462816816,1,0,1.6242,2,3,ok,False,9.727569342906033,1.2728016727997231,1.2728016727997231,7.232923904756242,12.222214781055825,18.18,0.5,1.0,1.0060586414074747e-12,1.753456523670512e-13,11.000371015705756,0.9896926560423254,2.4824485263151033,0.39867600296687933,True,0.8530453604609722,1.4957779522871552e-13
1389368-64-2,O=C(O)C1=CC=C(C=C1C(=O)O)C(N)CC(=O)O,188.2996215567169,218.33807666666667,0.53191,-0.6665,213.0240000000001,3.863259020567997,-8.661111747564501,-0.670488527632,7.990623219932501,2.724404633384246,0,1,0.5575000000000001,4,4,ok,False,9.730379807809816,1.2728016727997231,1.2728016727997231,7.235734369660025,12.225025245959607,18.18,0.5,1.0,1.0221121971922897e-12,1.7819564546316647e-13,11.00318148060954,1.0600525991758931,2.4824485263151033,0.4270189645178319,True,0.8333136341795654,1.4849286091588465e-13
1344889-47-9,O=C(O)C1=CC=C2OCC(=O)C2=C1C(=O)O,176.45613562050832,193.102466,0.53695,-0.64662,173.70400000000004,3.7842745500293713,-8.524782708464,-1.163558824738,7.361223883726001,3.1877838232674485,1,1,0.6580999999999999,2,4,ok,False,9.736728758918035,1.2728016727997231,1.2728016727997231,7.242083320768244,12.231374197067826,18.18,0.5,1.0,1.059308446651761e-12,1.8480237442666563e-13,11.009530431717758,1.1997949839335322,2.4824485263151033,0.483311122553056,True,0.7916866248333295,1.4630556807103212e-13
1780469-46-6,O=C(O)C1=CC=2C=NNC2C=C1C(=O)O,186.0144382467396,189.45640566666668,0.53161,-0.66652,164.22400000000005,1.990281688605912,-8.100285101684,-0.52245859296,7.577826508724,2.452936496300264,0,2,0.9593,3,3,ok,False,9.714552730851551,1.2728016727997231,1.2728016727997231,7.21990729270176,12.209198169001343,18.18,0.5,1.0,9.34874860928224e-13,1.627190208132764e-13,10.987354403651274,1.1312296799764643,2.4824485263151033,0.4556910920749841,True,0.8124878072141607,1.322072204126143e-13
2616551-92-7,O=C(O)C=1C=C2C(=CC1C(=O)O)CC(O)C2,185.87682749129945,203.39811566666663,0.53091,-0.67054,187.40800000000004,2.758954533876918,-8.447502374922,-0.5839563231730001,7.863546051748999,2.5932081302319627,0,2,0.5425,3,3,ok,False,9.713050900721498,1.2728016727997231,1.2728016727997231,7.218405462571707,12.20769633887129,18.18,0.5,1.0,9.269867738363112e-13,1.6132092906846047e-13,10.985852573521221,1.1223688277923531,2.4824485263151033,0.45212169190809964,True,0.8151248198369582,1.3149669324285955e-13
194360-94-6,O=C(O)C=1C=CC=C(OCCCCC)C1C(=O)O,181.125305254576,237.56034366666668,0.53623,-0.66062,231.08800000000005,5.443605215296201,-8.02191631274,-0.6661347060239999,7.355781606716,2.565404825087831,1,0,2.652,2,3,ok,False,9.68752780014355,1.2728016727997231,1.2728016727997231,7.192882361993759,12.182173238293341,18.18,0.5,1.0,8.024968445878825e-13,1.392874832971075e-13,10.960329472943274,0.9612565739457398,2.4824485263151033,0.38722115031025833,True,0.8607594317334887,1.1989301497040605e-13
1344425-44-0,O=C(O)C1=CC=C(C=C1C(=O)O)C(N)CO,188.4605038744089,202.6438263333333,0.53207,-0.66611,193.59200000000004,2.8120217388917887,-8.4085900943005,-0.6634135675189999,7.7451765267815,2.65653242877947,0,1,0.0751,4,4,ok,False,9.673675043605567,1.2728016727997231,1.2728016727997231,7.179029605455775,12.168320481755359,18.18,0.5,1.0,7.419570410425768e-13,1.2859538895609904e-13,10.94647671640529,1.059676712159532,2.4824485263151033,0.4268675466687299,True,0.8334213833138304,1.0717414695157214e-13
769138-06-9,O=C(O)C1=CC=C(C=C1C(=O)O)NC(=S)N,188.6026688574713,227.8703646666667,0.53235,-0.66386,191.42400000000004,8.362571279815796,-7.583268785734,-0.770082196915,6.813186588819,2.560419846486929,0,1,0.7384999999999999,4,3,ok,False,9.665170928474232,1.2728016727997231,1.2728016727997231,7.170525490324441,12.159816366624025,18.18,0.5,1.0,7.070363106591449e-13,1.224353563210329e-13,10.937972601273955,1.0239902237760852,2.4824485263151033,0.41249202669111357,True,0.843538552974609,1.0327894330397474e-13
373600-09-0,O=C(O)C1=CC(S)=C(S)C=C1C(=O)O,186.99457524182344,208.64197733333336,0.53351,-0.65936,175.39200000000005,0.984905112180864,-7.995249155391001,-0.8813767617695001,7.1138723936215005,2.7690434728578657,0,2,1.6604,4,4,ok,False,9.645775236284836,1.2728016727997231,1.2728016727997231,7.151129798135044,12.140420674434626,18.18,0.5,1.0,6.333131257755981e-13,1.0944972584756846e-13,10.918576909084559,1.0447349295388482,2.4824485263151033,0.4208485769046868,True,0.8376846812371707,9.16843587081161e-14
1389861-03-3,O=C(O)C1=CC=C(C=C1C(=O)O)C(N)CN,188.60946396657744,209.09525633333337,0.53156,-0.66684,196.92800000000005,1.9227427337010008,-8.272805282901,-0.6756586907915001,7.5971465921095005,2.635035618887477,0,1,0.0415000000000002,4,4,ok,False,9.648532069859215,1.2728016727997231,1.2728016727997231,7.153886631709423,12.143177508009007,18.18,0.5,1.0,6.433124387966002e-13,1.1120941264561847e-13,10.921333742658938,1.0917036595567038,2.4824485263151033,0.43976890073817837,True,0.8241549784977535,9.165379108769749e-14
2577934-20-2,O=C(O)C=1C=CC=C(C#CCCCCl)C1C(=O)O,179.6534519571836,250.105064,0.53602,-0.65282,226.48800000000008,1.30057956696236,-8.1816471429835,-0.7066796697485,7.474967473235001,2.6422306790232803,1,0,2.4535,2,2,ok,False,9.640350225600685,1.2728016727997231,1.2728016727997231,7.145704787450893,12.134995663750477,18.18,0.5,1.0,6.140793838035487e-13,1.0606643013548795e-13,10.913151898400407,1.0116582966977463,2.4824485263151033,0.40752438005207364,True,0.8469817591987053,8.983633158808216e-14
42760-51-0,O=C(O)C1=CC=C(C(=C1C(=O)O)N(=O)=O)C,172.6061529913601,192.453904,0.53695,-0.64579,178.86400000000003,4.813653947886158,-9.1117322839925,-1.7232970152165,7.388435268775999,3.9723519136334704,1,1,1.29962,2,4,ok,False,9.712361222062178,1.2728016727997231,1.2728016727997231,7.217715783912387,12.20700666021197,18.18,0.5,1.0,9.233862745050966e-13,1.6068284845685348e-13,10.985162894861901,1.8992943823204649,2.4824485263151033,0.7650891296182238,True,0.5569045733520501,8.948501316485611e-14
1391277-41-0,O=C(O)C1=CC=C(C=C1C(=O)O)C(N)CN,188.76066260570192,209.617905,0.53176,-0.66703,197.0960000000001,2.0355470935352984,-8.3547115519015,-0.620963806841,7.733747745060499,2.6042596293948264,0,1,0.0415000000000002,4,4,ok,False,9.638742807410878,1.2728016727997231,1.2728016727997231,7.144097369261087,12.13338824556067,18.18,0.5,1.0,6.084913739260949e-13,1.0508384561263564e-13,10.911544480210601,1.1079088327954436,2.4824485263151033,0.44629679973264186,True,0.8194017046960927,8.610588223101467e-14
1344454-69-8,O=C(O)C1=CC=C(C=C1C(=O)O)C(N)CO,188.1635424509793,201.54286666666667,0.53186,-0.66595,193.35200000000003,1.9885251645377788,-8.482877175487001,-0.6830057647550001,7.799871410732001,2.692781895052257,0,1,0.0751,4,4,ok,False,9.618260872460638,1.2728016727997231,1.2728016727997231,7.123615434310847,12.11290631061043,18.18,0.5,1.0,5.415111852945774e-13,9.331978680175347e-14,10.891062545260361,1.0517870260714108,2.4824485263151033,0.42368935948600006,True,0.835677360051348,7.798523307504396e-14
2552030-06-3,O=C(O)C=1C=CC=C(C#CCCCC)C1C(=O)O,179.7798346794437,252.95929266666667,0.53617,-0.6537,228.23200000000008,3.300041383073854,-8.123414778976501,-0.7031421896919999,7.420272589284502,2.6248398217087185,1,0,2.6247000000000007,2,2,ok,False,9.603176777472605,1.2728016727997231,1.2728016727997231,7.108531339322814,12.097822215622397,18.18,0.5,1.0,4.968638349810435e-13,8.549305168944452e-14,10.875978450272328,1.008125218641887,2.4824485263151033,0.4061011569647036,True,0.8479631072923765,7.249495376248913e-14
1344389-78-1,O=C(O)C1=CC=C(C=C1C(=O)O)C(N)(C)CCO,188.31288092729716,235.84112666666667,0.53152,-0.66711,226.60000000000005,2.791467232478289,-8.51716352065,-0.6587876320605,7.858375888589499,2.678609446488372,0,1,0.6393,4,4,ok,False,9.581868784331391,1.2728016727997231,1.2728016727997231,7.0872233461816,12.076514222481183,18.18,0.5,1.0,4.398917936806234e-13,7.55249491466805e-14,10.854670457131114,1.0915571998476183,2.4824485263151033,0.43970990265320986,True,0.8241977430023744,6.224749262706316e-14
141573-91-3,O=C(O)C1=CC=C(C=C1C(=O)O)C2CCC(C(=O)O)C(C(=O)O)C2,188.3138100241487,292.9714676666667,0.5314,-0.66762,284.2320000000001,2.4567203503858552,-8.649410851993,-0.629127222356,8.020283629637,2.6835481378431183,0,1,1.7521,4,4,ok,False,9.559489834391243,1.2728016727997231,1.2728016727997231,7.064844396241452,12.054135272541036,18.18,0.5,1.0,3.869610216788872e-13,6.628531827079791e-14,10.832291507190966,1.1120669507086312,2.4824485263151033,0.4479718064323215,True,0.818175236838763,5.423300597514287e-14
2528101-78-0,O=C(O)C=1C=CC=C(C#CC(=O)C)C1C(=O)O,175.260533745725,229.679601,0.53672,-0.64668,197.14400000000003,5.793969256045461,-8.6643771137705,-1.3058743685495,7.358502745221001,3.3772466377505803,1,0,1.0235,2,3,ok,False,9.573003585654568,1.2728016727997231,1.2728016727997231,7.078358147504777,12.06764902380436,18.18,0.5,1.0,4.1812400038935496e-13,7.172250990771033e-14,10.845805258454291,1.3609064111313902,2.4824485263151033,0.5482113311535577,True,0.74042149758741,5.310488819659474e-14
59590-46-4,O=C(O)C1=CC=2C=CC=C(N)C2C=C1C(=O)O,186.8416398690403,253.680165,0.53146,-0.67076,194.88000000000005,3.763902221099799,-7.0278844168635,-0.672121210735,6.3557632061285005,2.3321387511683302,0,2,1.8184,3,3,ok,False,9.558588238027493,1.2728016727997231,1.2728016727997231,7.063942799877702,12.053233676177285,18.18,0.5,1.0,3.8496504109093986e-13,6.593733616639229e-14,10.831389910827216,1.1939402538559745,2.4824485263151033,0.48095267281462445,True,0.7934891017714216,5.2320557647870893e-14
1780805-27-7,O=C(O)C1=CC=2N=C(N(C2C=C1C(=O)O)C)C3CC3,184.27418494761827,261.6161856666667,0.52999,-0.67693,222.96800000000005,7.633540859260531,-7.867899873357,-0.4084428896005,7.459456983756501,2.295671443615734,0,2,1.8471,2,4,ok,False,9.55328217358439,1.2728016727997231,1.2728016727997231,7.058636735434599,12.047927611734181,18.18,0.5,1.0,3.734214353738289e-13,6.392546494153012e-14,10.826083846384114,1.2405093002170884,2.4824485263151033,0.4997119928438055,True,0.7790250509546439,4.979953858337481e-14
1344479-36-2,O=C(O)C1=CC=C(C=C1C(=O)O)C(N)(C(=O)O)C,187.2570999188465,219.07552866666663,0.53209,-0.66458,212.77600000000004,2.421823137638255,-8.739752650359002,-0.7442313811175,7.995521269241501,2.8123855243597524,0,1,0.3414999999999999,4,4,ok,False,9.532000785445998,1.2728016727997231,1.2728016727997231,7.037355347296207,12.02664622359579,18.18,0.5,1.0,3.3044118432101544e-13,5.644502513457617e-14,10.804802458245721,1.0699228793661661,2.4824485263151033,0.4309949906410902,True,0.8304756401072413,4.687621837950647e-14
209324-65-2,O=C(O)C1=CC=C(C(NC(=O)C)=C1C(=O)O)N(=O)=O,176.13414896229574,225.185437,0.53741,-0.6488,210.00000000000009,9.056427894595087,-8.7563515952395,-1.8087407642735,6.947610830966001,4.016530980244906,1,1,0.9496,3,5,ok,False,9.61029846633878,1.2728016727997231,1.2728016727997231,7.115653028188988,12.104943904488572,18.18,0.5,1.0,5.174739113970348e-13,8.910446274782808e-14,10.883100139138502,2.03490325267166,2.4824485263151033,0.8197161919374133,True,0.5107195652938977,4.550739248031706e-14
159113-89-0,O=C(O)C=1C=C2C=C3C=C(C(=O)O)C(=CC3=CC2=CC1C(=O)O)C(=O)O,184.9697685323048,394.16636666666665,0.53201,-0.66898,282.58400000000006,4.548705602696222,-7.383809333317499,-1.558123907963,5.825685425354499,3.431277362811416,0,2,2.7858,4,4,ok,False,9.559302917862368,1.2728016727997231,1.2728016727997231,7.064657479712577,12.05394835601216,18.18,0.5,1.0,3.8654638744153446e-13,6.621302761760831e-14,10.832104590662091,1.5787051265449619,2.4824485263151033,0.6359467718302946,True,0.6673582327877656,4.4187809098414603e-14
1344538-48-2,O=C(O)C1=CC=C2C(OCC2N)=C1C(=O)O,184.20074596582032,199.45196,0.53228,-0.66173,183.48800000000008,3.551865999724652,-7.999058749298,-0.735251624051,7.263807125247,2.6256264925053965,1,1,0.4752000000000001,3,4,ok,False,9.517873446571816,1.2728016727997231,1.2728016727997231,7.023228008422024,12.012518884721608,18.18,0.5,1.0,3.046318158770429e-13,5.196150493477957e-14,10.790675119371539,1.249683325969998,2.4824485263151033,0.503407548121452,True,0.7761424861313508,4.032953162320627e-14
18959-88-1,O=C(O)C1=CC=C(OC2=CC=C(OC3=CC=C(C(=O)O)C(=C3)C(=O)O)C=C2)C=C1C(=O)O,187.7381999650501,413.1078933333333,0.53315,-0.66064,354.8160000000001,0.3931307161746586,-8.3155271574295,-0.611167708223,7.7043594492065,2.5857399875298475,0,1,4.064000000000002,4,6,ok,False,9.494681587978574,1.2728016727997231,1.2728016727997231,7.000036149828783,11.989327026128365,18.18,0.5,1.0,2.6648986053717334e-13,4.534849639343674e-14,10.767483260778297,1.0249134102830468,2.4824485263151033,0.4128639121490296,True,0.8432796787780136,3.824146547172324e-14
1344567-53-8,O=C(O)C1=CC=C(C=C1C(=O)O)CC(N)CC(=O)O,188.12861622217943,236.42640733333332,0.53166,-0.66659,229.92000000000004,4.130200282068655,-8.436617820901999,-0.66940007223,7.767217748671999,2.6688952387171487,0,1,0.4274999999999998,4,4,ok,False,9.496625555156639,1.2728016727997231,1.2728016727997231,7.001980117006847,11.99127099330643,18.18,0.5,1.0,2.694980835294464e-13,4.5869462508277237e-14,10.769427227956362,1.0768616976645058,2.4824485263151033,0.4337901415675989,True,0.8284706344988929,3.800150270835562e-14
1243151-51-0,O=C(O)C=1C=C2C=CC(N)=CC2=CC1C(=O)O,187.43922864521124,260.5179626666667,0.53057,-0.67226,194.41600000000005,5.6002167868753086,-7.116865645977,-0.5336152608304999,6.5832503851465,2.222680844613037,0,2,1.8184,3,3,ok,False,9.498518553774664,1.2728016727997231,1.2728016727997231,7.003873115624873,11.993163991924455,18.18,0.5,1.0,2.724594649337778e-13,4.638241994095836e-14,10.771320226574387,1.312832404998159,2.4824485263151033,0.5288457710528649,True,0.7560272567423753,3.5066373709035596e-14
1344902-26-6,O=C(O)C1=CC=C2C(=O)CCC2=C1C(=O)O,175.8867159129789,202.562256,0.5342,-0.65595,181.88000000000005,4.479006858668559,-8.883972991124,-1.35512697549,7.528846015634,3.4812495802348526,1,1,1.2119,2,3,ok,False,9.522136405040152,1.2728016727997231,1.2728016727997231,7.027490966890361,12.016781843189943,18.18,0.5,1.0,3.1220392887202247e-13,5.327621267791874e-14,10.794938077839875,1.6184025007989384,2.4824485263151033,0.6519379893049636,True,0.6537546558305724,3.482957208320914e-14
706811-16-7,O=C(O)C1=CC(O)=C(C=C1C(=O)O)C,185.4321122513718,176.57671466666667,0.5312,-0.66596,164.25600000000003,2.4781998890323598,-8.13620412995,-0.5254518453155,7.610752284634501,2.464417492122315,0,2,1.09702,3,3,ok,False,9.475123937761198,1.2728016727997231,1.2728016727997231,6.980478499611407,11.969769375910989,18.18,0.5,1.0,2.3800140419021486e-13,4.042031758400686e-14,10.747925610560921,1.1393793063740358,2.4824485263151033,0.45897399051625354,True,0.8100517666037588,3.2742549665609735e-14
52060-73-8,O=C(O)C1=CC(OC)=C(C(=O)O)C(=C1)C(=O)O,180.97884498691036,199.43462866666667,0.53776,-0.65212,191.67200000000005,3.407548237369502,-8.3013772372035,-1.0642372693055,7.237139967898,3.0300206806007184,1,1,0.7898000000000001,3,4,ok,False,9.48621244633446,1.2728016727997231,1.2728016727997231,6.991567008184668,11.980857884484251,18.18,0.5,1.0,2.537643138153314e-13,4.3145874695763854e-14,10.759014119134182,1.4636178325801832,2.4824485263151033,0.589586376944036,True,0.7063728280090912,3.04770735257726e-14
91066-04-5,O=C(O)C1=CC(OC)=C(OCC)C(Br)=C1C(=O)O,178.78947814340748,240.198212,0.53744,-0.65027,225.48000000000005,5.5902106847595645,-8.194980721658,-0.7398775595095,7.4551031621485,2.6770820861968,1,2,2.2528,2,4,ok,False,9.447621404803872,1.2728016727997231,1.2728016727997231,6.952975966654081,11.942266842953664,18.18,0.5,1.0,2.0293714054037613e-13,3.436942572935606e-14,10.720423077603595,0.9577879729140019,2.4824485263151033,0.3858239003794061,True,0.8616896722706628,2.961577919285971e-14
1574606-20-4,O=C(O)C1=CC(=CC(Cl)=C1C(=O)O)C,178.1762608873201,181.23421666666664,0.53703,-0.65007,170.45600000000005,3.553044490292797,-8.6257369469995,-0.7578370736425,7.867899873357,2.797807001174334,1,1,2.0448200000000005,2,2,ok,False,9.437900498677502,1.2728016727997231,1.2728016727997231,6.943255060527711,11.932545936827292,18.18,0.5,1.0,1.917999231743554e-13,3.245132480096359e-14,10.710702171477225,0.9458539315200651,2.4824485263151033,0.38101653327091206,True,0.8648721394629952,2.8066246709017937e-14
10311-26-9,O=C(O)C=1C(F)=C(C(=O)O)C(C(=O)O)=C(F)C1C(=O)O,178.2126002936714,197.5532683333333,0.5387,-0.6293,204.94400000000005,4.519272641697998,-9.215951888734,-1.5616613880194998,7.654290500714499,3.7938509105582834,2,2,0.7576,4,4,ok,False,9.633639554396563,1.2728016727997231,1.2728016727997231,7.138994116246772,12.128284992546355,18.18,0.5,1.0,5.910791195450431e-13,1.020232007002268e-13,10.906441227196286,2.8401355807112667,2.4824485263151033,1.1440863931737215,False,0.27010792569793984,2.7557275114202866e-14
3807-81-6,O=C(O)C=1C=C(C=C(C(=O)O)C1C(=O)O)N(=O)=O,172.89518666727852,200.54880766666668,0.53994,-0.64257,189.99200000000005,8.13108588320158,-9.635551446205,-2.0688816053515,7.566669840853502,4.526223422578845,1,1,0.6894,3,5,ok,False,9.597951538126267,1.2728016727997231,1.2728016727997231,7.103306099976476,12.09259697627606,18.18,0.5,1.0,4.822565788638402e-13,8.293516869859796e-14,10.87075321092599,2.6215626861499723,2.4824485263151033,1.056039091389084,False,0.327843616734328,2.7189765660619985e-14
60949-00-0,O=C(O)C1=CC=2C=CC=C(O)C2C=C1C(=O)O,185.8498721719923,240.70716366666664,0.5317,-0.66935,191.24000000000004,4.4978480076587735,-7.4654434884675,-0.6838221063065,6.781621382161,2.4481803831182467,0,2,1.9418,3,3,ok,False,9.421353862457778,1.2728016727997231,1.2728016727997231,6.926708424307987,11.91599930060757,18.18,0.5,1.0,1.7420703337478067e-13,2.9425524457382896e-14,10.6941555352575,1.1169080247209302,2.4824485263151033,0.449921927033406,True,0.8167438646587121,2.403311656493236e-14
1390653-46-9,O=C(O)C1=CC=C(C=C1C(=O)O)C(N)CN,188.1725568463957,209.50567966666668,0.53191,-0.66676,197.04000000000005,1.821018022975061,-8.3465481363865,-0.6430050287315,7.703543107655,2.6225616245393697,0,1,0.0415000000000002,4,4,ok,False,9.393214247683774,1.2728016727997231,1.2728016727997231,6.898568809533983,11.887859685833565,18.18,0.5,1.0,1.4785746261640882e-13,2.490408665529043e-14,10.666015920483497,1.094775045026007,2.4824485263151033,0.4410061410824373,True,0.8232573609196383,2.0502472655948383e-14
1061606-09-4,O=C(O)C=1C=CC=C(OCC=2C=CC=C(OC)C2)C1C(=O)O,180.58549011730804,293.492432,0.53587,-0.65861,261.02400000000006,5.424565801978993,-7.768578317924501,-0.6590597459109999,7.109518572013501,2.4975349109642253,1,0,2.6706000000000003,2,4,ok,False,9.37362525833127,1.2728016727997231,1.2728016727997231,6.8789798201814785,11.868270696481062,18.18,0.5,1.0,1.3186804730629154e-13,2.2167250111717773e-14,10.646426931130993,0.9959518439873705,2.4824485263151033,0.4011973796958205,True,0.8513266874962417,1.8871571608509386e-14
99684-25-0,O=C(O)C1=CC(OC)=C(N)C=C1C(=O)O,187.19256732641023,198.0087563333333,0.53063,-0.67037,176.10400000000004,3.409948860320342,-7.3027194058685,-0.4340215915475,6.868697814321,2.178621147675816,0,2,0.6738,3,4,ok,False,9.389629425160793,1.2728016727997231,1.2728016727997231,6.894983987011002,11.884274863310583,18.18,0.5,1.0,1.4479545888974207e-13,2.4379551064218634e-14,10.662431097960516,1.265918894559687,2.4824485263151033,0.5099476912171031,True,0.771015618799529,1.8797014649833243e-14
2603990-52-7,O=C(O)C1=CC=C(C#CCNN)C=C1C(=O)O,186.16769814101792,231.35543866666669,0.53311,-0.66159,202.98400000000004,3.128526856205649,-8.164503970401999,-0.969269535481,7.195234434920999,2.8986483766211784,0,1,-0.1022000000000001,4,4,ok,False,9.37835184813428,1.2728016727997231,1.2728016727997231,6.883706409984488,11.872997286284072,18.18,0.5,1.0,1.3556317647639718e-13,2.279922945117017e-14,10.651153520934002,1.1169266950771628,2.4824485263151033,0.449929447977359,True,0.8167383371740258,1.86210047507978e-14
1072946-35-0,O=C(O)C1=CC=C(C=C1C(=O)O)B(O)O,186.2041315510129,176.42128433333335,0.53224,-0.66366,172.52000000000004,4.2603364914053445,-8.9500966567955,-0.8337568379320001,8.1163398188635,2.9484900627194097,0,1,-1.2372,4,4,ok,False,9.378553420882533,1.2728016727997231,1.2728016727997231,6.883907982732741,11.873198859032325,18.18,0.5,1.0,1.3572300179919727e-13,2.2826571398312085e-14,10.651355093682255,1.15000047949589,2.4824485263151033,0.4632524974054256,True,0.8068618004631322,1.8417888496842326e-14
2505892-30-6,O=C(O)C=1C=CC=C(C#CCBr)C1C(=O)O,178.04736277461487,231.015552,0.53674,-0.65056,197.73600000000005,4.047899370043678,-8.3579769181075,-0.834301065633,7.5236758524745,2.8077357460372694,1,0,1.8294,2,2,ok,False,9.360947592494103,1.2728016727997231,1.2728016727997231,6.866302154344312,11.855593030643895,18.18,0.5,1.0,1.2243858024763047e-13,2.0555968827336703e-14,10.633749265293826,0.9633137078388827,2.4824485263151033,0.38804982162865076,True,0.8602066188915451,1.7682380443003305e-14
75091-74-6,O=C(O)C=1C(F)=C(F)C(F)=C(Cl)C1C(=O)O,174.79803356679255,158.887355,0.53964,-0.63308,169.40000000000003,3.546312466492484,-9.0344519504505,-0.9020574144075,8.132394536043002,3.0352136114497985,2,2,2.1537,2,2,ok,False,9.418151469689544,1.2728016727997231,1.2728016727997231,6.923506031539753,11.912796907839336,18.18,0.5,1.0,1.7099004606198659e-13,2.887281185703536e-14,10.690953142489267,1.802322117502952,2.4824485263151033,0.7260259773354829,True,0.590306302648772,1.704380281440017e-14
63181-80-6,O=C(O)C=1C=CC=C(OC2=CC=C(C=C2)C)C1C(=O)O,179.9152462492374,270.451302,0.53578,-0.65709,235.2800000000001,6.33007335344544,-7.999058749298,-0.687903814064,7.311154935234001,2.5804171586345137,1,0,3.183720000000002,2,3,ok,False,9.330975075262518,1.2728016727997231,1.2728016727997231,6.836329637112727,11.82562051341231,18.18,0.5,1.0,1.0270043839808596e-13,1.7190486607807282e-14,10.603776748062241,1.0337229993257164,2.4824485263151033,0.41641266208252625,True,0.8408016431574882,1.4453789386521157e-14
1344539-61-2,O=C(O)C1=CC=C(C=C1C(=O)O)CC(N)C(=O)O,187.5322322303965,218.352311,0.53154,-0.66702,213.05600000000004,5.502052029016083,-8.6616559752655,-0.6604203151635,8.001235660102001,2.715240184647638,0,1,0.0373999999999999,4,4,ok,False,9.268054215972139,1.2728016727997231,1.2728016727997231,6.773408777822348,11.762699654121931,18.18,0.5,1.0,7.088101683961566e-14,1.1790186556318592e-14,10.540855888771862,1.10355998924,2.4824485263151033,0.4445449633866537,True,0.8206814686998366,9.675987619284611e-15
1785448-67-0,O=C(O)C1=CC=2N=C(NC2C=C1C(=O)O)CC,186.641812636176,225.50308733333333,0.53033,-0.67435,197.31200000000004,6.921433503256388,-8.1250474620795,-0.411436141956,7.7136113201235,2.36178455517513,0,2,1.5217,3,3,ok,False,9.279777067240401,1.2728016727997231,1.2728016727997231,6.78513162909061,11.774422505390191,18.18,0.5,1.0,7.596490893534244e-14,1.2650575016282675e-14,10.552578740040124,1.28642514337795,2.4824485263151033,0.5182081842750205,True,0.7644950547433188,9.671302039607485e-15
2578360-07-1,N#CCCC#CC1=CC=CC(C(=O)O)=C1C(=O)O,178.7236982150851,236.288075,0.53589,-0.65234,212.36000000000004,3.7963710645825968,-8.262464956582,-0.7099450359545,7.552519920627501,2.66481061686098,1,0,1.7382800000000005,2,3,ok,False,9.240097548858582,1.2728016727997231,1.2728016727997231,6.745452110708791,11.734742987008374,18.18,0.5,1.0,6.006777437647112e-14,9.963836575609897e-15,10.512899221658305,0.9994277219868242,2.4824485263151033,0.4025975609936834,True,0.8503690934848595,8.472938676432675e-15
220596-15-6,O=C(O)C1=C(F)C(F)=C(SSC2=C(F)C(F)=C(C(=O)O)C(C(=O)O)=C2F)C(F)=C1C(=O)O,177.36569909985175,351.70810200000005,0.53804,-0.63045,334.33600000000007,4.661840628979074,-8.9288717764565,-1.712684575047,7.2161872014095,3.9232186756499807,2,2,4.1134,4,6,ok,False,9.429437064774643,1.2728016727997231,1.2728016727997231,6.934791626624851,11.924082502924435,18.18,0.5,1.0,1.8259378842785592e-13,3.086731021661872e-14,10.702238737574366,2.8600281929332163,2.4824485263151033,1.152099696173191,False,0.2651833753314877,8.185497510647069e-15
856806-77-4,O=C(O)C1=CC=C(OC)C(Cl)=C1C(=O)O,178.74966893797964,191.04328633333333,0.53619,-0.64818,178.89600000000004,4.436750897898145,-8.2300834083725,-0.580690956967,7.6493924514055,2.5371212619199577,1,1,1.745,2,3,ok,False,9.223672786674788,1.2728016727997231,1.2728016727997231,6.729027348524997,11.718318224824579,18.18,0.5,1.0,5.448920107318693e-14,9.023782335432375e-15,10.496474459474511,1.0237530127292653,2.4824485263151033,0.41239647141804137,True,0.8436050453669011,7.612508306463469e-15
343968-68-3,O=C(O)C1=CC(=CC(Br)=C1C(=O)O)C(C)(C)C,177.47814848562007,244.1046183333333,0.53638,-0.64732,224.72000000000008,2.68534457565505,-8.581382389367999,-0.7436871534165,7.837695235951498,2.773676423998213,1,1,3.1430000000000016,2,2,ok,False,9.200040820404663,1.2728016727997231,1.2728016727997231,6.7053953822548715,11.694686258554455,18.18,0.5,1.0,4.734559738946667e-14,7.822446462930426e-15,10.472842493204386,0.9780931664285069,2.4824485263151033,0.3940034027131949,True,0.8562107915457804,6.69766307785015e-15
863962-12-3,O=C(O)C1=CC(OC2=CC=CC(N)=C2)=C(OC3=CC=CC(N)=C3)C=C1C(=O)O,188.2920321479965,393.69675466666666,0.53323,-0.66053,322.6640000000001,7.0337589665839415,-7.2085680135954995,-0.6446377118345,6.563930301760999,2.348929579179896,0,2,3.8320000000000007,4,6,ok,False,9.206791468124225,1.2728016727997231,1.2728016727997231,6.712146029974433,11.701436906274015,18.18,0.5,1.0,4.928656386084154e-14,8.148568185640984e-15,10.479593140923948,1.1049273968497386,2.4824485263151033,0.44509579358322915,True,0.8202793996611443,6.684102619415486e-15
57296-46-5,O=C(O)C1=CC(OC)=C(Cl)C(Cl)=C1C(=O)O,176.89507840873162,205.21972266666663,0.5389,-0.64731,194.08000000000004,4.121956647030631,-8.3302213053565,-0.9303572548595,7.399864050497001,2.897293608528268,1,2,2.3984,2,3,ok,False,9.200272743781309,1.2728016727997231,1.2728016727997231,6.705627305631517,11.6949181819311,18.18,0.5,1.0,4.74110169603758e-14,7.833434598192496e-15,10.473074416581031,1.0353320183991672,2.4824485263151033,0.4170608201637088,True,0.8403475457983304,6.582807539762794e-15
1026786-41-3,O=C(O)C=1C=C(C=C)C=2C=CC=CC2C1C(=O)O,178.1640907978078,272.7613503333334,0.53573,-0.65617,209.72800000000004,3.042593517050873,-7.567486182405,-1.071040115568,6.4964460668370005,2.87172924369032,1,2,2.879200000000001,2,2,ok,False,9.194786405946196,1.2728016727997231,1.2728016727997231,6.700140967796405,11.689431844095989,18.18,0.5,1.0,4.5887011812548084e-14,7.577524720570714e-15,10.46758807874592,1.153528732849595,2.4824485263151033,0.46467377696723877,True,0.8057983781066437,6.10595712989888e-15
100578-69-6,O=C(O)C=1C=CC=2C=3C=CC=CC3C=CC2C1C(=O)O,178.50095470668674,312.15262,0.53592,-0.65638,225.59200000000004,3.628482935057019,-7.6080311461295,-0.998113603634,6.6099175424955,2.801310567707897,1,1,3.389400000000002,2,2,ok,False,9.183072687583191,1.2728016727997231,1.2728016727997231,6.6884272494334,11.677718125732984,18.18,0.5,1.0,4.279249819371666e-14,7.058348598999369e-15,10.455874360382914,1.1116785181797324,2.4824485263151033,0.4478153348983577,True,0.8182899245621661,5.7757755426086646e-15
351892-64-3,O=C(O)C1=CC=C(OCOC2=CC=C(C(=O)O)C(=C2)C(=O)O)C=C1C(=O)O,187.25043926261293,331.534419,0.53286,-0.66077,300.12000000000006,6.286397612305477,-8.3356635823665,-0.5812351846680001,7.7544283976985,2.563408917578635,0,1,1.8947,4,6,ok,False,9.173718054603397,1.2728016727997231,1.2728016727997231,6.679072616453605,11.668363492753187,18.18,0.5,1.0,4.046935165680198e-14,6.669005933468961e-15,10.44651972740312,1.0635909882241765,2.4824485263151033,0.4284443270221396,True,0.8322981563515348,5.550601343123663e-15
1010100-13-6,O=C(O)C1=CC=C(C=C1C(=O)O)NCC=2OC=CC2,186.1249479640881,258.33662166666664,0.53161,-0.66461,221.31200000000004,6.29255899773693,-7.351427785108,-0.386945895411,6.964481889697,2.1495650418711354,0,1,2.2881,3,4,ok,False,9.152324313397983,1.2728016727997231,1.2728016727997231,6.657678875248192,11.646969751547775,18.18,0.5,1.0,3.561231645493226e-14,5.856258158966041e-15,10.425125986197706,1.1998723861285019,2.4824485263151033,0.483342302331468,True,0.7916627637267041,4.636181519224116e-15
2539389-74-5,O=C(O)C=1C=CC=C(C#CCSC)C1C(=O)O,178.8661408675781,248.47249666666667,0.536,-0.65217,213.1680000000001,2.9229542538329265,-7.860552799393501,-0.723278614629,7.137274184764501,2.580892923437224,1,0,1.7975,2,3,ok,False,9.118778488205258,1.2728016727997231,1.2728016727997231,6.624133050055467,11.61342392635505,18.18,0.5,1.0,2.912669712377919e-14,4.773977174547073e-15,10.391580161004981,1.0202371938562742,2.4824485263151033,0.4109802008143524,True,0.8445893674151692,4.03205036190517e-15
1061606-12-9,O=C(O)C=1C=CC=C(OCC2=CC=C3OCOC3=C2)C1C(=O)O,180.44943349315,292.901208,0.53594,-0.65913,259.87200000000007,5.032601098835472,-7.559866994591,-0.649263647293,6.910603347298,2.437913974684561,1,0,2.3907,2,5,ok,False,9.118471287931687,1.2728016727997231,1.2728016727997231,6.623825849781896,11.61311672608148,18.18,0.5,1.0,2.9073031902614717e-14,4.765037690697697e-15,10.39127296073141,1.0197162627112426,2.4824485263151033,0.4107703551158376,True,0.8447350216557621,4.025194216842042e-15
77764-01-3,O=C(O)C=1C=CC=C(OCCC)C1C(=O)O,179.94287850109973,204.7475793333333,0.53586,-0.65969,197.47200000000004,4.845161745494158,-8.08178135985,-0.6462703949375,7.4355109649125,2.56131985393238,1,0,1.8718,2,3,ok,False,9.119205381680592,1.2728016727997231,1.2728016727997231,6.624559943530801,11.613850819830382,18.18,0.5,1.0,2.920143344126555e-14,4.7864271170319366e-15,10.392007054480315,1.054717537937775,2.4824485263151033,0.4248698519857636,True,0.8348406663129369,3.995904003641251e-15
916849-61-1,O=C(O)C1=CC=C(OC2=CC=C(O)C(N)=C2)C=C1C(=O)O,188.6832591933836,278.49424400000004,0.53281,-0.66093,239.8400000000001,4.229085987539151,-7.149519308036999,-0.5444998148505,6.605019493186499,2.240641769658098,0,1,2.1631,4,5,ok,False,9.11675222459521,1.2728016727997231,1.2728016727997231,6.622106786445419,11.611397662745002,18.18,0.5,1.0,2.877451565500017e-14,4.715316325566873e-15,10.389553897394933,1.2003750123881645,2.4824485263151033,0.48354477430796,True,0.7915077970261767,3.732209637131002e-15
88330-43-2,O=C(O)C1=CC=2C=CN(C2C=C1C(=O)O)C,184.38474702794872,223.44776766666664,0.52953,-0.68004,185.03200000000004,5.821112224480816,-7.4594569837565,-0.3959256524775,7.063531331279,2.184000943281484,0,2,1.5746999999999998,2,3,ok,False,9.120614801232383,1.2728016727997231,1.2728016727997231,6.625969363082592,11.615260239382174,18.18,0.5,1.0,2.9449522039730715e-14,4.827758776372369e-15,10.393416474032106,1.517903735659628,2.4824485263151033,0.6114542636309055,True,0.6880620084752304,3.3217974001046926e-15
110978-92-2,O=C(O)C1=CC(O)=CC(F)=C1C(=O)O,182.31046498207763,155.0460628333333,0.53462,-0.65617,152.45600000000005,4.01041409707277,-8.411039118955,-0.705863328197,7.705175790757999,2.696820698451233,1,1,0.9277,3,3,ok,False,9.082354480631903,1.2728016727997231,1.2728016727997231,6.587709042482111,11.576999918781695,18.18,0.5,1.0,2.3396729422013326e-14,3.821163310191192e-15,10.355156153431626,1.4609961682790567,2.4824485263151033,0.5885302969192799,True,0.707252233787985,2.7025262868014112e-15
2503826-47-7,O=C(O)C=1C=CC=C(C#CCCCC#C)C1C(=O)O,178.566610190377,261.88851033333333,0.53656,-0.65382,234.06400000000005,2.5862933669636163,-8.168313564309,-0.7328025993964999,7.435510964912501,2.663901288480975,1,0,2.238,2,2,ok,False,9.053299647343803,1.2728016727997231,1.2728016727997231,6.558654209194011,11.547945085493595,18.18,0.5,1.0,1.9634313536892756e-14,3.197603059849789e-15,10.326101320143525,1.0399094281803676,2.4824485263151033,0.41890472940600637,True,0.8390531944508729,2.682959061952851e-15
916849-62-2,O=C(O)C1=CC=C(OC2=CC=C(N)C(O)=C2)C=C1C(=O)O,188.2812605321749,277.2943413333333,0.53307,-0.66129,239.20000000000005,5.96352822245355,-7.307345341327,-0.579602501565,6.7277428397620005,2.311471609351053,0,1,2.1631,4,5,ok,False,9.055971630281192,1.2728016727997231,1.2728016727997231,6.561326192131401,11.550617068430984,18.18,0.5,1.0,1.9953866669551475e-14,3.2504914012710808e-15,10.328773303080915,1.1342046215969472,2.4824485263151033,0.45688948212776753,True,0.8115997339181992,2.6380979563750035e-15
691376-11-1,O=C(O)C1=CC(=C2C=CC=CC2=C1C(=O)O)C,178.4866035704159,249.456161,0.53554,-0.65836,198.73600000000005,3.4644439799194333,-7.707352701562,-0.9826031141555,6.7247495874065,2.807365950865317,1,2,2.54462,2,2,ok,False,9.054227726315165,1.2728016727997231,1.2728016727997231,6.559582288165374,11.548873164464958,18.18,0.5,1.0,1.9744731654893586e-14,3.215876444631966e-15,10.327029399114888,1.1576637968335262,2.4824485263151033,0.466339496896614,True,0.8045497085205914,2.587332456166884e-15
637341-52-7,O=C(O)C1=CC=2C=CC=CC2C(Cl)=C1C(=O)O,176.88474551167195,246.15778433333327,0.53703,-0.64994,197.33600000000004,3.242178691867553,-7.897288169210999,-1.0326720626475,6.864616106563499,2.904175139026642,1,2,2.8896000000000006,2,2,ok,False,9.030844644912836,1.2728016727997231,1.2728016727997231,6.536199206763045,11.525490083062628,18.18,0.5,1.0,1.7140317192418008e-14,2.7853391087446334e-15,10.303646317712559,1.057957498896466,2.4824485263151033,0.42617499927254354,True,0.8339138911253698,2.322732974276907e-15
116-69-8,O=C(O)C=1C=CC=C(Br)C1C(=O)O,176.64985705900244,172.6130146666667,0.53785,-0.64726,158.62400000000002,2.104034004002787,-8.68587410796,-0.8209674869585,7.8649066210015,2.8728897069652595,1,0,1.8455,2,2,ok,False,9.014192358091588,1.2728016727997231,1.2728016727997231,6.519546919941797,11.50883779624138,18.18,0.5,1.0,1.549464994864209e-14,2.513842353314703e-15,10.28699403089131,1.0631011705433415,2.4824485263151033,0.4282470147010007,True,0.8324388563918896,2.092620053742788e-15
42200-15-7,O=C(O)C1=CC=2C=C(C(=O)O)C(=CC2C=C1C(=O)O)C(=O)O,184.5509803531571,287.58272199999993,0.53303,-0.66326,238.49600000000007,0.0043840620433565,-8.1952528355085,-1.188049071283,7.007203764225499,3.141279946913628,0,2,1.6326,4,4,ok,False,9.0139674133292,1.2728016727997231,1.2728016727997231,6.519321975179408,11.50861285147899,18.18,0.5,1.0,1.5473519340451042e-14,2.510359290106184e-15,10.286769086128922,1.2631621040657215,2.4824485263151033,0.5088371785660886,True,0.7718884190668012,1.9377172637297197e-15
28749-88-4,O=C(O)C1=C(F)C(F)=C(O)C(F)=C1C(=O)O,179.45969092884204,152.5542204,0.53675,-0.64017,162.61600000000004,0.6006952638401605,-8.683152969455,-0.7839600032905,7.8991929661645,2.8365628116262074,2,2,1.2059,3,3,ok,False,9.029964938576242,1.2728016727997231,1.2728016727997231,6.535319500426451,11.524610376726034,18.18,0.5,1.0,1.7049233598187516e-14,2.7703007614955035e-15,10.302766611375965,1.643200121485539,2.4824485263151033,0.6619271674988856,True,0.6452305558844541,1.7874827003068704e-15
2733477-28-4,O=C(O)C=1C=CC=C(OO)C1C(=O)O,181.6508607359438,162.646186,0.53599,-0.65239,156.57600000000005,3.96242499487372,-8.4085900943005,-0.7088565805525,7.699733513748,2.699049055410876,1,0,0.9348,3,4,ok,False,9.000989259137764,1.2728016727997231,1.2728016727997231,6.506343820987973,11.495634697287556,18.18,0.5,1.0,1.430120575974171e-14,2.3172470373936036e-15,10.273790931937487,1.4657719153361748,2.4824485263151033,0.5904541019877407,True,0.7056499072549953,1.635165157023709e-15
1344576-54-0,O=C(O)C1=CC=C(C=C1C(=O)O)C(N)C(O)C,186.7933098826029,218.6332643333333,0.53208,-0.666,209.64800000000005,3.0041856300834677,-8.6186619868865,-0.6802846262500001,7.938377360636501,2.7231764183552736,0,1,0.4636000000000001,4,4,ok,False,8.969101645915515,1.2728016727997231,1.2728016727997231,6.474456207765724,11.463747084065307,18.18,0.5,1.0,1.1779133125842348e-14,1.9027052794015407e-15,10.241903318715238,1.117198353982785,2.4824485263151033,0.4500388798156197,True,0.8166579045057231,1.5538593063680385e-15
2474465-95-5,O=C(O)C=1C=CC=C(C#CCC(C)C)C1C(=O)O,178.39603963450142,254.6466253333333,0.536,-0.65319,227.6080000000001,3.2302256360817894,-8.138925268454999,-0.709128694403,7.429796574051999,2.6342598397331045,1,0,2.4806,2,2,ok,False,8.93344800431054,1.2728016727997231,1.2728016727997231,6.438802566160748,11.42809344246033,18.18,0.5,1.0,9.475125564355184e-15,1.5252739609104777e-15,10.206249677110263,1.0346624658643404,2.4824485263151033,0.4167911055945126,True,0.840536562907308,1.2820485325957086e-15
1630294-43-7,O=C(O)C1=CC=2NC(C)CC2C=C1C(=O)O,186.16017946395817,221.31833633333332,0.53113,-0.66668,190.77600000000004,6.046679289494358,-7.243126472609001,-0.3714354059325,6.871691066676501,2.109435364582691,0,2,1.4395,3,3,ok,False,8.928912251958058,1.2728016727997231,1.2728016727997231,6.434266813808267,11.423557690107849,18.18,0.5,1.0,9.215847891091445e-15,1.4828878224006973e-15,10.201713924757781,1.232929236674922,2.4824485263151033,0.49665853032008583,True,0.7813987502466077,1.1587266911798184e-15
1005516-14-2,O=C(O)C=1C=CC=C(OCCCC2CCCCC2)C1C(=O)O,179.52437343325423,298.842297,0.53613,-0.66013,286.83200000000005,5.19670826100523,-8.07089680583,-0.6674952752765,7.4034015305534995,2.5785274460669414,1,0,3.822300000000003,2,3,ok,False,8.911336596059654,1.2728016727997231,1.2728016727997231,6.416691157909862,11.405982034209444,18.18,0.5,1.0,8.27546758045897e-15,1.3293229604115846e-15,10.184138268859376,1.0913290166934861,2.4824485263151033,0.4396179840689116,True,0.8242643627749243,1.0957135428857307e-15
1344582-02-0,O=C(O)C1=CC=C(C=C1C(=O)O)C(N)(C)CO,187.02043457154048,219.781102,0.53159,-0.66721,209.84800000000004,3.222277346846482,-8.426821722284,-0.6797403985489999,7.747081323735,2.6761521596048228,0,1,0.2492000000000002,4,4,ok,False,8.888781884729024,1.2728016727997231,1.2728016727997231,6.394136446579233,11.383427322878816,18.18,0.5,1.0,7.205903702777959e-15,1.155007668054558e-15,10.161583557528747,1.1414595106950813,2.4824485263151033,0.45981195525106855,True,0.8094283394910387,9.348959388528176e-16
1390993-56-2,O=C(O)C1=CC=C(C=C1C(=O)O)C(N)C(O)C,186.51542270711613,219.6886956666667,0.53212,-0.66538,209.52800000000005,3.075905538211471,-8.525599050015499,-0.7077681251504999,7.817830924864999,2.726301905566765,0,1,0.4636000000000001,4,4,ok,False,8.873297475765696,1.2728016727997231,1.2728016727997231,6.378652037615905,11.367942913915488,18.18,0.5,1.0,6.551604381200297e-15,1.0485732910562806e-15,10.146099148565419,1.1254703676627051,2.4824485263151033,0.45337107929215786,True,0.8142031813907145,8.537517094993553e-16
2417932-11-5,O=C(O)C=1C=C(F)C=C(Br)C1C(=O)O,175.28798832968715,170.82686233333334,0.53959,-0.6449,163.51200000000003,3.1031697504326123,-8.8036994052265,-0.960561892265,7.8431375129614995,3.0389878581158056,1,1,1.9846000000000004,2,2,ok,False,8.87165750456695,1.2728016727997231,1.2728016727997231,6.3770120664171595,11.366302942716743,18.18,0.5,1.0,6.485829214488784e-15,1.0378828725013443e-15,10.144459177366674,1.2855205214699268,2.4824485263151033,0.5178437771590485,True,0.7647837402973885,7.937559452221757e-16
3096-67-1,O=C(O)C1=CC=C(C=C1C(=O)O)NO,187.7381974756645,176.41915866666668,0.53239,-0.66269,160.17600000000004,4.183223453271412,-7.804769460041,-0.5118461527905,7.292923307250501,2.3710003635589074,0,1,0.8840999999999999,4,4,ok,False,8.821359624610327,1.2728016727997231,1.2728016727997231,6.326714186460536,11.31600506276012,18.18,0.5,1.0,4.755761605887327e-15,7.573791813519907e-16,10.09416129741005,1.1132702903276515,2.4824485263151033,0.4484565454334586,True,0.8178197892898043,6.193996825057695e-16
857171-36-9,O=C(O)C=1C=C(C(C(=O)O)=C(O)C1C(=O)O)C,182.4888223271762,204.51686000000004,0.5372,-0.65604,189.20000000000005,4.38021083168379,-8.242328531645,-1.316486808719,6.925841722926,3.2981893886168736,1,2,0.79522,4,4,ok,False,8.814708144915318,1.2728016727997231,1.2728016727997231,6.320062706765527,11.30935358306511,18.18,0.5,1.0,4.564057472356164e-15,7.263881901285992e-16,10.087509817715041,1.3063985220623369,2.4824485263151033,0.5262540222743424,True,0.7580974830818198,5.506730586768494e-16
75091-75-7,O=C(O)C=1C(F)=C(F)C(F)=C(Br)C1C(=O)O,173.70270392983764,168.55227633333334,0.5396,-0.63187,173.82400000000004,3.6460496705338503,-8.932409256513,-0.8974314789490001,8.034977777564,3.006410582564256,2,2,2.2628000000000004,2,2,ok,False,8.853676066202283,1.2728016727997231,1.2728016727997231,6.3590306280524915,11.348321504352075,18.18,0.5,1.0,5.805917500340206e-15,9.274822245173877e-16,10.126477739002006,1.9848910943713403,2.4824485263151033,0.7995698896998572,True,0.5276553215619713,4.893909314207346e-16
1399179-78-2,O=C(O)C1=CC(=C2C=CC=CC2=C1C(=O)O)CC,178.04968859406503,265.74482133333333,0.53523,-0.65898,214.98400000000004,3.42489798242225,-7.708985384665,-0.9755281540425,6.733457230622499,2.8002247887234777,1,2,2.7986000000000004,2,2,ok,False,8.76393539151351,1.2728016727997231,1.2728016727997231,6.269289953363718,11.258580829663302,18.18,0.5,1.0,3.3309411397196667e-15,5.275774052528665e-16,10.036737064313233,1.20291402217929,2.4824485263151033,0.4845675587742685,True,0.7907244574320185,4.17168357521965e-16
2383978-89-8,O=C(O)C=1C(F)=CC=C(OC)C1C(=O)O,177.50238830498478,169.80170866666666,0.53542,-0.64808,169.36800000000005,4.81674358981252,-8.082869815252002,-0.6914412941204999,7.391428521131502,2.6039802463067065,2,0,1.2307,2,3,ok,False,8.739911255402923,1.2728016727997231,1.2728016727997231,6.245265817253132,11.234556693552715,18.18,0.5,1.0,2.868187858500279e-15,4.5324939280588765e-16,10.012712928202646,1.04144014666097,2.4824485263151033,0.41952134580887473,True,0.8386195267400128,3.801037912900717e-16
601-97-8,O=C(O)C=1C=CC=C(O)C1C(=O)O,182.42492572506205,155.08731466666666,0.53479,-0.65864,147.39200000000002,3.851036952562257,-8.241784303944,-0.6587876320605,7.5829966718835,2.6117702610145623,1,0,0.7886,3,3,ok,False,8.761769412010707,1.2728016727997231,1.2728016727997231,6.267123973860916,11.2564148501605,18.18,0.5,1.0,3.286370865255165e-15,5.204110308381717e-16,10.03457108481043,1.4012783926515493,2.4824485263151033,0.5644742993852037,True,0.7271436452399569,3.784135739867518e-16
78324-74-0,O=C(O)C1=CC=C(Br)C(Br)=C1C(=O)O,174.7470287795245,199.20880033333333,0.53913,-0.64317,177.72800000000004,2.1710671707710936,-8.7394805365085,-0.9891338465675,7.750346689941,3.052958196613064,1,1,2.6080000000000005,2,2,ok,False,8.740707299341127,1.2728016727997231,1.2728016727997231,6.246061861191335,11.235352737490917,18.18,0.5,1.0,2.8824545904071754e-15,4.555382702144903e-16,10.01350897214085,1.3666799777040954,2.4824485263151033,0.5505370859522988,True,0.7385318256061104,3.3642951033495716e-16
61837-54-5,O=C(O)C=1C=C(C(=O)O)C(=CC1N)C(=O)O,186.17858579653569,201.493426,0.53253,-0.65822,177.56800000000004,7.985781109572188,-7.665719282435501,-0.7175642237685,6.948155058667001,2.5287087634049987,0,2,0.3633999999999999,4,4,ok,False,8.699224897802617,1.2728016727997231,1.2728016727997231,6.204579459652826,11.193870335952408,18.18,0.5,1.0,2.22457612595779e-15,3.5019167727548897e-16,9.97202657060234,1.2001704804723112,2.4824485263151033,0.4834623831068192,True,0.7915708612450875,2.772015275818205e-16
2088-87-1,O=C(O)C=1C=CC=2C=CC=CC2C1C(=O)O,177.47256104056743,230.54824266666665,0.53534,-0.65756,182.12000000000003,3.071451497256631,-7.821640518771999,-0.9934876681755,6.828152850596499,2.845077089389114,1,1,2.2362,2,2,ok,False,8.66914936053761,1.2728016727997231,1.2728016727997231,6.174503922387818,11.163794798687402,18.18,0.5,1.0,1.842414779093045e-15,2.892108453244558e-16,9.941951033337332,1.2263171220080664,2.4824485263151033,0.4939949847936573,True,0.7834633112658052,2.265860865318807e-16
2504942-49-6,O=C(O)C=1C=CC=C(C#CCCCCCC)C1C(=O)O,177.96480466401192,286.0519073333333,0.53597,-0.65355,261.4800000000001,3.200888596936794,-8.135932016099499,-0.697155684981,7.438776331118499,2.622186595683269,1,0,3.4049000000000014,2,2,ok,False,8.651819194213317,1.2728016727997231,1.2728016727997231,6.157173756063526,11.14646463236311,18.18,0.5,1.0,1.6523784312160815e-15,2.5895758188144767e-16,9.92462086701304,1.0638923866237167,2.4824485263151033,0.4285657387639522,True,0.8322115593307928,2.1550749301809104e-16
1427081-29-5,O=C(O)C1=CC(OC)=C(C=C1C(=O)O)NC,186.11410896814868,219.29316666666668,0.53095,-0.66881,192.44000000000003,5.165876000253974,-7.048020841800501,-0.379870935298,6.6681499065025,2.068548886344193,0,2,1.1333,3,4,ok,False,8.656711395262521,1.2728016727997231,1.2728016727997231,6.16206595711273,11.151356833412311,18.18,0.5,1.0,1.7039773427685356e-15,2.671669286235755e-16,9.929513068062244,1.2732884827617539,2.4824485263151033,0.512916368361441,True,0.7686779399286928,2.0536532431144614e-16
108171-24-0,O=C(O)C1=CC=C2C(C(=O)OC2(C)C)=C1C(=O)O,175.41157500862826,221.654807,0.53788,-0.64742,206.71200000000005,7.223302827654396,-9.161529118634,-0.8242328531645,8.3372962654695,2.9900413450103582,1,1,1.4885000000000002,2,4,ok,False,8.641911183373889,1.2728016727997231,1.2728016727997231,6.1472657452240975,11.136556621523681,18.18,0.5,1.0,1.552544790390097e-15,2.430854326019147e-16,9.914712856173612,1.255105936541122,2.4824485263151033,0.505591927984173,True,0.774433722274181,1.8825355640053037e-16
153356-62-8,O=C(O)C1=CC(OC)=C(OC)C(Br)=C1C(=O)O,177.04433245667593,222.97106266666665,0.53733,-0.64917,208.96800000000005,4.932105165139932,-8.209946983435499,-0.742870811865,7.467076171570499,2.6835452268793207,1,2,1.8627,2,4,ok,False,8.62102876478,1.2728016727997231,1.2728016727997231,6.126383326630209,11.115674202929792,18.18,0.5,1.0,1.3611795679775898e-15,2.127057487650511e-16,9.893830437579723,1.0461031664949991,2.4824485263151033,0.42139974118529405,True,0.8372959038552906,1.7809765216744982e-16
144328-61-0,O=C(O)C1=CC(OC)=C2C(OC3(C2)CCCCC3)=C1C(=O)O,180.63822513711543,291.7765773333333,0.53064,-0.66711,269.00800000000004,4.991830562028323,-7.880417110480001,-0.5409623347939999,7.339454775686001,2.415698234023615,1,2,2.729400000000001,2,4,ok,False,8.613426698058397,1.2728016727997231,1.2728016727997231,6.118781259908606,11.10807213620819,18.18,0.5,1.0,1.2974469186442662e-15,2.0260212723742507e-16,9.88622837085812,1.1162950441930808,2.4824485263151033,0.44967500125776494,True,0.816925311122171,1.6551080582744715e-16
2304464-21-7,O=C(O)C1=CC=C(N)C(F)=C1C(=O)O,182.43001773553732,170.39746866666664,0.53379,-0.64973,155.44800000000004,5.398504609611813,-7.6706173317444994,-0.489260703199,7.181356628545499,2.317932842956413,1,1,0.8043000000000002,3,3,ok,False,8.649567090422252,1.2728016727997231,1.2728016727997231,6.154921652272461,11.144212528572044,18.18,0.5,1.0,1.6291452199694341e-15,2.5526247674674204e-16,9.922368763221975,1.6907680876256592,2.4824485263151033,0.6810888804753593,True,0.6288377132599746,1.6051867215849872e-16
65770-15-2,O=C(O)C1=CC=C(C(Cl)=C1C(=O)O)C,178.6092670767743,182.5143853333333,0.53714,-0.66527,170.23200000000003,3.115068959108289,-8.661928089116,-0.7279045500875,7.9340235390285,2.7781918139811634,1,1,2.0448200000000005,2,2,ok,False,8.570797035148908,1.2728016727997231,1.2728016727997231,6.076151596999117,11.065442473298699,18.18,0.5,1.0,9.90884467047102e-16,1.5411547451944275e-16,9.843598707948631,1.3217366639822017,2.4824485263151033,0.5324326566980871,True,0.7531547704029863,1.160728048272382e-16
2567615-05-6,O=C(O)C=1C=CC=C(C#CCCC#CCCCC)C1C(=O)O,177.5684133725387,313.9581953333333,0.53618,-0.65282,283.66400000000004,3.1375767480652965,-8.18518462304,-0.7083123528515001,7.476872270188499,2.6446315251215737,1,0,3.408300000000001,2,2,ok,False,8.54910834092128,1.2728016727997231,1.2728016727997231,6.054462902771488,11.043753779071071,18.18,0.5,1.0,8.635327056836433e-16,1.340367065856198e-16,9.821910013721002,1.0652179534719293,2.4824485263151033,0.42909971432645067,True,0.8318305166718615,1.114958228921108e-16
1344544-18-8,O=C(O)C1=CC=C(C=C1C(=O)O)C(N)C(O)C,186.49810376613397,220.08452466666665,0.53201,-0.66626,210.01600000000005,2.8032205443025706,-8.3030099203065,-0.651440558097,7.651569362209501,2.619795350944415,0,1,0.4636000000000001,4,4,ok,False,8.539644612036133,1.2728016727997231,1.2728016727997231,6.044999173886342,11.034290050185923,18.18,0.5,1.0,8.131502813985073e-16,1.26105222453688e-16,9.812446284835856,1.1578893070228062,2.4824485263151033,0.46643033873558454,True,0.8044815382696546,1.0144932334337992e-16
1081825-97-9,O=C(O)C=1C=C(C(=O)O)C(C(=O)O)=C(O)C1C(=O)O,183.2193879787508,209.6770593333333,0.53943,-0.64935,200.5360000000001,4.459612281353616,-8.5353951486335,-1.5320009783150002,7.003394170318499,3.617976595064632,1,2,0.1849999999999999,5,5,ok,False,8.591367622448931,1.2728016727997231,1.2728016727997231,6.09672218429914,11.086013060598724,18.18,0.5,1.0,1.1286842255837445e-15,1.7588557847275404e-16,9.864169295248654,1.8900109659449733,2.4824485263151033,0.7613495087249473,True,0.5600926433200007,9.851221856867223e-17
1810726-43-2,O=C(O)C=1C=C(C=C(C1)C=2C=C(C(=O)O)C(=CC2C=3C=C(C=C(C3)C(=O)O)C(=O)O)C(=O)O)C(=O)O,191.30592287422417,466.2962196666667,0.5329,-0.66215,393.4080000000001,2.369335463795703,-8.293758049389501,-1.0734891402225,7.220268909167001,3.0381596937439093,0,2,3.2098000000000004,6,6,ok,False,8.66769085808626,1.2728016727997231,1.2728016727997231,6.173045419936469,11.162336296236052,18.18,0.5,1.0,1.825624983056045e-15,2.865359412252304e-16,9.940492530885983,2.5701925126425387,2.4824485263151033,1.0353457424785684,False,0.34234344986181947,9.809370262844892e-17
109803-51-2,O=C(O)C1=CC(Cl)=C(O)C(Cl)=C1C(=O)O,178.96866849338542,187.828857,0.53848,-0.64121,176.83200000000005,4.148937166311391,-8.543830677998999,-0.7589255290445001,7.784905148954499,2.7791370412299985,1,2,2.0954,3,3,ok,False,8.557664659696938,1.2728016727997231,1.2728016727997231,6.063019221547147,11.052310097846728,18.18,0.5,1.0,9.117233711511616e-16,1.4162969732654403e-16,9.83046633249666,1.6316260747818052,2.4824485263151033,0.6572648163640912,True,0.6492112991072442,9.194759979353144e-17
2828433-78-7,O=C(O)C1=CC=C(F)C(Br)=C1C(=O)O,175.0860107210737,171.26600800000003,0.53827,-0.64267,163.40000000000003,2.7606936610207224,-8.8069647714325,-0.788585938749,8.018378832683501,2.870735947781673,1,1,1.9846000000000004,2,2,ok,False,8.501894388715879,1.2728016727997231,1.2728016727997231,6.007248950566088,10.996539826865671,18.18,0.5,1.0,6.394289242972071e-16,9.881687828510875e-17,9.774696061515602,1.3713442717707125,2.4824485263151033,0.5524159946253985,True,0.7370029153381173,7.282832738073705e-17
1061605-90-0,O=C(O)C=1C=CC=C(OCC=2C=C(Cl)C=C(Cl)C2)C1C(=O)O,178.17255184997498,297.58274566666665,0.53631,-0.65853,266.1600000000001,3.379575658274275,-8.192803810854,-0.7045027589445,7.488301051909501,2.6428579609787923,1,0,3.9688000000000017,2,3,ok,False,8.469554868336123,1.2728016727997231,1.2728016727997231,5.974909430186332,10.964200306485914,18.18,0.5,1.0,5.200855016531337e-16,8.013321299475364e-17,9.742356541135846,1.1484048447283413,2.4824485263151033,0.46260973089863433,True,0.8073421175029135,6.469491786149638e-17
1344466-13-2,O=C(O)C1=CC=C(C=C1C(=O)O)CC(N)C(=O)O,185.818107134692,220.18497166666663,0.53223,-0.66541,212.78400000000005,3.1589313826039334,-8.4651897752045,-0.7006931650375,7.764496610167,2.705050124054737,0,1,0.0373999999999999,4,4,ok,False,8.45162039882279,1.2728016727997231,1.2728016727997231,5.956974960672999,10.946265836972582,18.18,0.5,1.0,4.636615973993656e-16,7.132126004893651e-17,9.724422071622513,1.1870888622711429,2.4824485263151033,0.4781927398241903,True,0.7955923905852335,5.67426517818845e-17
1005516-20-0,O=C(O)C=1C=CC=C(OCCCO)C1C(=O)O,182.25997464890685,209.62313333333336,0.53588,-0.66015,205.95200000000008,4.434218670746854,-8.0575632271555,-0.6576991766585,7.399864050496999,2.566121426319729,1,0,0.8442000000000001,3,4,ok,False,8.457888174065145,1.2728016727997231,1.2728016727997231,5.963242735915354,10.952533612214935,18.18,0.5,1.0,4.826593507572375e-16,7.428653100998621e-17,9.730689846864868,1.3948612043878745,2.4824485263151033,0.5618892756895864,True,0.7292639376316307,5.4174488117336783e-17
5211-66-5,O=C(O)C1=CC(OC)=C(C(=O)OC)C(OC)=C1C(=O)O,176.5090128365953,236.743971,0.53734,-0.65579,235.0480000000001,3.906685364858552,-8.276614876807999,-0.94151392273,7.335100954077999,2.8961393679806835,1,2,0.8868,2,6,ok,False,8.410504555522902,1.2728016727997231,1.2728016727997231,5.9158591173731105,10.905149993672694,18.18,0.5,1.0,3.560754682854638e-16,5.4564943432505515e-17,9.683306228322625,1.26770259939208,2.4824485263151033,0.5106662176290246,True,0.7704504109787417,4.2039583092605663e-17
675139-09-0,O=C(O)C1=CC=C(C=C1C(=O)O)CNC(=O)OC(C)(C)C,181.9216432577986,266.345892,0.5321,-0.66498,262.68000000000006,4.406165093366339,-8.744106471967001,-0.6811009678015,8.0630055041655,2.754386538517613,0,1,2.1077,3,4,ok,False,8.413948524265827,1.2728016727997231,1.2728016727997231,5.919303086116035,10.908593962415619,18.18,0.5,1.0,3.6405192963484365e-16,5.580494158838853e-17,9.68675019706555,1.3628207661453284,2.4824485263151033,0.5489824871286545,True,0.7397952863126018,4.1284232740039913e-17
50472-52-1,O=C(O)C=1C=C2C=CC3=CC=CC=4C=CC(C1C(=O)O)=C2C34,177.7191809721336,369.0544056666667,0.53486,-0.65961,241.8400000000001,3.496884677823963,-7.105164750405501,-1.047638324425,6.057526425980501,2.7432070990184254,1,2,3.980400000000002,2,2,ok,False,8.405336659301875,1.2728016727997231,1.2728016727997231,5.910691221152084,10.899982097451666,18.18,0.5,1.0,3.444282932034408e-16,5.275504242142334e-17,9.678138332101598,1.2333495050827747,2.4824485263151033,0.4968278262403829,True,0.7812673353523121,4.1215791418983596e-17
917766-58-6,O=C(O)C=1C=C(C(=CC1C(=O)O)P(=O)(O)O)P(=O)(O)O,186.64379291810076,232.0596886666667,0.53606,-0.65004,234.00800000000007,12.19454216073732,-9.42602378132,-1.3831547020915,8.042869079228499,3.631736956529376,0,2,-1.3110000000000004,6,4,ok,False,8.519110251947684,1.2728016727997231,1.2728016727997231,6.024464813797892,11.013755690097476,18.18,0.5,1.0,7.135763785756226e-16,1.1045196161276744e-16,9.791911924747406,2.6352340935166567,2.4824485263151033,1.0615463183151457,False,0.32404250422041564,3.579113023705838e-17
5656-54-2,O=C(O)C1=CC=C2C=C3OCOC3=CC2=C1C(=O)O,177.44868988467633,260.15995066666665,0.53535,-0.65756,206.48800000000008,4.115971091978174,-7.7500745760905,-0.8974314789490001,6.852643097141501,2.728121102758808,1,1,1.9649,2,4,ok,False,8.366729151428782,1.2728016727997231,1.2728016727997231,5.8720837132789905,10.861374589578574,18.18,0.5,1.0,2.6851912326920346e-16,4.0982707031521573e-17,9.639530824228505,1.1947976434609926,2.4824485263151033,0.48129805343215964,True,0.7932254352374577,3.250852562228792e-17
1784361-38-1,O=C(O)C1=CC=2N=C(NC2C=C1C(=O)O)C(C)C,184.9384448860216,242.904196,0.53035,-0.6748,213.74400000000009,6.934208833024861,-8.134571446847,-0.4166063051155,7.7179651417315,2.3685854886244546,0,2,2.0827,3,3,ok,False,8.369306168683094,1.2728016727997231,1.2728016727997231,5.874660730533303,10.863951606832885,18.18,0.5,1.0,2.73026402680284e-16,4.168047723604185e-17,9.642107841482817,1.28303511718729,2.4824485263151033,0.516842586497373,True,0.7655764042853569,3.190958989126659e-17
478-52-4,O=C(O)C1=CC=2OCOC2C(OC)=C1C(=O)O,178.778600377847,197.42887800000003,0.53595,-0.65838,188.00800000000004,6.737024248880212,-7.898920852313999,-0.5885822586315,7.310338593682499,2.463555830388062,1,2,0.8203,2,5,ok,False,8.354421700662561,1.2728016727997231,1.2728016727997231,5.85977626251277,10.849067138812352,18.18,0.5,1.0,2.479843904209078e-16,3.7805937192301706e-17,9.627223373462284,1.117804162932443,2.4824485263151033,0.45028291667811093,True,0.8164784949138547,3.086773469757822e-17
937611-48-8,O=C(O)C1=CC=C(C(=O)O)C(=C1C(=O)O)N(=O)=O,171.69592647589906,197.66266600000003,0.53911,-0.6372,190.77600000000004,7.165764786120181,-9.556094201859,-1.8212580013965,7.7348362004625,4.183803632104801,1,1,0.6893999999999998,3,5,ok,False,8.48790003306754,1.2728016727997231,1.2728016727997231,5.993254594917748,10.982545471217332,18.18,0.5,1.0,5.847934806371904e-16,9.025638154522693e-17,9.760701705867262,2.6107045408715477,2.4824485263151033,1.0516651254585427,False,0.3308799904032873,2.9864030659520123e-17
1772627-82-3,O=C(O)C=1C(F)=CC=C(C1C(=O)O)N(=O)=O,167.8200277934046,172.80392433333336,0.53862,-0.63756,167.39200000000005,3.130632635746328,-9.4252074397685,-1.9164978490715,7.508709590697001,4.28283572913361,2,0,1.1303,2,4,ok,False,8.52983113302888,1.2728016727997231,1.2728016727997231,6.035185694879089,11.02447657117867,18.18,0.5,1.0,7.639641538721384e-16,1.1836920459596885e-16,9.802632805828603,2.920098545610908,2.4824485263151033,1.176297721647201,False,0.2506553653009381,2.966987621838406e-17
36978-40-2,O=C(O)C1=CC=C(C=C1C(=O)O)C=2C=CC=C(C(=O)O)C2C(=O)O,184.40442475677148,304.5512333333333,0.53247,-0.66317,266.0400000000001,5.70846511244485,-8.5201567730055,-0.8783835094140001,7.641773263591499,2.889792604195484,0,1,2.1464,4,4,ok,False,8.319766760451188,1.2728016727997231,1.2728016727997231,5.8251213223013965,10.81441219860098,18.18,0.5,1.0,1.9811709414421712e-16,3.0107963252729086e-17,9.59256843325091,1.3096444381357149,2.4824485263151033,0.5275615684486014,True,0.7570536103980826,2.2793342282211354e-17
36439-98-2,O=C(O)C1=CC(C(=O)O)=C(C(=O)O)C=2C=CC=CC12,177.46321204884123,257.502,0.53765,-0.64953,209.84800000000004,5.4410443648255615,-8.011303872570501,-1.31158875941,6.699715113160501,3.243284436703261,1,2,1.9344,3,3,ok,False,8.343046751014393,1.2728016727997231,1.2728016727997231,5.848401312864602,10.837692189164184,18.18,0.5,1.0,2.3038578954558407e-16,3.5086428846368033e-17,9.615848423814116,1.651387861888977,2.4824485263151033,0.6652254193323653,True,0.6424123713450438,2.2539955957224438e-17
2511739-37-8,O=C(O)C=1C=NC=C(OC2=CC=CC(C(=O)O)=C2C(=O)O)C1,179.65899578610438,270.88468866666665,0.53638,-0.65338,242.43200000000004,2.205383594751716,-8.2768869906585,-0.9194727008395,7.357414289819,2.8737348558867737,1,0,1.9685,3,5,ok,False,8.31761072899032,1.2728016727997231,1.2728016727997231,5.822965290840529,10.812256167140113,18.18,0.5,1.0,1.9536439635624037e-16,2.968379083625629e-17,9.590412401790044,1.4570760291553921,2.4824485263151033,0.5869511547609998,True,0.7085662916195211,2.1032933594055642e-17
1061605-83-1,O=C(O)C=1C=CC=C(OCC=2C=CC=C(Cl)C2)C1C(=O)O,177.8847372844773,282.27922433333333,0.5362,-0.65817,250.5840000000001,6.741668369179843,-8.171578930515,-0.690624952569,7.480953977946,2.62462039924596,1,0,3.315400000000002,2,3,ok,False,8.29768338572516,1.2728016727997231,1.2728016727997231,5.803037947575368,10.79232882387495,18.18,0.5,1.0,1.716422896884169e-16,2.6032081373347446e-17,9.570485058524882,1.158084564141757,2.4824485263151033,0.46650899378799787,True,0.8044225072648263,2.0940792167670136e-17
1779862-38-2,O=C(O)C1=CC=2N=C(NC2C=C1C(=O)O)C3CC3,185.0519856460941,242.88820766666663,0.53055,-0.6756,206.47200000000004,7.294212736135408,-7.930758172822499,-0.4421850070625,7.488573165759999,2.340438423374468,0,2,1.8367,3,3,ok,False,8.304224371074378,1.2728016727997231,1.2728016727997231,5.809578932924587,10.798869809224168,18.18,0.5,1.0,1.7909769250058626e-16,2.7179003621888754e-17,9.5770260438741,1.337749654755875,2.4824485263151033,0.5388831391970909,True,0.7479680336290415,2.032902589506073e-17
36440-00-3,O=C(O)C1=CC=C2C(C=CC(C(=O)O)=C2C(=O)O)=C1,177.35683098781067,260.8716993333333,0.53634,-0.65357,210.08000000000004,2.0509995514382737,-8.0140250110755,-1.4076449486365,6.606380062439,3.35917189106463,1,1,1.9344000000000003,3,3,ok,False,8.296169180037118,1.2728016727997231,1.2728016727997231,5.801523741887327,10.79081461818691,18.18,0.5,1.0,1.6996048865779527e-16,2.5773454997860404e-17,9.568970852836841,1.770560306390906,2.4824485263151033,0.7132314276095344,True,0.6012772902939537,1.5496993182626663e-17
110978-93-3,O=C(O)C1=CC(O)=C(O)C(F)=C1C(=O)O,184.20791325825047,163.32678333333334,0.53554,-0.6501,160.77600000000004,1.8855207105730765,-8.13620412995,-0.6220522622429999,7.514151867707,2.5520862627573324,1,2,0.6333,4,4,ok,False,8.27912219116656,1.2728016727997231,1.2728016727997231,5.784476753016768,10.77376762931635,18.18,0.5,1.0,1.521118569748322e-16,2.303104533812798e-17,9.551923863966282,1.6108787705363548,2.4824485263151033,0.6489072194086984,True,0.6563372120190817,1.511613208711199e-17
1061605-86-4,O=C(O)C=1C=CC=C(OCC2=CC=C(Cl)C=C2)C1C(=O)O,177.9412038610075,282.13500300000004,0.53604,-0.65877,250.71200000000005,5.163659617945397,-8.1555242133355,-0.677019260044,7.4785049532915,2.60793516539702,1,0,3.315400000000002,2,3,ok,False,8.244742164878533,1.2728016727997231,1.2728016727997231,5.750096726728741,10.739387603028323,18.18,0.5,1.0,1.215488882248704e-16,1.8346156730656592e-17,9.517543837678256,1.1688022277504149,2.4824485263151033,0.4708263697557352,True,0.8011737248630199,1.4698458724820904e-17
92497-14-8,O=C(O)C=1C=CC=C(OCC=2C=CC=CC2)C1C(=O)O,178.11404746288977,269.79432733333334,0.53577,-0.65909,235.68800000000005,5.660050801892153,-8.101917784787,-0.6566107212565,7.4453070635305,2.575844788421678,1,0,2.662000000000001,2,3,ok,False,8.234136402866639,1.2728016727997231,1.2728016727997231,5.739490964716848,10.728781841016431,18.18,0.5,1.0,1.1340641960244608e-16,1.7100708534114105e-17,9.506938075666362,1.1659970474288532,2.4824485263151033,0.46969636432286305,True,0.802025661569458,1.3715207075379341e-17
1782295-51-5,O=C(O)C1=CC=2N=C(NC2C=C1C(=O)O)C,184.64000598530677,208.660659,0.53035,-0.67473,180.51200000000003,6.877796488701887,-8.137836813053,-0.4242254929295,7.7136113201234995,2.375959453008601,0,2,1.26772,3,3,ok,False,8.235355236754623,1.2728016727997231,1.2728016727997231,5.740709798604832,10.730000674904414,18.18,0.5,1.0,1.1431410863997397e-16,1.7239484558022094e-17,9.508156909554346,1.2845080676885492,2.4824485263151033,0.5174359323354217,True,0.7651067257730946,1.3190045584204109e-17
602-82-4,O=C(O)C1=CC=CC(C(=O)C=2C=CC=CC2)=C1C(=O)O,174.81991948327635,272.231352,0.53543,-0.65603,229.66400000000004,5.21354262953704,-8.760433302997,-1.1232859748639998,7.637147328133,3.1977878180936656,1,0,2.314,2,3,ok,False,8.252738686489824,1.2728016727997231,1.2728016727997231,5.758093248340033,10.747384124639616,18.18,0.5,1.0,1.2806668232310414e-16,1.9343961259513772e-17,9.525540359289547,1.5540781691743417,2.4824485263151033,0.6260263416140934,True,0.6757656190814045,1.307198395602203e-17
1781442-39-4,O=C(O)C1=CC=2N=C(NC2C=C1C(=O)O)C(C)(C)C,184.6728052460585,260.62124066666667,0.5303,-0.67557,230.25600000000009,6.922917073748608,-8.1315781944915,-0.416334191265,7.715244003226499,2.367611644039157,0,2,2.2568,3,3,ok,False,8.174101611178491,1.2728016727997231,1.2728016727997231,5.6794561730287,10.668747049328282,18.18,0.5,1.0,7.64923187309086e-17,1.1471952765183591e-17,9.446903283978214,1.336069311161804,2.4824485263151033,0.5382062495954503,True,0.7485135539748295,8.586912135298943e-18
108085-51-4,O=C(O)C1=CC=C(C(O)=C1C(=O)O)C,181.9076631871617,174.29240833333333,0.53533,-0.66048,163.39200000000005,5.154738563690694,-8.1212378681725,-0.594840877193,7.526396990979499,2.5234527485881846,1,1,1.09702,3,3,ok,False,8.14402935754952,1.2728016727997231,1.2728016727997231,5.649383919399729,10.638674795699313,18.18,0.5,1.0,6.274705648935219e-17,9.385054698945872e-18,9.416831030349243,1.415514084866291,2.4824485263151033,0.5702088360991926,True,0.7224275673921683,6.780022236001905e-18
2590496-53-8,O=C(O)C=1C=CC=C(C#CC=CC(C)C)C1C(=O)O,177.1118379216612,289.19708966666667,0.53635,-0.65279,238.6800000000001,3.5671645126066167,-7.6553789561165,-0.7621908952505,6.8931880608660006,2.56976458414443,1,0,2.6467,2,2,ok,False,8.125366690124814,1.2728016727997231,1.2728016727997231,5.6307212519750225,10.620012128274606,18.18,0.5,1.0,5.5473656977490787e-17,8.283271594417471e-18,9.398168362924537,1.1193690289612772,2.4824485263151033,0.4509132886726341,True,0.816014794309142,6.759272166325332e-18
37950-94-0,O=C(O)C=1C=C(C(=O)O)C(C(=O)O)=C(Cl)C1C(=O)O,177.3198026804771,215.83143933333332,0.54059,-0.63595,208.9120000000001,5.269701108222363,-9.1677877371955,-1.4141756810485,7.753612056147,3.6105091721825,1,2,1.1328,4,4,ok,False,8.251667115789546,1.2728016727997231,1.2728016727997231,5.757021677639755,10.746312553939337,18.18,0.5,1.0,1.2717367543842974e-16,1.9207207765099153e-17,9.52446878858927,2.549184216171925,2.4824485263151033,1.026883010523438,False,0.3483704975882136,6.691224526407792e-18
1804397-67-8,O=C(O)C1=CC=CC(C(=O)CCBr)=C1C(=O)O,175.12624394811942,227.826743,0.53572,-0.66204,211.24000000000004,5.117181151767055,-9.112004397843,-1.1077754853855002,8.0042289124575,3.2621474849091694,1,0,2.0507,2,3,ok,False,8.159719261405577,1.2728016727997231,1.2728016727997231,5.665073823255786,10.65436469955537,18.18,0.5,1.0,6.958339601954499e-17,1.0422269492646441e-17,9.4325209342053,1.8142028652335476,2.4824485263151033,0.7308118762593293,True,0.5862048374734716,6.1095847940415284e-18
1390993-11-9,O=C(O)C1=CC=C(C=C1C(=O)O)C(N)C(O)C,185.5037851403967,219.235716,0.53185,-0.66704,210.2800000000001,2.709365169186317,-8.480972378533501,-0.6495357611435,7.83143661739,2.661267113609469,0,1,0.4636000000000001,4,4,ok,False,8.065500522058008,1.2728016727997231,1.2728016727997231,5.570855083908216,10.560145960207798,18.18,0.5,1.0,3.731011159503781e-17,5.541317890100047e-18,9.33830219485773,1.256317306678443,2.4824485263151033,0.5060799019036641,True,0.7740515023433685,4.289265437794126e-18
169542-84-1,O=C(O)C1=C(F)C(F)=C(N)C(F)=C1C(=O)O,179.51825667798056,166.815195,0.53591,-0.64382,166.00800000000004,4.9671055585723165,-7.9628676071815,-0.657971290509,7.3048963166725,2.543460580347669,2,2,1.0825000000000002,3,3,ok,False,8.083110510471442,1.2728016727997231,1.2728016727997231,5.588465072321651,10.577755948621235,18.18,0.5,1.0,4.193690110347297e-17,6.238304785959345e-18,9.355912183271165,1.6169521099349766,2.4824485263151033,0.6513537311225333,True,0.654252652678121,4.0814274544285195e-18
36439-99-3,O=C(O)C1=CC=CC=2C1=CC=C(C(=O)O)C2C(=O)O,177.76872944124796,257.16142833333333,0.53653,-0.65357,209.52800000000005,4.881552885097118,-8.051848836295001,-1.2443766383365,6.807472197958501,3.173711385156454,1,1,1.9344,3,3,ok,False,8.053281630237494,1.2728016727997231,1.2728016727997231,5.558636192087703,10.547927068387285,18.18,0.5,1.0,3.439942195112412e-17,5.103449761488294e-18,9.326083303037217,1.6351558755087958,2.4824485263151033,0.6586867192513306,True,0.6479976597598601,3.3070235021464307e-18
2550769-15-6,O=C(O)C=1C=CC=C(C#CCC)C1C(=O)O,176.66884015257403,219.93155766666663,0.53608,-0.65356,194.21600000000004,3.274531251950422,-8.156340554887,-0.712394060609,7.443946494278,2.641557597860119,1,0,1.8445,2,2,ok,False,8.01717473650585,1.2728016727997231,1.2728016727997231,5.522529298356059,10.511820174655643,18.18,0.5,1.0,2.7044648303467958e-17,3.999417733563444e-18,9.289976409305574,1.1560673710535985,2.4824485263151033,0.46569641174781645,True,0.805032082826574,3.2196595881441155e-18
130684-37-6,O=C(O)C=1C(F)=C(F)C(F)=C(O)C1C(=O)O,176.6747059253045,152.1984075,0.54321,-0.63785,161.04000000000005,5.520907565790248,-8.472536849168002,-0.96872530778,7.503811541388002,2.969738466397119,2,2,1.2059,3,3,ok,False,8.0542085216488,1.2728016727997231,1.2728016727997231,5.559563083499008,10.548853959798592,18.18,0.5,1.0,3.461213777755872e-17,5.135432772592074e-18,9.327010194448523,1.8467096853891227,2.4824485263151033,0.7439065365558019,True,0.5749932742955796,2.952839304837543e-18
4464-96-4,O=C(O)C1=CC=C2C(=C1C(=O)O)CCC2,178.36488349001542,197.31235,0.53359,-0.66325,178.88800000000003,3.6771003222648138,-8.362058625865,-0.5532074580665001,7.8088511677985,2.544611481233646,1,1,1.5717,2,2,ok,False,8.002355714850783,1.2728016727997231,1.2728016727997231,5.507710276700991,10.497001153000575,18.18,0.5,1.0,2.4496550264272794e-17,3.6178297475470014e-18,9.275157387650506,1.245778277069726,2.4824485263151033,0.5018344847290487,True,0.7773707784724935,2.812395127231557e-18
100613-18-1,O=C(O)C1=CC=C(C(=C1C(=O)O)C)CCCC,178.63200739287478,235.743794,0.53431,-0.66486,221.55200000000005,4.135544313630311,-8.403147817290499,-0.527356642269,7.875791175021499,2.5316158126168955,1,1,2.734020000000001,2,2,ok,False,7.999883942769298,1.2728016727997231,1.2728016727997231,5.5052385046195065,10.49452938091909,18.18,0.5,1.0,2.4095221811145796e-17,3.5577772016517786e-18,9.27268561556902,1.2747984330306774,2.4824485263151033,0.5135246187452526,True,0.7681981786098503,2.7330779662085465e-18
872814-86-3,O=C(O)C1=CC=C(OC)C(O)=C1C(=O)O,181.98277587114296,182.116604,0.53434,-0.65753,171.84800000000004,6.043264542447235,-7.8692604426095,-0.4857232231425,7.383537219467,2.363560647833433,1,1,0.7971999999999999,3,4,ok,False,7.990359505264266,1.2728016727997231,1.2728016727997231,5.495714067114474,10.485004943414058,18.18,0.5,1.0,2.260853180427192e-17,3.3354378305730045e-18,9.263161178063989,1.481852788123348,2.4824485263151033,0.5969319292686325,True,0.7002430932313106,2.335617303761173e-18
1005516-18-6,O=C(O)C=1C=CC=C(OCCCCC(=O)O)C1C(=O)O,181.3102222676179,242.82341600000004,0.53557,-0.65967,242.59200000000007,6.84477307951111,-8.081237132149,-0.6430050287315,7.4382321034175005,2.5581482341319712,1,0,1.7167,3,4,ok,False,7.971390218919087,1.2728016727997231,1.2728016727997231,5.4767447807692955,10.466035657068879,18.18,0.5,1.0,1.9911998220517904e-17,2.9326796470793747e-18,9.24419189171881,1.448747608434553,2.4824485263151033,0.5835962329438689,True,0.7113543696790396,2.086174481818697e-18
1451010-90-4,O=C(O)C1=CC=C(O)C(=C1C(=O)O)N(=O)=O,172.8304414618674,184.354578,0.53668,-0.64412,170.67200000000005,6.945757459053692,-8.726691185535,-1.7616650681370003,6.965026117397999,3.9484997992023527,1,1,0.6967999999999999,3,5,ok,False,8.025375927246769,1.2728016727997231,1.2728016727997231,5.530730489096977,10.520021365396559,18.18,0.5,1.0,2.856541303996114e-17,4.227396015115923e-18,9.298177600046492,2.23927796929386,2.4824485263151033,0.902044068812093,True,0.44322244486781404,1.873676797244134e-18
2851890-93-0,O=C(O)C1=CC=C(F)C(=C1C(=O)O)C,176.77017268253002,163.87596933333333,0.53595,-0.65671,160.29600000000005,2.2432510470297347,-8.721248908525,-0.58776591708,8.133482991445,2.663611552224382,1,1,1.53052,2,2,ok,False,7.908313977401018,1.2728016727997231,1.2728016727997231,5.413668539251226,10.402959415550809,18.18,0.5,1.0,1.3032318453736211e-17,1.908754627694377e-18,9.181115650200741,1.2384189478979493,2.4824485263151033,0.4988699402102945,True,0.7796803763060297,1.4882185263966274e-18
2167659-32-5,O=C(O)C=1C(F)=CC=C(Br)C1C(=O)O,173.56959289278254,170.39888566666664,0.53747,-0.63904,163.84000000000003,1.547381598055244,-8.637437842571,-0.8144367545465,7.8230010880245,2.854976382925288,2,0,1.9846000000000004,2,2,ok,False,7.9147491895959465,1.2728016727997231,1.2728016727997231,5.420103751446155,10.409394627745737,18.18,0.5,1.0,1.3609795500838243e-17,1.9944652095976245e-18,9.18755086239567,1.6645032026417308,2.4824485263151033,0.6705086470060614,True,0.6378948343222349,1.2722590544377381e-18
113665-35-3,O=C(O)C1=CC(O)=C(C(=O)O)C(=C1)C(=O)O,180.04444143197148,185.388509,0.5408,-0.6559,173.45600000000005,2.650497021315059,-8.3895421247655,-1.418801616507,6.9707405082584994,3.450264962272781,1,1,0.4868,4,4,ok,False,7.9149574519218735,1.2728016727997231,1.2728016727997231,5.420312013772082,10.409602890071664,18.18,0.5,1.0,1.3628900088574102e-17,1.997301606187019e-18,9.187759124721596,1.6928917601973665,2.4824485263151033,0.6819443554425925,True,0.6281048901555201,1.2545149059615414e-18
2621055-66-9,O=C(O)C=1C=CC=C(C#CC)C1C(=O)O,176.39409595203878,202.8130626666667,0.53578,-0.65328,177.79200000000003,3.045379260453449,-8.163415515,-0.6979720265325,7.465443488467501,2.6295888945690358,1,0,1.4544,2,2,ok,False,7.862210539535433,1.2728016727997231,1.2728016727997231,5.367565101385642,10.356855977685225,18.18,0.5,1.0,9.545508315496528e-18,1.3924055998087694e-18,9.135012212335157,1.1798047457313898,2.4824485263151033,0.4752584930663873,True,0.7978213049583295,1.110890852670718e-18
36440-01-4,O=C(O)C1=CC=C2C=CC(C(=O)O)=C(C(=O)O)C2=C1,177.5758725252949,260.651674,0.53617,-0.65278,209.98400000000004,1.926467580832857,-8.029535500554001,-1.185327932778,6.844207567776001,3.101663240560938,1,1,1.9344,3,3,ok,False,7.82761767326064,1.2728016727997231,1.2728016727997231,5.332972235110849,10.322263111410432,18.18,0.5,1.0,7.550363765698337e-18,1.098037463702936e-18,9.100419346060363,1.6133659255270831,2.4824485263151033,0.6499091153047717,True,0.6554836898042393,7.197456482512889e-19
4721-00-0,O=C(O)C=1C=CC=C(C=CC=2C=CC=CC2)C1C(=O)O,177.29732590796382,310.87892566666665,0.53498,-0.6577,237.74400000000009,2.76729972536406,-7.419728361583501,-0.749945771978,6.669782589605501,2.501714806738984,1,0,3.253400000000001,2,2,ok,False,7.716325129858503,1.2728016727997231,1.2728016727997231,5.221679691708712,10.210970568008294,18.18,0.5,1.0,3.533514038518092e-18,5.089127529542702e-19,8.989126802658227,1.1919591076202143,2.4824485263151033,0.48015461145916866,True,0.7940979593049601,4.0412657858525525e-19
39155-64-1,O=C(O)C=1C=CC=2C(=CC=C(C(=O)O)C2C(=O)O)C1C(=O)O,178.27043252239164,284.1562146666667,0.53758,-0.65055,236.99200000000005,5.769288879922724,-8.1625991734485,-1.585335293013,6.5772638804355,3.611768817922824,1,1,1.6326000000000005,4,4,ok,False,7.749986791383111,1.2728016727997231,1.2728016727997231,5.2553413532333195,10.244632229532902,18.18,0.5,1.0,4.449308906459984e-18,6.426864853709983e-19,9.022788464182835,2.022073069507278,2.4824485263151033,0.8145478337505764,True,0.5150516080837289,3.3101670778401257e-19
2866253-76-9,O=C(O)C1=CC(F)=C(C=C1C(=O)O)NC(C(=O)N)C,186.1094025885553,237.76227699999995,0.5331,-0.66189,220.1920000000001,10.10433262615597,-7.4240821831915005,-0.468580050561,6.9555021326305,2.2390230046750057,0,2,0.5078000000000003,4,4,ok,False,7.692236693809957,1.2728016727997231,1.2728016727997231,5.197591255660166,10.186882131959749,18.18,0.5,1.0,2.9950279901311702e-18,4.304578985004442e-19,8.965038366609681,1.3164539574403449,2.4824485263151033,0.5303046341083506,True,0.754859979191719,3.2493544030495638e-19
518-90-1,O=C(O)C1=CC=C(OC)C(OC)=C1C(=O)O,177.63992982250932,198.1071203333333,0.53433,-0.65795,189.33600000000004,6.360190720410828,-8.0825977014015,-0.4933424109565,7.589255290445,2.42272614360949,1,1,1.1001999999999998,2,4,ok,False,7.683638892322455,1.2728016727997231,1.2728016727997231,5.188993454172664,10.178284330472247,18.18,0.5,1.0,2.8231518822761463e-18,4.054533043090905e-19,8.956440565122179,1.173676400015924,2.4824485263151033,0.4727898232629644,True,0.7996907272629755,3.242372477941131e-19
2385088-93-5,O=C(O)C1=CC=C(C(Br)=C1C(=O)O)C,174.94821461173603,192.910029,0.53696,-0.64968,174.87200000000004,2.962226696254019,-8.5827429586205,-0.729809347041,7.8529336115795,2.760867299253729,1,1,2.1539200000000003,2,2,ok,False,7.674530584209567,1.2728016727997231,1.2728016727997231,5.1798851460597755,10.169176022359359,18.18,0.5,1.0,2.6516870012319936e-18,3.805280937170644e-19,8.94733225700929,1.2972478429990324,2.4824485263151033,0.5225678716990926,True,0.7610340483493865,2.895948356721723e-19
3453-47-2,O=C(O)C1=CC=C2C(C(=O)CC2)=C1C(=O)O,174.27400012159285,201.96643,0.53686,-0.65393,181.32000000000005,6.072046410395757,-8.919075677838501,-0.921921725494,7.997153952344501,3.027490481910918,1,1,1.2119,2,3,ok,False,7.687967723310059,1.2728016727997231,1.2728016727997231,5.193322285160268,10.182613161459852,18.18,0.5,1.0,2.9084349849393736e-18,4.178579359568794e-19,8.960769396109782,1.5110289532654746,2.4824485263151033,0.6086849081654134,True,0.6903909018200238,2.884853172379237e-19
2083622-36-8,O=C(O)C1=CC=C(C=C1C(=O)O)CN(CC=2C=CC=CC2C)CCC(=O)O,182.091037621336,368.2082173333333,0.53202,-0.66673,334.4720000000001,3.559302164750838,-7.698645058346,-0.644365597984,7.054279460362,2.4667943481241106,0,1,2.8683200000000006,3,4,ok,False,7.669863736278546,1.2728016727997231,1.2728016727997231,5.175218298128755,10.164509174428337,18.18,0.5,1.0,2.5678584115810415e-18,3.683497151459772e-19,8.94266540907827,1.320483777855852,2.4824485263151033,0.531927958972004,True,0.7535594590562752,2.7757341208893566e-19
169739-72-4,O=C(O)C1=CC=C(C=C1C(=O)O)NN,187.0265878025659,187.216898,0.5312,-0.66509,162.96000000000004,7.207310746041134,-7.3827208779155,-0.3485778424905,7.034143035425,2.124387420156434,0,1,0.3686000000000001,4,4,ok,False,7.6704877068179185,1.2728016727997231,1.2728016727997231,5.175842268668127,10.16513314496771,18.18,0.5,1.0,2.5789131692978152e-18,3.699554296280911e-19,8.943289379617642,1.3753483894041518,2.4824485263151033,0.5540289656864271,True,0.7356887859754181,2.721720608881046e-19
1061606-48-1,O=C(O)C=1C=CC=C(OCC2=CC=C(OC)C=C2)C1C(=O)O,177.52484156934736,291.9919693333333,0.53581,-0.6594,261.1840000000001,6.221778708697377,-7.6978287167945,-0.6528011273495,7.045027589445,2.474547399160786,1,0,2.6706000000000003,2,4,ok,False,7.651692545367422,1.2728016727997231,1.2728016727997231,5.157047107217631,10.146337983517213,18.18,0.5,1.0,2.265660052235221e-18,3.244908666765149e-19,8.924494218167146,1.2160585209634829,2.4824485263151033,0.4898625321220963,True,0.7866551572302978,2.552624137452094e-19
1061606-39-0,O=C(O)C=1C=CC=C(OCC=2SC(Cl)=CC2)C1C(=O)O,176.80306794739374,273.0535396666667,0.53593,-0.65811,242.2800000000001,5.752277618474268,-8.0956591662255,-0.6702164137815,7.425442752444001,2.587070469935003,1,0,3.376900000000002,2,4,ok,False,7.639553958444981,1.2728016727997231,1.2728016727997231,5.14490852029519,10.134199396594774,18.18,0.5,1.0,2.08363653138732e-18,2.9810893088235887e-19,8.912355631244704,1.2560227357482598,2.4824485263151033,0.5059612404582965,True,0.7741444639749768,2.307793785040771e-19
2444490-86-0,O=C(O)C=1C=CC=C(C#CCCCCO)C1C(=O)O,179.51013228946954,258.4802423333333,0.53572,-0.65315,236.80800000000005,3.8064889714801486,-8.150898277877,-0.6892643833165,7.461633894560499,2.6183432804619926,1,0,1.5971,3,3,ok,False,7.622156934981,1.2728016727997231,1.2728016727997231,5.127511496831208,10.116802373130792,18.18,0.5,1.0,1.8476702333424394e-18,2.639529937253304e-19,8.894958607780723,1.4852769476290348,2.4824485263151033,0.5983112769043998,True,0.6990895844615918,1.8452678870083435e-19
100039-01-8,O=C(O)C1=CC=C2C(=O)C=3C=CC=CC3NC2=C1C(=O)O,176.6182321415962,308.67107500000003,0.5381,-0.65635,229.06400000000005,7.186891535288396,-7.457280072952501,-1.471591703504,5.985688369448501,3.329807128254616,1,1,2.0777,3,3,ok,False,7.6433548622475485,1.2728016727997231,1.2728016727997231,5.148709424097757,10.13800030039734,18.18,0.5,1.0,2.1390227952763308e-18,3.0613343748923213e-19,8.916156535047271,1.8495902405354872,2.4824485263151033,0.7450669050854326,True,0.5740006828359638,1.757208021577401e-19
2384497-19-0,O=C(O)C1=CC(O)=C(N)C=C1C(=O)O,186.94889980781525,177.7836586666667,0.53052,-0.67108,159.40800000000004,5.193790811151331,-7.5503430098235,-0.4791924907305,7.071150519093,2.279453682274565,0,2,0.3708000000000001,4,4,ok,False,7.601572789455927,1.2728016727997231,1.2728016727997231,5.106927351306136,10.096218227605718,18.18,0.5,1.0,1.6023630150089566e-18,2.2850415677953783e-19,8.87437446225565,1.4445597830407793,2.4824485263151033,0.5819092592365066,True,0.712754394262822,1.628673418519364e-19
15586-20-6,O=C(O)C=1C=CC(=CC1C(=O)O)C=2N=C(N=C(N2)C=3C=CC(C(=O)O)=C(C3)C(=O)O)C=4C=CC(C(=O)O)=C(C4)C(=O)O,185.0720466946859,555.866785,0.53377,-0.6586,451.3520000000001,5.651879605051756,-8.861659655383,-1.686017417698,7.175642237685,3.876081330174116,0,1,3.0618000000000007,6,9,ok,False,7.708337598102878,1.2728016727997231,1.2728016727997231,5.213692159953086,10.202983036252668,18.18,0.5,1.0,3.345134415126974e-18,4.814478217760384e-19,8.9811392709026,2.7217078774472276,2.4824485263151033,1.0963803875874423,False,0.3005774099703486,1.4471233930530763e-19
1061606-33-4,O=C(O)C=1C=CC=C(OCC=2SC=3C=CC=C(F)C3C2)C1C(=O)O,177.08663066877023,328.82062,0.53589,-0.65822,276.02400000000006,4.450032460555765,-7.632249278824,-0.6830057647550001,6.949243514069,2.4874458025460795,1,0,4.015800000000002,2,4,ok,False,7.53429299972024,1.2728016727997231,1.2728016727997231,5.039647561570448,10.028938437870032,18.18,0.5,1.0,1.004097028155904e-18,1.423654511584066e-19,8.807094672519963,1.2253293318443608,2.4824485263151033,0.4935970751680459,True,0.7837712512152175,1.1158194778424327e-19
1099520-06-5,O=C(O)C=1C=CC=C(OC(C)C)C1C(=O)O,177.2111871540061,205.84793166666668,0.53575,-0.66121,197.18400000000003,5.094369288734376,-8.026542248198501,-0.6440934841335,7.382448764065001,2.545900635597372,1,0,1.8702,2,3,ok,False,7.538881739473495,1.2728016727997231,1.2728016727997231,5.0442363013237035,10.033527177623286,18.18,0.5,1.0,1.0367120427743245e-18,1.4704742836263677e-19,8.811683412273219,1.3097578428513799,2.4824485263151033,0.5276072510536837,True,0.7570171191280263,1.113174205942681e-19
13935-09-6,O=C(O)C1=CC=C(Cl)C(O)=C1C(=O)O,178.62156463928952,172.53050766666664,0.54128,-0.65681,160.64800000000002,4.554240285711767,-8.261920728881,-0.927364002504,7.334556726377,2.878256894884539,1,1,1.442,3,3,ok,False,7.5467829280521705,1.2728016727997231,1.2728016727997231,5.052137489902379,10.041428366201963,18.18,0.5,1.0,1.0953396169661604e-18,1.5546820277133147e-19,8.819584600851893,1.545672619188441,2.4824485263151033,0.6226403499623843,True,0.6786287876577709,1.0550519796604118e-19
1772627-93-6,O=C(O)C1=CC(N)=CC(F)=C1C(=O)O,181.76559673546132,170.41246933333332,0.53174,-0.66175,155.51200000000003,6.016220685779404,-7.6477597683025,-0.5243633899135,7.123396378389001,2.343811623190685,1,1,0.8043000000000002,3,3,ok,False,7.5366310320244665,1.2728016727997231,1.2728016727997231,5.041985593874675,10.031276470174259,18.18,0.5,1.0,1.0205862259826012e-18,1.4473228691315961e-19,8.80943270482419,1.4130101945078497,2.4824485263151033,0.5692001987268971,True,0.7232582949259865,1.0467882705355049e-19
2630457-40-6,O=C(O)C=1C=CC=C(C#CCCBr)C1C(=O)O,175.5009418555019,242.64863,0.53587,-0.65249,214.64000000000004,2.836855206033611,-8.228178611419,-0.7061354420475,7.522043169371501,2.652935040674544,1,0,2.2195,2,2,ok,False,7.504456294456145,1.2728016727997231,1.2728016727997231,5.009810856306354,9.999101732605936,18.18,0.5,1.0,8.154056705542248e-19,1.1531783476053573e-19,8.777257967255869,1.2657244931351095,2.4824485263151033,0.5098693808624203,True,0.7710771962901453,8.891895270940414e-20
167993-09-1,O=C(O)C1=CC=2C=CNC2C=C1C(=O)O,184.58444001762672,203.5062673333333,0.52947,-0.67925,168.13600000000005,5.27677297597689,-7.5971465921095,-0.3790545937465,7.218091998363,2.203483461130693,0,2,1.5642999999999998,3,2,ok,False,7.467507534148028,1.2728016727997231,1.2728016727997231,4.972862095998237,9.962152972297819,18.18,0.5,1.0,6.296457110459732e-19,8.876727137406919e-20,8.740309206947751,1.6406983986000534,2.4824485263151033,0.6609194032455824,True,0.6460912976288524,5.735176154904486e-20
99865-79-9,O=C(O)C1=CC=C(C(=C1C(=O)O)C)CC,177.37618014571143,202.65479766666667,0.53446,-0.66417,188.0480000000001,4.155327864320697,-8.437162048603,-0.5444998148505,7.8926622337525,2.555229383959745,1,1,1.95382,2,2,ok,False,7.445062216780644,1.2728016727997231,1.2728016727997231,4.950416778630853,9.939707654930436,18.18,0.5,1.0,5.379158467737679e-19,7.569079613075052e-20,8.717863889580368,1.3802012608839564,2.4824485263151033,0.5559838386388214,True,0.7340941206444239,5.556416842647967e-20
2523955-12-4,O=C(O)C#CC1=CC=CC(C(=O)O)=C1C(=O)O,175.0455724795814,216.64119866666667,0.53667,-0.64571,189.40800000000004,2.565562024196648,-8.74029687806,-1.2193421640905,7.5209547139695,3.2972678876022155,1,0,0.5191000000000001,3,3,ok,False,7.467586770609243,1.2728016727997231,1.2728016727997231,4.972941332459452,9.962232208759033,18.18,0.5,1.0,6.2999545292329105e-19,8.881717612696984e-20,8.740388443408966,1.7842651776526082,2.4824485263151033,0.7187521347325319,True,0.5965425953558107,5.298322875895674e-20
1073323-64-4,O=C(O)C1=CC(Cl)=CC(=C1C(=O)O)C,175.35846749684222,181.03815566666665,0.5361,-0.65729,170.60000000000005,3.510781448623654,-8.6322676794115,-0.7469525196225,7.885315159789,2.7890379065179096,1,1,2.0448200000000005,2,2,ok,False,7.436369304901016,1.2728016727997231,1.2728016727997231,4.941723866751225,9.931014743050808,18.18,0.5,1.0,5.060514365490309e-19,7.115463035085128e-20,8.70917097770074,1.4307518703550517,2.4824485263151033,0.5763470441334109,True,0.7173611169712971,5.104356510616643e-20
68621-19-2,O=C(O)C=1C=CC=C(SC=2C=CC=CC2)C1C(=O)O,175.8020289511282,279.6852293333333,0.53612,-0.65264,229.08800000000005,3.7511803382402182,-7.716060344778,-0.735795851752,6.980264493026,2.55842286628939,1,0,3.2342000000000013,2,3,ok,False,7.418334075371339,1.2728016727997231,1.2728016727997231,4.923688637221548,9.91297951352113,18.18,0.5,1.0,4.457694560715367e-19,6.258282283364103e-20,8.691135748171062,1.254159735612578,2.4824485263151033,0.5052107716707535,True,0.7747321488051784,4.84849248122005e-20
109803-70-5,O=C(O)C1=CC=C(O)C(Cl)=C1C(=O)O,178.51715431954895,172.96854166666665,0.53653,-0.64762,162.12000000000003,3.945440957611709,-8.360425942762001,-0.6038206342595,7.756605308502501,2.589976977607607,1,1,1.442,3,3,ok,False,7.410006418512068,1.2728016727997231,1.2728016727997231,4.915360980362276,9.904651856661859,18.18,0.5,1.0,4.2038418243947656e-19,5.897732783692725e-20,8.682808091311792,1.5480457485464856,2.4824485263151033,0.6235963131305581,True,0.6778207803510403,3.997605837744516e-20
1089857-47-5,O=C(O)C=1C=CC=2N=CNC2C1C(=O)O,179.1068695311451,188.99290266666665,0.53538,-0.66373,163.11200000000005,3.886271800839463,-8.319064637486,-0.948044655142,7.371019982343999,2.9127351047487746,1,1,0.9593,3,3,ok,False,7.411246770946145,1.2728016727997231,1.2728016727997231,4.916601332796354,9.905892209095937,18.18,0.5,1.0,4.240726126122183e-19,5.950103656801381e-20,8.68404844374587,1.6440482966114849,2.4824485263151033,0.6622688362654098,True,0.6449386961137177,3.837452094158946e-20
100118-13-6,O=C(O)C1=CC=C(C(=C1C(=O)O)C)CCC,177.32252011507344,219.77667266666663,0.5345,-0.66431,204.89600000000004,4.215279953929513,-8.416481395965,-0.540418107093,7.876063288872,2.54651485664263,1,1,2.3439200000000007,2,2,ok,False,7.385590038921913,1.2728016727997231,1.2728016727997231,4.890944600772122,9.880235477071704,18.18,0.5,1.0,3.539004776621617e-19,4.9547704566412624e-20,8.658391711721636,1.3915883991760603,2.4824485263151033,0.5605708978150319,True,0.7303439207439357,3.6186864816896e-20
76284-57-6,O=C(O)C1=CC=C(F)C(=C1C(=O)O)C(F)(F)F,172.40465155252005,160.699108,0.53841,-0.64261,174.91200000000003,3.596901052294878,-9.2390815660265,-0.8046406559285,8.434440910098001,2.990013124373782,1,1,2.2409000000000003,2,2,ok,False,7.390647414650294,1.2728016727997231,1.2728016727997231,4.896001976500503,9.885292852800085,18.18,0.5,1.0,3.6675856936348363e-19,5.136983533175907e-20,8.663449087450017,1.6831528091271903,2.4824485263151033,0.6780212323780298,True,0.6314649815402129,3.243825211949302e-20
828922-44-7,O=C(O)C=1C=C(C(=O)O)C(C(=O)O)=C(Br)C1C(=O)O,176.05895316033673,226.052838,0.5405,-0.63577,213.24800000000005,3.9185169669149063,-9.0257443072345,-1.39866519157,7.6270791156645,3.5619242881453284,1,2,1.2419000000000002,4,4,ok,False,7.480161309473328,1.2728016727997231,1.2728016727997231,4.985515871323536,9.97480674762312,18.18,0.5,1.0,6.879999814423141e-19,9.709848234452951e-20,8.75296298227305,2.6398745311735317,2.4824485263151033,1.063415616956259,False,0.32275789936061283,3.1339302192623895e-20
1800035-16-8,O=C(O)C=1C(Cl)=CC=C(C1C(=O)O)N(=O)=O,164.74629709203668,190.2944933333333,0.53824,-0.63021,177.70400000000004,3.678848616075416,-9.239353679877,-1.9921454995105,7.247208180366501,4.351557547302397,2,0,1.6446,2,4,ok,False,7.588649221975734,1.2728016727997231,1.2728016727997231,5.094003783825943,10.083294660125524,18.18,0.5,1.0,1.465085990524545e-18,2.086960364068151e-19,8.861450894775457,3.6857079974254923,2.4824485263151033,1.4847067153076012,False,0.11032176679088966,2.3023715458655672e-20
2447566-58-5,O=C(O)C=1C=CC=C(C#CCOCC)C1C(=O)O,174.744807087114,239.996335,0.53634,-0.6518,220.4720000000001,1.7386782134713714,-8.363419195117501,-0.739605445659,7.623813749458501,2.717309877109401,1,0,1.471,2,3,ok,False,7.31360444084895,1.2728016727997231,1.2728016727997231,4.818959002699159,9.80824987899874,18.18,0.5,1.0,2.125863463853761e-19,2.958321608642009e-20,8.586406113648673,1.3510304134369515,2.4824485263151033,0.5442330018590129,True,0.7436464488053652,2.1999453586908055e-20
103988-64-3,O=C(O)C=1C=C(C(OC)=C(OC)C1C(=O)O)C,176.15140443866633,213.53472466666668,0.53506,-0.65937,206.15200000000004,4.539831380128562,-8.3944401740745,-0.6046369758110001,7.7898031982635,2.599019111536865,1,2,1.40862,2,4,ok,False,7.2395109651212985,1.2728016727997231,1.2728016727997231,4.744865526971507,9.73415640327109,18.18,0.5,1.0,1.253932980312154e-19,1.7341662460478333e-20,8.512312637921022,1.364356858824328,2.4824485263151033,0.549601268409602,True,0.7392925568993539,1.2820561981292568e-20
861555-37-5,O=C(O)C1=CC=C(C(OC)=C1C(=O)O)C,175.81879847909372,189.503784,0.53562,-0.65892,180.68000000000004,3.555195966469359,-8.516075065248,-0.63674641017,7.879328655078,2.658035494777937,1,1,1.40002,2,3,ok,False,7.241727626249387,1.2728016727997231,1.2728016727997231,4.747082188099595,9.736373064399178,18.18,0.5,1.0,1.2739554959661536e-19,1.7621830277388265e-20,8.51452929904911,1.4020250967743055,2.4824485263151033,0.5647750927812564,True,0.7268966977483915,1.2809250236916152e-20
2527380-64-7,O=C(O)C=1C=CC=C(C#CC(O)CCCC)C1C(=O)O,178.08525339136304,274.0334476666667,0.5369,-0.65257,253.45600000000007,3.62238614313825,-8.3917190355695,-0.764639919905,7.6270791156644995,2.74806738104072,1,0,1.9856,3,3,ok,False,7.233784132772646,1.2728016727997231,1.2728016727997231,4.739138694622855,9.728429570922437,18.18,0.5,1.0,1.2036319861082083e-19,1.6638056438568618e-20,8.506585805572369,1.5224189799413008,2.4824485263151033,0.6132731308637239,True,0.6865309760832098,1.1422541126898047e-20
1073323-66-6,O=C(O)C1=CC(F)=CC(=C1C(=O)O)C,175.24708757350612,163.69547766666668,0.53593,-0.65887,160.82400000000004,3.347824589192212,-8.703833622092999,-0.7031421896919999,8.000691432400998,2.7651108242076003,1,1,1.53052,2,2,ok,False,7.209693911164011,1.2728016727997231,1.2728016727997231,4.715048473014219,9.704339349313802,18.18,0.5,1.0,1.0129861323531218e-19,1.3974633284162656e-20,8.482495583963734,1.4989734431718933,2.4824485263151033,0.6038286100525675,True,0.6944681415639576,9.704937605890266e-21
65726-16-1,O=C(O)C1=CC=C(C(=O)O)C(C(=O)O)=C1OC,175.3581224041808,198.13613633333333,0.53784,-0.65439,192.16800000000003,5.001226874477902,-8.784923549542,-1.2579823308615,7.5269412186805,3.3499649988074545,1,1,0.7898000000000001,3,4,ok,False,7.165140197430933,1.2728016727997231,1.2728016727997231,4.670494759281142,9.659785635580725,18.18,0.5,1.0,7.356858120359533e-20,1.0111627614905146e-20,8.437941870230656,1.919216604367645,2.4824485263151033,0.7731143602870556,True,0.5500721574033979,5.562124816990648e-21
1005516-19-7,O=C(O)C=1C=CC=C(OCCO)C1C(=O)O,179.43055320574334,193.2056113333333,0.53606,-0.65869,189.31200000000004,4.622970535272748,-8.1381089269035,-0.6623251121170001,7.4757838147865,2.5899504718811373,1,0,0.4541,3,4,ok,False,7.128547187075943,1.2728016727997231,1.2728016727997231,4.633901748926152,9.623192625225734,18.18,0.5,1.0,5.652075347458096e-20,7.744974636232514e-21,8.401348859875666,1.5337072279512456,2.4824485263151033,0.617820354256388,True,0.6826984737742532,5.287482363576239e-21
2386131-64-0,O=C(O)C1=CC=CC(=C1C(=O)O)S(=O)(=O)Cl,166.9738414830469,201.64725866666663,0.53887,-0.63596,188.24000000000004,5.705940501792846,-9.4965012685995,-1.6035669209965002,7.892934347603,3.902588960818453,1,0,1.0105000000000002,2,4,ok,False,7.25230428766546,1.2728016727997231,1.2728016727997231,4.757658849515669,9.746949725815252,18.18,0.5,1.0,1.373926490685627e-19,1.9021460201722888e-20,8.525105960465183,2.862691203873589,2.4824485263151033,1.1531724317856895,False,0.2645284009566695,5.031716451022684e-21
92379-37-8,O=C(O)C1=CC=2C=CC=CC2C(OC)=C1C(=O)O,175.35522974578726,253.145719,0.53505,-0.65869,208.0960000000001,4.507669496535876,-7.74980246224,-0.8685874107959999,6.881215051444,2.698529382106099,1,2,2.2448,2,3,ok,False,7.11397900898148,1.2728016727997231,1.2728016727997231,4.619333570831689,9.608624447131271,18.18,0.5,1.0,5.087815481610802e-20,6.963383321757253e-21,8.386780681781204,1.4658617816588613,2.4824485263151033,0.5904903026669226,True,0.7056197406680326,4.913500733670456e-21
2597115-40-5,O=C(O)C=1C=CC=C(C#CCCC(=O)O)C1C(=O)O,178.1809269155704,242.09912066666664,0.53643,-0.65298,222.4720000000001,2.209063136263878,-8.226001700615,-0.738516990257,7.487484710358001,2.6832306998844966,1,0,1.2993,3,3,ok,False,7.095217309464619,1.2728016727997231,1.2728016727997231,4.600571871314828,9.589862747614411,18.18,0.5,1.0,4.44246138409006e-20,6.07071457260037e-21,8.368018982264342,1.525398192745134,2.4824485263151033,0.6144732414691412,True,0.6855201646205733,4.161597253173519e-21
2961390-78-1,O=C(O)C1=CC=C2C(OC3(CNC3)CC2)=C1C(=O)O,179.90420436011158,243.25035666666665,0.53506,-0.66011,223.36800000000005,4.146882426594707,-7.968309884191499,-0.6234128314955,7.344897052695999,2.5125505059378823,1,1,0.75,3,4,ok,False,7.088216980804724,1.2728016727997231,1.2728016727997231,4.593571542654932,9.582862418954516,18.18,0.5,1.0,4.2229918036753467e-20,5.7674735786059896e-21,8.361018653604447,1.5303010392533263,2.4824485263151033,0.6164482457668012,True,0.6838556376454439,3.9441193217008495e-21
89939-50-4,O=C(O)C1=CC(N)=CC(=C1C(=O)O)N(=O)=O,173.05331023844084,194.3977173333333,0.537,-0.65512,174.27200000000005,7.183190825809934,-7.799871410732,-1.809557105825,5.990314304907,3.853767586918482,1,1,0.5734,3,5,ok,False,7.150649084528984,1.2728016727997231,1.2728016727997231,4.656003646379193,9.645294522678775,18.18,0.5,1.0,6.628238192143045e-20,9.099236248654406e-21,8.423450757328707,2.332904755128859,2.4824485263151033,0.9397595681839881,True,0.4134792091328042,3.762345007806168e-21
90322-77-3,O=C(O)C=1C(OC)=CC=C(C1C(=O)O)N(=O)=O,167.30998490824996,205.54304566666667,0.53593,-0.64253,187.85600000000005,7.816911375984763,-8.5724026323015,-1.8114619027785,6.760940729523,3.9870428907938185,2,0,0.9998,2,5,ok,False,7.186227365493643,1.2728016727997231,1.2728016727997231,4.691581927343852,9.680872803643435,18.18,0.5,1.0,8.560601020030876e-20,1.1786731921688621e-20,8.459029038293366,2.6934310176008216,2.4824485263151033,1.0849896741258505,False,0.3081395257324736,3.631957984284939e-21
858789-94-3,O=C(O)C1=CC=C2OCOCC2=C1C(=O)O,175.44212968575908,190.861843,0.53451,-0.65445,178.85600000000005,4.066508901994437,-8.290764797034,-0.5537516857675,7.737013111266501,2.527637949218313,1,1,0.9495,2,4,ok,False,7.028053423752658,1.2728016727997231,1.2728016727997231,4.533407985602866,9.522698861902448,18.18,0.5,1.0,2.728843858719414e-20,3.708467529912002e-21,8.30085509655238,1.3424323007543553,2.4824485263151033,0.5407694405438629,True,0.7464463093038554,2.7681719008759987e-21
69933-19-3,O=C(O)C1=CC=C(C(=O)O)C(C(=O)O)=C1O,179.48992595883493,185.53930466666665,0.54187,-0.65207,172.82400000000004,6.174848903414561,-8.424372697629499,-1.1164831286015,7.307889569027999,3.114029332172618,1,1,0.4867999999999999,4,4,ok,False,7.053499518436699,1.2728016727997231,1.2728016727997231,4.558854080286908,9.54814495658649,18.18,0.5,1.0,3.283253455854247e-20,4.4712414559241205e-21,8.326301191236423,1.841567264493578,2.4824485263151033,0.7418350249651152,True,0.5767656749303003,2.578858596102414e-21
219646-70-5,O=C(O)C1=CC(OCC=C(C)C)=C(C(OC)=C1C(=O)O)C,176.3331011793859,283.9984063333333,0.5353,-0.66113,266.92800000000005,3.0809993654656926,-8.005045254009,-0.6201474652895,7.384897788719499,2.518448852422755,1,2,2.74502,2,4,ok,False,7.014285829807539,1.2728016727997231,1.2728016727997231,4.519640391657748,9.50893126795733,18.18,0.5,1.0,2.4685785198470235e-20,3.350983334953429e-21,8.287087502607262,1.4015085126531726,2.4824485263151033,0.5645669981860787,True,0.7270675458053115,2.4363912293790877e-21
921759-10-6,O=C(O)C=1C=C(C(=C(C1C(=O)O)C)C)C,177.26152696338522,204.03657966666665,0.53359,-0.66697,187.98400000000004,4.112344378818486,-8.374031635287,-0.4783761491789999,7.895655486108001,2.4812735218866138,1,2,2.00826,2,2,ok,False,7.008692056231483,1.2728016727997231,1.2728016727997231,4.514046618081692,9.503337494381274,18.18,0.5,1.0,2.369985252765093e-20,3.2156727005203945e-21,8.281493729031206,1.5102618651819593,2.4824485263151033,0.6083759035373683,True,0.690650591080112,2.2209062513345902e-21
91715-62-7,O=C(O)C1=CC=C(C(=C1C(=O)O)C)C,176.64345445823906,185.66405266666663,0.5347,-0.66465,171.52800000000005,4.23233728689007,-8.4401553009585,-0.52245859296,7.9176967079985,2.536357818881617,1,1,1.69984,2,2,ok,False,6.979673220340013,1.2728016727997231,1.2728016727997231,4.485027782190222,9.474318658489803,18.18,0.5,1.0,1.9177121043039077e-20,2.595840437158066e-21,8.252474893139736,1.4891580039100876,2.4824485263151033,0.5998746753958133,True,0.6977812462128696,1.8113287752099156e-21
1826827-36-4,O=C(O)C=1C=CC=C(OC2=CC=CC(C(=O)O)=C2C(=O)O)C1,177.67546073998082,279.2888146666666,0.53683,-0.65416,246.55200000000005,3.444448328832935,-8.14708868397,-0.8411039118955,7.305984772074501,2.764432470799968,1,0,2.5735,3,4,ok,False,6.949247561632108,1.2728016727997231,1.2728016727997231,4.454602123482316,9.443892999781898,18.18,0.5,1.0,1.5350521453241984e-20,2.072710320062912e-21,8.22204923443183,1.55602233743145,2.4824485263151033,0.6268095072010126,True,0.6751028979517784,1.39929274368903e-21
102326-94-3,O=C(O)C1=CC=2NC(=S)NC2C=C1C(=O)O,185.1729093757269,233.32833966666664,0.53179,-0.6682,181.44800000000004,4.978200495158869,-7.347618191201,-0.5621872151330001,6.785430976068,2.305123351292476,0,2,1.6218899999999998,4,3,ok,False,6.928882378727912,1.2728016727997231,1.2728016727997231,4.434236940578121,9.423527816877703,18.18,0.5,1.0,1.3221696845684389e-20,1.78230412853287e-21,8.201684051527636,1.440076945419705,2.4824485263151033,0.5801034463169017,True,0.7142515923810865,1.273013561911987e-21
33561-98-7,O=C(O)C1=CC(OC)=C(C(OC)=C1C(=O)O)C,176.05838724927224,214.1754696666667,0.53574,-0.66101,205.83200000000005,2.15621521653104,-8.0276307036005,-0.629671450057,7.397959253543501,2.5327552508424374,1,2,1.40862,2,4,ok,False,6.913442464736107,1.2728016727997231,1.2728016727997231,4.418797026586316,9.4080879028859,18.18,0.5,1.0,1.1804793133968272e-20,1.5893049693809987e-21,8.18624413753583,1.4300670076207471,2.4824485263151033,0.5760711621857916,True,0.7175892248400259,1.1404681210125118e-21
53464-95-2,O=C(O)C=1C=CC=C(OC2=CC=C(C=C2)C(C3=CC=C(OC4=CC=CC(C(=O)O)=C4C(=O)O)C=C3)(C)C)C1C(=O)O,182.3848123414205,561.085335,0.53651,-0.65655,474.9600000000001,8.009556679991721,-7.612657081588001,-0.7621908952505,6.850466186337501,2.559609693973769,1,0,6.389900000000004,4,6,ok,False,6.8944039599481375,1.2728016727997231,1.2728016727997231,4.399758521798346,9.389049398097928,18.18,0.5,1.0,1.0262868220406864e-20,1.3795757737732789e-21,8.16720563274786,1.666935821788011,2.4824485263151033,0.6714885743320435,True,0.6370565158420491,8.78867735780104e-22
2594253-99-1,O=C(O)C=1C=CC=C(C#CCOC)C1C(=O)O,173.99220075972997,224.054222,0.53645,-0.6513,203.57600000000005,4.406846076277228,-8.249947719459,-0.729809347041,7.520138372418,2.6806699883711462,1,0,1.0809,2,3,ok,False,6.861179432038634,1.2728016727997231,1.2728016727997231,4.366533993888843,9.355824870188425,18.18,0.5,1.0,8.034395001839277e-21,1.0771087499622758e-21,8.133981104838357,1.4624587794541761,2.4824485263151033,0.5891194777863211,True,0.7067616779396086,7.612591874467725e-22
2505254-19-1,O=C(O)C=1C=CC=C(C#CCC(C)(C)C)C1C(=O)O,174.22657232102887,272.690068,0.53637,-0.65183,244.20000000000005,3.5943806712700868,-8.1217820958735,-0.7243670700310001,7.3974150258425,2.6446520437225445,1,0,2.870700000000001,2,2,ok,False,6.85876097506109,1.2728016727997231,1.2728016727997231,4.3641155369112985,9.35340641321088,18.18,0.5,1.0,7.892287563348464e-21,1.0578502570400381e-21,8.131562647860813,1.438058690718745,2.4824485263151033,0.5792904366292623,True,0.7149251622342163,7.562837666338567e-22
2385606-35-7,O=C(O)C=1C(F)=CC=C(O)C1C(=O)O,176.9851826465636,153.11109866666666,0.53432,-0.64774,152.36800000000002,3.979200495074356,-8.214028691193,-0.7257276392835,7.488301051909501,2.6681366939672992,2,0,0.9277,3,3,ok,False,6.789297104106177,1.2728016727997231,1.2728016727997231,4.294651665956386,9.283942542255968,18.18,0.5,1.0,4.719916372675458e-21,6.290985978095011e-22,8.0620987769059,1.5920758797991028,2.4824485263151033,0.6413328868342533,True,0.6627828480810947,4.1695576038000425e-22
134030-34-5,O=C(O)C=1C=CC2=CC=C(C=C2C1C(=O)O)C(C)(C)C,174.12457136740767,302.80567333333335,0.53552,-0.65742,248.31200000000007,4.176614814655524,-7.648031882152999,-0.969813763182,6.678218118971,2.7802050728115004,1,1,3.5337000000000023,2,2,ok,False,6.756226750257989,1.2728016727997231,1.2728016727997231,4.261581312108198,9.25087218840778,18.18,0.5,1.0,3.691399013091052e-21,4.9070428254632e-22,8.029028423057712,1.5993143394232239,2.4824485263151033,0.6442487417039071,True,0.6603030113674441,3.2401351545623623e-22
37102-74-2,O=C(O)C1=CC=CC(=C1C(=O)O)C,175.32527797139346,165.89380033333333,0.53436,-0.66174,155.27200000000005,2.639867636833332,-8.6164850760825,-0.5902149417345001,8.026270134348,2.6401841639783385,1,0,1.39142,2,2,ok,False,6.743659638706354,1.2728016727997231,1.2728016727997231,4.249014200556562,9.238305076856145,18.18,0.5,1.0,3.3616404605173566e-21,4.464180709619311e-22,8.016461311506077,1.556617538080523,2.4824485263151033,0.6270492707420342,True,0.6748999725279662,3.0128754382819494e-22
90772-01-3,O=C(O)C1=CC=CC(C(=O)OC)=C1C(=O)O,173.42890470118573,190.143558,0.53647,-0.65849,183.12000000000003,3.8284610498214553,-9.132412936630502,-0.791851304955,8.340561631675502,2.9521699223097517,1,0,0.8695999999999999,2,4,ok,False,6.742684988944827,1.2728016727997231,1.2728016727997231,4.248039550795036,9.23733042709462,18.18,0.5,1.0,3.3373186370756788e-21,4.43153515705093e-22,8.01548666174455,1.7326271331220895,2.4824485263151033,0.6979508798492456,True,0.6143838208899459,2.722663502197077e-22
1804038-87-6,O=C(O)C1=CC=CC(C(=O)C(Br)C)=C1C(=O)O,171.19342183444638,229.614483,0.53576,-0.65753,211.51200000000009,5.707451124626473,-9.085337240494,-1.2231517579975,7.862185482496501,3.378988757915876,1,0,2.0491,2,3,ok,False,6.690220498824017,1.2728016727997231,1.2728016727997231,4.1955750606742255,9.184865936973807,18.18,0.5,1.0,2.2556469887286563e-21,2.9826504539774686e-22,7.96302217162374,2.074113472025057,2.4824485263151033,0.8355111697336296,True,0.497540203422181,1.4839885136092102e-22
120956-79-8,O=C(O)C1=CC(OC)=C(OCC)C(OC)=C1C(=O)O,175.42517726252208,236.46548533333336,0.53552,-0.66021,231.97600000000008,3.3616813070248046,-8.0510324947435,-0.6261339700005,7.424898524743001,2.535159827638319,1,2,1.4989,2,5,ok,False,6.641264087662358,1.2728016727997231,1.2728016727997231,4.1466186495125665,9.13590952581215,18.18,0.5,1.0,1.5626500836496008e-21,2.058241525813917e-22,7.914065760462081,1.4879506402590965,2.4824485263151033,0.5993883154015607,True,0.6981883622698791,1.4370402800638757e-22
1806531-01-0,O=C(O)C1=CC=CC(C(=O)CC)=C1C(=O)O,173.5682398880874,202.821958,0.53527,-0.66346,191.44000000000003,7.464943340039494,-9.0562210584905,-0.8949824542945001,8.161238604196,3.0334381873711944,1,0,1.6757,2,3,ok,False,6.675289941764236,1.2728016727997231,1.2728016727997231,4.180644503614444,9.169935379914026,18.18,0.5,1.0,2.017076571977779e-21,2.6640078776701494e-22,7.948091614563959,1.9625731507686919,2.4824485263151033,0.7905795950910999,True,0.5352528129270224,1.4259177101826946e-22
1807075-29-1,O=C(O)C1=CC=CC(C(=O)CCCl)=C1C(=O)O,172.50230250690487,216.989333,0.53587,-0.66005,206.8400000000001,3.778298147314476,-9.0886026067,-1.0081818161025,8.0804207905975,3.1540763260488864,1,0,1.8946,2,3,ok,False,6.648094931570515,1.2728016727997231,1.2728016727997231,4.153449493420724,9.142740369720308,18.18,0.5,1.0,1.644910045893268e-21,2.1677694772105694e-22,7.920896604370238,1.9365303402199459,2.4824485263151033,0.7800888194425093,True,0.5441455209134747,1.179582051397076e-22
2502276-72-2,O=C(O)C=1C=CC=C(C#CCCC(O)CC)C1C(=O)O,177.47294789209897,274.9862856666667,0.53573,-0.65283,253.2800000000001,3.93605107055282,-8.133482991445,-0.6919855218215001,7.441497469623499,2.616707685402169,1,0,1.9856,3,3,ok,False,6.568121569489749,1.2728016727997231,1.2728016727997231,4.073476131339958,9.06276700763954,18.18,0.5,1.0,9.005633156525874e-22,1.1793041517324087e-22,7.840923242289472,1.584448202463135,2.4824485263151033,0.6382602441368878,True,0.6653938624799006,7.847017445598103e-23
40112-15-0,O=C(O)C1=CC=C2C=C(C(=O)O)C(=CC2=C1C(=O)O)C(=O)O,177.44255310626883,285.582751,0.53651,-0.65031,238.29600000000005,1.1029815274971744,-8.183551939937,-1.346963559975,6.836588379962,3.3214931427013803,1,1,1.6326,4,4,ok,False,6.611453383413264,1.2728016727997231,1.2728016727997231,4.1168079452634725,9.106098821563055,18.18,0.5,1.0,1.2487692514589904e-21,1.6409176431047239e-22,7.884255056212987,2.138718042300657,2.4824485263151033,0.8615357054252106,True,0.47604458092896096,7.811499517507266e-23
52319-98-9,O=C(O)C=1C=C(C=C(C1C(=O)O)C)C(C)(C)C,175.5046289772492,236.75513966666668,0.53347,-0.66296,221.38400000000004,2.9058276497411195,-8.4537609934835,-0.5417786763455,7.911982317138,2.5568729399264605,1,1,2.6889200000000013,2,2,ok,False,6.547579897683352,1.2728016727997231,1.2728016727997231,4.052934459533561,9.042225335833145,18.18,0.5,1.0,7.709737060561031e-22,1.0079641619828003e-22,7.820381570483075,1.5820844965902932,2.4824485263151033,0.6373080770132654,True,0.6662025103770459,6.71508255083037e-23
2612215-19-5,O=C(O)C=1C=CC=C(C#CC=CCO)C1C(=O)O,177.1517663834154,258.7499136666667,0.53656,-0.65213,214.13600000000005,4.813746151387711,-7.789531084413,-0.815797323799,6.973733760614,2.654663898678168,1,0,0.983,3,3,ok,False,6.541365058409919,1.2728016727997231,1.2728016727997231,4.046719620260128,9.036010496559712,18.18,0.5,1.0,7.355347324790931e-22,9.611591673212622e-23,7.814166731209642,1.600608441591867,2.4824485263151033,0.6447700424096117,True,0.6598594589716252,6.342299681342259e-23
198330-12-0,O=C(O)C1=CC=C(OC2=CC=CC(C(=O)O)=C2C(=O)O)C=C1,176.6470471259671,282.0958586666667,0.5365,-0.65106,246.2800000000001,3.0703254827460884,-8.2251853590635,-0.788585938749,7.436599420314501,2.7313583943799538,1,0,2.5735,3,4,ok,False,6.539504634677154,1.2728016727997231,1.2728016727997231,4.044859196527363,9.034150072826947,18.18,0.5,1.0,7.252429627118559e-22,9.475710622984257e-23,7.812306307476877,1.6130800679569592,2.4824485263151033,0.6497939638456001,True,0.6555817986084612,6.212103413309322e-23
858000-56-3,O=C(O)C=1C=C(C(=O)O)C(C(=O)O)=C(C1)C,175.27646088421517,193.005323,0.53637,-0.65417,183.12000000000003,5.364673802758189,-8.827917537921,-1.0201548255245,7.807762712396499,3.1053879596544114,1,1,1.08962,3,3,ok,False,6.531163421368294,1.2728016727997231,1.2728016727997231,4.036517983218503,9.025808859518087,18.18,0.5,1.0,6.808237849807747e-22,8.889488545349287e-23,7.803965094168017,1.841875234121055,2.4824485263151033,0.7419590837821308,True,0.5766595149784383,5.1262081529675027e-23
62268-18-2,O=C(O)C1=CC(Cl)=C(Cl)C(SC)=C1C(=O)O,171.96597093395218,225.53362433333328,0.53896,-0.65183,204.38400000000004,5.517093849120205,-8.2904926831835,-1.0277740133385,7.262718669844999,2.988897759045516,1,2,3.111700000000001,2,3,ok,False,6.522347820696417,1.2728016727997231,1.2728016727997231,4.027702382546626,9.01699325884621,18.18,0.5,1.0,6.368025065284776e-22,8.308919041392141e-23,7.79514949349614,1.776118452562537,2.4824485263151033,0.7154704050194232,True,0.5993569787943367,4.98000861369553e-23
2300-16-5,O=C(O)C1=C(C(=O)O)C(=CC=C1N(=O)=O)N(=O)=O,159.8195564448323,197.696922,0.5399,-0.62887,186.43200000000004,0.3213044817614593,-9.7375941401425,-2.4645351439785,7.273058996164,5.11792765413194,2,0,0.8994,2,6,ok,False,6.987675114060459,1.2728016727997231,1.2728016727997231,4.493029675910668,9.48232055221025,18.18,0.5,1.0,2.0331252234585804e-20,2.753866879863142e-21,8.260476786860183,5.017019410004304,2.4824485263151033,2.0209963497013437,False,0.01683279443731627,4.635527509646981e-23
858789-93-2,O=C(O)C=1C=C(C=2OCOCC2C1C(=O)O)C,175.04621351325926,209.3952803333333,0.53484,-0.65668,195.29600000000005,4.363247781183186,-8.1707625889635,-0.5064038757805001,7.664358713183,2.4559529594880054,1,2,1.25792,2,4,ok,False,6.488542694655439,1.2728016727997231,1.2728016727997231,3.9938972565056474,8.98318813280523,18.18,0.5,1.0,4.92598002773216e-22,6.410251734108408e-23,7.761344367455162,1.4807046097460372,2.4824485263151033,0.5964694107651712,True,0.7006297132443526,4.491212834292488e-23
102653-80-5,O=C(O)C=1C=C(C=C(C1C(=O)O)C)C,175.51778867190487,184.772636,0.53361,-0.66406,171.85600000000005,2.7306638698309245,-8.4314476577425,-0.5444998148505,7.886947842892001,2.553828002785612,1,1,1.69984,2,2,ok,False,6.471235877115582,1.2728016727997231,1.2728016727997231,3.9765904389657907,8.965881315265374,18.18,0.5,1.0,4.318030744090383e-22,5.611472145366579e-23,7.744037549915305,1.6299937571087,2.4824485263151033,0.656607272952495,True,0.6497724132310999,3.6461797976739394e-23
2168743-95-9,O=C(O)C1=CC=C2C(NC(C)C2)=C1C(=O)O,181.3097189013035,217.40024466666668,0.53093,-0.67178,190.04000000000005,4.690765316022536,-7.1971392318745,-0.580690956967,6.6164482749075,2.285767224837103,1,1,1.4395,3,3,ok,False,6.4624321334130865,1.2728016727997231,1.2728016727997231,3.967786695263295,8.957077571562877,18.18,0.5,1.0,4.037893402254913e-22,5.2437914675468935e-23,7.735233806212809,1.5009932609808754,2.4824485263151033,0.6046422494040268,True,0.6937856347991779,3.638067192066534e-23
89939-48-0,O=C(O)C1=CC=C(N)C(=C1C(=O)O)N(=O)=O,171.62004918531045,205.64097833333332,0.5354,-0.65471,172.86400000000003,6.442391562921334,-7.984908829071999,-1.81772052134,6.167188307731999,3.8952735584985207,1,1,0.5734,3,5,ok,False,6.527526822959974,1.2728016727997231,1.2728016727997231,4.0328813848101825,9.022172261109766,18.18,0.5,1.0,6.623107807281201e-22,8.64528179654656e-23,7.800328495759697,2.467244849118984,2.4824485263151033,0.9938755317441819,True,0.37239931514937497,3.2194970203072967e-23
42760-54-3,O=C(O)C1=CC=C(C(OC(=O)C)=C1C(=O)O)C,172.7972271021748,206.16074966666667,0.53561,-0.65135,200.40000000000003,5.095977065293759,-8.7797533863825,-0.6859990171105,8.093754369272,2.767580546563236,1,1,1.31672,2,4,ok,False,6.44431211846326,1.2728016727997231,1.2728016727997231,3.9496666803134683,8.938957556613051,18.18,0.5,1.0,3.516676755124566e-22,4.56042281889756e-23,7.717113791262983,1.6520947153884964,2.4824485263151033,0.6655101597779481,True,0.6421689982601415,2.928562153254137e-23
2601427-59-0,O=C(O)C=1C=CC=C(C#CC=2C=CN=CC2)C1C(=O)O,171.617119042571,294.542306,0.53609,-0.64984,228.36000000000004,2.9745408603682013,-8.079876562896501,-1.064509383156,7.015367179740501,2.979879462754493,1,0,1.8778,2,3,ok,False,6.453412785779787,1.2728016727997231,1.2728016727997231,3.958767347629996,8.948058223929579,18.18,0.5,1.0,3.769547548029531e-22,4.8918385785774985e-23,7.72621445857951,1.7872714164044072,2.4824485263151033,0.7199631321489662,True,0.5955041557309213,2.9131102027077435e-23
858442-56-5,O=C(O)C1=CC(OC)=C(O)C(Br)=C1C(=O)O,177.18380097124822,207.959387,0.53665,-0.65,191.5600000000001,4.988837752422903,-8.019739401936,-0.6098071389705,7.4099322629655004,2.512474839812785,1,2,1.5597,3,4,ok,False,6.352453370008318,1.2728016727997231,1.2728016727997231,3.8578079318585266,8.847098808158108,18.18,0.5,1.0,1.7398455697091092e-22,2.2400817221728198e-23,7.625255042808041,1.6207444081297049,2.4824485263151033,0.6528813753635027,True,0.6529504126770552,1.4626622849230713e-23
1630310-03-0,O=C(O)C1=CC=C2NC(C)CC2=C1C(=O)O,181.00746895737743,220.92869733333336,0.53139,-0.66383,190.47200000000004,6.871864929551512,-7.2270717554295,-0.3434076793309999,6.8836640760985,2.081455393470292,1,1,1.4395,3,3,ok,False,6.34429116613321,1.2728016727997231,1.2728016727997231,3.849645727983419,8.838936604283003,18.18,0.5,1.0,1.633977378425754e-22,2.1024373057411145e-23,7.617092838932933,1.5253249050492441,2.4824485263151033,0.6144437191265375,True,0.6855450360912483,1.4413154586438792e-23
24953-75-1,O=C(O)C1=CC(OC)=CC(O)=C1C(=O)O,178.62731108161,184.277347,0.5377,-0.65816,171.29600000000005,2.8175407397232077,-8.080692904448,-0.5031385095745,7.5775543948735,2.4309347681558133,1,1,0.7971999999999999,3,4,ok,False,6.348250729935248,1.2728016727997231,1.2728016727997231,3.853605291785457,8.84289616808504,18.18,0.5,1.0,1.6845138970085742e-22,2.1681311686757691e-23,7.621052402734971,1.6162904218050833,2.4824485263151033,0.6510871845565606,True,0.6544798232137878,1.4189981039792205e-23
2576356-83-5,O=C(O)C=1C=CC=C(C#CCCNC)C1C(=O)O,177.0296405997099,248.35304,0.53633,-0.65329,223.2160000000001,3.582998029583605,-8.04368542078,-0.7243670700310001,7.319318350748999,2.625884706659529,1,0,1.0439999999999998,3,3,ok,False,6.325921926578703,1.2728016727997231,1.2728016727997231,3.8312764884289114,8.820567364728493,18.18,0.5,1.0,1.4184746512314382e-22,1.822542802667241e-23,7.598723599378426,1.6176114218558115,2.4824485263151033,0.6516193204847479,True,0.6540262839352957,1.1919908965414746e-23
98588-75-1,O=C(O)C=1C(Cl)=CC=C(OC)C1C(=O)O,172.68476977835326,186.9910703333333,0.53434,-0.64293,179.66400000000004,4.281476634293361,-8.0504882670425,-0.6043648619605,7.446123405082,2.514949008012986,2,0,1.745,2,3,ok,False,6.338644768723131,1.2728016727997231,1.2728016727997231,3.8439993305733395,8.833290206872922,18.18,0.5,1.0,1.56449694447193e-22,2.0121520790136382e-23,7.611446441522854,1.801474900494613,2.4824485263151033,0.7256846945256449,True,0.5905988387655101,1.1883746812850616e-23
1521080-76-1,O=C(O)C1=CC=CC(C2=NN=C(O2)CN)=C1C(=O)O,176.16395470013993,232.106296,0.53605,-0.65191,212.76000000000005,7.130490427032352,-8.604784180511,-0.733074713247,7.871709467264,2.769271690042515,1,0,0.5917000000000001,3,6,ok,False,6.320740883755864,1.2728016727997231,1.2728016727997231,3.8260954456060725,8.815386321905656,18.18,0.5,1.0,1.3629521930573886e-22,1.7504988177805838e-23,7.593542556555587,1.6578355902360429,2.4824485263151033,0.6678227454314635,True,0.6401919541006708,1.1206552588058659e-23
856195-04-5,O=C(O)C=1C=C(C(C(=O)O)=C(OC)C1C(=O)O)C,175.20123655948186,214.33004266666663,0.53692,-0.65437,208.8880000000001,3.0357706533926434,-8.661111747564501,-0.9962088066805,7.6649029408840015,3.041911978753861,1,2,1.09822,3,4,ok,False,6.320494896608814,1.2728016727997231,1.2728016727997231,3.8258494584590226,8.815140334758606,18.18,0.5,1.0,1.3603702518741147e-22,1.747149307181504e-23,7.593296569408537,1.8313456891283408,2.4824485263151033,0.7377174872772704,True,0.5802901214926208,1.0138534837301034e-23
1824333-97-2,O=C(O)C1=CC=C(C(S)=C1C(=O)O)C,177.6128721525576,196.6349393333333,0.53506,-0.65458,173.35200000000003,3.683306995079286,-8.037698916068999,-0.6217801483925,7.415918767676499,2.527892362935808,1,1,1.68012,3,3,ok,False,6.301169034179381,1.2728016727997231,1.2728016727997231,3.8065235960295896,8.795814472329173,18.18,0.5,1.0,1.1719506668384353e-22,1.5029004690024224e-23,7.573970706979104,1.6101496613558992,2.4824485263151033,0.6486135137496579,True,0.6565873826960014,9.867854853948935e-24
2586119-39-1,N#CC=1C=CC=CC1C#CC2=CC=CC(C(=O)O)=C2C(=O)O,171.2063398042878,328.75857233333335,0.53608,-0.65054,250.24000000000007,6.148212694759348,-7.8991929661645,-1.1485925629605,6.750600403204,3.0316719288476115,1,0,2.35448,2,3,ok,False,6.31742512009222,1.2728016727997231,1.2728016727997231,3.8227796819424285,8.812070558242011,18.18,0.5,1.0,1.328553412564654e-22,1.705879239999947e-23,7.590226792891943,1.8531078493754385,2.4824485263151033,0.7464838967380946,True,0.5727888048745475,9.771085311398711e-24
55289-21-9,O=C(O)C1=CC=C(OC)C(=C1C(=O)O)C,175.85249728695484,193.564744,0.53384,-0.66166,180.36000000000004,5.115981670217359,-8.014297124926001,-0.404361181843,7.609935943083001,2.3283312834765377,1,1,1.4000199999999998,2,3,ok,False,6.253718057788307,1.2728016727997231,1.2728016727997231,3.7590726196385154,8.748363495938097,18.18,0.5,1.0,8.119194471279909e-23,1.0373777887761051e-23,7.52651973058803,1.5352320925997354,2.4824485263151033,0.6184346125712435,True,0.6821802430724134,7.076786321052062e-24
64019-77-8,O=C(O)C=1C(OC)=CC=C(OC)C1C(=O)O,174.9424080217027,196.39206866666663,0.53162,-0.65502,189.96800000000005,5.692600029863331,-7.550615123674,-0.5347037162325,7.0159114074415,2.3294329470013366,2,0,1.1002,2,4,ok,False,6.23462837762048,1.2728016727997231,1.2728016727997231,3.7399829394706883,8.72927381577027,18.18,0.5,1.0,7.001944892577202e-23,8.933092835996148e-24,7.5074300504202025,1.5131765967432567,2.4824485263151033,0.6095500392869719,True,0.6896636593885886,6.160829494931089e-24
889943-38-8,O=C(O)C1=CC(N)=C(N)C=C1C(=O)O,186.6143520403136,190.0711776666667,0.52855,-0.68224,162.79200000000003,4.47100074479976,-7.136457843213,-0.416878418966,6.719579424247,2.1226361460837118,0,2,0.2473999999999999,4,4,ok,False,6.268637620305929,1.2728016727997231,1.2728016727997231,3.773992182156138,8.76328305845572,18.18,0.5,1.0,9.113702682532829e-23,1.165790047568497e-23,7.541439293105652,2.145842807691801,2.4824485263151033,0.8644057610640761,True,0.4736923021020107,5.522257714003339e-24
21872-44-6,O=C(O)C=1C=CC=C(OC(=O)C)C1C(=O)O,171.69812341045807,186.32191,0.53601,-0.65026,183.7680000000001,4.154579021994889,-8.9582600723105,-0.7542995935860001,8.2039604787245,2.8746425433251823,1,0,1.0083,2,4,ok,False,6.206312135794737,1.2728016727997231,1.2728016727997231,3.7116666976449455,8.700957573944528,18.18,0.5,1.0,5.619156320990057e-23,7.15328234999352e-24,7.47911380859446,1.801839048261527,2.4824485263151033,0.7258313834753064,True,0.5904731010388896,4.22382081180743e-24
1323408-36-1,O=C(O)C=1C=CC=C(OCC2=CC=C(C=C2)CO)C1C(=O)O,177.54924159611298,291.63587133333334,0.53615,-0.65874,261.03200000000004,6.726452118316163,-8.142734862362,-0.6827336509045,7.4600012114575,2.61021721950367,1,0,2.1543,3,4,ok,False,6.1853469593049635,1.2728016727997231,1.2728016727997231,3.690701521155172,8.679992397454754,18.18,0.5,1.0,4.77299666299297e-23,6.066303078915621e-24,7.458148632104686,1.6555379985247956,2.4824485263151033,0.6668972109493214,True,0.6409832906871482,3.8883989098289136e-24
2520421-11-6,O=C(O)C=1C=CC=C(C#CCO)C1C(=O)O,176.13025067498566,208.26909166666667,0.53626,-0.65239,186.34400000000005,2.082067054635849,-8.372943179884999,-0.747768861174,7.625174318710998,2.727392996504671,1,0,0.4267999999999999,3,3,ok,False,6.166172204648651,1.2728016727997231,1.2728016727997231,3.67152676649886,8.660817642798442,18.18,0.5,1.0,4.1101921574827105e-23,5.216205135723231e-24,7.438973877448374,1.668970262178075,2.4824485263151033,0.6723081040699205,True,0.6363553235647285,3.3193599069231545e-24
1021304-66-4,O=C(O)C1=CC=C2C(C(=O)C=CC2(C)C)=C1C(=O)O,172.1313096744477,259.8074086666668,0.53549,-0.66668,223.80000000000004,7.920914360097576,-8.89268063434,-1.1382522366415,7.7544283976985,3.243940400945635,1,1,2.1131,2,3,ok,False,6.219185691788068,1.2728016727997231,1.2728016727997231,3.724540253638277,8.713831129937859,18.18,0.5,1.0,6.210645998571452e-23,7.914111912946667e-24,7.491987364587791,2.3438887989449704,2.4824485263151033,0.9441842495820817,True,0.410046833745885,3.24515653181437e-24
2089723-18-0,O=C(O)C=1C=CC=2C=CNC2C1C(=O)O,178.58793403840883,202.2753603333333,0.53389,-0.66849,167.33600000000004,2.758857020579356,-7.6129291954385,-0.8525326936165,6.760396501822,2.6501420802658693,1,1,1.5643,3,2,ok,False,6.159700627699932,1.2728016727997231,1.2728016727997231,3.6650551895501406,8.654346065849722,18.18,0.5,1.0,3.907745109192894e-23,4.956816235748982e-24,7.432502300499655,1.6549228525333242,2.4824485263151033,0.6666494128641042,True,0.641195138808515,3.178286474329369e-24
1936231-13-8,O=C(O)C=1C=C(Br)C=C(N)C1C(=O)O,178.2381565848778,196.42170933333333,0.53356,-0.66299,169.29600000000005,3.498846577087941,-7.617283017046501,-0.760286098297,6.856996918749501,2.5588338858097583,1,1,1.4277,3,3,ok,False,6.12795838300301,1.2728016727997231,1.2728016727997231,3.633312944853219,8.6226038211528,18.18,0.5,1.0,3.0491057688335705e-23,3.858259099507674e-24,7.400760055802733,1.642127008576678,2.4824485263151033,0.6614948874747539,True,0.6455997907424552,2.490891267272328e-24
1019854-29-5,O=C(O)C=1C=CC=C(NC2=CC=CC(=C2)C(F)(F)F)C1C(=O)O,179.3788584816981,293.51689166666665,0.53291,-0.66709,253.1200000000001,2.958083835864021,-7.175642237685,-0.7172921099180001,6.458350127767,2.411545185035946,1,0,3.8454000000000015,3,3,ok,False,6.080947822237356,1.2728016727997231,1.2728016727997231,3.5863023840875643,8.575593260387148,18.18,0.5,1.0,2.1090980121291987e-23,2.6592168648654597e-24,7.3537494950370785,1.554826855343427,2.4824485263151033,0.6263279334340844,True,0.6755104307341223,1.7963287298007092e-24
62268-16-0,O=C(O)C=1C(Cl)=CC(Cl)=C(Cl)C1C(=O)O,168.8601184568113,193.70494566666665,0.5374,-0.63167,184.52000000000004,1.2750610534401872,-8.7666919215585,-0.8645057030385,7.902186218520001,2.9346298960484347,2,1,3.043200000000001,2,2,ok,False,6.141273245802564,1.2728016727997231,1.2728016727997231,3.6466278076527727,8.635918683952355,18.18,0.5,1.0,3.3837971968242357e-23,4.286142358469597e-24,7.414074918602287,2.6056925819957035,2.4824485263151033,1.0496461676341549,False,0.3322867170357202,1.4242281730436014e-24
632-58-6,O=C(O)C=1C(Cl)=C(Cl)C(Cl)=C(Cl)C1C(=O)O,167.8580076710036,209.50301133333332,0.53853,-0.6275,199.18400000000003,2.563406620105363,-8.8733605509545,-0.945323516637,7.9280370343175,3.0400512889214357,2,2,3.6966,2,2,ok,False,6.162269988841336,1.2728016727997231,1.2728016727997231,3.667624550691545,8.656915426991127,18.18,0.5,1.0,3.986911563176801e-23,5.058233990592853e-24,7.435071661641059,2.9559068674604747,2.4824485263151033,1.1907223195673522,False,0.24224161487828466,1.2253147703134428e-24
858442-77-0,O=C(O)C1=CC=C(OC)C(OCC)=C1C(=O)O,174.5572009167148,215.0541503333333,0.53459,-0.65812,206.22400000000005,6.325630458697378,-8.0657266426705,-0.4895328170494999,7.576193825621,2.415212246009597,1,1,1.4903,2,4,ok,False,6.031116112751679,1.2728016727997231,1.2728016727997231,3.5364706746018877,8.525761550901471,18.18,0.5,1.0,1.42486630086156e-23,1.789704625263174e-24,7.303917785551402,1.594129133694646,2.4824485263151033,0.6421599951806208,True,0.6620796193137651,1.1849269569783268e-24
1185302-72-0,O=C(O)C=1C=CC=C(NC(=O)OC(C)(C)C)C1C(=O)O,177.50885079368746,256.78022166666665,0.53469,-0.66372,244.7040000000001,3.063988678177516,-8.129945511388499,-0.759197642895,7.370747868493499,2.680083060333177,1,0,2.43,3,4,ok,False,5.994428575600384,1.2728016727997231,1.2728016727997231,3.499783137450593,8.489074013750177,18.18,0.5,1.0,1.0664887766842885e-23,1.3358349157318668e-24,7.267230248400107,1.724568790791242,2.4824485263151033,0.6947047531942816,True,0.6171675758685379,8.244339967027888e-25
2597372-85-3,O=C(O)C=1C=CC=C(C#CCCC(O)C)C1C(=O)O,176.28913786591593,258.43869666666666,0.53638,-0.65366,236.68800000000005,1.2485571592842677,-8.1664087673555,-0.722190159227,7.444218608128501,2.6533070506343663,1,0,1.5955,3,3,ok,False,5.978745566937647,1.2728016727997231,1.2728016727997231,3.4841001287878557,8.47339100508744,18.18,0.5,1.0,9.420268010151296e-24,1.1785369092449534e-24,7.25154723973737,1.6803354072251424,2.4824485263151033,0.6768863037492255,True,0.6324367469500778,7.453500490434774e-25
2890-08-6,O=C(O)C=1C=CC2=CC=C(N)C=C2C1C(=O)O,177.3753538363475,253.13627866666664,0.5344,-0.66036,194.23200000000008,5.012651319411714,-7.0970013348905,-0.9238265224475,6.173174812443,2.6053724976074992,1,1,1.8184,3,3,ok,False,5.970317958295293,1.2728016727997231,1.2728016727997231,3.475672520145502,8.464963396445086,18.18,0.5,1.0,8.81202415857799e-24,1.1017378297527156e-24,7.243119631095016,1.6958946552677374,2.4824485263151033,0.6831540059302214,True,0.6270685615150301,6.908651560697265e-25
927672-63-7,O=C(O)C=1C=CC=C(NC=2C=CC=3C=CC=CC3C2)C1C(=O)O,179.62433545066966,362.84492066666667,0.5345,-0.66921,264.27200000000005,2.764938948693081,-7.028700758415,-0.7023258481405,6.3263749102745,2.3618886502521432,1,0,3.979800000000002,3,3,ok,False,5.941118551549966,1.2728016727997231,1.2728016727997231,3.4464731134001747,8.435763989699758,18.18,0.5,1.0,6.990296631346154e-24,8.720443536474435e-25,7.213920224349689,1.5688691901214598,2.4824485263151033,0.6319845803410303,True,0.6707193339356244,5.848970080407354e-25
1822790-02-2,O=C(O)C1=CC=C2C(=C1C(=O)O)CCC2N,177.395301721507,208.840474,0.53363,-0.66231,190.80000000000004,3.6954295081898128,-8.491856932553501,-0.6054533173625,7.886403615191002,2.623535955724171,1,1,1.029,3,3,ok,False,5.891595169907626,1.2728016727997231,1.2728016727997231,3.396949731757835,8.386240608057417,18.18,0.5,1.0,4.714005258447408e-24,5.858819901527861e-25,7.164396842707349,1.7148381578615723,2.4824485263151033,0.6907849809103771,True,0.6205284099240025,3.635564197526184e-25
1344437-44-0,O=C(O)C1=CC=C2C(=C1C(=O)O)CCC2N,177.39532816668765,208.84017766666668,0.53363,-0.66231,190.80000000000004,3.6955026681089,-8.491584818703,-0.6054533173625,7.8861315013405,2.6234695311307896,1,1,1.029,3,3,ok,False,5.891444462069375,1.2728016727997231,1.2728016727997231,3.3967990239195833,8.386089900219165,18.18,0.5,1.0,4.70834595672075e-24,5.851719791463088e-25,7.164246134869098,1.7148286315759353,2.4824485263151033,0.6907811434549229,True,0.6205316997872383,3.6311776288752136e-25
82784-82-5,O=C(O)C1=CC=C(O)C(O)=C1C(=O)O,180.8334811175037,163.68261,0.53499,-0.65644,155.55200000000005,5.09748380478055,-8.2153892604455,-0.521914365259,7.6934748951865,2.4806890152950323,1,1,0.4941999999999998,4,4,ok,False,5.890038813919613,1.2728016727997231,1.2728016727997231,3.395393375769822,8.384684252069405,18.18,0.5,1.0,4.655884796891674e-24,5.785906405222703e-25,7.162840486719336,1.9152421723112745,2.4824485263151033,0.7715133474103576,True,0.5514341521048793,3.1905463927221717e-25
109844-55-5,O=C(O)C=1C=C(C(=O)O)C(C(=O)O)=C(OC)C1OC,174.66933514338484,224.152558,0.5367,-0.65093,217.76000000000005,6.459760036564825,-8.4532167657825,-0.8819209894705,7.571295776312,2.8774730074010693,1,2,0.7983999999999999,3,5,ok,False,5.869863360918989,1.2728016727997231,1.2728016727997231,3.375217922769198,8.36450879906878,18.18,0.5,1.0,3.9636934243667736e-24,4.9182412893443395e-25,7.142665033718712,1.7943708391348658,2.4824485263151033,0.7228229790522158,True,0.5930520801033539,2.9167732270958616e-25
40073-01-6,O=C(O)C1=CC=C2C(=C1C(=O)O)CCCC2,174.5040363153179,214.255114,0.5338,-0.66389,194.0480000000001,5.593726999058856,-8.400698792636,-0.5129346081924999,7.887764184443499,2.5182313563919965,1,1,1.9618,2,2,ok,False,5.8612590039377785,1.2728016727997231,1.2728016727997231,3.366613565787987,8.35590444208757,18.18,0.5,1.0,3.7004585136461954e-24,4.588644245815668e-25,7.134060676737501,1.7632789880974784,2.4824485263151033,0.7102983080639559,True,0.6037931017879626,2.7705917421825286e-25
2505738-63-4,O=C(O)C=1C=CC=C(C#CC(Br)C)C1C(=O)O,171.52767516283248,250.50585,0.53637,-0.65012,214.3760000000001,4.078338119871868,-8.3166156128315,-0.7981099235165,7.518505689315,2.7624578950915004,1,0,2.2179,2,2,ok,False,5.848222404503018,1.2728016727997231,1.2728016727997231,3.353576966353226,8.342867842652808,18.18,0.5,1.0,3.334265431713892e-24,4.1305103646396244e-25,7.1210240773027405,1.8575052032909276,2.4824485263151033,0.7482552744197968,True,0.571274210703086,2.3596540483604176e-25
927672-44-4,O=C(O)C=1C=CC=C(NC2=CC=C(OC)C(OC)=C2)C1C(=O)O,179.80079713600702,325.975693,0.53245,-0.66923,271.4560000000001,1.5145134433209897,-6.782165609862,-0.66940007223,6.112765537632,2.270896485915324,1,0,2.8438000000000008,3,5,ok,False,5.8070886313011645,1.2728016727997231,1.2728016727997231,3.312443193151373,8.301734069450955,18.18,0.5,1.0,2.3983475547643706e-24,2.961940678897874e-25,7.079890304100887,1.5807915689116234,2.4824485263151033,0.6367872494251144,True,0.6666447384124852,1.9745621690771721e-25
2441273-86-3,O=C(O)C=1C=CC=C(C#CCCCC=C)C1C(=O)O,172.48167659415225,271.42114066666664,0.53589,-0.65293,238.8640000000001,3.0171409562696936,-8.1364762438005,-0.6993325957850001,7.4371436480155,2.6243784423381946,1,0,2.790800000000001,2,2,ok,False,5.814591690331066,1.2728016727997231,1.2728016727997231,3.319946252181275,8.309237128480857,18.18,0.5,1.0,2.54709878533021e-24,3.147415126245491e-25,7.087393363130789,1.7390307706337265,2.4824485263151033,0.7005304449212926,True,0.6121714404398552,1.9267576514958908e-25
2604213-85-4,N#CC1=CC=CC(C#CC2=CC=CC(C(=O)O)=C2C(=O)O)=C1,171.35816687631342,327.3379923333333,0.53677,-0.6512,249.95200000000008,6.823573645825185,-7.8659950764035,-0.958929209162,6.9070658672415,2.8188267689514124,1,0,2.35448,2,3,ok,False,5.824379983346677,1.2728016727997231,1.2728016727997231,3.329734545196886,8.31902542149647,18.18,0.5,1.0,2.754968319277028e-24,3.406774318844693e-25,7.0971816561464,1.8821544367923557,2.4824485263151033,0.7581846780872383,True,0.5627926541885422,1.9173075611239677e-25
50276-60-3,O=C(O)C1=CC(OC)=C(OC)C(OC)=C1C(=O)O,173.40809383367525,218.9963266666667,0.53592,-0.65843,215.33600000000004,2.5178727807417114,-8.1130744526575,-0.6576991766585,7.455375275999,2.5795639793060934,1,2,1.1088,2,5,ok,False,5.812413613770114,1.2728016727997231,1.2728016727997231,3.317768175620323,8.307059051919905,18.18,0.5,1.0,2.5030005135379177e-24,3.092418996272973e-25,7.085215286569837,1.7533610405786497,2.4824485263151033,0.7063030802017489,True,0.607220045094751,1.8777788023687394e-25
922508-37-0,O=C(O)C1=CC=C2C(C(=O)CCC2)=C1C(=O)O,172.58604692716196,219.346109,0.53533,-0.66616,196.63200000000003,6.217222178754753,-8.8232916024625,-0.89797570665,7.925315895812501,2.981049567536859,1,1,1.602,2,3,ok,False,5.842736926278994,1.2728016727997231,1.2728016727997231,3.348091488129203,8.337382364428786,18.18,0.5,1.0,3.191128839476138e-24,3.951564258057417e-25,7.115538599078717,2.2101338423901513,2.4824485263151033,0.8903039958177218,True,0.4526476797635482,1.7886663928462568e-25
2556285-34-6,O=C(O)C=1C=CC=C(C#CCOCCN)C1C(=O)O,175.32367673573955,252.565485,0.5363,-0.65127,232.7920000000001,4.392716068675507,-8.357432690406501,-0.7434150395660001,7.614017650840501,2.719504774033544,1,0,0.4098000000000004,3,4,ok,False,5.799285126030952,1.2728016727997231,1.2728016727997231,3.304639687881161,8.293930564180744,18.18,0.5,1.0,2.25276614905628e-24,2.780524444229144e-25,7.072086798830675,1.7266509878746334,2.4824485263151033,0.6955435206697476,True,0.6164483192648713,1.7140496203199462e-25
916425-33-7,O=C(O)C=1C=CC2=CC=C(N=C2C1C(=O)O)C=CC3=CC=C(O)C(O)=C3,178.73054672772955,422.154385,0.53669,-0.66027,293.6000000000001,10.070631422607024,-7.100538814947,-1.2694111125824998,5.8311277023645,3.0035383104773894,1,1,3.212800000000001,4,5,ok,False,5.815584906543091,1.2728016727997231,1.2728016727997231,3.3209394683932993,8.310230344692883,18.18,0.5,1.0,2.5674624959020372e-24,3.172814319217274e-25,7.088386579342814,2.0104136134632737,2.4824485263151033,0.8098510773343169,True,0.518996174131226,1.6466784929025356e-25
958781-11-8,O=C(O)C1=CC=CC(C(=O)C)=C1C(=O)O,171.8405787618705,186.67268166666668,0.53564,-0.665,174.46400000000006,6.895470018062583,-9.088058378999,-0.9461398581885,8.1419185208105,3.091566625416005,1,0,1.2856,2,3,ok,False,5.8042091241879366,1.2728016727997231,1.2728016727997231,3.309563686038145,8.298854562337727,18.18,0.5,1.0,2.3435737637900557e-24,2.8936717057117983e-25,7.0770107969876594,2.2471510106601684,2.4824485263151033,0.9052155510333156,True,0.44068929698200665,1.2752101496868564e-25
29016-74-8,O=C(O)C1=CC(Cl)=CC(C(=O)O)=C1C(=O)O,173.3757793420351,189.45444466666663,0.53848,-0.65324,181.40800000000004,1.8871365053964693,-8.9441101520845,-1.06124401695,7.8828661351345,3.1748322986747004,1,1,1.4346,3,3,ok,False,5.767111807357228,1.2728016727997231,1.2728016727997231,3.2724663692074367,8.26175724550702,18.18,0.5,1.0,1.7394743291113337e-24,2.1418272030472744e-25,7.039913480156951,2.002596980046169,2.4824485263151033,0.8067023178195698,True,0.5216446711078317,1.1172727469034025e-25
1344408-17-8,O=C(O)C1=CC=C2C(=C1C(=O)O)CCC2N,177.32009841938816,210.5196576666667,0.53362,-0.6623,190.96000000000004,1.5335595977985337,-8.2790639014625,-0.6119840497745,7.667079851688,2.5776023988387085,1,1,1.029,3,3,ok,False,5.738870210297774,1.2728016727997231,1.2728016727997231,3.244224772147983,8.233515648447565,18.18,0.5,1.0,1.3855323192687946e-24,1.7024268726392646e-25,7.011671883097497,1.7183678744511717,2.4824485263151033,0.6922068499047118,True,0.6193093812169979,1.0543289330614119e-25
1423617-03-1,O=C(O)C=1C(Br)=CC=C(OC)C1C(=O)O,171.3939483983319,197.37480033333333,0.53399,-0.64166,183.88000000000005,4.207719144619802,-8.019195174235001,-0.6182426683360001,7.400952505899001,2.5201260386691,2,0,1.8541,2,3,ok,False,5.759642453802781,1.2728016727997231,1.2728016727997231,3.2649970156529893,8.254287891952572,18.18,0.5,1.0,1.6379762094233597e-24,2.0157279643164306e-25,7.0324441266025035,2.0335086738151458,2.4824485263151033,0.8191544163993786,True,0.5111899897858497,1.0304199574899679e-25
2594928-07-9,O=C(O)C=1C=CC=C(C#CCON)C1C(=O)O,175.18562396039425,220.962345,0.5361,-0.65059,199.51200000000009,2.5060114724398206,-8.3645076505195,-0.7235507284795,7.640956922039999,2.7023056779007177,1,0,0.3248,3,4,ok,False,5.730823560682397,1.2728016727997231,1.2728016727997231,3.236178122532606,8.225468998832188,18.18,0.5,1.0,1.2984559098069155e-24,1.5944788492805798e-25,7.00362523348212,1.735942251142862,2.4824485263151033,0.6992863025118429,True,0.6132385096196182,9.777958331528266e-26
927672-59-1,O=C(O)C=1C=CC=C(NC2=CC=C(OC)C(OCC)=C2)C1C(=O)O,179.62859796136144,342.882476,0.53248,-0.66925,288.75200000000007,1.6848559612026186,-6.766110892682501,-0.660148201313,6.1059626913695,2.2580110180292263,1,0,3.233900000000001,3,5,ok,False,5.683162168150474,1.2728016727997231,1.2728016727997231,3.188516730000683,8.177807606300266,18.18,0.5,1.0,8.832926646094587e-25,1.080830926108161e-25,6.955963840950197,1.60194653209136,2.4824485263151033,0.6453090628506434,True,0.6594007660566349,7.127007406534236e-26
438461-42-8,O=C(O)C=1C=CC=C(SC)C1C(=O)O,172.82851804858078,192.6732376666667,0.53704,-0.65929,174.10400000000004,1.9420816203239244,-8.158517465691,-0.7523947966325001,7.4061226690585,2.680361941565085,1,0,1.8049,2,3,ok,False,5.698040519993989,1.2728016727997231,1.2728016727997231,3.2033950818441976,8.19268595814378,18.18,0.5,1.0,9.963275268218157e-25,1.2204920299502882e-25,6.970842192793712,1.8585962043382438,2.4824485263151033,0.7486947602885876,True,0.5708984996358596,6.967770687161442e-26
2243517-25-9,O=C(O)C1=CC=C(F)C(N)=C1C(=O)O,178.15374081639527,166.40827133333335,0.53307,-0.66788,154.88800000000003,1.909821617324508,-7.652385703761001,-0.7213738176755,6.931011886085502,2.529206762133067,1,1,0.8043,3,3,ok,False,5.673489503657107,1.2728016727997231,1.2728016727997231,3.178844065507316,8.168134941806898,18.18,0.5,1.0,8.1672077348623e-25,9.98654279945705e-26,6.94629117645683,1.6861455872115632,2.4824485263151033,0.679226807459506,True,0.6304325827298959,6.295841969604353e-26
2512635-26-4,O=C(O)C=1C=CC=C(C#CC2=CC=C(C#C)C=C2)C1C(=O)O,170.93785479581533,351.621697,0.53596,-0.65064,254.9120000000001,1.8529291486724475,-7.588438948893501,-1.0348489734515,6.553589975442001,2.836654981098582,1,0,2.4641,2,2,ok,False,5.685937056697548,1.2728016727997231,1.2728016727997231,3.1912916185477567,8.18058249484734,18.18,0.5,1.0,9.033641183634426e-25,1.1056187602031754e-25,6.958738729497271,1.929916554112592,2.4824485263151033,0.7774246006128962,True,0.5464081747993266,6.041191287865114e-26
1804200-45-0,O=C(O)C1=CC=CC(C(=O)C(Cl)C)=C1C(=O)O,169.4983371145173,218.291455,0.5362,-0.65726,207.5600000000001,3.706574878509808,-9.1242495211155,-1.1741712649075,7.950078256208,3.3351077583158752,1,0,1.893,2,3,ok,False,5.7080641955640665,1.2728016727997231,1.2728016727997231,3.213418757414275,8.202709633713859,18.18,0.5,1.0,1.0804440003441897e-24,1.3245200398964798e-25,6.980865868363789,2.293638971566177,2.4824485263151033,0.9239422075634368,True,0.42584953347214805,5.640462410644269e-26
75543-83-8,O=C(O)C=1C=C(C(=O)O)C(C(=O)O)=C(C1C(=O)O)C,175.50427239666135,217.990348,0.53812,-0.64919,210.04000000000005,2.92709186394961,-9.010233817756,-1.201110536107,7.809123281649001,3.338132519888694,1,2,0.78782,4,4,ok,False,5.709826070707696,1.2728016727997231,1.2728016727997231,3.215180632557905,8.204471508857488,18.18,0.5,1.0,1.0959397513585702e-24,1.3436923011255954e-25,6.982627743507419,2.411190798993347,2.4824485263151033,0.971295385758701,True,0.38929622301788097,5.230943377263994e-26
89939-55-9,O=C(O)C1=CC=C(NO)C(=C1C(=O)O)N(=O)=O,172.96504162858287,198.85899666666668,0.53664,-0.6426,183.64800000000005,7.952186931278716,-8.2894042277815,-1.6400301769635,6.649374050818,3.706877776939199,1,1,0.7922999999999998,4,6,ok,False,5.74115734053329,1.2728016727997231,1.2728016727997231,3.2465119023834985,8.23580277868308,18.18,0.5,1.0,1.4113213734942512e-24,1.7344098179261963e-25,7.013959013333013,2.7731858205852182,2.4824485263151033,1.1171171491324654,False,0.2870925260141636,4.9793609577219723e-26
29049-77-2,O=C(O)C=1C=C(C(=O)O)C(C(=O)O)=C(OC)C1C(=O)O,174.34927098595207,221.88802566666664,0.53926,-0.64362,219.75200000000007,4.675539948497927,-9.0366288612545,-1.281656235855,7.754972625399501,3.432217381287897,1,2,0.4879999999999998,4,5,ok,False,5.718646595563856,1.2728016727997231,1.2728016727997231,3.2240011574140643,8.213292033713646,18.18,0.5,1.0,1.1768890028250772e-24,1.4438880126604562e-25,6.991448268363579,2.605269003127467,2.4824485263151033,1.0494755381674221,False,0.3324057541560825,4.799566837653261e-26
444288-74-8,O=C(O)C=1C=CC=C(NCC=2C=CC=C(Cl)C2)C1C(=O)O,179.16876751890155,302.295552,0.53213,-0.67044,253.10400000000007,4.786664398096027,-7.256187937433,-0.654705924303,6.60148201313,2.37000727894053,1,0,3.3485000000000014,3,3,ok,False,5.636838277493991,1.2728016727997231,1.2728016727997231,3.1421928393442,8.131483715643782,18.18,0.5,1.0,6.065956151968661e-25,7.397111864417374e-26,6.909639950293714,1.6386722607369968,2.4824485263151033,0.6601032179988074,True,0.6467882884122809,4.784365321980689e-26
2610957-45-2,O=C(O)C=1C=CC=C(C#CC=2C=NC=CC2)C1C(=O)O,171.32100068966554,295.3483493333334,0.53592,-0.65073,228.46400000000008,2.18384499907846,-7.8496682453735005,-0.884914241826,6.9647540035475,2.7385364647061605,1,0,1.8778,2,3,ok,False,5.638188452469807,1.2728016727997231,1.2728016727997231,3.1435430143200156,8.132833890619597,18.18,0.5,1.0,6.132875975442822e-25,7.479463835330874e-26,6.91099012526953,1.9042823599753844,2.4824485263151033,0.7670984271331752,True,0.5551927118704518,4.1525438100743185e-26
444287-98-3,O=C(O)C=1C=CC=C(NCCCCC)C1C(=O)O,179.5243457963353,255.9445633333333,0.53159,-0.67155,232.89600000000004,4.036859975277815,-7.159315406655,-0.616065757532,6.543249649123,2.3098825312471853,1,0,2.6851000000000003,3,3,ok,False,5.598529724367237,1.2728016727997231,1.2728016727997231,3.103884286217446,8.093175162517028,18.18,0.5,1.0,4.441220919566642e-25,5.400533281030764e-26,6.87133139716696,1.6485709120902743,2.4824485263151033,0.6640906728234884,True,0.6433821410376551,3.4746066650946854e-26
343217-37-8,O=C(O)C1=CC(F)=CC(=C1C(=O)O)C(F)(F)F,168.74411380445304,159.89096166666664,0.53834,-0.64326,175.56000000000003,2.2314164873460984,-9.1813934297205,-0.907227577567,8.2741658521535,3.075242738885651,1,1,2.2409000000000003,2,2,ok,False,5.630878220500365,1.2728016727997231,1.2728016727997231,3.1362327823505733,8.125523658650156,18.18,0.5,1.0,5.7790943546022435e-25,7.044194364938765e-26,6.903679893300088,2.2255949731146663,2.4824485263151033,0.8965321735868154,True,0.44763821067727694,3.153250561184146e-26
13055-36-2,O=C(O)C1=CC2=CC=CC3=C2C(=C1C(=O)O)CC3,175.79323750273963,264.9257426666667,0.53038,-0.67329,205.57600000000005,3.2556900359217247,-7.491022190414499,-0.612800391326,6.878221799088499,2.3869519751831088,1,2,2.3348000000000004,2,2,ok,False,5.567224028097091,1.2728016727997231,1.2728016727997231,3.0725785899473,8.061869466246883,18.18,0.5,1.0,3.440065661708176e-25,4.1734905849836103e-26,6.840025700896814,1.94132920187742,2.4824485263151033,0.7820219357212977,True,0.5425048204693099,2.2641387605368888e-26
6279-83-0,O=C(O)C=1C(OC)=C(OC)C=C(C1C(=O)O)N(=O)=O,163.7340824981231,224.53200966666668,0.53593,-0.63957,213.59200000000004,5.827678207485379,-8.388725783214,-1.877041340749,6.511684442465,4.046033540729504,2,1,1.0084,2,6,ok,False,5.654473032673156,1.2728016727997231,1.2728016727997231,3.1598275945233647,8.149118470822948,18.18,0.5,1.0,6.999968802012423e-25,8.547236965916332e-26,6.927274705472879,3.3816286788663645,2.4824485263151033,1.362215024005346,False,0.15635444406994053,1.3363984841398933e-26
927672-42-2,O=C(O)C=1C=CC=C(NC2=CC=C3OCOC3=C2)C1C(=O)O,178.8965486291302,300.40862866666663,0.53265,-0.66861,245.4000000000001,2.2585590561240587,-6.9135965996535,-0.6805567401005,6.233039859553,2.3131235419306586,1,0,2.5553,3,5,ok,False,5.478587338697949,1.2728016727997231,1.2728016727997231,2.9839419005481576,7.97323277684774,18.18,0.5,1.0,1.6636395098424458e-25,2.0052485909449887e-26,6.751389011497672,1.6451375940871622,2.4824485263151033,0.66270763588769,True,0.6445638382691222,1.292510728463251e-26
16110-99-9,O=C(O)C=1C(Cl)=CC=C(Cl)C1C(=O)O,169.08616068195494,177.21918466666668,0.53628,-0.63631,169.79200000000003,0.7527087218838374,-8.655941584405,-0.7164757683665,7.939465816038499,2.7659986537470336,2,0,2.3898,2,2,ok,False,5.522881842936487,1.2728016727997231,1.2728016727997231,3.0282364047866954,8.017527281086277,18.18,0.5,1.0,2.393255420664772e-25,2.894055958592643e-26,6.79568351573621,2.414704632791719,2.4824485263151033,0.9727108567185714,True,0.38822647516024444,1.123549143720924e-26
2440660-75-1,O=C(O)C=1C=CC=C(C#CC(Cl)C)C1C(=O)O,170.92559212998466,237.681996,0.536,-0.65004,210.3760000000001,1.4957627151390025,-8.3933517186725,-0.7542995935860001,7.6390521250865,2.738544100774712,1,0,2.0618,2,2,ok,False,5.477633564197405,1.2728016727997231,1.2728016727997231,2.982988126047614,7.9722790023471966,18.18,0.5,1.0,1.6506418705085516e-25,1.9894432858990558e-26,6.750435236997128,1.954178896230158,2.4824485263151033,0.7871981535628866,True,0.5381161053124648,1.0705514727480323e-26
2436698-26-7,O=C(O)C=1C=CC=C(C#CCOCCO)C1C(=O)O,174.83986676950855,245.60687666666664,0.53648,-0.6513,228.75200000000007,6.203358091388889,-8.2627370704325,-0.7338910547985,7.528846015634,2.687640225860085,1,0,0.4434,3,4,ok,False,5.463657054772327,1.2728016727997231,1.2728016727997231,2.9690116166225353,7.958302492922118,18.18,0.5,1.0,1.471324858889538e-25,1.7715102577838196e-26,6.7364587275720496,1.7789790850977831,2.4824485263151033,0.7166227481616563,True,0.5983686979995648,1.0600162864429776e-26
6518-97-4,O=C(O)C1=C(OC)C(OC)=C(OC)C(=C1C(=O)O)N(=O)=O,165.834482156446,243.8963883333333,0.53978,-0.64484,239.3280000000001,8.860410737657707,-8.613491823727,-1.5872400899665,7.0262517337605,3.70236277882952,2,2,1.017,2,7,ok,False,5.545229960939229,1.2728016727997231,1.2728016727997231,3.0505845227894373,8.03987539908902,18.18,0.5,1.0,2.873904153290124e-25,3.480989082853248e-26,6.8180316337389515,2.797362750699542,2.4824485263151033,1.1268562957282708,False,0.28088635804341694,9.77762345871543e-27
2497967-30-1,O=C(O)C=1C=CC=C(C#CCC(O)(C)C)C1C(=O)O,175.1858249599304,259.8397003333334,0.53617,-0.65306,236.0240000000001,5.476459427403804,-8.167225108907001,-0.7240949561805,7.443130152726501,2.6553201031581,1,0,1.5955,3,3,ok,False,5.44445088461771,1.2728016727997231,1.2728016727997231,2.949805446467919,7.939096322767502,18.18,0.5,1.0,1.256005989308844e-25,1.5101424962547183e-26,6.717252557417433,1.7713354841309432,2.4824485263151033,0.7135436909784704,True,0.6010094631270628,9.076099309194108e-27
916849-63-3,O=C(O)C=1C=CC=C(OC2=CC=C(O)C(N)=C2)C1C(=O)O,180.65620361136405,275.3597153333333,0.53568,-0.65722,238.80800000000005,6.041486608443322,-7.1427164617745005,-0.6783798292965,6.464336632478,2.3656544620092053,1,0,2.1631,4,5,ok,False,5.4579607585509375,1.2728016727997231,1.2728016727997231,2.963315320401146,7.952606196700729,18.18,0.5,1.0,1.4039068210415887e-25,1.68963427568827e-26,6.73076243135066,1.983985762709871,2.4824485263151033,0.7992051966752598,True,0.527963067102059,8.92064494473145e-27
203194-63-2,O=C(O)C=1C=CC=C(NCC)C1C(=O)O,179.23398672807986,206.2888773333333,0.53193,-0.6715,182.88000000000005,3.9634609699100105,-7.1857104501535005,-0.6027321788575,6.5829782712960005,2.3036624186461725,1,0,1.5148,3,3,ok,False,5.433762824421747,1.2728016727997231,1.2728016727997231,2.9391173862719553,7.928408262571538,18.18,0.5,1.0,1.1500294074075478e-25,1.3816456858067525e-26,6.7065644972214695,1.677897297215463,2.4824485263151033,0.6759041645492244,True,0.6332775789200616,8.749652348330484e-27
114841-61-1,O=C(O)C=1C=C(C(=O)O)C(C(=O)O)=C(C1)CC,173.33978057951776,209.75435566666667,0.53683,-0.65398,199.44000000000003,2.719652053112677,-8.831727131828,-0.986684821913,7.845042309915,3.072042491457534,1,1,1.3436,3,3,ok,False,5.442478056084061,1.2728016727997231,1.2728016727997231,2.94783261793427,7.937123494233853,18.18,0.5,1.0,1.235741601710916e-25,1.4855640795353634e-26,6.715279728883784,2.0006003635805647,2.4824485263151033,0.8058980246209639,True,0.5223216850152839,7.759423332210902e-27
2411-45-2,O=C(O)C1=CC(OC)=C(C(=O)O)C(OC)=C1C(=O)O,173.90576478845054,221.03038266666667,0.53769,-0.6553,217.8640000000001,1.779815386493779,-8.2888600000805,-1.0158010039165,7.273058996164001,2.9759388877831623,1,2,0.7984,3,5,ok,False,5.411265054602286,1.2728016727997231,1.2728016727997231,2.9166196164524942,7.905910492752077,18.18,0.5,1.0,9.550512240688325e-26,1.1455202143479832e-26,6.6840667274020085,1.9628708630098988,2.4824485263151033,0.7906995219447893,True,0.5351513183693544,6.130266529270686e-27
444288-83-9,O=C(O)C=1C=CC=C(NCC=2OC(=C(C2)C)C)C1C(=O)O,178.6649996093211,285.73910100000006,0.53272,-0.66977,253.59200000000007,4.636004949307107,-7.292923307250501,-0.6326647024125001,6.660258604838001,2.357826813709803,1,0,2.9049400000000007,3,4,ok,False,5.3876791349614255,1.2728016727997231,1.2728016727997231,2.893033696811634,7.882324573111217,18.18,0.5,1.0,7.857739109045557e-26,9.408683029288041e-27,6.660480807761148,1.6798978585154258,2.4824485263151033,0.6767100468379228,True,0.6325876521602205,5.951816707417033e-27
882175-90-8,O=C(O)C1=CC=C2C(C(=O)CCC2(C)C)=C1C(=O)O,171.65202140831798,254.5821753333333,0.53511,-0.6674,229.18400000000003,6.319565517501975,-8.8494145321105,-0.9548475014045,7.894567030706001,3.0439780182988554,1,1,2.3371000000000004,2,3,ok,False,5.421831927391105,1.2728016727997231,1.2728016727997231,2.927186489241314,7.916477365540897,18.18,0.5,1.0,1.0421703210463859e-25,1.2509757845535391e-26,6.694633600190828,2.403109138759993,2.4824485263151033,0.9680398659975923,True,0.39176183713440094,4.90084571567343e-27
488131-67-5,O=C(O)C=1C(OCC)=CC=C(OCC)C1C(=O)O,173.69144942416827,229.1261483333333,0.53123,-0.65625,223.20800000000008,6.104400556975271,-7.470885765477501,-0.4966077771625,6.974277988315001,2.2755385381242608,2,0,1.8804,2,4,ok,False,5.3581060206062965,1.2728016727997231,1.2728016727997231,2.863460582456505,7.852751458756088,18.18,0.5,1.0,6.149665761526552e-26,7.347685303154922e-27,6.630907693406019,1.7525960596788486,2.4824485263151033,0.7059949244064959,True,0.6074843695175008,4.463603973800075e-27
34163-34-3,O=C(O)C1=CC(Br)=CC(C(=O)O)=C1C(=O)O,172.59647938243486,199.327666,0.53826,-0.64972,186.35200000000003,4.132777843049394,-8.825196399416,-0.9907665296705,7.834429869745501,3.074669434379992,1,1,1.5437,3,3,ok,False,5.351100083893469,1.2728016727997231,1.2728016727997231,2.8564546457436775,7.84574552204326,18.18,0.5,1.0,5.802299510319343e-26,6.929128603628035e-27,6.623901756693192,2.007961621514446,2.4824485263151033,0.808863346099274,True,0.5198266373718293,3.601945621940921e-27
143330-20-5,N#CC1=CC=C(C=C1)C(=O)NC2=CC=CC(C(=O)O)=C2C(=O)O,172.50236553260535,307.489247,0.5366,-0.64686,259.04800000000006,6.358201337642588,-8.409406435852,-1.025324988684,7.384081447168,3.013718012524987,1,0,2.20698,3,4,ok,False,5.347394451696156,1.2728016727997231,1.2728016727997231,2.8527490135463642,7.842039889845947,18.18,0.5,1.0,5.62650522392681e-26,6.717390422547757e-27,6.6201961244958785,1.9999896475913093,2.4824485263151033,0.8056520110650809,True,0.5225288073738048,3.510030006158098e-27
138370-78-2,O=C(O)C1=CC=CC(=C1)S(=O)(=O)C2=CC=C(C(=O)O)C(C(=O)O)=C2C(=O)O,173.19605426866968,333.763909,0.53788,-0.64049,300.38400000000007,8.33843980190539,-9.2418027045315,-1.271315909536,7.9704867949955,3.4667162068083868,1,1,1.3122,4,6,ok,False,5.412764535187476,1.2728016727997231,1.2728016727997231,2.9181190970376845,7.907409973337267,18.18,0.5,1.0,9.669596195816204e-26,1.1599301213307862e-26,6.685566207987199,2.7377355256804456,2.4824485263151033,1.1028367745228882,False,0.29633966927333566,3.437333085353453e-27
2566985-63-3,O=C(O)C=1C=CC=C(C#CC=2C=CC=C(C#C)C2)C1C(=O)O,171.00428971824073,340.6843583333333,0.536,-0.65119,254.89600000000007,1.9155910550010409,-7.738917908219999,-0.866954727693,6.871963180527,2.694318998805977,1,0,2.4641,2,2,ok,False,5.330275905821299,1.2728016727997231,1.2728016727997231,2.835630467671508,7.8249213439710905,18.18,0.5,1.0,4.8805293691034743e-26,5.8195643496931034e-27,6.603077578621022,1.9651951288889067,2.4824485263151033,0.7916358015310001,True,0.5343590742728109,3.1097370185730597e-27
24913-62-0,O=C(O)C1=CC=CC(=C1C(=O)O)C(F)(F)F,169.02918528342695,161.48979566666665,0.53699,-0.646,170.47200000000004,2.9913793540773126,-9.263843926422,-0.7815109786359999,8.482332947786,2.974097921813816,1,0,2.1018,2,2,ok,False,5.341598132294914,1.2728016727997231,1.2728016727997231,2.8469526941451226,7.836243570444705,18.18,0.5,1.0,5.362059020508344e-26,6.398985226057518e-27,6.614399805094637,2.1708900747496207,2.4824485263151033,0.8744955038290547,True,0.46545382285075876,2.9784321358339986e-27
1807074-67-4,O=C(O)C1=CC=CC(=C1C(=O)O)CCCBr,172.4769948789018,223.493966,0.53446,-0.66097,208.97600000000008,2.2014179725804,-8.6066889774645,-0.591575510987,8.015113466477501,2.639016588890901,1,0,2.4105000000000008,2,2,ok,False,5.294944041423368,1.2728016727997231,1.2728016727997231,2.8002986032735766,7.789589479573159,18.18,0.5,1.0,3.6368603537553997e-26,4.3255480340566236e-27,6.567745714223091,1.9704039491170966,2.4824485263151033,0.7937340606380768,True,0.53258447311766,2.3037197206631768e-27
2477073-01-9,O=C(O)C=1C=CC=C(C#CC(O)CC(C)C)C1C(=O)O,174.5085434255539,276.1886216666667,0.53659,-0.65173,253.25600000000009,4.4149011823595785,-8.2594717042265,-0.744503494968,7.514968209258501,2.6970030720765004,1,0,1.8415,3,3,ok,False,5.282911467679151,1.2728016727997231,1.2728016727997231,2.7882660295293595,7.777556905828942,18.18,0.5,1.0,3.2896357971772045e-26,3.909176387463339e-27,6.555713140478874,1.818530343231941,2.4824485263151033,0.7325551059587653,True,0.5847113436024142,2.285739777892521e-27
727-57-1,O=C(O)C1=CC(OC)=C(C(=O)O)C(=C1C(=O)O)C,175.5674838222854,215.21131766666667,0.53599,-0.66036,208.27200000000005,1.369361475286931,-8.219470968203,-0.7562043905395,7.4632665776635,2.6986423205975987,1,2,1.09822,3,4,ok,False,5.250133892272256,1.2728016727997231,1.2728016727997231,2.7554884541224647,7.744779330422047,18.18,0.5,1.0,2.5017326913070327e-26,2.965874717817996e-27,6.522935565071979,1.856596241895895,2.4824485263151033,0.7478891192365584,True,0.5715872524641271,1.6952561811104068e-27
2567208-51-7,O=C(O)C=1C=CC=C(C#CCC(N)CO)C1C(=O)O,178.39577982899746,254.0491483333333,0.53677,-0.65319,231.88000000000005,4.810253687696732,-8.1381089269035,-0.731442030144,7.406666896759501,2.655341980279982,1,0,0.1442000000000002,4,4,ok,False,5.263846049108769,1.2728016727997231,1.2728016727997231,2.7692006109589773,7.75849148725856,18.18,0.5,1.0,2.8055571103716527e-26,3.329352314445039e-27,6.5366477219084915,2.211984941176067,2.4824485263151033,0.8910496704072624,True,0.4520468224006751,1.5050231343972133e-27
13935-10-9,O=C(O)C=1C(Cl)=CC(Cl)=C(O)C1C(=O)O,171.83882363158676,187.95235966666667,0.54317,-0.64337,175.67200000000005,3.970730318216033,-8.2317160914755,-1.0658699524085,7.165846139067,3.015872255899488,2,1,2.0954,3,3,ok,False,5.243810269145472,1.2728016727997231,1.2728016727997231,2.7491648309956807,7.738455707295263,18.18,0.5,1.0,2.372836932302602e-26,2.8117856258539187e-27,6.516611941945195,2.094827453830388,2.4824485263151033,0.8438553434740932,True,0.49061683103207804,1.3795093532979977e-27
50662-94-7,O=C(O)C=1C=CC=C(OC2=CC=CC(C(=O)O)=C2C(=O)O)C1C(=O)O,177.73207833308558,304.2032546666667,0.5364,-0.65441,274.59200000000004,4.621041238725316,-8.2877715446785,-0.866410499992,7.421361044686501,2.8229002875074274,1,0,2.2717,4,5,ok,False,5.245878266636276,1.2728016727997231,1.2728016727997231,2.7512328284864846,7.740523704786067,18.18,0.5,1.0,2.4142479139776501e-26,2.8612827991847353e-27,6.518679939435999,2.2199477669373042,2.4824485263151033,0.8942573203048645,True,0.4494655112563304,1.2860479361845112e-27
60803-96-5,O=C(O)C1=CC=C2C(=C1C(=O)O)C3C=CC4C=CC2C43,172.57739491647646,270.6036153333333,0.5329,-0.6611,230.13600000000005,2.8758115950110503,-8.317159840532499,-0.6076302281665,7.709529612365999,2.582903295506757,1,1,2.6358000000000006,2,2,ok,False,5.199758896843553,1.2728016727997231,1.2728016727997231,2.705113458693762,7.694404334993345,18.18,0.5,1.0,1.6403605128213217e-26,1.9376691177037653e-27,6.472560569643276,1.9581308974879494,2.4824485263151033,0.7887901306838211,True,0.5367676979907856,1.0400781917776867e-27
1042969-21-0,O=C(O)C=1C=CC=C(C#CC=2C=CC=CC2)C1C(=O)O,171.0752213712945,306.0647466666667,0.53582,-0.65133,232.52800000000005,2.669095258697224,-7.679869202661499,-0.8008310620215,6.879038140639999,2.613820257605917,1,0,2.4828,2,2,ok,False,5.158459632093075,1.2728016727997231,1.2728016727997231,2.663814193943284,7.653105070242867,18.18,0.5,1.0,1.1592010478892381e-26,1.3652579831568749e-27,6.431261304892798,1.9666317220571066,2.4824485263151033,0.7922145016139912,True,0.5338695188685831,7.28869622599453e-28
99059-17-3,O=C(O)C1=CC=CC(=C1C(=O)O)CC,172.25294483447115,182.755439,0.53472,-0.66133,171.80000000000004,3.041161401504366,-8.607505319016,-0.5929360802395001,8.014569238776499,2.640445151174988,1,0,1.6454,2,2,ok,False,5.155802681648131,1.2728016727997231,1.2728016727997231,2.66115724349834,7.650448119797923,18.18,0.5,1.0,1.1335558287792202e-26,1.3348005354579314e-27,6.428604354447854,2.0181330136785953,2.4824485263151033,0.8129606685840417,True,0.5163837704976144,6.892693333620013e-28
2499042-41-8,O=C(O)C=1C=CC=C(C#CCCCCCO)C1C(=O)O,174.7419484683613,274.8855223333333,0.53599,-0.65311,253.59200000000007,3.619077115785183,-8.1381089269035,-0.7020537342900001,7.436055192613501,2.6273499137683727,1,0,1.9872,3,3,ok,False,5.1381115034885525,1.2728016727997231,1.2728016727997231,2.643466065338761,7.632756941638344,18.18,0.5,1.0,9.76568112372009e-27,1.1484895519913993e-27,6.410913176288275,1.8217184030111297,2.4824485263151033,0.7338393459925036,True,0.5836112499361591,6.702714229763199e-28
63018-89-3,O=C(O)C1=CC=C2C=CC=3C=CC=CC3C2=C1C(=O)O,170.74786281650867,311.841512,0.53438,-0.65313,225.1920000000001,2.7388143054979097,-7.603677324521501,-0.9309014825605,6.672775841961,2.728963070970148,1,1,3.389400000000002,2,2,ok,False,5.147652007254591,1.2728016727997231,1.2728016727997231,2.6530065691047993,7.642297445404382,18.18,0.5,1.0,1.0583421267385519e-26,1.2455080715508162e-27,6.4204536800543135,2.0064271048428406,2.4824485263151033,0.8082451996783759,True,0.5203465210010315,6.48095791910171e-28
2564768-54-1,O=C(O)C=1C=CC=C(C#CC=CC)C1C(=O)O,171.49994681609334,255.55473733333332,0.53638,-0.65327,204.92000000000004,4.803605696765712,-7.619187814000001,-0.767905286111,6.851282527889001,2.5667942601837046,1,0,2.0106,2,2,ok,False,5.1318651194287845,1.2728016727997231,1.2728016727997231,2.637219681278993,7.626510557578576,18.18,0.5,1.0,9.264547165888082e-27,1.0890681175130651e-27,6.404666792228507,1.9244948560740354,2.4824485263151033,0.7752405883439271,True,0.5482642118484942,5.970970730976239e-28
444287-94-9,O=C(O)C=1C=CC=C(NCCOC)C1C(=O)O,178.4852051205894,227.50396333333336,0.53163,-0.6716,208.61600000000004,5.723157343634719,-7.184894108602,-0.624773400748,6.560120707854,2.3243058063541677,1,0,1.1413,3,4,ok,False,5.084015699767834,1.2728016727997231,1.2728016727997231,2.5893702616180425,7.578661137917625,18.18,0.5,1.0,6.183356493900768e-27,7.243932333046273e-28,6.356817372567557,1.754707750236583,2.4824485263151033,0.7068455726819182,True,0.6067547149241567,4.395290097667372e-28
20736-29-2,O=C(O)C1=CC(OC)=C(O)C(OC)=C1C(=O)O,175.94506146830858,204.23781666666665,0.53552,-0.65545,197.99200000000005,1.484955224914206,-7.8997371938655006,-0.53334314698,7.3663940468855005,2.413556876760582,1,2,0.8057999999999998,3,5,ok,False,5.080277501748107,1.2728016727997231,1.2728016727997231,2.5856320635983154,7.574922939897898,18.18,0.5,1.0,5.9907341725721104e-27,7.016405352387352e-28,6.35307917454783,1.7920439656331646,2.4824485263151033,0.7218856490423343,True,0.5938557167059031,4.166732429241125e-28
2531109-04-1,O=C(C#CC1=CC=CC(C(=O)O)=C1C(=O)O)N,172.0003557283699,221.682079,0.53645,-0.6476,192.32000000000005,5.18907112786094,-8.6273696301025,-1.0027395390925,7.624630091009999,3.0407705522645534,1,0,-0.0801999999999997,3,3,ok,False,5.099331388580206,1.2728016727997231,1.2728016727997231,2.6046859504304143,7.593976826729997,18.18,0.5,1.0,7.038768903978162e-27,8.255059986529148e-28,6.3721330613799285,2.056904998628451,2.4824485263151033,0.8285791132522209,True,0.5033128435151951,4.154877715208494e-28
500348-77-6,O=C(O)C=1C=CC=C(NC(=O)N)C1C(=O)O,178.2652942509352,193.095739,0.53514,-0.6519,182.20000000000005,6.97274309723225,-8.2300834083725,-0.634569499366,7.595513909006501,2.586463276747368,1,0,0.5736,4,3,ok,False,5.113277549859386,1.2728016727997231,1.2728016727997231,2.6186321117095943,7.607922988009177,18.18,0.5,1.0,7.919230962179947e-27,9.29689797487622e-28,6.3860792226591085,2.275457142091376,2.4824485263151033,0.9166180559115232,True,0.4316290844215076,4.0128115608559907e-28
2243517-19-1,O=C(O)C=1C=C(F)C=C(N)C1C(=O)O,177.03947870345837,166.99688766666668,0.53335,-0.66274,154.50400000000005,3.377405638948334,-7.6129291954385,-0.5738881107045001,7.039041084734,2.380437079331784,1,1,0.8043000000000002,3,3,ok,False,5.072267037042803,1.2728016727997231,1.2728016727997231,2.5776215988930113,7.566912475192594,18.18,0.5,1.0,5.5977752115013696e-27,6.552435060250704e-28,6.345068709842526,1.7645706147319018,2.4824485263151033,0.7108186115549372,True,0.6033468148813047,3.953390823318852e-28
2556783-50-5,O=C(O)C=1C=CC=C(C#CCCCCC#C)C1C(=O)O,171.01893572852816,279.19033600000006,0.53598,-0.653,251.00800000000007,2.792783833382025,-8.134027219146,-0.6990604819345,7.434966737211501,2.623530174804873,1,0,2.6281000000000008,2,2,ok,False,5.0379450492563915,1.2728016727997231,1.2728016727997231,2.5432996111066,7.532590487406183,18.18,0.5,1.0,4.1838589162698424e-27,4.885466407171923e-28,6.310746722056114,1.9939343160944087,2.4824485263151033,0.8032127534399132,True,0.5245834671037597,2.5628349062931955e-28
2625515-58-2,O=C(O)C=1C=CC=C(C#CC2=CC=CC(=C2)C)C1C(=O)O,171.0703730876742,324.6144356666667,0.53629,-0.65276,248.76000000000005,3.1316078346434124,-7.62463009101,-0.8057291113305001,6.8189009796795,2.6056602263429416,1,0,2.791220000000001,2,2,ok,False,5.0372456495402815,1.2728016727997231,1.2728016727997231,2.54260021139049,7.531891087690073,18.18,0.5,1.0,4.1590799014440924e-27,4.856291247028256e-28,6.310047322340004,1.9847870072463647,2.4824485263151033,0.7995279604820418,True,0.5276907014685848,2.562619734680089e-28
2507522-56-5,O=C(O)C=1C=CC=C(C#CC(O)CC)C1C(=O)O,173.93216022029137,241.84404400000005,0.5362,-0.6512,219.8400000000001,4.599758251256255,-8.2556621103195,-0.7211017038249999,7.5345604064945,2.6737554756836004,1,0,1.2054,3,3,ok,False,4.958474887789597,1.2728016727997231,1.2728016727997231,2.463829449639806,7.453120325939389,18.18,0.5,1.0,2.1262562047275988e-27,2.468901627052552e-28,6.23127656058932,1.882472695935693,2.4824485263151033,0.7583128818102818,True,0.5626832463202922,1.3892095823553812e-28
5434-20-8,O=C(O)C=1C=CC=C(N)C1C(=O)O,177.7420603771048,169.24276733333332,0.53203,-0.66992,149.76800000000003,3.508018085757256,-7.4741511316835005,-0.611711935924,6.8624391957595,2.3818492114472902,1,0,0.6652,3,3,ok,False,4.951218993416207,1.2728016727997231,1.2728016727997231,2.4565735552664156,7.445864431565998,18.18,0.5,1.0,1.998445303868835e-27,2.3193071393976384e-28,6.22402066621593,1.785439100681622,2.4824485263151033,0.7192250239048831,True,0.596137081998104,1.382624990337878e-28
883843-62-7,O=C(O)C=1C=2C=CC=CC2C=3C=4C=CC=CC4C=CC3C1C(=O)O,170.00597130059532,393.8886483333333,0.53317,-0.65256,268.73600000000005,1.85497539067234,-7.338366320283999,-1.0446450720695,6.293721248214499,2.7914677673508823,2,2,4.542600000000002,2,2,ok,False,4.95139974831754,1.2728016727997231,1.2728016727997231,2.4567543101677485,7.446045186467331,18.18,0.5,1.0,2.0015347553119902e-27,2.322922218687564e-28,6.224201421117263,2.106108149941506,2.4824485263151033,0.8483995247497723,True,0.486858499482861,1.1309344258056257e-28
1630295-49-6,O=C(O)C1=CC=C2C(NC(C)C2)=C1C(=O)O,178.54302660534705,219.0393273333333,0.53081,-0.67336,190.05600000000004,4.102645251541985,-7.194690207220001,-0.592663966389,6.602026240831001,2.296373977210683,1,1,1.4395,3,3,ok,False,4.92406157131329,1.2728016727997231,1.2728016727997231,2.4294161331634987,7.418707009463081,18.18,0.5,1.0,1.5841604433014303e-27,1.8349934215664137e-28,6.196863244113013,1.8143885773750639,2.4824485263151033,0.7308866863267074,True,0.5861407396151275,1.0755644013058312e-28
2495650-98-9,O=C(O)C=1C=CC=C(C#CCC(=O)O)C1C(=O)O,173.79328746784836,225.40098533333332,0.53629,-0.65176,206.03200000000004,1.788777554644512,-8.3062752865125,-0.7328025993964999,7.573472687116,2.697076110359704,1,0,0.9091999999999998,3,3,ok,False,4.904644292692055,1.2728016727997231,1.2728016727997231,2.4099988545422635,7.399289730841846,18.18,0.5,1.0,1.3413477948784675e-27,1.5516143288985296e-28,6.177445965491778,1.902457975135676,2.4824485263151033,0.7663635136715791,True,0.5558187455529896,8.624163298704246e-29
2476024-17-4,O=C(O)C=1C=CC=C(C#CCCCCCCC#C)C1C(=O)O,170.79368468587444,311.756922,0.53605,-0.65315,283.61600000000004,3.604994314836016,-8.1370204715015,-0.698788368084,7.4382321034175005,2.623994410372972,1,0,3.408300000000001,2,2,ok,False,4.910237864787973,1.2728016727997231,1.2728016727997231,2.415592426638182,7.4048833029377645,18.18,0.5,1.0,1.4072365630042525e-27,1.6284717482885997e-28,6.183039537587696,2.0300231848854438,2.4824485263151033,0.8177503635488343,True,0.5123662092951364,8.343738966148535e-29
2519894-98-3,O=C(O)C=1C=CC=C(C#CC2=CC=C(C=C2C)C)C1C(=O)O,171.16377623601028,346.29832400000004,0.53567,-0.65253,265.24000000000007,3.394338281609539,-7.4322455987064995,-0.7670889445595,6.665156654146999,2.521661921875675,1,0,3.099640000000001,2,2,ok,False,4.894051484478357,1.2728016727997231,1.2728016727997231,2.399406046328566,7.3886969226281485,18.18,0.5,1.0,1.2248417594997644e-27,1.4157912168849896e-28,6.16685315727808,1.9840276034422282,2.4824485263151033,0.7992220512975868,True,0.5279488435000199,7.474653355919162e-29
2611109-09-0,O=C(O)C=1C=CC=C(C#CCCCCN)C1C(=O)O,174.16885460023258,265.03657066666665,0.53644,-0.65351,240.05600000000007,5.283613858903771,-8.11987729892,-0.719469020722,7.400408278198,2.639517997566285,1,0,1.5635,3,3,ok,False,4.839158618543479,1.2728016727997231,1.2728016727997231,2.3445131803936876,7.33380405669327,18.18,0.5,1.0,7.640284407742104e-28,8.797471531149031e-29,6.111960291343202,1.8901796081812132,2.4824485263151033,0.7614174425549753,True,0.5600347061939702,4.926889384196865e-29
2578150-45-3,O=C(O)C=1C=CC=C(C#CC2=CC=C(C=C2)C)C1C(=O)O,170.88201353356692,327.339021,0.53577,-0.65166,249.11200000000005,3.384162154802869,-7.5117028430525,-0.7638235783535,6.747879264699001,2.537254108474466,1,0,2.791220000000001,2,2,ok,False,4.84431451873848,1.2728016727997231,1.2728016727997231,2.349669080588689,7.338959956888272,18.18,0.5,1.0,7.987222794682534e-28,9.200275219637928e-29,6.117116191538203,2.020508578733594,2.4824485263151033,0.8139176129193688,True,0.5155804732039684,4.743482251347667e-29
103203-38-9,O=C(O)C1=CC(OC)=CC(=C1C(=O)O)C,173.4903577400029,191.69357033333333,0.53281,-0.66626,180.36800000000005,4.01218808382658,-8.042052737677,-0.465314684355,7.576738053322,2.3880758429321265,1,1,1.40002,2,3,ok,False,4.842120200917847,1.2728016727997231,1.2728016727997231,2.347474762768056,7.336765639067639,18.18,0.5,1.0,7.837698434760235e-28,9.0266558106768e-29,6.11492187371757,2.0394926939852938,2.4824485263151033,0.8215649478189486,True,0.50917222329379,4.596122408030114e-29
2630498-66-5,O=C(O)C=1C=CC=C(C#CC(C)C)C1C(=O)O,170.5956672209862,237.558352,0.5358,-0.65272,210.74400000000009,3.039511399879921,-8.148177139371999,-0.695523001878,7.452654137493999,2.6235965987898435,1,0,2.0905,2,2,ok,False,4.834651517897946,1.2728016727997231,1.2728016727997231,2.3400060797481546,7.329296956047737,18.18,0.5,1.0,7.349272914408717e-28,8.459716408122977e-29,6.107453190697669,2.057750016109216,2.4824485263151033,0.8289195100305661,True,0.5030289508839841,4.2554822695541277e-29
18245-63-1,O=C(O)C=1C=CC=C(SCC)C1C(=O)O,171.26335760826476,211.155993,0.53628,-0.65881,191.18400000000003,5.541439070313775,-8.164503970401999,-0.7121219467584999,7.452382023643499,2.643265180958965,1,0,2.195,2,3,ok,False,4.815523039083095,1.2728016727997231,1.2728016727997231,2.3208776009333034,7.310168477232886,18.18,0.5,1.0,6.2317106231133905e-28,7.163711603860188e-29,6.088324711882818,2.069869727105077,2.4824485263151033,0.8338016700702956,True,0.49896205659374393,3.5744202747065475e-29
858242-89-4,O=C(O)C1=CC=C(OC)C(N)=C1C(=O)O,179.10200603426316,195.86098033333332,0.53082,-0.67872,174.71200000000005,4.378413554017026,-7.259453303639001,-0.552935344216,6.706517959423,2.275152946521921,1,1,0.6738,3,4,ok,False,4.7966401929895515,1.2728016727997231,1.2728016727997231,2.30199475483976,7.291285631139343,18.18,0.5,1.0,5.294130614570335e-28,6.077892947111575e-29,6.069441865789274,2.0015620697466656,2.4824485263151033,0.8062854268796237,True,0.5219955638023941,3.1726331556581013e-29
1073323-68-8,O=C(O)C=1C(F)=CC=C(C1C(=O)O)C,169.95284110750944,163.38810366666667,0.53403,-0.65041,160.79200000000003,3.391717886263537,-8.572674746152,-0.6468146226385,7.9258601235135,2.68106498527132,2,0,1.53052,2,2,ok,False,4.797827040907654,1.2728016727997231,1.2728016727997231,2.3031816027578627,7.292472479057445,18.18,0.5,1.0,5.348700088673629e-28,6.141049505512072e-29,6.070628713707377,2.1305791555076263,2.4824485263151033,0.8582571331983327,True,0.4787363231703114,2.9399434606757086e-29
13935-08-5,O=C(O)C=1C(Cl)=CC=C(O)C1C(=O)O,173.01629705833275,169.88149966666666,0.53419,-0.64358,162.49600000000004,3.729060704788808,-8.1696741335615,-0.6500799888445,7.519594144717,2.586178897512333,2,0,1.442,3,3,ok,False,4.784032370483034,1.2728016727997231,1.2728016727997231,2.289386932333243,7.278677808632826,18.18,0.5,1.0,4.747458990354406e-28,5.445500790006241e-29,6.056834043282757,2.06755069375688,2.4824485263151033,0.8328674982944806,True,0.4997395232940067,2.721331968894856e-29
927672-46-6,O=C(O)C=1C=CC=C(NCC2CC2)C1C(=O)O,177.73031177994895,235.5444403333333,0.53192,-0.67122,208.46400000000008,3.81978952430628,-7.2118333798015,-0.6326647024125001,6.579168677389,2.338295048329733,1,0,1.9049,3,3,ok,False,4.747603643282693,1.2728016727997231,1.2728016727997231,2.2529582051329013,7.242249081432484,18.18,0.5,1.0,3.463057198064283e-28,3.9621868794060364e-29,6.020405316082416,1.828299900992885,2.4824485263151033,0.736490558258131,True,0.5813406702585461,2.3033803761635223e-29
1803862-23-8,O=C(O)C1=CC=CC(=C1C(=O)O)CCC(=O)OC,171.11989475841918,220.061413,0.53484,-0.65954,217.29600000000005,2.47098572031487,-8.678254920146,-0.611167708223,8.067087211922999,2.6742419692982264,1,0,1.1886,2,4,ok,False,4.766549151635298,1.2728016727997231,1.2728016727997231,2.2719037134855062,7.261194589785089,18.18,0.5,1.0,4.080883380819876e-28,4.67521833369504e-29,6.0393508244350205,2.1074352105980836,2.4824485263151033,0.8489341020602421,True,0.48641694583368356,2.2741054229815846e-29
861589-57-3,O=C(O)C1=CC=CC(=C1C(=O)O)S(=O)(=O)C,167.81416159889514,199.15822033333333,0.53737,-0.6476,189.46400000000008,8.107409932894722,-9.3310560474955,-0.8253213085665,8.505734738929,3.0318368772606847,1,0,0.4865000000000001,2,4,ok,False,4.735182540633893,1.2728016727997231,1.2728016727997231,2.240537102484102,7.2298279787836846,18.18,0.5,1.0,3.109321015254644e-28,3.5543971874613925e-29,6.007984213433616,2.368816647650095,2.4824485263151033,0.9542258872800553,True,0.4023040858081054,1.4299485111005566e-29
569-51-7,O=C(O)C1=CC=CC(C(=O)O)=C1C(=O)O,172.5591806954674,173.87504966666663,0.53638,-0.65415,166.56000000000003,2.4828779692123413,-9.184386682076,-0.7714427661675001,8.4129439159085,2.94541782856426,1,0,0.7811999999999999,3,3,ok,False,4.706185955203704,1.2728016727997231,1.2728016727997231,2.211540517053913,7.2008313933534955,18.18,0.5,1.0,2.4169453633465174e-28,2.7573586952774116e-29,5.978987628003427,2.0798268812841343,2.4824485263151033,0.8378126914765832,True,0.4956277658895139,1.3666235298963686e-29
2596911-31-6,O=C(O)C=1C=CC=C(C#CC2=CC=C(C=C2)CC)C1C(=O)O,170.5957653316484,344.5110036666667,0.53589,-0.65178,265.63200000000006,3.4328768023335767,-7.519049917016001,-0.767905286111,6.751144630905001,2.543036414309045,1,0,3.045200000000001,2,2,ok,False,4.699754556211278,1.2728016727997231,1.2728016727997231,2.205109118061487,7.19439999436107,18.18,0.5,1.0,2.285451767438119e-28,2.606182836977657e-29,5.972556229011001,2.0713539674235344,2.4824485263151033,0.8343995637638499,True,0.4984646364535168,1.299089980365463e-29
93236-58-9,O=C(O)C1=CC(O)=C(O)C(Cl)=C1C(=O)O,177.0615350420876,179.42272866666667,0.53708,-0.64748,170.12000000000003,4.111520728392355,-8.171034702814,-0.6239570591965,7.5470776436174996,2.562312319631705,1,2,1.1475999999999995,4,4,ok,False,4.724245675837804,1.2728016727997231,1.2728016727997231,2.229600237688013,7.2188911139875955,18.18,0.5,1.0,2.827672242011784e-28,3.229978442535582e-29,5.997047348637527,2.464006803854032,2.4824485263151033,0.9925711561526532,True,0.37336547996230574,1.2059624514651983e-29
16524-16-6,O=C(O)C=1C=CC=C(NC(=O)C=2C=CC=CC2)C1C(=O)O,172.7944114249513,282.4592426666666,0.53503,-0.64688,241.26400000000007,8.602624056065684,-8.385460417008,-0.6870874725125,7.6983729444955,2.6730039516498443,1,0,2.3353,3,3,ok,False,4.655287396739771,1.2728016727997231,1.2728016727997231,2.16064195858998,7.1499328348895625,18.18,0.5,1.0,1.5512980912863534e-28,1.763565979985859e-29,5.928089069539494,2.0296434107251327,2.4824485263151033,0.8175973798489569,True,0.5124944099027556,9.038177062374277e-30
1060796-14-6,O=C(O)C1=CC=CC(=C1C(=O)O)N2C=NN=C2,167.9314458200467,204.0547483333333,0.5365,-0.64522,187.78400000000005,7.779598772430362,-8.970777309433501,-0.7978378096659999,8.172939499767502,2.918957167975303,1,0,0.6637,2,5,ok,False,4.680979729141711,1.2728016727997231,1.2728016727997231,2.18633429099192,7.175625167291503,18.18,0.5,1.0,1.940826632198386e-28,2.2103184005633942e-29,5.953781401941434,2.369209474702038,2.4824485263151033,0.9543841290513463,True,0.40218259953869484,8.889516001467961e-30
35301-69-0,O=C(O)C=1C=C(C=C(C1C(=O)O)CC)CC,172.08654766223395,218.42746466666668,0.53393,-0.66389,205.57600000000005,3.1124827469401333,-8.44097164251,-0.53334314698,7.90762849553,2.546222485868721,1,1,2.2078,2,2,ok,False,4.658496619778811,1.2728016727997231,1.2728016727997231,2.1638511816290196,7.153142057928602,18.18,0.5,1.0,1.595355630218512e-28,1.814054275007345e-29,5.931298292578534,2.132549441909405,2.4824485263151033,0.8590508199076009,True,0.47808424790014037,8.672707737169209e-30
2578667-52-2,O=C(O)C=1C=CC=C(C#CC(C)CCC)C1C(=O)O,170.27992423697944,270.78865,0.53622,-0.65307,244.90400000000005,3.24908467110354,-8.126952259032999,-0.702597961991,7.424354297041999,2.6251763448521723,1,0,2.870700000000001,2,2,ok,False,4.648322439692038,1.2728016727997231,1.2728016727997231,2.1536770015422464,7.142967877841829,18.18,0.5,1.0,1.459789297323407e-28,1.6587375394571707e-29,5.921124112491761,2.1098540766230025,2.4824485263151033,0.8499084892426058,True,0.4856124311064493,8.055035691033266e-30
66650-92-8,O=C(O)C1=CC(=CC(N)=C1C(=O)O)C(C)(C)C,177.99424129697638,240.9878643333333,0.53094,-0.67215,215.6800000000001,4.084753982799944,-7.3930612042345,-0.4862674508435,6.906793753391,2.2472011714644093,1,1,1.9627,3,3,ok,False,4.596705939633326,1.2728016727997231,1.2728016727997231,2.1020605014835345,7.091351377783117,18.18,0.5,1.0,9.294007005769196e-29,1.0523130969937563e-29,5.869507612433049,1.85072628742305,2.4824485263151033,0.7455245366840418,True,0.5736092665247848,6.036165437210133e-30
1202823-16-2,O=C(O)C=1C=CC=C(S)C1C(=O)O,174.29142073857753,176.83518166666667,0.53481,-0.65797,156.85600000000005,0.3554768487538956,-8.0368825745175,-0.7415102426125,7.295372331905001,2.640721300639816,1,0,1.3717,3,3,ok,False,4.599617475944065,1.2728016727997231,1.2728016727997231,2.1049720377942736,7.094262914093856,18.18,0.5,1.0,9.534162744556142e-29,1.0797210722900559e-29,5.872419148743788,1.9588866617493679,2.4824485263151033,0.7890945737582321,True,0.5365099095559157,5.7928105483995424e-30
769908-43-2,O=C(O)C1=CC=C(C(N)=C1C(=O)O)C,177.65071887695976,188.2153783333333,0.53097,-0.67347,165.84800000000004,4.04398535852938,-7.414013970722999,-0.58776591708,6.826248053642999,2.344936811176902,1,1,0.97362,3,3,ok,False,4.567293892772467,1.2728016727997231,1.2728016727997231,2.0726484546226756,7.061939330922258,18.18,0.5,1.0,7.18045394341931e-29,8.113637426805002e-30,5.84009556557219,1.9084067973719159,2.4824485263151033,0.768759866374638,True,0.5537778130549275,4.493152390136683e-30
2559074-07-4,O=C(O)C=1C=CC=C(C#CCCCCC)C1C(=O)O,170.20890617046638,269.4273093333333,0.53594,-0.65342,244.78400000000005,3.165425780207143,-8.1315781944915,-0.6914412941204999,7.440136900371,2.615733888328903,1,0,3.014800000000001,2,2,ok,False,4.563455910187496,1.2728016727997231,1.2728016727997231,2.068810472037705,7.058101348337288,18.18,0.5,1.0,6.942459642636335e-29,7.842645397386622e-30,5.836257582987219,2.127522760489806,2.4824485263151033,0.8570259314290227,True,0.4797484153655999,3.7624967016705474e-30
3209-07-2,O=C(O)C=1C=C(O)C=C(O)C1C(=O)O,178.34687072236298,166.68031499999998,0.53777,-0.65807,154.22400000000005,2.264522684805785,-8.1816471429835,-0.5485815226080001,7.6330656203755005,2.4962739855813707,1,1,0.4942,4,4,ok,False,4.507949227294406,1.2728016727997231,1.2728016727997231,2.013303789144615,7.002594665444198,18.18,0.5,1.0,4.2595718063402884e-29,4.7936106351811786e-30,5.780750900094129,2.223208612643531,2.4824485263151033,0.8955708805546181,True,0.44841003785429406,2.149503126380339e-30
1803746-96-4,O=C(O)C1=CC=CC(=C1C(=O)O)CCCCl,170.5112401627053,212.59103566666667,0.53513,-0.65922,204.39200000000005,1.719146442278842,-8.648866624292001,-0.610079252821,8.038787371471,2.666076200110411,1,0,2.2544000000000004,2,2,ok,False,4.448052714306558,1.2728016727997231,1.2728016727997231,1.9534072761567662,6.942698152456349,18.18,0.5,1.0,2.5091183231455785e-29,2.8121707381510345e-30,5.7208543871062805,2.189007737809117,2.4824485263151033,0.881793807446407,True,0.4595257411461731,1.2922648426784348e-30
927672-69-3,O=C(O)C=1C=CC=C(NC2=CC(OC)=CC=C2OC)C1C(=O)O,176.84013806461977,327.063416,0.53267,-0.66797,271.4560000000001,5.597234396556928,-6.836588379962,-0.6832778786055,6.153310501356501,2.297478265328714,1,0,2.8438000000000008,3,5,ok,False,4.401742119989716,1.2728016727997231,1.2728016727997231,1.907096681839925,6.896387558139508,18.18,0.5,1.0,1.6640111676521205e-29,1.859123446790368e-30,5.674543792789439,1.8843777369675423,2.4824485263151033,0.7590802858517574,True,0.5620284090984649,1.044880193117245e-30
479-47-0,O=C(O)C=1C=C(C(=O)O)C(C(=O)O)=C(C1)C(=O)O,172.64966927384305,200.748917,0.53811,-0.64907,194.0240000000001,4.11732917071249,-9.4143228857485,-1.2125393178280002,8.2017835679205,3.442245194554536,1,1,0.4794000000000001,4,4,ok,False,4.47396167833025,1.2728016727997231,1.2728016727997231,1.9793162401804585,6.968607116480041,18.18,0.5,1.0,3.155443656412085e-29,3.542814830509867e-30,5.746763351129973,2.7494942420221453,2.4824485263151033,1.107573515775346,False,0.29325313738169956,1.0389415642094327e-30
1344512-07-7,O=C(O)C1=CC=C2OCC(N)C2=C1C(=O)O,174.98676480185603,199.695008,0.53195,-0.65899,183.24800000000005,7.377303422660614,-8.048039242388,-0.5227307068105,7.5253085355775005,2.440368297684913,1,1,0.4752000000000001,3,4,ok,False,4.398760759931058,1.2728016727997231,1.2728016727997231,1.9041153217812665,6.893406198080849,18.18,0.5,1.0,1.620518534461853e-29,1.8101644580661284e-30,5.671562432730781,1.9100092701063893,2.4824485263151033,0.7694053874065896,True,0.5532282299748232,1.0014340790992594e-30
671215-17-1,O=C(O)C1=C(F)C(F)=C(C(=O)O)C(C(=O)O)=C1S,171.90181722251845,200.18213866666667,0.53807,-0.63346,194.34400000000005,1.5336328993602086,-8.2910369108845,-1.1959403729475,7.095096537937001,3.171300682897896,2,2,1.3481,4,4,ok,False,4.483499652574174,1.2728016727997231,1.2728016727997231,1.988854214424383,6.978145090723966,18.18,0.5,1.0,3.432885115128696e-29,3.85682702542869e-30,5.756301325373897,3.046981671030616,2.4824485263151033,1.227409808796114,False,0.22167679446354024,8.54969051797383e-31
24096-46-6,O=C(O)C=1C(Br)=CC(Br)=C(O)C1C(=O)O,170.4130734828616,205.6622483333333,0.53577,-0.63682,186.20800000000008,1.3074062719751651,-8.278247559911,-0.84355293655,7.434694623361,2.7979375250930167,2,1,2.3136000000000005,3,3,ok,False,4.404322898282185,1.2728016727997231,1.2728016727997231,1.9096774601323938,6.8989683364319765,18.18,0.5,1.0,1.702593993812686e-29,1.9025638671637118e-30,5.677124571081908,2.474519465256558,2.4824485263151033,0.9968059514731148,True,0.3702332358083144,7.043923768720011e-31
2604857-47-6,O=C(O)C=1C=CC=C(C#CC(N)CC)C1C(=O)O,173.15111487416283,249.17903866666668,0.53605,-0.65255,223.39200000000005,3.753248893958406,-8.137836813053,-0.7110334913565001,7.426803321696499,2.6358078392728226,1,0,1.1718,3,3,ok,False,4.360492126321155,1.2728016727997231,1.2728016727997231,1.8658466881713638,6.8551375644709465,18.18,0.5,1.0,1.1529268107883303e-29,1.2845122289211184e-30,5.633293799120878,2.000592319372001,2.4824485263151033,0.8058947841877874,True,0.5223244130599363,6.709320960395336e-31
22895-28-9,O=C(O)C=1C=CC=C(N=N(=O)C=2C=CC=C(C(=O)O)C2C(=O)O)C1C(=O)O,171.42780835634724,351.0494343333333,0.5371,-0.65306,291.85600000000005,4.3124409514798,-8.414848712862,-1.69254815011,6.722300562752,3.799274905665397,1,0,2.4051,4,6,ok,False,4.441173218850916,1.2728016727997231,1.2728016727997231,1.9465277807011248,6.935818657000707,18.18,0.5,1.0,2.360809261817649e-29,2.644708909662448e-30,5.713974891650639,2.958165605839281,2.4824485263151033,1.1916322028357715,False,0.24171708503235145,6.392713284026955e-31
2604870-42-8,O=C(O)C=1C=CC=C(C#CC(C)CC)C1C(=O)O,169.77090692038436,254.18725200000003,0.53622,-0.65377,227.57600000000005,3.3753190234405994,-8.140013723857,-0.7115777190575,7.428436004799501,2.6368495004081263,1,0,2.4806,2,2,ok,False,4.361209813106708,1.2728016727997231,1.2728016727997231,1.8665643749569165,6.855855251256499,18.18,0.5,1.0,1.1603209476123107e-29,1.2928131376082504e-30,5.634011485906431,2.1944920630511033,2.4824485263151033,0.8840030477121567,True,0.45773659135454053,5.917678788671691e-31
58974-91-7,O=C(O)C=1C=CC=C(SC2=CC=CC(C(=O)O)=C2C(=O)O)C1C(=O)O,176.1588397930557,330.5939396666667,0.53596,-0.65179,284.05600000000004,3.073801595744267,-8.010487531018999,-0.8443692781015,7.166118252917499,2.73538917244722,1,0,2.6306,4,5,ok,False,4.3814798130475205,1.2728016727997231,1.2728016727997231,1.8868343748977292,6.876125251197312,18.18,0.5,1.0,1.389749989539121e-29,1.550569374299558e-30,5.654281485847243,2.4595450734252635,2.4824485263151033,0.9907738458030236,True,0.37469878584476374,5.809964619181194e-31
2167429-89-0,O=C(O)C1=CC=C2NC(C)CC2=C1C(=O)O,176.98237283285138,221.571878,0.53167,-0.66312,190.62400000000005,7.007579749100255,-7.2433985864595,-0.341230768527,6.9021678179325,2.083642558757527,1,1,1.4395,3,3,ok,False,4.2804952291060605,1.2728016727997231,1.2728016727997231,1.7858497909562692,6.775140667255852,18.18,0.5,1.0,5.6425085795940284e-30,6.252603512527686e-31,5.553296901905783,1.8874837979051229,2.4824485263151033,0.760331494448695,True,0.560960951276035,3.5074664143394084e-31
1630495-48-5,O=C(O)C1=CC=C2NC(C)CC2=C1C(=O)O,176.9796683945458,221.57293633333333,0.53167,-0.6631,190.61600000000004,7.005622742483356,-7.2433985864595,-0.341230768527,6.9021678179325,2.083642558757527,1,1,1.4395,3,3,ok,False,4.280448868241143,1.2728016727997231,1.2728016727997231,1.7858034300913515,6.775094306390934,18.18,0.5,1.0,5.640166025046406e-30,6.249988139798624e-31,5.553250541040866,1.887594553359704,2.4824485263151033,0.7603761098569933,True,0.5609228930546908,3.5057614289333494e-31
65616-07-1,O=C(O)C1=C(Cl)C(Cl)=C(Cl)C(=C1C(=O)O)C,166.5893232091739,211.713,0.53604,-0.63595,200.44800000000004,3.523850614030056,-8.732133462545,-0.7485852027255,7.983548259819501,2.8146640906020104,2,2,3.3516200000000005,2,2,ok,False,4.354384629695934,1.2728016727997231,1.2728016727997231,1.8597391915461428,6.849030067845725,18.18,0.5,1.0,1.0918655123681308e-29,1.215978701118729e-30,5.627186302495657,2.8082697982183276,2.4824485263151033,1.1312499608549254,False,0.27811336130395165,3.381799238421429e-31
775530-42-2,O=C(O)C1=CC=C2C(=C1C(=O)O)CNCC2,174.93055911420987,209.09889533333333,0.53411,-0.66156,189.99200000000005,2.663774168355869,-8.079604449046,-0.5488536364585,7.5307508125875,2.471542704907517,1,1,0.7286999999999999,3,3,ok,False,4.269530154667857,1.2728016727997231,1.2728016727997231,1.7748847165180655,6.764175592817648,18.18,0.5,1.0,5.114498563912015e-30,5.663316925396692e-31,5.54233182746758,1.9610714586175058,2.4824485263151033,0.7899746713090888,True,0.5357648208279077,3.034205977826816e-31
137071-78-4,O=C(O)C1=CC(Cl)=C(C(=O)O)C(C(=O)O)=C1Cl,167.8006324109917,204.05906966666663,0.53797,-0.6303,197.36000000000004,2.2478380969278016,-8.825196399416,-1.06668629396,7.758510105456001,3.1529682210087366,2,1,2.088,3,3,ok,False,4.358321052051348,1.2728016727997231,1.2728016727997231,1.863675613901557,6.85296649020114,18.18,0.5,1.0,1.1308422720633765e-29,1.25972183426996e-30,5.631122724851071,3.033668811371906,2.4824485263151033,1.222047014958664,False,0.22460793523760436,2.8294352016910336e-31
108604-57-5,O=C(O)C=1C=2OC(=CC2C=C(C1C(=O)O)C)C,170.93239884516075,226.667403,0.53407,-0.66152,197.97600000000008,3.4033156509498204,-7.803408890788501,-0.729809347041,7.073599543747501,2.5735063542998207,2,1,2.446040000000001,2,3,ok,False,4.281925470024854,1.2728016727997231,1.2728016727997231,1.7872800318750626,6.776570908174645,18.18,0.5,1.0,5.715253086512001e-30,6.333824087781684e-31,5.554727142824577,2.2389672924294577,2.4824485263151033,0.9019189194439958,True,0.4433225202031883,2.8079268571190366e-31
444288-59-9,O=C(O)C=1C=CC=C(NCC=2OC(=CC2)C)C1C(=O)O,176.38491566051695,270.861078,0.53257,-0.66942,236.9360000000001,3.9658985841798833,-7.30897802443,-0.646542508788,6.662435515642,2.374893790936545,1,0,2.59652,3,4,ok,False,4.254241624889531,1.2728016727997231,1.2728016727997231,1.7595961867397394,6.748887063039322,18.18,0.5,1.0,4.459193598285671e-30,4.932614187059671e-31,5.527043297689254,1.9526740030639722,2.4824485263151033,0.7865919403221151,True,0.5386297412493455,2.6568527032588016e-31
1804397-57-6,N#CCCC=1C=CC=C(C(=O)O)C1C(=O)O,169.73309459337435,199.09751533333332,0.53481,-0.65726,190.33600000000004,4.085902457230226,-8.7601611891465,-0.6198753514390001,8.140285837707498,2.7021497542246604,1,0,1.53918,2,3,ok,False,4.262902682119714,1.2728016727997231,1.2728016727997231,1.7682572439699227,6.757548120269505,18.18,0.5,1.0,4.8194513235072716e-30,5.334228105458242e-31,5.535704354919437,2.2446244377937767,2.4824485263151033,0.9041977765096512,True,0.4415016070157395,2.3550702807483375e-31
106113-16-0,O=C(O)C1=CC=C(C(=C1C(=O)O)CC=C(C)C)C,171.95361724692864,256.173724,0.53423,-0.66394,232.69600000000003,5.9505396469564,-7.9884463091285,-0.5088529004350001,7.4795934086935,2.413369614881939,1,1,2.900120000000001,2,2,ok,False,4.255847001452812,1.2728016727997231,1.2728016727997231,1.761201563303021,6.750492439602604,18.18,0.5,1.0,4.523889335492413e-30,5.004719103890587e-31,5.528648674252535,2.177205969558358,2.4824485263151033,0.8770397236756239,True,0.463384240070536,2.319107958722834e-31
1217498-02-6,O=C(O)C1=CC=C2C(=C1C(=O)O)C3C=CC4C=CC2C43,170.27443724553848,270.87117399999994,0.5337,-0.65753,230.06400000000005,3.5581455858354083,-8.29947244025,-0.596473560296,7.702998879953999,2.5684105787220024,1,1,2.6358000000000006,2,2,ok,False,4.197728941075551,1.2728016727997231,1.2728016727997231,1.70308350292576,6.692374379225343,18.18,0.5,1.0,2.6829174041308966e-30,2.956512712503851e-31,5.470530613875274,2.2061071038673497,2.4824485263151033,0.8886819124270225,True,0.4539557550735929,1.342125960789362e-31
128885-97-2,O=C(O)C=1C(O)=CC=C(OC=2C=CC=CC2)C1C(=O)O,173.35598288285638,259.95701133333336,0.53345,-0.65136,227.51200000000009,4.7134755170680585,-7.799871410732,-0.635113727067,7.164757683665,2.4826022531474874,2,0,2.5809,3,4,ok,False,4.170517892092569,1.2728016727997231,1.2728016727997231,1.6758724539427776,6.66516333024236,18.18,0.5,1.0,2.099234412934011e-30,2.3090952691814837e-31,5.443319564892292,1.997631034184763,2.4824485263151033,0.8047018953299331,True,0.5233289001746705,1.2084162876192805e-31
927672-55-7,O=C(O)C=1C=CC=C(NC2=CC=C(OC)C=C2OC)C1C(=O)O,176.68896989229128,324.28875966666664,0.53233,-0.66919,271.65600000000006,4.437054286348094,-6.83549992456,-0.6530732412,6.182426683359999,2.267666522025916,1,0,2.8438000000000008,3,5,ok,False,4.164326911599858,1.2728016727997231,1.2728016727997231,1.6696814734500665,6.658972349749649,18.18,0.5,1.0,1.985145287205971e-30,2.182696336355767e-31,5.437128584399581,1.932738810843435,2.4824485263151033,0.7785614849031144,True,0.5454424462046162,1.1905352290237432e-31
444288-68-0,O=C(O)C=1C=CC=C(NCC=2SC=CC2)C1C(=O)O,176.23011914848323,273.007493,0.53273,-0.66957,228.8880000000001,2.783925201940598,-7.351972012808999,-0.63674641017,6.715225602638999,2.375929932144192,1,0,2.7566000000000006,3,4,ok,False,4.165026512439672,1.2728016727997231,1.2728016727997231,1.6703810742898808,6.6596719505894635,18.18,0.5,1.0,1.9977228776569483e-30,2.196628379964694e-31,5.437828185239395,1.976897962834649,2.4824485263151033,0.7963500317845932,True,0.5303737283406532,1.1650339836607638e-31
65489-46-5,O=C(O)C=1C(O)=CC=C(OC)C1C(=O)O,173.78601901918924,181.26020633333331,0.53973,-0.65854,171.02400000000003,4.164423933751221,-7.5966023644085,-0.7801504093835,6.816451955024999,2.5735524689462363,2,0,0.7971999999999999,3,4,ok,False,4.127957880644647,1.2728016727997231,1.2728016727997231,1.633312442494856,6.622603318794439,18.18,0.5,1.0,1.4289589878793092e-30,1.5673481233792705e-31,5.40075955344437,2.0317146128822783,2.4824485263151033,0.8184317182592763,True,0.5117953312811858,8.021614520378386e-32
955-04-4,O=C(O)C1=CC(O)=C(C(=O)O)C(=C1C(=O)O)C,174.39298104054873,203.58091266666668,0.53569,-0.65557,189.66400000000004,4.267127188167702,-8.2915811385855,-1.1423339443990002,7.149247194186499,3.1121722111291983,1,2,0.79522,4,4,ok,False,4.125839932129023,1.2728016727997231,1.2728016727997231,1.6311944939792316,6.620485370278814,18.18,0.5,1.0,1.4018274758450929e-30,1.5373717345116556e-31,5.398641604928746,2.5920721859824525,2.4824485263151033,1.0441594895141983,False,0.3361260503420345,5.167506890288857e-32
1344399-19-4,O=C(O)C1=CC=CC(=C1C(=O)O)C(N)CC,173.54714036035,211.3691433333333,0.53581,-0.66082,200.77600000000004,5.600355540499192,-8.511177015939,-0.6353858409174999,7.875791175021499,2.655593902735701,1,0,1.4928,3,3,ok,False,4.048630695479087,1.2728016727997231,1.2728016727997231,1.5539852573292956,6.543276133628878,18.18,0.5,1.0,6.956436406010495e-31,7.589956740123981e-32,5.32143236827881,2.1018317492093113,2.4824485263151033,0.8466768704079549,True,0.4882822188942486,3.706040918379095e-32
444288-77-1,O=C(O)C=1C=CC=C(NCC=2C=NC=CC2)C1C(=O)O,175.95891472630322,275.2477983333334,0.53256,-0.67048,233.59200000000004,2.917690819809392,-7.355781606716,-0.6666789337250001,6.689102672991,2.405400106310325,1,0,2.0901,3,4,ok,False,4.032707387651804,1.2728016727997231,1.2728016727997231,1.538061949502013,6.527352825801596,18.18,0.5,1.0,6.017697280412088e-31,6.558792869868418e-32,5.305509060451527,2.0303691894729337,2.4824485263151033,0.8178897439161701,True,0.5122494153488518,3.359737812984315e-32
1061606-45-8,O=C(O)C=1C=CC=C(OC(C=2C=CC=3C=CC=CC3C2)C)C1C(=O)O,170.18517277952932,365.24975466666666,0.53625,-0.65602,296.20000000000005,2.6048753866548013,-7.4306129156035,-0.7268160946855,6.703796820918,2.481565664783687,1,0,4.3762000000000025,2,3,ok,False,4.03946968963241,1.2728016727997231,1.2728016727997231,1.544824251482619,6.534115127782202,18.18,0.5,1.0,6.399925319086462e-31,6.978519783979476e-32,5.312271362432133,2.2212657847428483,2.4824485263151033,0.8947882549009186,True,0.4490387818637051,3.1336260230099103e-32
13810-83-8,O=C(O)C=1C(Br)=C(Br)C(Br)=C(Br)C1C(=O)O,164.15901427485568,249.62973333333332,0.53874,-0.62611,216.74400000000009,2.086605762955714,-8.708731671401999,-0.9123977407265,7.796333930675499,2.968258286138593,2,2,4.133,2,2,ok,False,4.133537300873817,1.2728016727997231,1.2728016727997231,1.6388918627240256,6.628182739023608,18.18,0.5,1.0,1.5029534907310489e-30,1.6491227439429102e-31,5.40633897367354,3.592008306246457,2.4824485263151033,1.4469618476151698,False,0.12323051295557912,2.0322224166279697e-32
1417569-13-1,O=C(O)C=1C(Br)=CC=C(Br)C1C(=O)O,166.19564089907357,197.57430966666664,0.53631,-0.63408,178.52800000000005,0.7295052432984975,-8.51716352065,-0.7066796697485,7.8104838509015,2.7232398410003995,2,0,2.6080000000000005,2,2,ok,False,4.049366855168939,1.2728016727997231,1.2728016727997231,1.554721417019148,6.544012293318731,18.18,0.5,1.0,7.003187675891091e-31,7.641339112129895e-32,5.322168527968662,2.9655504948884293,2.4824485263151033,1.1946070435911245,False,0.24000728820088857,1.8339770785256816e-32
1822662-75-8,O=C(O)C=1C(F)=CC=C(SC)C1C(=O)O,168.390173722461,190.803888,0.53648,-0.64892,179.40000000000003,2.9954668868141408,-8.194980721658,-0.7055912143465001,7.4893895073115,2.6444138307485665,2,0,1.944,2,3,ok,False,3.9872528462594445,1.2728016727997231,1.2728016727997231,1.4926074081096532,6.481898284409236,18.18,0.5,1.0,3.975063137302661e-31,4.319467587337622e-32,5.260054519059167,2.3815516846726874,2.4824485263151033,0.9593559179282621,True,0.398374095283697,1.7207639922128786e-32
1015443-55-6,O=C(O)C1=CC(OC)=CC(=C1C(=O)O)CC,171.7988640926514,207.963704,0.53349,-0.66624,197.48800000000008,4.328897145925276,-8.040964282275,-0.477287693777,7.563676588498001,2.3983249375659432,1,1,1.654,2,3,ok,False,3.978797640632717,1.2728016727997231,1.2728016727997231,1.4841522024829255,6.473443078782508,18.18,0.5,1.0,3.6794652175782167e-31,3.996024277893572e-32,5.25159931343244,2.2960867684543254,2.4824485263151033,0.9249282489101961,True,0.42507389030341897,1.698605585551131e-32
4424-29-7,O=C(O)C=1C=C(C=C(C1C(=O)O)C(C)C)C,170.72872966158153,218.596901,0.53415,-0.66451,205.00800000000004,3.2446555656956875,-8.4276380638355,-0.5265403007175,7.901097763118001,2.536904129907537,1,1,2.514820000000001,2,2,ok,False,3.878209491595298,1.2728016727997231,1.2728016727997231,1.3835640534455065,6.372854929745089,18.18,0.5,1.0,1.4624576140776406e-31,1.5777879059180465e-32,5.151011164395021,2.3824758269196162,2.4824485263151033,0.9597281883850842,True,0.39808959117260784,6.281009424240001e-33
1005516-26-6,O=C(O)C=1C=CC=C(NCCCC)C1C(=O)O,176.10664630394697,239.33301733333332,0.5319,-0.67089,216.29600000000005,3.9468568887153737,-7.185982564004,-0.6114398220735,6.5745427419305,2.311940094295049,1,0,2.295,3,3,ok,False,3.8505957949850593,1.2728016727997231,1.2728016727997231,1.355950356835268,6.345241233134851,18.18,0.5,1.0,1.1339937048100892e-31,1.221206523632919e-32,5.123397467784782,2.037053112327364,2.4824485263151033,0.8205822157976926,True,0.5099945840227182,6.228087130260004e-33
1026350-89-9,O=C(O)C1=CC=C(C(=C1C(=O)O)CCCCCC)CCCCCC,170.36660747481818,351.7120356666667,0.53383,-0.66136,339.5200000000001,4.083845660648795,-8.359609601210499,-0.5259960730165,7.833613528193999,2.519718004778106,1,1,5.328600000000005,2,2,ok,False,3.861901356877233,1.2728016727997231,1.2728016727997231,1.3672559187274418,6.3565467950270245,18.18,0.5,1.0,1.258533386374776e-31,1.3563294810460873e-32,5.134703029676956,2.333413971855985,2.4824485263151033,0.939964694985905,True,0.4133198097968084,5.605978431277726e-33
2558873-26-8,O=C(O)C=1C=CC=C(C#CC2COCC2)C1C(=O)O,168.63071263256387,253.80789833333333,0.53636,-0.6531,226.4240000000001,2.243844945623472,-8.1800144598805,-0.725455525433,7.454558934447499,2.6596944352012684,1,0,1.471,2,3,ok,False,3.86395490286127,1.2728016727997231,1.2728016727997231,1.3693094647114785,6.358600341011061,18.18,0.5,1.0,1.2825699457585893e-31,1.3824200711889586e-32,5.136756575660993,2.3690277790676184,2.4824485263151033,0.9543109369458531,True,0.40223878893995707,5.5606297524133593e-33
444288-80-6,O=C(O)C=1OC(=CC1)CNC2=CC=CC(C(=O)O)=C2C(=O)O,178.87764487477466,281.8279163333333,0.53277,-0.66988,248.1440000000001,5.271936536985248,-7.4142860845735,-0.690080724868,6.7242053597055,2.4419525381975253,1,0,1.9863,4,5,ok,False,3.8396418137542376,1.2728016727997231,1.2728016727997231,1.3449963756044463,6.334287251904029,18.18,0.5,1.0,1.0250177999457873e-31,1.103057431989535e-32,5.1124434865539605,2.169947718532986,2.4824485263151033,0.8741158962735928,True,0.46576288719307374,5.1376321426322334e-33
488131-69-7,O=C(O)C=1C(OCCC)=CC=C(OCCC)C1C(=O)O,170.71925120812153,262.3680753333333,0.53141,-0.65595,256.6480000000001,5.951005084857515,-7.470069423926,-0.4971520048635,6.9729174190625,2.2758270850100266,2,0,2.6606000000000005,2,4,ok,False,3.8154382608167943,1.2728016727997231,1.2728016727997231,1.320792822667003,6.310083698966586,18.18,0.5,1.0,8.19717201705868e-32,8.80729810388469e-33,5.088239933616517,2.2168969896437813,2.4824485263151033,0.893028381512707,True,0.4504538314077256,3.967281175244856e-33
84638-34-6,O=C(O)C1=CC(O)=C(C(=O)O)C(O)=C1C(=O)O,178.7794450454173,192.4352913333333,0.53985,-0.65193,181.49600000000004,5.398175617743462,-8.329404963805,-0.7409660149115,7.588438948893501,2.710426684777469,1,2,0.1923999999999999,5,5,ok,False,3.828138001433963,1.2728016727997231,1.2728016727997231,1.3334925632841719,6.3227834395837546,18.18,0.5,1.0,9.217545360091383e-32,9.91185255737578e-33,5.100939674233686,2.4861678705300143,2.4824485263151033,1.0014982563285741,False,0.3667779123984469,3.635448588995496e-33
597565-53-2,O=C(O)C1=CC=CC(C2=CC=C3OCCOC3=C2)=C1C(=O)O,170.5339949086189,293.49571366666663,0.53476,-0.65824,250.03200000000007,5.718888938421519,-7.510342273800001,-0.591031283286,6.919310990514001,2.371343534111653,1,0,2.5212000000000003,2,4,ok,False,3.7970358246038955,1.2728016727997231,1.2728016727997231,1.3023903864541042,6.291681262753687,18.18,0.5,1.0,6.914447383727287e-32,7.420166990043316e-33,5.069837497403618,2.2716291011570213,2.4824485263151033,0.9150760134909955,True,0.4328499657415607,3.211819027436909e-33
1344582-70-2,O=C(O)C1=CC=C2C(=C1C(=O)O)C(N)CC2,173.58901151773804,209.4647193333333,0.53289,-0.6628,190.61600000000004,4.7397656197326885,-8.4684551414105,-0.577969818462,7.8904853229485,2.5929268354567823,1,1,1.029,3,3,ok,False,3.779052341456511,1.2728016727997231,1.2728016727997231,1.2844069033067198,6.2736977796063025,18.18,0.5,1.0,5.85391456961922e-32,6.274695033721811e-33,5.051854014256234,2.145748886701658,2.4824485263151033,0.8643679270509446,True,0.4737232856454372,2.972469147797804e-33
1823242-79-0,O=C(O)C1=CC=C2C(=C1C(=O)O)C(N)CC2,173.58422340843757,209.46208066666668,0.53287,-0.66281,190.60800000000003,4.742532338318844,-8.4684551414105,-0.5782419323125001,7.890213209097999,2.5931722557679926,1,1,1.029,3,3,ok,False,3.776452588473729,1.2728016727997231,1.2728016727997231,1.2818071503239379,6.271098026623521,18.18,0.5,1.0,5.714598486091435e-32,6.124325869997428e-33,5.049254261273452,2.1466464129743152,2.4824485263151033,0.8647294758456701,True,0.473427228623532,2.899422623820284e-33
476-73-3,O=C(O)C1=CC=C(C(=O)O)C(C(=O)O)=C1C(=O)O,170.4265741261286,199.49602366666667,0.53628,-0.64508,194.12800000000004,3.888676168055139,-9.3212599488775,-1.32247331343,7.998786635447501,3.5408200931719502,1,1,0.4794000000000001,4,4,ok,False,3.8230912427291486,1.2728016727997231,1.2728016727997231,1.3284458045793572,6.31773668087894,18.18,0.5,1.0,8.797775543138353e-32,9.457339360135569e-33,5.0958929155288715,3.012251232478333,2.4824485263151033,1.2134194125465547,False,0.22937738308753622,2.169299753398651e-33
2545866-65-5,O=C(O)C=1C=CC=C(C#CC2=CC=CC(=C2)CO)C1C(=O)O,171.85999441487675,329.491378,0.53603,-0.65144,257.9920000000001,4.9265227432744085,-7.6836787965685,-0.8147088683970001,6.8689699281715,2.6285816381228213,1,0,1.9751,3,3,ok,False,3.739578611640189,1.2728016727997231,1.2728016727997231,1.2449331734903977,6.23422404978998,18.18,0.5,1.0,4.0590247899371247e-32,4.339609218618225e-33,5.012380284439912,2.167687066872954,2.4824485263151033,0.8732052422817504,True,0.4665046013670922,2.0244476686204535e-33
2513073-44-2,O=C(O)C=1C=CC=C(C#CCCCCCCO)C1C(=O)O,172.09555789275015,291.26192066666664,0.53624,-0.65357,270.33600000000007,0.8936845416588562,-8.139469496156,-0.709128694403,7.430340801753,2.63439093935946,1,0,2.3773000000000004,3,3,ok,False,3.7313084090127635,1.2728016727997231,1.2728016727997231,1.2366629708629722,6.225953847162555,18.18,0.5,1.0,3.758820952786185e-32,4.01649120535477e-33,5.004110081812486,2.159811713136548,2.4824485263151033,0.8700328285728965,True,0.4690916458036126,1.8841024698756047e-33
1344577-98-5,O=C(O)C1=CC=C2C(=C1C(=O)O)C(N)CC2,173.69647174897088,209.4069473333333,0.53246,-0.66417,191.06400000000005,7.395893115777161,-8.464645547503501,-0.5665410367410001,7.898104510762501,2.581705870322918,1,1,1.029,3,3,ok,False,3.71348173977365,1.2728016727997231,1.2728016727997231,1.2188363016238588,6.2081271779234415,18.18,0.5,1.0,3.184634103964648e-32,3.3990011336813334e-33,4.986283412573373,2.174564288601421,2.4824485263151033,0.8759755803796265,True,0.46424947137177774,1.577984479503632e-33
2617464-26-1,O=C(O)C=1C=CC=C(C#CC(C)(C)C)C1C(=O)O,168.49421990794755,255.801951,0.53554,-0.6529,227.56800000000004,2.939378968421731,-8.14708868397,-0.6859990171105,7.4610896668595,2.6143446138150024,1,0,2.4806,2,2,ok,False,3.6935041788026908,1.2728016727997231,1.2728016727997231,1.1988587406528994,6.188149616952482,18.18,0.5,1.0,2.6441168746351944e-32,2.8184409258350503e-33,4.966305851602414,2.4045126317201504,2.4824485263151033,0.9686052323869775,True,0.39133312633948975,1.1029492989101962e-33
296779-99-2,O=C(O)C=1C=CC=C(C=C)C1C(=O)O,169.54676614377118,186.987582,0.53445,-0.65865,166.30400000000003,2.1923411185305994,-8.285866747725,-0.5738881107045001,7.711978637020501,2.544588744536238,1,0,1.726,2,2,ok,False,3.6786745186287657,1.2728016727997231,1.2728016727997231,1.1840290804789744,6.173319956778557,18.18,0.5,1.0,2.3027589816198244e-32,2.4522173101125484e-33,4.951476191428489,2.358235964195752,2.4824485263151033,0.949963690766338,True,0.40558248370295813,9.945763872148345e-34
1005516-43-7,O=C(O)C1=CC=CC(=C1C(=O)O)N2CCC(OC)CC2,171.45825553884697,268.2236233333333,0.53262,-0.65963,248.6800000000001,3.871995852270506,-7.1731932130305,-0.433749477697,6.7394437353335,2.146526455760561,1,0,1.6982,2,4,ok,False,3.6305389107042476,1.2728016727997231,1.2728016727997231,1.1358934725544563,6.125184348854039,18.18,0.5,1.0,1.4688808722803795e-32,1.5593497426474813e-33,4.9033405835039705,2.245387270794266,2.4824485263151033,0.9045050670707255,True,0.44125628978912657,6.880728819242569e-34
2556479-29-7,O=C(O)C=1C=CC=C(C#CCCCCC(=O)O)C1C(=O)O,171.8490820783649,275.435113,0.53621,-0.65353,256.24800000000005,1.741941990997404,-8.151170391727499,-0.7126661744595001,7.438504217267999,2.640571154402393,1,0,2.0795,3,3,ok,False,3.6196778720016525,1.2728016727997231,1.2728016727997231,1.1250324338518611,6.114323310151444,18.18,0.5,1.0,1.3269162605040388e-32,1.407653103385175e-33,4.892479544801375,2.193546245852535,2.4824485263151033,0.8836220459759507,True,0.45804496623505586,6.447684182107341e-34
2645936-93-0,O=C(O)C=1C=CC=C(C#CCN)C1C(=O)O,171.69479813367096,214.665054,0.53584,-0.65225,189.7920000000001,3.890511921328606,-8.147632911671002,-0.6996047096355,7.448028202035502,2.627326703276627,1,0,0.3932,3,3,ok,False,3.593779317340747,1.2728016727997231,1.2728016727997231,1.0991338791909557,6.088424755490538,18.18,0.5,1.0,1.0410126308652236e-32,1.1025088454633654e-33,4.86658099014047,2.2000308116506853,2.4824485263151033,0.8862342112351336,True,0.45593223992567034,5.026693274499769e-34
53812-59-2,O=C(O)C=1C=C(C(=O)O)C(C(=O)O)=C(C1C(=O)O)C(F)(F)F,168.3258975925949,214.61532166666663,0.53988,-0.63676,225.15200000000004,6.444553540005701,-9.580584448404,-1.420978527311,8.159605921093,3.708340484794216,1,2,1.4982000000000002,4,4,ok,False,3.7055829246084926,1.2728016727997231,1.2728016727997231,1.2109374864587013,6.200228362758284,18.18,0.5,1.0,2.95892209051296e-32,3.156475495157627e-33,4.9783845974082155,3.395014623285791,2.4824485263151033,1.3676072584374117,False,0.15406978754651557,4.863175089347181e-34
2578253-98-0,O=C(O)C=1C=CC=C(C#CC(O)C2CC2)C1C(=O)O,171.30644537118755,255.0011753333333,0.53645,-0.65178,228.90400000000005,0.9406872009334452,-8.29403016324,-0.7322583716955,7.5617717915445,2.693610934113727,1,0,1.2054,3,3,ok,False,3.586049908676257,1.2728016727997231,1.2728016727997231,1.0914044705264656,6.080695346826048,18.18,0.5,1.0,9.682077473377573e-33,1.0248921785819691e-33,4.85885158147598,2.2452421649152696,2.4824485263151033,0.9044466143465468,True,0.44130294988134394,4.522879417185401e-34
1008458-96-5,O=C(O)C1=C(C(=O)O)C(=CC=C1N(=O)=O)C,160.3330614660954,194.061186,0.53543,-0.64461,178.78400000000005,6.5772762242435885,-9.132412936630502,-1.8503741834000005,7.282038753230501,4.141066019128125,2,0,1.29962,2,4,ok,False,3.753360514541445,1.2728016727997231,1.2728016727997231,1.2587150763916535,6.248005952691236,18.18,0.5,1.0,4.6130789780281216e-32,4.936391491948095e-33,5.026162187341168,3.985348967881646,2.4824485263151033,1.6054105153178817,False,0.07597560913094478,3.7504535050956987e-34
73322-58-4,O=C(O)C1=CC(OC)=CC(C(=O)O)=C1C(=O)O,171.841456253472,199.1672526666667,0.53638,-0.65803,191.99200000000005,2.4825041490398365,-8.2877715446785,-0.7845042309915,7.503267313687001,2.7423449115184395,1,1,0.7898000000000001,3,4,ok,False,3.5581228742429403,1.2728016727997231,1.2728016727997231,1.063477436093149,6.052768312392732,18.18,0.5,1.0,7.448504341226719e-33,7.87041245752965e-34,4.830924547042663,2.2649873647160166,2.4824485263151033,0.9124005354818447,True,0.43497151310726756,3.4234052154299603e-34
2644109-09-9,O=C(O)C=1C=CC=C(C#CC(OC)(C)C)C1C(=O)O,167.90819380090082,258.60878933333333,0.5357,-0.65258,236.51200000000009,3.159663319089552,-8.320969434439501,-0.7104892636555,7.610480170784001,2.6794382346768906,1,0,1.8595,2,3,ok,False,3.568478263966142,1.2728016727997231,1.2728016727997231,1.0738328258163508,6.063123702115933,18.18,0.5,1.0,8.20970232958801e-33,8.680511996075385e-34,4.841279936765865,2.482163246239032,2.4824485263151033,0.999885081171655,True,0.36796399857811324,3.194115903781178e-34
4445-49-2,O=C(O)C1=CC=CC(C=2C=CC=CC2)=C1C(=O)O,168.77443829935794,251.570177,0.53447,-0.65586,209.73600000000005,2.2767742488002627,-8.1783817767775,-0.618786896037,7.559594880740499,2.559336111221877,1,0,2.750000000000001,2,2,ok,False,3.500868053766789,1.2728016727997231,1.2728016727997231,1.0062226156169976,5.99551349191658,18.18,0.5,1.0,4.3441810774240226e-33,4.573398064352253e-34,4.773669726566512,2.413465939012739,2.4824485263151033,0.9722118760686811,True,0.3886034236082103,1.7772381453304477e-34
4775-35-3,O=C(O)C1=C(OC)C=C(OC)C(=C1C(=O)O)C,171.3585937718206,217.4604063333333,0.53021,-0.66074,205.41600000000005,6.030833372760352,-7.679869202661499,-0.279733038314,7.400136164347499,2.140341286548762,2,1,1.40862,2,4,ok,False,3.4863548137625617,1.2728016727997231,1.2728016727997231,0.9917093756127704,5.981000251912353,18.18,0.5,1.0,3.788025569541818e-33,3.9841895613799166e-34,4.759156486562285,2.28676325948994,2.4824485263151033,0.921172477595886,True,0.4280313949172376,1.7053582155721427e-34
1824583-06-3,O=C(O)C=1C(Cl)=CC=C(SC)C1C(=O)O,167.42688908259788,213.4995236666667,0.53558,-0.64375,188.92000000000004,3.467915330569649,-7.6336098480765,-0.7020537342900001,6.931556113786501,2.506049371085394,2,0,2.4583000000000004,2,3,ok,False,3.4933309823351397,1.2728016727997231,1.2728016727997231,0.9986855441853484,5.987976420484931,18.18,0.5,1.0,4.04592417309222e-33,4.25734626701862e-34,4.766132655134863,2.615559359330548,2.4824485263151033,1.053620782708849,False,0.32952048607475165,1.402882811296505e-34
2520512-63-2,O=C(O)C=1C=CC=C(C#CC(=C)C)C1C(=O)O,167.73454922897844,250.819888,0.53722,-0.65209,204.89600000000004,3.5439578171868806,-7.79334067832,-0.8185184623039999,6.974822216016,2.658279865816834,1,0,2.0106,2,2,ok,False,3.45839570045824,1.2728016727997231,1.2728016727997231,0.9637502623084488,5.9530411386080315,18.18,0.5,1.0,2.908307277039913e-33,3.0534452538580127e-34,4.731197373257963,2.5153332307283067,2.4824485263151033,1.0132468826904608,False,0.358198045692491,1.0937381225609522e-34
13943-86-7,O=C(O)C=1C(Br)=CC=C(O)C1C(=O)O,169.7939903460703,182.395721,0.54158,-0.64683,165.16800000000003,2.465731741288983,-8.114435021910001,-0.8960709096965,7.218364112213501,2.811898093577167,2,0,1.5511,3,3,ok,False,3.4240726580224674,1.2728016727997231,1.2728016727997231,0.9294272198726761,5.918718096172259,18.18,0.5,1.0,2.101159550587958e-33,2.2011851399082774e-34,4.69687433082219,2.381490775171903,2.4824485263151033,0.9593313818703585,True,0.39839284999147295,8.769364212469377e-35
1236108-27-2,O=C(O)C1=CC(N=NC=2C=C(C(=O)O)C(C(=O)O)=C(C2)C(=O)O)=CC(C(=O)O)=C1C(=O)O,174.71400016198197,404.487116,0.53816,-0.65265,339.4240000000001,4.255446614634003,-8.593899626491,-1.988063791753,6.605835834738,4.237841833587418,1,1,2.2912,6,8,ok,False,3.5638728203313246,1.2728016727997231,1.2728016727997231,1.0692273821815332,6.058518258481116,18.18,0.5,1.0,7.862071958661752e-33,8.310481064737253e-34,4.8366744931310475,3.892906489344486,2.4824485263151033,1.5681720881935215,False,0.08550643025648169,7.105995695597676e-35
2503103-60-2,O=C(O)C=1C=CC=C(C#CC(NC)C)C1C(=O)O,171.40607741621915,248.572242,0.53635,-0.65305,223.2800000000001,3.324554968713858,-8.0760669689895,-0.717836337619,7.3582306313705,2.627422924075171,1,0,1.0423999999999998,3,3,ok,False,3.387015846848298,1.2728016727997231,1.2728016727997231,0.8923704086985067,5.881661284998089,18.18,0.5,1.0,1.4780215295988888e-33,1.5447294378848818e-34,4.659817519648021,2.2528295842958066,2.4824485263151033,0.9075030400085925,True,0.4388657296836617,6.779288119211813e-35
1344496-53-2,O=C(O)C1=CC=CC(=C1C(=O)O)C(N)C=C,172.13519736800905,213.4500746666667,0.53519,-0.65866,194.99200000000005,2.210770919837693,-8.369949927529499,-0.637834865572,7.732115061957499,2.623479676280476,1,0,1.2688,3,3,ok,False,3.37473691978688,1.2728016727997231,1.2728016727997231,0.8800914816370886,5.869382357936671,18.18,0.5,1.0,1.3151533383371227e-33,1.3734366922665348e-34,4.647538592586603,2.26218150071353,2.4824485263151033,0.911270254643091,True,0.4358690272410194,5.986385150353378e-35
2583588-26-3,O=C(O)C=1C=CC=C(C#CC(O)C)C1C(=O)O,170.72240102646376,225.29270266666663,0.53609,-0.65076,203.0480000000001,3.81642669260134,-8.347908705639,-0.7257276392835,7.6221810663555,2.700371317709478,1,0,0.8152999999999999,3,3,ok,False,3.365683290380632,1.2728016727997231,1.2728016727997231,0.8710378522308408,5.8603287285304235,18.18,0.5,1.0,1.2066040817716424e-33,1.2593514690092933e-34,4.638484963180355,2.319497605143257,2.4824485263151033,0.9343587915541889,True,0.41768557127237677,5.260129377658535e-35
1824374-56-2,O=C(O)C1=CC=CC(C(=O)N)=C1C(=O)O,169.94222325120245,179.24633233333336,0.53549,-0.64986,170.44000000000003,6.121561040290295,-9.02329528258,-0.7012373927385,8.3220578898415,2.840839880144666,1,0,0.1819,3,3,ok,False,3.3652230257203364,1.2728016727997231,1.2728016727997231,0.870577587570545,5.859868463870128,18.18,0.5,1.0,1.2013299143619051e-33,1.2538100431998562e-34,4.638024698520059,2.371382859033573,2.4824485263151033,0.9552596293118738,True,0.4015107548042478,5.034182168263208e-35
3002026-76-5,O=C(O)C1=CC=C(C(=C1C(=O)O)CC)CC,169.41809867826035,219.59366666666665,0.53417,-0.66204,205.0240000000001,3.93581170916496,-8.4390668455565,-0.5287172115215,7.910349634035,2.5416433727645558,1,1,2.2078,2,2,ok,False,3.370304299689808,1.2728016727997231,1.2728016727997231,0.8756588615400167,5.864949737839599,18.18,0.5,1.0,1.2608474696604087e-33,1.3163529289900173e-34,4.643105972489531,2.4935137995086842,2.4824485263151033,1.0044574028731246,False,0.36460719820513227,4.7995175328816964e-35
2578630-50-7,O=C(O)C=1C=CC=C(C#CCNC)C1C(=O)O,171.25942120199062,231.52641000000003,0.53645,-0.65315,206.70400000000004,3.4478981495978096,-8.065998756521001,-0.730353574742,7.335645181779001,2.63698053880488,1,0,0.6538999999999999,3,3,ok,False,3.326645519278845,1.2728016727997231,1.2728016727997231,0.8320000811290535,5.821290957428636,18.18,0.5,1.0,8.317677932650414e-34,8.659793094907118e-35,4.599447192078568,2.2748553982796524,2.4824485263151033,0.9163756566007845,True,0.4318209069196154,3.7394797079790145e-35
108670-54-8,O=C(O)C=1C(O)=CC=2C=CC=CC2C1C(=O)O,170.82385363623305,236.93882900000003,0.53279,-0.65263,190.85600000000005,3.317131551506512,-7.562588133096,-0.9227380670455,6.639850066050499,2.7109332291608177,2,1,1.9418,3,3,ok,False,3.316517780367933,1.2728016727997231,1.2728016727997231,0.8218723422181418,5.811163218517724,18.18,0.5,1.0,7.551285429072387e-34,7.856830450290595e-35,4.589319453167656,2.3091248438181475,2.4824485263151033,0.9301803519147952,True,0.4209524120967708,3.307351729485184e-35
21021-54-5,O=C(O)C=1C(Cl)=C(C(=O)O)C(C(=O)O)=C(Cl)C1C(=O)O,168.00586678834583,229.5893223333333,0.53899,-0.62546,224.97600000000008,4.565780465594026,-8.9871041404635,-1.2307709458115,7.756333194652001,3.365152342562678,2,2,1.7862000000000002,4,4,ok,False,3.464509612051245,1.2728016727997231,1.2728016727997231,0.9698641739014535,5.959155050201036,18.18,0.5,1.0,3.0814546299380198e-33,3.236498963564769e-34,4.737311284850968,3.79641309009181,2.4824485263151033,1.5293018364119433,False,0.09644676249572301,3.121498468565849e-35
858789-91-0,O=C(O)C1=C2OCOCC2=CC(=C1C(=O)O)C,168.7559937137243,207.25301366666667,0.5314,-0.65599,195.35200000000003,4.056615546240487,-8.034705663713499,-0.573615996854,7.461089666859499,2.482988582115074,2,1,1.25792,2,4,ok,False,3.2929966577202148,1.2728016727997231,1.2728016727997231,0.7983512195704234,5.787642095870006,18.18,0.5,1.0,6.031376143715414e-34,6.266078094539785e-35,4.565798330519938,2.44855318118586,2.4824485263151033,0.9863460028395606,True,0.37799344026191783,2.368536415904936e-35
2574957-27-8,O=C(O)C=1C=CC=C(C#CC(O)CCC)C1C(=O)O,170.7003555597624,258.420879,0.53664,-0.65194,236.6320000000001,3.939611365350648,-8.283417723070501,-0.7404217872105,7.542995935860001,2.6988507020196484,1,0,1.5955,3,3,ok,False,3.269084281005325,1.2728016727997231,1.2728016727997231,0.7744388428555338,5.7637297191551164,18.18,0.5,1.0,4.7977469608827234e-34,4.976910383813772e-35,4.541885953805048,2.324960789240533,2.4824485263151033,0.9365595155729807,True,0.41596933881439363,2.0702421216935046e-35
2517863-45-3,O=C(O)C=1C=CC=C(C#CC(O)CCCCC)C1C(=O)O,170.66913008464792,291.3051503333333,0.53602,-0.65161,270.44800000000004,1.92090156957612,-8.3166156128315,-0.725999753134,7.5906158596974995,2.6930915148449497,1,0,2.3757,3,3,ok,False,3.2610961917119496,1.2728016727997231,1.2728016727997231,0.7664507535621583,5.755741629861741,18.18,0.5,1.0,4.444318371784166e-34,4.607956974693155e-35,4.5338978645116725,2.329529103873669,2.4824485263151033,0.9383997610341493,True,0.4145365575681894,1.910166621711629e-35
1344627-58-2,O=C(O)C1=CC=C2OCC(N)C2=C1C(=O)O,172.8942935564903,199.4452493333333,0.53267,-0.65993,182.82400000000004,5.37430842155528,-8.0771554243915,-0.5221864791095,7.554968945281999,2.447021348098604,1,1,0.4752000000000001,3,4,ok,False,3.2494378182549983,1.2728016727997231,1.2728016727997231,0.754792380105207,5.74408325640479,18.18,0.5,1.0,3.974415892899236e-34,4.117719884413742e-35,4.522239491054721,2.1888854127710764,2.4824485263151033,0.8817445314848941,True,0.4595656756899532,1.8923627209825572e-35
306765-81-1,O=C(O)C1=CC=CC(C2=CC=C(Cl)C=C2)=C1C(=O)O,168.21514122303194,266.7747286666667,0.53465,-0.65462,225.33600000000004,1.94063456374455,-8.114707135760499,-0.6272224254025001,7.4874847103579985,2.551635676351237,1,0,3.4034000000000013,2,2,ok,False,3.2728294061403655,1.2728016727997231,1.2728016727997231,0.7781839679905742,5.767474844290157,18.18,0.5,1.0,4.972926232140581e-34,5.159852877562114e-35,4.545631078940088,2.490367462497871,2.4824485263151033,1.0031899699425078,False,0.365536143888651,1.8861127238968149e-35
1525857-54-8,O=C(O)C1=CC=CC(C2=NC(=CS2)CN)=C1C(=O)O,170.61766299893557,260.928959,0.53556,-0.64941,226.00800000000007,3.617580210582759,-8.151170391727499,-0.7132104021605,7.437959989566999,2.6410886509630447,1,0,1.6652,3,5,ok,False,3.256576427913929,1.2728016727997231,1.2728016727997231,0.7619309897641378,5.75122186606372,18.18,0.5,1.0,4.255929653659245e-34,4.411372171604666e-35,4.529378100713652,2.3421685253608233,2.4824485263151033,0.9434912750587788,True,0.41058357151859726,1.811236941515194e-35
2604139-92-4,O=C(O)C=1C=CC=C(C#CC2CC2)C1C(=O)O,167.90486119854666,237.6478153333333,0.5357,-0.65275,203.12800000000004,2.957453020759586,-7.9138871140915,-0.69116918027,7.2227179338214995,2.5629892551387723,1,0,1.8445,2,2,ok,False,3.2664198599273373,1.2728016727997231,1.2728016727997231,0.771774421777546,5.761065298077129,18.18,0.5,1.0,4.676863134236171e-34,4.850695433109591e-35,4.53922153272706,2.5208126314355925,2.4824485263151033,1.0154541392152998,False,0.3565976695209231,1.7297466870026646e-35
136682-13-8,O=C(O)C1=CC(Br)=CC(C=2C=CC=CC2)=C1C(=O)O,166.86776628598705,277.66820533333333,0.5361,-0.65111,230.17600000000004,3.087819583460148,-8.2703562582465,-0.7801504093835,7.490205848862999,2.733959272736448,1,1,3.512500000000002,2,2,ok,False,3.257298368047657,1.2728016727997231,1.2728016727997231,0.7626529298978655,5.751943806197448,18.18,0.5,1.0,4.285479631669219e-34,4.4422039802346535e-35,4.53010004084738,2.629018845985078,2.4824485263151033,1.0590426420190635,False,0.325767508022306,1.447125720767812e-35
2505300-44-5,O=C(O)C=1C=CC=C(C#CC=2C=CC=C(O)C2)C1C(=O)O,170.92827335863987,312.701482,0.53637,-0.65196,240.8880000000001,1.513251284486486,-7.62463009101,-0.83266838253,6.791961708480001,2.6327407507774754,1,0,2.1884,3,3,ok,False,3.2237986801057,1.2728016727997231,1.2728016727997231,0.7291532419559088,5.7184441182554915,18.18,0.5,1.0,3.1075243618111796e-34,3.214368108065045e-35,4.496600352905423,2.3110899684589006,2.4824485263151033,0.930971959321725,True,0.4203326787243618,1.3511039572691393e-35
94035-95-7,O=C(O)C=1C(OC)=CC(OC)=C(OC)C1C(=O)O,169.6522904921045,222.36052200000003,0.53112,-0.65476,215.20800000000008,7.093723700567988,-7.742727502127001,-0.362999876567,7.379727625560001,2.225787307858931,2,1,1.1088,2,5,ok,False,3.211882174685174,1.2728016727997231,1.2728016727997231,0.7172367365353827,5.706527612834965,18.18,0.5,1.0,2.7713370609161595e-34,2.8644703102951355e-35,4.484683847484897,2.3995172083396463,2.4824485263151033,0.9665929355246055,True,0.39286002422765054,1.1253358755019325e-35
4821-92-5,O=C(O)C1=CC(O)=CC(=C1C(=O)O)C,173.49639442910006,174.32698533333334,0.5329,-0.66578,163.92800000000005,3.77751008469865,-8.166136653505,-0.5129346081924999,7.653202045312499,2.4606131368163715,1,1,1.09702,3,3,ok,False,3.197255536799643,1.2728016727997231,1.2728016727997231,0.7026100986498518,5.6919009749494345,18.18,0.5,1.0,2.407706894636592e-34,2.48632938622269e-35,4.470057209599366,2.2395532716517677,2.4824485263151033,0.9021549683352813,True,0.44313377165921153,1.101776518503993e-35
92724-35-1,O=C(O)C1=CC=CC(C2=CC=C(C=C2)C)=C1C(=O)O,168.66414158664622,270.879895,0.53441,-0.65665,226.74400000000009,2.807031089959639,-7.915791911045,-0.6021879511565,7.3136039598885,2.480171927916932,1,0,3.058420000000001,2,2,ok,False,3.192247927246269,1.2728016727997231,1.2728016727997231,0.6976024890964778,5.6868933653960605,18.18,0.5,1.0,2.294441928914968e-34,2.3686193826248974e-35,4.465049600045992,2.4770368185980596,2.4824485263151033,0.9978200121131708,True,0.3694851323656439,8.751696461129899e-36
312303-68-7,O=C(O)C=1C=CC=C(NN)C1C(=O)O,178.1008263494847,183.240218,0.53219,-0.67114,161.60000000000005,3.711156040912319,-7.338366320283999,-0.635113727067,6.703252593216999,2.371102057598025,1,0,0.3686000000000001,4,4,ok,False,3.1685337767225654,1.2728016727997231,1.2728016727997231,0.6738883385727741,5.663179214872357,18.18,0.5,1.0,1.8259384601309726e-34,1.8821615672336652e-35,4.441335449522288,2.2531263441354965,2.4824485263151033,0.9076225832081972,True,0.4387705123282808,8.258369951397153e-36
1005516-64-2,O=C(O)C=1C=CC=C(C1)C=2C=CC=C(C(=O)O)C2C(=O)O,170.9965618313654,277.713864,0.53484,-0.65608,238.17600000000004,3.927854246277476,-8.3781133430445,-0.7066796697485,7.671433673296001,2.6896362401133924,1,0,2.4482,3,3,ok,False,3.1171257222362705,1.2728016727997231,1.2728016727997231,0.6224802840864792,5.611771160386062,18.18,0.5,1.0,1.1115872621306558e-34,1.142125970296513e-35,4.389927395035993,2.3360466045637014,2.4824485263151033,0.941025193392945,True,0.412496146693456,4.711225617858362e-36
1822826-56-1,O=C(O)C=1C(OCC=2C=CC=CC2)=CC=C(C(=O)C)C1C(=O)O,166.678257600366,309.90676833333333,0.5331,-0.65001,271.26400000000007,8.081653453347279,-8.2948465047915,-0.735251624051,7.559594880740501,2.696661444923134,2,0,2.864600000000001,2,4,ok,False,3.1408599897485328,1.2728016727997231,1.2728016727997231,0.6462145515987414,5.635505427898324,18.18,0.5,1.0,1.3981171218949659e-34,1.438665925038058e-35,4.413661662548256,2.6607084512397066,2.4824485263151033,1.0718081051973347,False,0.31702564340113815,4.56093990524484e-36
844882-64-0,O=C(O)C=1C=C(C(=O)O)C(C(=O)O)=C(C1)S(=O)(=O)O,167.523300336307,213.1185553333333,0.53948,-0.63628,208.9120000000001,6.18568673309601,-9.619768842876,-1.378528766633,8.241240076243,3.6694280590135273,1,1,0.0279000000000001,4,5,ok,False,3.2198426856237425,1.2728016727997231,1.2728016727997231,0.7251972474739512,5.714488123773534,18.18,0.5,1.0,2.991652612778675e-34,3.093740974756549e-35,4.492644358423465,3.5069562012044115,2.4824485263151033,1.4127004705350596,False,0.1359154035580613,4.2048705308814634e-36
2511070-60-1,O=C(O)C=1C=CC=C(C#CCNCC)C1C(=O)O,170.93329496349952,247.81062966666664,0.53652,-0.65331,223.23200000000008,3.802733277525522,-7.992528016885999,-0.7300814608915001,7.262446555994499,2.6190869535216548,1,0,1.0439999999999998,3,3,ok,False,3.0996700213055934,1.2728016727997231,1.2728016727997231,0.6050245831558021,5.594315459455385,18.18,0.5,1.0,9.38848661616165e-35,9.635883828060815e-36,4.372471694105316,2.32548323539839,2.4824485263151033,0.9367699715612192,True,0.41580537380873495,4.006652277104371e-36
25437-78-9,O=C(O)C1=CC=C(OC)C(OS(=O)(=O)C)=C1C(=O)O,166.73865417286996,230.4431363333333,0.53599,-0.64693,223.29600000000005,3.337465496450862,-8.317976182084001,-0.598106243399,7.719869938685001,2.574412731348044,1,1,0.4299999999999999,2,6,ok,False,3.081688979970501,1.2728016727997231,1.2728016727997231,0.5870435418207096,5.576334418120292,18.18,0.5,1.0,7.887789416500812e-35,8.086545569250114e-36,4.354490652770224,2.6825660872201404,2.4824485263151033,1.0806129749655222,False,0.31107401596451006,2.5155142055066482e-36
2167306-51-4,O=CC=1C(O)=C(O)C=C(C(=O)O)C1C(=O)O,173.3370464443239,189.35641866666663,0.536,-0.66061,174.24000000000004,7.648147588795603,-8.1587895795415,-1.12110906406,7.037680515481499,3.059122911521692,1,2,0.3067,4,5,ok,False,3.0917626918553918,1.2728016727997231,1.2728016727997231,0.5971172537056004,5.586408130005183,18.18,0.5,1.0,8.696463624204854e-35,8.921212364004143e-36,4.364564364655115,2.8156607332453896,2.4824485263151033,1.1342272371000175,False,0.2762438122821883,2.464429713611498e-36
24063-26-1,O=C(O)C1=C(Br)C(Br)=C(C(=O)O)C(C(=O)O)=C1Br,165.21344437196598,250.6797163333333,0.53909,-0.6251,225.36800000000005,2.838789266571226,-8.7737668816715,-0.9972972620825,7.776469619589,3.0693135565287863,2,2,3.0687000000000006,3,3,ok,False,3.147521943836029,1.2728016727997231,1.2728016727997231,0.6528765056862378,5.6421673819858205,18.18,0.5,1.0,1.4909848660886331e-34,1.5348683131401156e-35,4.420323616635752,3.6589428170522162,2.4824485263151033,1.4739249488018498,False,0.11389768259463742,1.7481794395459943e-36
2541919-62-2,O=C(O)C=1C=CC=C(C#CC2=CC=CC(N)=C2)C1C(=O)O,171.0425787488922,323.3680336666667,0.53632,-0.65223,244.46400000000008,4.330587622944489,-7.25455525433,-0.7991983789185,6.455356875411501,2.5119814766603707,1,0,2.065,3,3,ok,False,2.9660775997801796,1.2728016727997231,1.2728016727997231,0.47143216163038826,5.460723037929971,18.18,0.5,1.0,2.5618843882649e-35,2.6075991035975233e-36,4.2388792725799025,2.3196952259717767,2.4824485263151033,0.9344383987752147,True,0.4176234369159203,1.0889944997432706e-36
19617-59-5,O=C(O)C1=CC=CC(C2=CC=C(OC)C=C2)=C1C(=O)O,168.97043840235185,276.64308966666664,0.5343,-0.6589,235.76000000000005,6.972425301141634,-7.5976908198105,-0.5825957539205,7.015095065890001,2.3847534423923715,1,0,2.7586000000000004,2,3,ok,False,2.9620598894304333,1.2728016727997231,1.2728016727997231,0.46741445128064196,5.456705327580225,18.18,0.5,1.0,2.4633314445978e-35,2.506662655655505e-36,4.234861562230156,2.523589640829545,2.4824485263151033,1.0165727966071911,False,0.3557879930017265,8.918404753880499e-37
1804397-98-5,O=C(O)C1=CC=CC(=C1C(=O)O)C(Cl)C(=O)C,165.60398237039664,216.12976433333336,0.53639,-0.65041,207.13600000000005,4.165891718467968,-8.8788028279645,-0.7692658553635,8.109536972601001,2.869622200155003,1,0,1.9519,2,3,ok,False,2.976676370974994,1.2728016727997231,1.2728016727997231,0.4820309328252028,5.4713218091247855,18.18,0.5,1.0,2.841069536921025e-35,2.893669092185202e-36,4.249478043774717,2.805663084787409,2.4824485263151033,1.1301999034606687,False,0.2787745685537052,8.066813527111214e-37
1185300-97-3,O=C(O)C=1C=CC=C(NC(=O)OCC2C=3C=CC=CC3C=4C=CC=CC42)C1C(=O)O,172.2083890514532,427.1767136666666,0.53522,-0.66321,343.8640000000001,2.828921004552796,-7.492110645816501,-0.7845042309915,6.707606414825001,2.553159412707831,1,0,4.444000000000003,3,4,ok,False,2.925757466915204,1.2728016727997231,1.2728016727997231,0.4311120287654129,5.420402905064996,18.18,0.5,1.0,1.7273935836331437e-35,1.7538295354379598e-36,4.198559139714927,2.3473896566684322,2.4824485263151033,0.9455944934144719,True,0.4089554937997914,7.1723822370568955e-37
56113-32-7,O=C(O)C=1C(N)=C2C(=O)C=3C=CC=CC3C(=O)C2=C(N)C1C(=O)O,165.7442747978744,378.170582,0.53634,-0.65333,256.97600000000006,2.21066606478681,-6.931556113786501,-2.230789346399,4.700766767387501,4.464621331257684,2,2,1.0228000000000002,4,6,ok,False,3.080755496520432,1.2728016727997231,1.2728016727997231,0.5861100583706405,5.575400934670223,18.18,0.5,1.0,7.816747806638174e-35,8.013246438010075e-36,4.353557169320155,4.005311217067578,2.4824485263151033,1.6134518700425913,False,0.07403428835512549,5.9325499745232005e-37
1498086-40-0,O=C(O)C1=C(O)C=C(OC)C(O)=C1C(=O)O,175.81534367331972,191.13772766666668,0.53775,-0.65648,178.65600000000003,4.716886936317215,-7.5938812259035,-0.5428671317475,7.051014094156,2.347416731538285,2,1,0.5027999999999999,4,5,ok,False,2.916337374695818,1.2728016727997231,1.2728016727997231,0.42169193654602655,5.410982812845609,18.18,0.5,1.0,1.5752099155432035e-35,1.598384844268072e-36,4.189139047495541,2.5521755553489336,2.4824485263151033,1.0280880059726079,False,0.3475089190329709,5.554529894302812e-37
136682-11-6,O=C(O)C=1C=C(C(=O)O)C(C(=O)O)=C(C1)C=2C=CC=CC2,168.1585863171865,278.23246266666666,0.53637,-0.65018,238.11200000000005,3.8798766642768423,-8.301921464904499,-1.0783871895315,7.223534275372999,3.0452610556742807,1,1,2.448200000000001,3,3,ok,False,2.9112353036649967,1.2728016727997231,1.2728016727997231,0.4165898655152054,5.405880741814788,18.18,0.5,1.0,1.4984260071901028e-35,1.5199915097756954e-36,4.18403697646472,2.599430888202021,2.4824485263151033,1.0471237814789918,False,0.3340487917005059,5.077513272355987e-37
67193-45-7,O=C(O)C1=CC=CC(=C1C(=O)O)S(=O)(=O)C(F)(F)F,161.98821400495248,200.18799533333333,0.53855,-0.63808,205.48800000000008,6.914914042126626,-9.4730994774565,-1.065053610857,8.408045866599501,3.301976234272281,1,0,1.3765,2,4,ok,False,2.9942894561311864,1.2728016727997231,1.2728016727997231,0.499644017981395,5.488934894280978,18.18,0.5,1.0,3.3733998346541185e-35,3.439616432291718e-36,4.267091128930909,3.516492899259279,2.4824485263151033,1.4165421204036366,False,0.13444614367834104,4.624431650542751e-37
2580788-26-5,O=C(O)C=1C=CC=C(C#CC(N)COC)C1C(=O)O,170.19060783884544,254.02070766666668,0.53629,-0.65249,232.6080000000001,2.082608801479529,-8.1800144598805,-0.7317141439945001,7.448300315886,2.665672144681666,1,0,0.4082,3,4,ok,False,2.880754535339351,1.2728016727997231,1.2728016727997231,0.38610909718955977,5.3753999734891424,18.18,0.5,1.0,1.111301937551931e-35,1.1251748324636978e-36,4.153556208139074,2.405863860263259,2.4824485263151033,0.9691495452010338,True,0.3909205873765568,4.398540064080277e-37
3005636-86-9,O=C(O)C1=CC=C(C(=C1C(=O)O)CCCC)CCCC,168.7172058585601,285.96132900000003,0.53315,-0.66152,272.1840000000001,3.4559490577842724,-8.363691308968,-0.4808251738335,7.882866135134501,2.480870234047578,1,1,3.768200000000003,2,2,ok,False,2.886658010381698,1.2728016727997231,1.2728016727997231,0.39201257223190655,5.381303448531489,18.18,0.5,1.0,1.1775829702870367e-35,1.1927179384628581e-36,4.159459683181421,2.6038815428208615,2.4824485263151033,1.0489166301812554,False,0.33279583102862587,3.969315575134963e-37
313229-50-4,O=C(O)C1=CC=CC(=C1C(=O)O)CCCC,168.36943283489632,215.80494266666665,0.53459,-0.66378,205.54400000000004,3.14705006950954,-8.555531573570502,-0.5839563231730001,7.971575250397501,2.619627752073084,1,0,2.4256,2,2,ok,False,2.8919677542297535,1.2728016727997231,1.2728016727997231,0.39732231607996216,5.386613192379545,18.18,0.5,1.0,1.2405454081701256e-35,1.2569017317870014e-36,4.164769427029476,2.7005642206036056,2.4824485263151033,1.0878631286717027,False,0.30622162124988733,3.848904860596066e-37
927673-52-7,O=C(O)C=1C=CC=C(NC2=CC=C3C(=C2)CCC3)C1C(=O)O,172.05754399848405,309.0819066666666,0.53612,-0.65734,261.83200000000005,3.5342694209694883,-7.051014094156001,-0.722190159227,6.328823934929001,2.386806181766906,1,0,3.315300000000001,3,3,ok,False,2.8381796169012734,1.2728016727997231,1.2728016727997231,0.34353417875148207,5.332825055051065,18.18,0.5,1.0,7.313263979315252e-36,7.3851486535935336e-37,4.110981289700996,2.29097646694926,2.4824485263151033,0.9228696759122491,True,0.4266938769287179,3.151197710696726e-37
2170725-07-0,O=C(O)C=1C=C(C=C(C1)C=2C=C(C(=O)O)C(C(=O)O)=C(C2)C(=O)O)C(=O)O,176.00273917006,334.848287,0.53656,-0.65304,293.4000000000001,2.7559303801075963,-8.445597577968499,-0.940425467328,7.505172110640499,2.9345572395980213,1,1,1.8446,5,5,ok,False,2.8460404574519806,1.2728016727997231,1.2728016727997231,0.3513950193021893,5.340685895601772,18.18,0.5,1.0,7.901321081994713e-36,7.982849778021675e-37,4.1188421302517035,2.8373722760712603,2.4824485263151033,1.142973256441695,False,0.270796445232567,2.1617273427138563e-37
1504528-59-9,O=C(O)C1=CC=CC(C(=S)N)=C1C(=O)O,170.22498555546653,211.744244,0.53548,-0.64865,179.55200000000005,6.788555148925285,-7.711162295469001,-0.6968835711305,7.014278724338501,2.5196901232887647,1,0,0.7172000000000001,3,3,ok,False,2.8013895931145854,1.2728016727997231,1.2728016727997231,0.306744154964794,5.296035031264377,18.18,0.5,1.0,5.089708656392911e-36,5.1281203158937575e-37,4.074191265914308,2.4294841480615372,2.4824485263151033,0.9786644606354898,True,0.38374226888527896,1.967876525137764e-37
82297-95-8,O=C(O)C1=CC(O)=C(O)C(O)=C1C(=O)O,179.3844153968164,173.83875633333332,0.53806,-0.66144,162.28800000000004,6.050811291884751,-7.857559547038001,-0.5646362397875,7.292923307250501,2.431582606973957,1,2,0.1997999999999998,5,5,ok,False,2.800755822931027,1.2728016727997231,1.2728016727997231,0.30611038478123564,5.295401261080818,18.18,0.5,1.0,5.0579900162255436e-36,5.095963875715932e-37,4.07355749573075,2.5087452768586807,2.4824485263151033,1.0105930698118488,False,0.360127064539776,1.8351945115623185e-37
1344532-28-0,O=C(O)C1=CC=CC(=C1C(=O)O)C(N)C,171.01307628553417,194.92170366666667,0.53488,-0.6593,183.96000000000004,3.568424512302313,-8.5740353154045,-0.6000110403525,7.974024275051999,2.638665360001975,1,0,1.1027,3,3,ok,False,2.7778315539701275,1.2728016727997231,1.2728016727997231,0.28318611582033615,5.272476992119919,18.18,0.5,1.0,4.033691249634359e-36,4.058259446614879e-37,4.05063322676985,2.4261992288866168,2.4824485263151033,0.9773412029163071,True,0.3847367953546839,1.5613617342084816e-37
81568-57-2,O=C(O)C=1C=2C=CC=CC2C=3C=CC=CC3C1C(=O)O,166.09180893078295,307.39481333333333,0.53286,-0.65337,225.8400000000001,1.631729419971338,-7.7680340902235,-0.939337011926,6.8286970782975,2.7757239280502275,2,2,3.389400000000001,2,2,ok,False,2.796905384089733,1.2728016727997231,1.2728016727997231,0.30225994593994177,5.291550822239524,18.18,0.5,1.0,4.86946324588262e-36,4.904861450539487e-37,4.069707056889456,2.783240625010902,2.4824485263151033,1.1211675068011535,False,0.2845015497067417,1.3954406837753409e-37
927672-52-4,O=C(O)C=1C=CC=C(NC2=CC=C(C=C2)C(C)C)C1C(=O)O,171.72634192576658,314.10511833333334,0.53606,-0.65694,272.05600000000004,3.960618624659537,-7.141628006372501,-0.7235507284795,6.418077277893,2.4096405298923327,1,0,3.950000000000002,3,3,ok,False,2.748021099891263,1.2728016727997231,1.2728016727997231,0.2533756617414715,5.242666538041054,18.18,0.5,1.0,3.00398081618099e-36,3.0167598793638563e-37,4.020822772690986,2.3326393066198543,2.4824485263151033,0.939652638067939,True,0.41356231264871207,1.247618192415566e-37
1344512-43-1,O=C(O)C1=CC=CC(=C1C(=O)O)C2CNCC2,171.92759022287424,222.9961383333333,0.53504,-0.66189,207.15200000000004,3.793914508789042,-8.0178346049825,-0.5989225849505,7.418912020032,2.5020011111394003,1,0,1.1599,3,3,ok,False,2.742073552353723,1.2728016727997231,1.2728016727997231,0.24742811420393185,5.2367189905035145,18.18,0.5,1.0,2.8322407872074745e-36,2.8432536454634392e-37,4.014875225153446,2.358931086124014,2.4824485263151033,0.9502437054054707,True,0.405366736389972,1.152560450990405e-37
1803844-35-0,O=CCCC=1C=CC=C(C(=O)O)C1C(=O)O,167.95805082112474,199.1950833333333,0.53416,-0.66224,191.86400000000003,6.21737912628786,-8.5522662073645,-0.5771534769105,7.975112730454001,2.6126998635818395,1,0,1.2145,2,3,ok,False,2.7643314208084444,1.2728016727997231,1.2728016727997231,0.26968598265865307,5.258976858958236,18.18,0.5,1.0,3.52990227102612e-36,3.5484630105472622e-37,4.037133093608167,2.7058096534195117,2.4824485263151033,1.0899761363575828,False,0.3048156906972818,1.0816272034737196e-37
81722-04-5,O=C(O)C=1C(OC)=CC=C(C1C(=O)O)C,168.50827188229238,190.1220316666667,0.53153,-0.65809,181.20800000000008,3.687839462341061,-7.8828661351345,-0.487083792395,7.3957823427394995,2.3681085564303315,2,0,1.40002,2,3,ok,False,2.733365270190731,1.2728016727997231,1.2728016727997231,0.23871983204093983,5.2280107083405225,18.18,0.5,1.0,2.5982354166124797e-36,2.606948557439586e-37,4.006166942990454,2.5844982897851576,2.4824485263151033,1.0411085113702376,False,0.33827133730832337,8.818559748190933e-38
93236-56-7,O=C(O)C1=C(Cl)C(Cl)=C(O)C(O)=C1C(=O)O,171.6434888150853,196.78568600000003,0.54279,-0.64513,183.66400000000004,5.332536320551412,-8.0640939595675,-0.9499494520955,7.114144507472001,2.855332026992317,2,2,1.8010000000000002,4,4,ok,False,2.761131744278325,1.2728016727997231,1.2728016727997231,0.26648630612853363,5.255777182428116,18.18,0.5,1.0,3.41997686462428e-36,3.4372853992045758e-37,4.033933417078048,2.919016027946704,2.4824485263151033,1.1758616531234316,False,0.25091259507551217,8.624581995295879e-38
148870-39-7,O=C(O)C1=C(O)C=2C=CC=CC2C(O)=C1C(=O)O,174.9147355804996,247.02482166666664,0.53854,-0.66193,197.20800000000008,4.548948166334719,-7.317141439944999,-0.8802883063674999,6.436853133577499,2.609887667593152,2,2,1.6474000000000002,4,4,ok,False,2.717744237265361,1.2728016727997231,1.2728016727997231,0.2230987991155695,5.212389675415152,18.18,0.5,1.0,2.2255971438539395e-36,2.230928275969576e-37,3.9905459100650837,2.627556963399826,2.4824485263151033,1.0584537546484876,False,0.3261739826946544,7.276707608791157e-38
27229-61-4,O=C(O)C1=CC=CC(=C1C(=O)O)N(C)C,168.80721181544186,199.708726,0.53336,-0.65736,183.50400000000005,3.508918930382974,-7.4170072230785,-0.4938866386575,6.923120584421,2.259900030936925,1,0,1.1489999999999998,2,3,ok,False,2.6727467139658554,1.2728016727997231,1.2728016727997231,0.17810127581606405,5.167392152115647,18.18,0.5,1.0,1.4236940364164015e-36,1.4231893910476862e-37,3.9455483867655783,2.5788072464267686,2.4824485263151033,1.038815999240354,False,0.33988815197309297,4.837252120309096e-38
1451010-89-1,O=C(O)C1=CC=C(O)C(N)=C1C(=O)O,178.06302611085988,177.453095,0.53088,-0.67715,157.92000000000004,3.789506065439136,-7.3522441266595,-0.592663966389,6.7595801602705,2.33452237825306,1,1,0.3707999999999999,4,4,ok,False,2.6442648085539737,1.2728016727997231,1.2728016727997231,0.14961937040418238,5.138910246703765,18.18,0.5,1.0,1.072317806808505e-36,1.0700795353263484e-37,3.9170664813536966,2.317082022602218,2.4824485263151033,0.9333857270513672,True,0.41844537826203015,4.477698359300913e-38
108604-58-6,O=C(O)C=1C=2OC(=CC2C=C(C1C(=O)O)CC)C,167.95111863079606,243.46379466666667,0.53424,-0.66162,214.87200000000004,3.5838274358568105,-7.8061300292935005,-0.708584466702,7.097545562591501,2.5537124879633786,2,1,2.700020000000001,2,3,ok,False,2.6571717254256804,1.2728016727997231,1.2728016727997231,0.16252628727588903,5.151817163575472,18.18,0.5,1.0,1.2193585697846098e-36,1.2177699999711659e-37,3.9299733982254033,2.70238099365982,2.4824485263151033,1.0885949758930873,False,0.30573424904481294,3.7231399645048626e-38
910480-65-8,O=C(O)C1=CC=C2C(=C1C(=O)O)N(C(C3=COC=C3)=C2C4CCCC4)C,168.44840530526616,376.9202813333333,0.53301,-0.65748,311.5680000000001,5.552346405799984,-7.1095185720135,-0.6473588503395,6.462159721674,2.327749155735163,1,1,4.492300000000003,2,4,ok,False,2.6438287515932135,1.2728016727997231,1.2728016727997231,0.14918331344342217,5.138474189743005,18.18,0.5,1.0,1.0676706057265682e-36,1.0654137583942894e-37,3.9166304243929364,2.6007961858105686,2.4824485263151033,1.047673761707816,False,0.33366415662323595,3.5549038314942267e-38
22931-21-1,O=C(O)C1=CC=C2NC=3C=CC=CC3C2=C1C(=O)O,171.78212558258787,281.555719,0.53382,-0.65596,210.92800000000005,5.73580927681526,-7.4240821831915005,-0.5210980237075,6.902984159484,2.286181130568404,1,1,2.717500000000001,3,2,ok,False,2.5388610407348384,1.2728016727997231,1.2728016727997231,0.04421560258504709,5.03350647888463,18.18,0.5,1.0,3.740323904274831e-37,3.70872250975873e-38,3.8116627135345613,2.354288512601049,2.4824485263151033,0.9483735463774984,True,0.40680863700043274,1.508740349207773e-38
91827-38-2,O=C(O)C1=CC=2C=CC=CC2C(C=3C=CC=CC3)=C1C(=O)O,166.7743441721107,332.594225,0.53425,-0.65826,253.72000000000008,3.1266871701531,-7.745448640632,-0.8411039118955,6.9043447287365005,2.669655399391137,1,2,3.9032000000000022,2,2,ok,False,2.5565734859223763,1.2728016727997231,1.2728016727997231,0.06192804777258498,5.051218924072168,18.18,0.5,1.0,4.466648429703776e-37,4.433660286281849e-38,3.829375158722099,2.765828328874812,2.4824485263151033,1.1141533447947667,False,0.2889973744909521,1.2813161821202574e-38
2496284-72-9,O=C(O)C=1C=CC=C(C#CC2=CC=C(O)C=C2)C1C(=O)O,170.35139454235204,317.21586766666667,0.53575,-0.65213,241.10400000000007,2.6777753266471027,-7.3359172956295,-0.735795851752,6.6001214438775,2.467854329939986,1,0,2.1884,3,3,ok,False,2.499882678217684,1.2728016727997231,1.2728016727997231,0.005237240067892834,4.9945281163674755,18.18,0.5,1.0,2.5293409817795556e-37,2.5020719707604336e-38,3.772684351017407,2.436309071846275,2.4824485263151033,0.9814137316525485,True,0.3816799256098519,9.549906436703379e-39
2999387-63-0,O=C(O)C1=CC=C(C(=C1C(=O)O)CCCCCC)CC,167.96856354048154,285.9993896666667,0.53389,-0.66267,272.52000000000004,3.988638401760681,-8.3873652139615,-0.5249076176145,7.862457596347,2.5255655134264656,1,1,3.768200000000003,2,2,ok,False,2.524312796936062,1.2728016727997231,1.2728016727997231,0.029667358786270803,5.0189582350858535,18.18,0.5,1.0,3.2325301403435497e-37,3.202401051916327e-38,3.797114469735785,2.7471024589438127,2.4824485263151033,1.1066100383646449,False,0.29387940672172624,9.411197212222023e-39
927672-71-7,O=C(O)C=1C=CC=C(NC=2C=CC=CC2OC=3C=CC=CC3)C1C(=O)O,172.82182452554773,382.9288153333334,0.53328,-0.66751,300.80000000000007,3.09116788447344,-7.078769706907,-0.692801863373,6.385967843534,2.3644546195585137,1,0,4.618900000000004,3,4,ok,False,2.484876411070779,1.2728016727997231,1.2728016727997231,-0.009769027079012282,4.97952184922057,18.18,0.5,1.0,2.1751488995944573e-37,2.1497517066006534e-38,3.757678083870502,2.386734624088559,2.4824485263151033,0.9614437515171281,True,0.3967796908038227,8.529778174499974e-39
19617-71-1,O=C(O)C1=CC=CC(C=2C=CC=CC2OC)=C1C(=O)O,167.4517111991227,272.967023,0.5346,-0.65664,235.75200000000007,3.674912890124064,-7.746537096033999,-0.6201474652895,7.1263896307445,2.4557108920445,1,0,2.7586000000000004,2,3,ok,False,2.4943062496145885,1.2728016727997231,1.2728016727997231,-0.0003391885352028723,4.98895168776438,18.18,0.5,1.0,2.3914831124077534e-37,2.3649045337237627e-38,3.7671079224143114,2.6876930925021676,2.4824485263151033,1.0826782767140495,False,0.3096872843303945,7.323808627495499e-39
425420-61-7,O=C(O)C1=CC=2C=CC=CC2C(C=3C=CC(=CC3)C=4C=CC=CC4)=C1C(=O)O,166.6444767379747,441.483471,0.53426,-0.65761,325.41600000000005,3.060336193949939,-7.646399199050001,-0.8264097639685001,6.819989435081501,2.631547028303745,1,2,5.570200000000004,2,2,ok,False,2.438533414722629,1.2728016727997231,1.2728016727997231,-0.05611202342716215,4.9331788528724205,18.18,0.5,1.0,1.3638715771935397e-37,1.344190961687879e-38,3.711335087522352,2.7834693308885945,2.4824485263151033,1.1212596359531855,False,0.28444277977429433,3.823454136899823e-39
597565-48-5,O=C(O)C1=CC=C(C=C1)C=2C=CC=C(C(=O)O)C2C(=O)O,169.23663188241116,280.870433,0.53483,-0.6558,237.8640000000001,1.704836502424793,-8.400154564934999,-0.7812388647855,7.618915700149499,2.766075535842346,1,0,2.4482,3,3,ok,False,2.3997315073981245,1.2728016727997231,1.2728016727997231,-0.09491393075166688,4.894376945547916,18.18,0.5,1.0,9.217312391340309e-38,9.063161241260094e-39,3.6725331801978474,2.5561524244666187,2.4824485263151033,1.029690000566062,False,0.3463652249273912,3.1391638818822663e-39
35157-38-1,O=C(O)C1=CC=CC(=C1C(=O)O)CCC=2C=CC=CC2,167.5146176221336,280.9485256666666,0.53415,-0.66072,243.64000000000007,2.238452744643049,-8.159878034943501,-0.574704452256,7.585173582687501,2.514541374498805,1,0,2.8682000000000016,2,2,ok,False,2.39235029075226,1.2728016727997231,1.2728016727997231,-0.10229514739753132,4.886995728902051,18.18,0.5,1.0,8.554367629430101e-38,8.407580656558085e-39,3.665151963551983,2.7563728653199946,2.4824485263151033,1.1103444184647402,False,0.2914564372907431,2.4504435043949865e-39
1547163-18-7,O=C(O)C=1C=C(O)C=C(N)C1C(=O)O,176.82137535634538,177.624052,0.53139,-0.66695,157.96000000000004,5.199842329340381,-7.496192353574,-0.3975583355805,7.0986340179935,2.194482057554365,1,1,0.3708000000000001,4,4,ok,False,2.3459656485815685,1.2728016727997231,1.2728016727997231,-0.1486797895682228,4.84061108673136,18.18,0.5,1.0,5.347443830253786e-38,5.2411069779123115e-39,3.6187673213812914,2.4377905681287224,2.4824485263151033,0.9820105199713163,True,0.38123295458916173,1.998082698507383e-39
86528-18-9,O=C(O)C=1C=CC=C(OC(C)(C)C)C1C(=O)O,166.3246559009706,222.16629133333333,0.53562,-0.65773,213.92000000000004,4.039023442615802,-8.377841229193999,-0.6661347060239999,7.711706523169999,2.6516018364758764,1,0,2.2603,2,3,ok,False,2.3116791681755,1.2728016727997231,1.2728016727997231,-0.18296626997429133,4.806324606325291,18.18,0.5,1.0,3.775327736156954e-38,3.6926815227902094e-39,3.584480840975223,2.8358142644183526,2.4824485263151033,1.1423456455823389,False,0.2711851247991268,1.0014002996012926e-39
62351-68-2,O=C(O)C=1C=C(N)C=C(N)C1C(=O)O,177.72008621036824,191.87851933333332,0.52934,-0.6713,160.90400000000002,5.1124615538896725,-7.372380551596501,-0.304223284859,7.068157266737501,2.084356793361368,1,1,0.2473999999999999,4,4,ok,False,2.246508816909216,1.2728016727997231,1.2728016727997231,-0.24813662124057512,4.741154255059008,18.18,0.5,1.0,1.9440709912165715e-38,1.8941453266137823e-39,3.519310489708939,2.390351645502636,2.4824485263151033,0.962900789347212,True,0.39566874111884387,7.494540968774166e-40
1504454-39-0,O=C(O)C1=CC=CC(=C1C(=O)O)CN,171.0699437352554,177.95586400000002,0.53334,-0.66554,167.66400000000004,3.923985639627138,-8.510360674387499,-0.5597381904785,7.950622483908999,2.586800391571236,1,0,0.5417000000000001,3,3,ok,False,2.2496634656244776,1.2728016727997231,1.2728016727997231,-0.24498197252531373,4.744308903774269,18.18,0.5,1.0,2.007663462143132e-38,1.956471647539527e-39,3.5224651384242005,2.5662182934486553,2.4824485263151033,1.0337448153488598,False,0.3434793301862146,6.720075710251965e-40
100047-06-1,O=C(O)C=1C=C2SC=CC2=C(C=3C=CC(=CC3)C)C1C(=O)O,166.20563812357506,335.6893136666667,0.53436,-0.65579,261.6000000000001,3.96759727164943,-7.701910424552,-0.7850484586925001,6.916861965859501,2.6033652052550527,1,2,4.273120000000003,2,3,ok,False,2.2630488066267684,1.2728016727997231,1.2728016727997231,-0.2315966315230229,4.75769424477656,18.18,0.5,1.0,2.3013049851965445e-38,2.244412374987947e-39,3.5358504794264913,2.834291590750998,2.4824485263151033,1.1417322698562307,False,0.2715653208677747,6.095045667732061e-40
2647715-71-5,O=C(O)C=1C=CC=C(C#CC(O)(C)C)C1C(=O)O,168.75965861865507,243.1321103333333,0.53577,-0.65124,219.82400000000004,2.0678927655949666,-8.282057153818,-0.709128694403,7.572928459415,2.668763589623772,1,0,1.2054,3,3,ok,False,2.2214683457585895,1.2728016727997231,1.2728016727997231,-0.2731770923912018,4.716113783908381,18.18,0.5,1.0,1.5054258343198324e-38,1.4645844505825424e-39,3.4942700185583124,2.606540802395425,2.4824485263151033,1.0499878546382277,False,0.3320484141687242,4.863129442321054e-40
25809-28-3,O=C(O)C1=CC=CC(=C1C(=O)O)CCC,166.4467269185733,199.20712766666668,0.53492,-0.65973,188.7680000000001,3.4986215699901013,-8.572674746152,-0.613344619027,7.959330127125,2.6504413823052366,1,0,2.0355,2,2,ok,False,2.2353622773120296,1.2728016727997231,1.2728016727997231,-0.2592831608377617,4.730007715461821,18.18,0.5,1.0,1.7349965969693942e-38,1.6893205786773566e-39,3.5081639501117525,2.8641102961576554,2.4824485263151033,1.1537440820209406,False,0.2641797842147142,4.462843459444602e-40
89939-47-9,O=C(O)C=1C(N)=CC=C(C1C(=O)O)N(=O)=O,163.9432031868318,211.83694033333333,0.53689,-0.65261,172.68000000000004,9.078081166193655,-7.898920852313999,-1.7276508368245005,6.171270015489499,3.7541252551551296,2,0,0.5734,3,5,ok,False,2.2825509779304642,1.2728016727997231,1.2728016727997231,-0.2120944602193271,4.777196416080256,18.18,0.5,1.0,2.8071345105272233e-38,2.7409180677798446e-39,3.555352650730187,3.41415926887208,2.4824485263151033,1.3753192594651658,False,0.15084490858484476,4.134535353728e-40
6274-40-4,O=C(O)C1=CC(O)=CC(C(=O)O)=C1C(=O)O,172.56726126529276,181.81516066666669,0.53594,-0.65731,175.13600000000005,2.565939784952094,-8.421379445273999,-0.7866811417955001,7.634698303478498,2.7764155309356378,1,1,0.4868,4,4,ok,False,2.2132028615153203,1.2728016727997231,1.2728016727997231,-0.28144257663447103,4.707848299665112,18.18,0.5,1.0,1.383457518769393e-38,1.3452649066521225e-39,3.486004534315043,2.8866357570814327,2.4824485263151033,1.1628179704359456,False,0.25868462266195036,3.479993447576682e-40
1005516-29-9,O=C(O)C=1C=CC=C(NC(=O)CO)C1C(=O)O,173.4786145782297,205.952725,0.53425,-0.66277,194.7680000000001,4.2403139718657625,-8.320969434439501,-0.758653415194,7.562316019245501,2.725340718431516,1,0,0.0138,4,4,ok,False,2.190335987487508,1.2728016727997231,1.2728016727997231,-0.30430945066228343,4.684981425637299,18.18,0.5,1.0,1.0948546270739303e-38,1.0631866347873186e-39,3.463137660287231,2.7842379457318893,2.4824485263151033,1.1215692556029575,False,0.2842453244777751,3.0220582998555515e-40
1070979-76-8,O=C(O)C1=CC(N)=CC(=C1C(=O)O)C,173.28856148725305,188.967048,0.53038,-0.66901,167.05600000000004,4.135715525758512,-7.4752395870855,-0.37551711369,7.0997224733955,2.170309508777682,1,1,0.9736200000000002,3,3,ok,False,2.1460645644193246,1.2728016727997231,1.2728016727997231,-0.34858087373046676,4.640710002569116,18.18,0.5,1.0,6.954076600515951e-39,6.735262518884519e-40,3.4188662372190475,2.4085302078998163,2.4824485263151033,0.9702236249284855,True,0.3901071311322495,2.627473938664608e-40
1005516-62-0,O=C(O)C1=CC=CC(C2=CC=CC(O)=C2)=C1C(=O)O,169.990876354863,258.0653026666667,0.53487,-0.65568,218.44000000000003,1.843808683133909,-7.855382636234,-0.6253176284490001,7.230065007785,2.486916677165133,1,0,2.4556,3,3,ok,False,2.113036439820739,1.2728016727997231,1.2728016727997231,-0.38160899832905226,4.60768187797053,18.18,0.5,1.0,4.952706944081895e-39,4.787519974431965e-40,3.385838112620462,2.52907017282769,2.4824485263151033,1.0187805088477668,False,0.3541928553002976,1.6957053695512652e-40
1193544-66-9,O=C(O)C=1C=C(C=C(C1C(=O)O)S(=O)(=O)O)C,166.04478384012435,204.84034166666663,0.53748,-0.64234,197.72000000000008,3.8815335178251393,-9.0252000795335,-0.8264097639685001,8.198790315565,2.959406594541541,1,1,0.6381200000000001,3,4,ok,False,2.125823935973166,1.2728016727997231,1.2728016727997231,-0.36882150217662524,4.620469374122957,18.18,0.5,1.0,5.6486510601840766e-39,5.464374943745819e-40,3.398625608772889,2.9512669650632675,2.4824485263151033,1.1888532365438687,False,0.24332141405556384,1.3295994382420248e-40
2563599-08-4,O=C(O)C=1C=CC=C(C#CC(N)(C)CC)C1C(=O)O,168.91427037678014,268.0383316666667,0.53616,-0.65315,239.49600000000007,1.9995206975672943,-8.0733458304845,-0.7181084514695,7.355237379015,2.627028347589436,1,0,1.5619,3,3,ok,False,2.0679117556149986,1.2728016727997231,1.2728016727997231,-0.4267336825347927,4.56255719376479,18.18,0.5,1.0,3.111656494916722e-39,2.9998869215869635e-40,3.3407134284147215,2.603969347210958,2.4824485263151033,1.0489520002560688,False,0.33277113790492746,9.982757844826037e-41
100047-07-2,O=C(O)C=1C=C2SC=CC2=C(C=3C=CC(OC)=CC3)C1C(=O)O,166.1048647761014,341.5523313333333,0.53434,-0.65612,270.68800000000005,4.395103403789267,-7.5492545544215,-0.7796061816825,6.769648372739001,2.561799274566597,1,2,3.9733000000000023,2,4,ok,False,2.0842877436034133,1.2728016727997231,1.2728016727997231,-0.41035769454637805,4.578933181753205,18.18,0.5,1.0,3.683894540385735e-39,3.5549961669609873e-40,3.357089416403136,2.8700987850233566,2.4824485263151033,1.156156413556608,False,0.2627118032927668,9.339394537211949e-41
2536344-79-1,O=C(O)C=1C=CC=C(C#CCCCC(=O)O)C1C(=O)O,168.80277814619376,258.632906,0.53587,-0.65284,239.20000000000005,2.6878007608451933,-8.168313564309,-0.6996047096355,7.468708854673501,2.6323149035375204,1,0,1.6894,3,3,ok,False,2.043684100249658,1.2728016727997231,1.2728016727997231,-0.45096133790013315,4.5383295383994495,18.18,0.5,1.0,2.4232206674361618e-39,2.3328534502954887e-40,3.316485773049381,2.6167216837661877,2.4824485263151033,1.054088999641977,False,0.32919545411286616,7.6796475094879e-41
108347-27-9,O=C(O)C1=CC=CC(=C1C(=O)O)CC(Cl)C(=O)O,168.7539415697582,219.62307666666663,0.5348,-0.65542,215.69600000000003,3.102617069507612,-8.809958023787999,-0.6108955943725001,8.199062429415498,2.706177799561372,1,0,1.3175,3,3,ok,False,2.0234402105477365,1.2728016727997231,1.2728016727997231,-0.47120522760205485,4.518085648697528,18.18,0.5,1.0,1.965763322221748e-39,1.890207044718558e-40,3.2962418833474594,2.6328977843470924,2.4824485263151033,1.0606051873531948,False,0.32469033591355995,6.137319602958461e-41
1784088-05-6,O=C(O)C1=C(N)C=C2OC=CC2=C1C(=O)O,171.31823164230929,210.71133566666663,0.53256,-0.66266,175.54400000000004,2.50511102747962,-7.131287680053501,-0.6593318597615001,6.471955820292001,2.344490386655982,2,1,1.4114,3,4,ok,False,1.978042432852268,1.2728016727997231,1.2728016727997231,-0.5166030052975232,4.4726878710020594,18.18,0.5,1.0,1.2284932131028165e-39,1.1781353000106648e-40,3.250844105651991,2.4970467055595176,2.4824485263151033,1.0058805566720384,False,0.3635655404932842,4.283293971225949e-41
876478-22-7,O=C(O)C1=C(Br)C=C(OC)C(OC)=C1C(=O)O,165.25497300964557,221.57238933333332,0.53369,-0.64531,209.78400000000005,4.214686984818683,-8.130217625239,-0.465314684355,7.664902940884,2.4097883644157854,2,1,1.8627,2,4,ok,False,2.0044647378394043,1.2728016727997231,1.2728016727997231,-0.4901807003103871,4.499110175989196,18.18,0.5,1.0,1.6153379821134513e-39,1.5515226094080208e-40,3.277266410639127,3.0202271337141506,2.4824485263151033,1.2166323296126165,False,0.22759347964275717,3.531164294195819e-41
2494068-06-1,O=C(O)C=1C=CC=C(C#CCCCN)C1C(=O)O,168.70530464112014,248.041403,0.5362,-0.65341,223.55200000000005,4.157782912803409,-8.1391973823055,-0.7099450359545,7.429252346351,2.635101013129214,1,0,1.1734,3,3,ok,False,1.96005840592073,1.2728016727997231,1.2728016727997231,-0.5345870322290613,4.454703844070521,18.18,0.5,1.0,1.0194004451349469e-39,9.765853772559923e-41,3.232860078720453,2.6346697470007387,2.4824485263151033,1.0613189836856716,False,0.3241989251325594,3.166079296065677e-41
3807-79-2,O=C(O)C1=CC=C(C(C(=O)O)=C1C(=O)O)N(=O)=O,158.09042625594466,198.779455,0.53885,-0.6372,190.39200000000005,4.463858364688558,-9.5498355832975,-2.071330630006,7.478504953291499,4.51465583698607,2,0,0.6893999999999998,3,5,ok,False,2.1483638025512537,1.2728016727997231,1.2728016727997231,-0.34628163559853764,4.643009240701045,18.18,0.5,1.0,7.120157657054383e-39,6.8970551326392485e-40,3.4211654753509766,4.828356634556744,2.4824485263151033,1.9449976840904974,False,0.022753962086115687,1.5693533099392306e-41
2513468-04-5,O=C(O)C=1C=CC=C(C#CC(O)(CC)CC)C1C(=O)O,168.24167548957962,275.328022,0.53645,-0.65248,253.28800000000007,5.55334053160798,-8.249403491758,-0.729809347041,7.519594144717001,2.680539057453584,1,0,1.9856,3,3,ok,False,1.8927184225282776,1.2728016727997231,1.2728016727997231,-0.6019270156215137,4.387363860678069,18.18,0.5,1.0,5.060288438097111e-40,4.828737515696946e-41,3.1655200953280005,2.6858131964225676,2.4824485263151033,1.081921001765678,False,0.3101953390250488,1.4978518707445863e-41
2580345-11-3,O=C(O)C=1C=CC=C(C#CCN(C)C)C1C(=O)O,165.000037518104,249.52127233333337,0.53653,-0.65246,223.0240000000001,3.033451331404544,-7.915247683344001,-0.7355237379014999,7.179723945442501,2.605805137889101,1,0,0.9961,2,3,ok,False,1.8639155629367554,1.2728016727997231,1.2728016727997231,-0.6307298752130359,4.358561001086547,18.18,0.5,1.0,3.7471911524820874e-40,3.5697353466115836e-41,3.1367172357364783,3.014340736818988,2.4824485263151033,1.2142611235905119,False,0.22890915063443867,8.171450861825911e-42
2167510-34-9,O=C(O)C1=CC=CC(=C1C(=O)O)C(N)CC,169.5819671176013,211.8649463333333,0.53553,-0.66112,200.47200000000004,3.843061781965,-8.386004644709,-0.6108955943725001,7.775109050336501,2.602671338367967,1,0,1.4928,3,3,ok,False,1.8102588610530876,1.2728016727997231,1.2728016727997231,-0.6843865770967037,4.304904299202879,18.18,0.5,1.0,2.1382832750253864e-40,2.0306829068762277e-41,3.0830605338528105,2.6809110326946497,2.4824485263151033,1.0799462725110922,False,0.31152242545670056,6.326032644835457e-42
88687-92-7,O=C(O)C=1C=CC=C(N=NC2=CC=CC(C(=O)O)=C2C(=O)O)C1C(=O)O,167.02173083538142,344.93935933333336,0.53557,-0.65693,284.10400000000004,4.619583028802492,-8.5016530311715,-1.680030912987,6.8216221181845,3.799194903452258,1,0,2.8948,4,6,ok,False,1.8559969218017542,1.2728016727997231,1.2728016727997231,-0.6386485163480371,4.350642359951546,18.18,0.5,1.0,3.44983014844293e-40,3.284943511594431e-41,3.128798594601477,3.5979273951329476,2.4824485263151033,1.4493462228897205,False,0.12238242891746912,4.0201936580560685e-42
1344634-71-4,O=C(O)C1=CC=C2C(=C1C(=O)O)C(N)CCC2,169.8226045384941,227.35511133333335,0.53419,-0.66007,205.93600000000004,4.127157056618999,-8.224369017512,-0.543139245598,7.681229771914,2.5018520284593686,1,1,1.4191,3,3,ok,False,1.7593017480991904,1.2728016727997231,1.2728016727997231,-0.735343690050601,4.253947186248982,18.18,0.5,1.0,1.2530607603199761e-40,1.1864996212305278e-41,3.0321034208989133,2.6478032302243983,2.4824485263151033,1.0666095196562824,False,0.32056959938756724,3.803557082513706e-42
444288-63-5,O=C(O)C=1C=CC=C(NCC=2OC(=CC2)CO)C1C(=O)O,175.0955013030239,276.32946066666665,0.53252,-0.66915,245.80800000000005,6.024380553218729,-7.328570221666,-0.6473588503395,6.6812113713265004,2.3803858696447806,1,0,1.7804,4,5,ok,False,1.7470647312860628,1.2728016727997231,1.2728016727997231,-0.7475807068637286,4.241710169435854,18.18,0.5,1.0,1.1018777291994381e-40,1.0426095756849746e-41,3.0198664040857857,2.5636499475152497,2.4824485263151033,1.0327102134603694,False,0.3442144602212319,3.588812923158912e-42
2501659-57-8,O=C(O)C=1C=CC=C(C#CCCCl)C1C(=O)O,164.54117417566167,232.79025566666667,0.53608,-0.65187,209.8880000000001,5.2879595478785575,-8.219743082053501,-0.7115777190575,7.508165362996001,2.6560580180311795,1,0,2.0634,2,2,ok,False,1.7876111987304384,1.2728016727997231,1.2728016727997231,-0.707034239419353,4.28225663688023,18.18,0.5,1.0,1.6865450844536912e-40,1.5995759275159424e-41,3.0604128715301613,3.073219152977148,2.4824485263151033,1.2379790035521796,False,0.21597513077314867,3.454686201268362e-42
1804039-27-7,O=C(O)C1=CC=CC(=C1C(=O)O)CC(=O)CCl,164.62286853423018,213.08461133333333,0.53371,-0.6559,207.5600000000001,6.804796068950193,-8.791726395804499,-0.6533453550505001,8.138381040753998,2.740390869267229,1,0,1.4334,2,3,ok,False,1.7621877617681072,1.2728016727997231,1.2728016727997231,-0.7324576763816841,4.2568331999178985,18.18,0.5,1.0,1.291622136271418e-40,1.2232167740905336e-41,3.03498943456783,3.0836047084374436,2.4824485263151033,1.2421625970286219,False,0.21374577927183758,2.614574225963644e-42
705966-93-4,O=C(O)C1=CC=C(Cl)C(C(=O)O)=C1C(=O)O,163.95170137734544,189.636058,0.53667,-0.63642,181.76000000000005,3.194121084116881,-8.990641620520002,-0.9586570953115,8.031984525208502,3.081073694370593,2,0,1.4346,3,3,ok,False,1.7334582400082557,1.2728016727997231,1.2728016727997231,-0.7611871981415357,4.228103678158047,18.18,0.5,1.0,9.549898512197978e-41,9.029127048401576e-42,3.0062599128079786,3.4027323043661766,2.4824485263151033,1.3707161571712925,False,0.15276373244509583,1.3793231486347962e-42
41819-13-0,O=C(O)C=1C(Br)=C(C(=O)O)C(C(=O)O)=C(Br)C1C(=O)O,165.17462151382404,249.79071733333333,0.5391,-0.6236,233.8400000000001,4.505593195129804,-8.822747374761502,-1.1534906122695,7.669256762492002,3.244294964168771,2,2,2.0044,4,4,ok,False,1.803159718069029,1.2728016727997231,1.2728016727997231,-0.6914857200807623,4.29780515621882,18.18,0.5,1.0,1.9850545762531462e-40,1.8843891026947644e-41,3.075961390868752,4.240559984634922,2.4824485263151033,1.7082166819102285,False,0.05404143389118676,1.0183508911855185e-42
1095282-49-7,O=C(O)C=1C=CC=C(N=NC2=CC=CC(C(=O)O)=C2C(=O)O)C1C(=O)O,166.81080808912202,345.02908899999994,0.53556,-0.65752,283.9600000000001,4.544673168666808,-8.5092722189855,-1.6792145714355,6.83005764755,3.799574924371943,1,0,2.8948,4,6,ok,False,1.7053318832295936,1.2728016727997231,1.2728016727997231,-0.7893135549201977,4.199977321379385,18.18,0.5,1.0,7.102349142896609e-41,6.704159739857672e-42,2.9781335560293165,3.621744962481015,2.4824485263151033,1.458940608068543,False,0.11901476738811341,7.978940119719157e-43
2167121-79-9,O=C(O)C1=CC=CC(=C1C(=O)O)C(N)C=C,168.99291182406958,213.383343,0.53476,-0.65935,195.60000000000005,1.5534310573694603,-8.362602853565999,-0.6062696589140001,7.756333194651999,2.592741703018355,1,0,1.2688,3,3,ok,False,1.5975205201231066,1.2728016727997231,1.2728016727997231,-0.8971249180266847,4.092165958272898,18.18,0.5,1.0,2.2726002712964805e-41,2.131938278979659e-42,2.8703221929228295,2.7117532522266843,2.4824485263151033,1.092370384916684,False,0.3032271580430749,6.4646158545824616e-43
1193545-29-7,O=C(O)C1=CC=C(C(=C1C(=O)O)S(=O)(=O)O)C,165.73766674209355,206.612674,0.53705,-0.64684,197.13600000000005,6.65695308305534,-9.096221794514,-0.790218621852,8.306003172662,2.9418994332935524,1,1,0.6381200000000001,3,4,ok,False,1.6110494989072226,1.2728016727997231,1.2728016727997231,-0.8835959392425687,4.105694937057014,18.18,0.5,1.0,2.622975475117522e-41,2.4625358741991625e-42,2.8838511717069455,2.9773462764636633,2.4824485263151033,1.1993587157608365,False,0.23729259314467618,5.843415233005114e-43
1807075-41-7,O=C(O)C1=CC=CC(=C1C(=O)O)CC(=O)C,164.56085176573083,199.804649,0.53382,-0.6564,191.91200000000003,5.798154848742831,-8.7187998838705,-0.6293993362065,8.089400547663999,2.700720162864347,1,0,1.2145,2,3,ok,False,1.596815717551264,1.2728016727997231,1.2728016727997231,-0.8978297205985273,4.091461155701055,18.18,0.5,1.0,2.255680846463384e-41,2.1159806319395853e-42,2.869617390350987,3.110816650195614,2.4824485263151033,1.2531243315700278,False,0.2079784957645543,4.4007846889772595e-43
24953-89-7,O=C(O)C1=C(O)C=C(OC)C(=C1C(=O)O)C,170.29873645439335,202.79275933333332,0.53746,-0.66091,186.69600000000003,3.632422435510496,-7.8523893838785,-0.4606887488965,7.391700634982,2.337326396667246,2,1,1.10562,3,4,ok,False,1.5442748683417076,1.2728016727997231,1.2728016727997231,-0.9503705698080838,4.038920306491499,18.18,0.5,1.0,1.291130036354494e-41,1.2075319955697303e-42,2.8170765411414305,2.619353185667884,2.4824485263151033,1.0551490425285874,False,0.3284602339042427,3.9662624171169065e-43
858442-54-3,O=C(O)C=1C=CC=CC1CC=2C=CC=C(C(=O)O)C2C(=O)O,168.90772762501365,289.29638366666666,0.53452,-0.6595,254.72000000000008,2.645230228165405,-8.3792017984465,-0.6057254312129999,7.7734763672335,2.5962939072717384,1,0,2.372,3,3,ok,False,1.5511726029241046,1.2728016727997231,1.2728016727997231,-0.9434728352256867,4.045818041073896,18.18,0.5,1.0,1.389385947669268e-41,1.2999382395264331e-42,2.8239742757238275,2.726942108858993,2.4824485263151033,1.09848888303308,False,0.29918959003607715,3.8892798895613336e-43
744216-81-7,O=C(O)C=1C(O)=C(C(=O)O)C(C(=O)O)=C(O)C1C(=O)O,173.2329703241387,220.692625,0.54394,-0.64896,207.43200000000004,0.2705042328689147,-7.952799394713001,-1.6669694481630002,6.285829946550001,3.680498572871779,2,2,-0.1094,6,6,ok,False,1.6572420847551683,1.2728016727997231,1.2728016727997231,-0.837403353394623,4.15188752290496,18.18,0.5,1.0,4.2760389897482806e-41,4.0251470159814756e-42,2.930043757554891,3.9563959794210284,2.4824485263151033,1.5937474382575911,False,0.07886396309689958,3.1743904572795855e-43
2646187-18-8,O=C(O)C=1C=CC=C(C#CC2CCCCC2)C1C(=O)O,164.37325944271691,282.2688313333333,0.53593,-0.65329,250.33600000000007,3.1548377026401853,-8.0907611169165,-0.7020537342900001,7.3887073826265,2.6159377075004207,1,0,3.014800000000001,2,2,ok,False,1.5020675545505728,1.2728016727997231,1.2728016727997231,-0.9925778835992185,3.996712992700364,18.18,0.5,1.0,8.237307990043904e-42,7.685428824870119e-43,2.7748692273502957,3.1297828610152933,2.4824485263151033,1.2607644540614424,False,0.20402208960453813,1.5679972483569516e-43
2553438-90-5,O=C(O)C=1C=CC=C(C#CC(O)(C)CC)C1C(=O)O,167.33512578554226,258.878227,0.53618,-0.65177,236.8160000000001,3.289236418988456,-8.3013772372035,-0.7208295899745,7.580547647229,2.684509741922551,1,0,1.5955,3,3,ok,False,1.4743887189279103,1.2728016727997231,1.2728016727997231,-1.020256719221881,3.9690341570777017,18.18,0.5,1.0,6.130961967299702e-42,5.7111938448519014e-43,2.7471903917276332,2.8225549670082137,2.4824485263151033,1.1370044281232117,False,0.2745068484379073,1.56776182316827e-43
93203-79-3,O=C(O)C1=CC=2C(Cl)=CC=CC2C(C=3C=CC=CC3Cl)=C1C(=O)O,162.47947322010933,361.39771,0.53641,-0.65154,283.44000000000005,5.674174216571077,-7.881505565882001,-1.0990678421695002,6.7824377237125,2.97277697277757,1,2,5.210000000000003,2,2,ok,False,1.5103593254519403,1.2728016727997231,1.2728016727997231,-0.984286112697851,4.005004763601732,18.18,0.5,1.0,8.998445590012449e-42,8.399541188006528e-43,2.783160998251663,3.3735246133404346,2.4824485263151033,1.3589504787630085,False,0.15774958572232187,1.325024142665609e-43
855891-47-3,O=C(O)C1=C(O)C=C(OC)C(OC)=C1C(=O)O,169.11883874907994,207.3706273333333,0.53768,-0.65671,196.59200000000004,5.0835621182395325,-7.8888526398455,-0.5442277010000001,7.3446249388455005,2.420710540950158,2,1,0.8057999999999998,3,5,ok,False,1.4191653082045086,1.2728016727997231,1.2728016727997231,-1.0754801299452827,3.9138107463543,18.18,0.5,1.0,3.396463747275885e-42,3.1540072608596786e-43,2.6919669810042315,2.6962628259201957,2.4824485263151033,1.0861304060642394,False,0.3073773113053234,9.694702716805158e-44
2501649-02-9,O=C(O)C=1C=CC=C(C#CC2CCCCCC2)C1C(=O)O,164.25315716646048,299.8393476666667,0.53584,-0.65288,266.90400000000005,3.3101498410192853,-8.087767864561,-0.690624952569,7.397142911992,2.604390011409412,1,0,3.4049000000000014,2,2,ok,False,1.438471684078399,1.2728016727997231,1.2728016727997231,-1.0561737540713922,3.9331171222281904,18.18,0.5,1.0,4.17631908676163e-42,3.882444577728051e-43,2.711273356878122,3.1522041052859358,2.4824485263151033,1.269796361081051,False,0.1994118891486691,7.742056077597576e-44
1005516-63-1,O=C(O)C1=CC=CC(C2=CC=C(O)C=C2)=C1C(=O)O,169.34886825974695,259.1211573333333,0.53433,-0.6588,218.6320000000001,6.6308489878747805,-7.6766038364555005,-0.588854372482,7.0877494639735,2.40971410427762,1,0,2.4556000000000004,3,3,ok,False,1.3690859393626091,1.2728016727997231,1.2728016727997231,-1.1255594987871822,3.8637313775124005,18.18,0.5,1.0,1.9847931496168776e-42,1.8378874732062128e-43,2.641887612162332,2.7142816799116276,2.4824485263151033,1.093388906613364,False,0.30255285148929106,5.560580957349877e-44
6660-53-3,O=C(O)C1=C(Cl)C(Cl)=C(Cl)C(C(=O)O)=C1C(=O)O,161.68576674788426,221.309089,0.54244,-0.6348,211.49600000000004,3.454513108963404,-9.138127327491,-1.2334920843165,7.9046352431745,3.4021332393631702,2,2,2.7414000000000005,3,3,ok,False,1.4482935905287118,1.2728016727997231,1.2728016727997231,-1.0463518476210796,3.942939028678503,18.18,0.5,1.0,4.638989010044273e-42,4.3149645657854176e-43,2.7210952633284347,3.841252364701524,2.4824485263151033,1.5473643557892425,False,0.09123319666923749,3.9366801085109194e-44
1005516-60-8,O=C(O)C1=CC=CC(=C1C(=O)O)CCCO,168.3844846565172,204.217397,0.5347,-0.66045,197.7680000000001,4.98824055755133,-8.5849198694245,-0.5874938032295001,7.997426066195,2.630007826453053,1,0,1.0078999999999998,3,3,ok,False,1.2939893576902577,1.2728016727997231,1.2728016727997231,-1.2006560804595336,3.788634795840049,18.18,0.5,1.0,8.842985878844715e-43,8.153826821156384e-44,2.5667910304899806,2.8201543858111173,2.4824485263151033,1.1360374065831278,False,0.275110900199391,2.2432066368382716e-44
1344520-24-6,O=C(O)C1=CC=C2C(=C1C(=O)O)C(N)CCC2,169.64846650995676,226.6227966666667,0.53284,-0.66663,206.3760000000001,5.070465846448431,-8.398521881832,-0.5088529004350001,7.889668981397,2.514089174680348,1,1,1.4191,3,3,ok,False,1.2464131873979145,1.2728016727997231,1.2728016727997231,-1.2482322507518768,3.741058625547706,18.18,0.5,1.0,5.289040502628067e-43,4.863814274201509e-44,2.5192148601976374,2.774818863945549,2.4824485263151033,1.1177749848712613,False,0.2866707550207934,1.394313310266259e-44
108199-16-2,O=C(O)C1=C(O)C=C(C(OC)=C1C(=O)O)C,168.34966762318348,199.213488,0.53855,-0.65926,187.98400000000004,5.240675728377019,-7.963139721032,-0.7009652788880001,7.262174442144,2.584168008069665,2,1,1.10562,3,4,ok,False,1.2439784198747628,1.2728016727997231,1.2728016727997231,-1.2506670182750286,3.738623858024554,18.18,0.5,1.0,5.151539102112553e-43,4.736719663716268e-44,2.5167800926744857,2.8046504317190317,2.4824485263151033,1.1297919783586403,False,0.27903169140019507,1.3216948994553133e-44
37141-01-8,O=C(O)C1=CC(N)=CC(C(=O)O)=C1C(=O)O,172.64175950014325,193.82896,0.53513,-0.6654,178.16000000000005,7.848272277386916,-7.6542905007145,-0.759197642895,6.8950928578195,2.566563794074965,1,1,0.3633999999999999,4,4,ok,False,1.1754133831241163,1.2728016727997231,1.2728016727997231,-1.319232055025675,3.6700588212739076,18.18,0.5,1.0,2.449803004355594e-43,2.2438928589445157e-44,2.448215055923839,2.8413943579491727,2.4824485263151033,1.1445934640050246,False,0.2697946411144221,6.053902685781501e-45
1344481-31-7,O=C(O)C1=CC=CC(=C1C(=O)O)C(N)C=C,168.0152178230287,213.7346213333333,0.5354,-0.65895,195.08000000000004,1.9300071865151176,-8.3612422843135,-0.627494539253,7.7337477450605,2.6118446174736305,1,0,1.2688,3,3,ok,False,1.1579162547298445,1.2728016727997231,1.2728016727997231,-1.3367291834199468,3.652561692879636,18.18,0.5,1.0,2.0255989221288963e-43,1.8535287133820647e-44,2.4307179275295674,2.838145357433458,2.4824485263151033,1.1432846753307484,False,0.2706037111419025,5.015717485492625e-45
29016-73-7,O=C(O)C1=CC=C(Br)C(C(=O)O)=C1C(=O)O,162.74323767922365,199.7937796666667,0.53646,-0.63396,186.48800000000008,3.0820119159406247,-8.8630202246355,-0.9733512432385,7.889668981397,3.065851174559473,2,0,1.5437000000000003,3,3,ok,False,1.2291549039550436,1.2728016727997231,1.2728016727997231,-1.2654905341947478,3.723800342104835,18.18,0.5,1.0,4.3878701114891855e-43,4.0311867907588115e-44,2.5019565767547665,3.677080063471793,2.4824485263151033,1.4812311411467518,False,0.11146488242696798,4.493357616730773e-45
2639423-68-8,O=C(O)C=1C=CC=C(NC(=O)OCC=2C=CC=CC2)C1C(=O)O,168.5106185084381,297.304967,0.53307,-0.66133,266.8400000000001,4.67741947338487,-8.3416500870775,-0.574160224555,7.7674898625225,2.558473680685224,1,0,2.8317000000000005,3,4,ok,False,1.1224985476734606,1.2728016727997231,1.2728016727997231,-1.3721468904763308,3.617143985823252,18.18,0.5,1.0,1.3776841126281805e-43,1.2581611895664924e-44,2.3953002204731835,2.849699103399218,2.4824485263151033,1.147938848758026,False,0.26773339175941424,3.368517626626963e-45
2631705-26-3,O=C(O)C1=CC(=CC(C(=O)O)=C1C(=O)O)C=2C=C(C(=O)O)C(C(=O)O)=C(C2)C(=O)O,176.0147635685093,360.849448,0.53687,-0.65625,320.29600000000005,3.7786824608585463,-8.534578807082,-1.0778429618305,7.456735845251499,3.0978250464076384,1,1,1.5428000000000002,6,6,ok,False,1.1751747173646603,1.2728016727997231,1.2728016727997231,-1.319470720785131,3.6698201555144516,18.18,0.5,1.0,2.443460535091665e-43,2.238053589896992e-44,2.447976390164383,3.426475616791189,2.4824485263151033,1.3802806303812392,False,0.14879665768859188,3.330148939046269e-45
111036-22-7,O=C(O)C=1C=CC2=CC=CC(=C2C1C(=O)O)C,163.36353309233175,249.1841843333333,0.5346,-0.65493,198.52000000000004,2.902350823039834,-7.628439684917,-0.9200169285405,6.7084227563765,2.7232970075829246,1,1,2.54462,2,2,ok,False,1.1239072109105788,1.2728016727997231,1.2728016727997231,-1.3707382272392126,3.61855264906037,18.18,0.5,1.0,1.3989885685709695e-43,1.277717791409817e-44,2.3967088837103017,3.3040684230042268,2.4824485263151033,1.3309715742258388,False,0.17008017569124967,2.173144664468172e-45
1824458-55-0,O=C(O)C1=CC=CC(=C1C(=O)O)CS,167.88441545347922,193.131325,0.53468,-0.65824,173.57600000000005,2.434674017194088,-8.2257295867645,-0.6359300686185,7.589799518145999,2.5866629171196287,1,0,1.5128,3,3,ok,False,1.07555142386836,1.2728016727997231,1.2728016727997231,-1.4190940142814314,3.5701968620181512,18.18,0.5,1.0,8.255354673388793e-44,7.519448769308241e-45,2.348353096668083,2.8480262281928583,2.4824485263151033,1.1472649676327473,False,0.26814781394173376,2.016323749536865e-45
2476480-11-0,O=C(O)C=1C=CC=C(C#CC(C)(C)CO)C1C(=O)O,167.01252698298353,260.7042663333333,0.53572,-0.65376,236.16000000000005,2.6830294314449854,-8.1930759247045,-0.6957951157285,7.497280808976,2.6346895089901308,1,0,1.4529999999999998,3,3,ok,False,1.0441691083902889,1.2728016727997231,1.2728016727997231,-1.4504763297595025,3.53881454654008,18.18,0.5,1.0,5.857778128419697e-44,5.326294705826912e-45,2.3169707811900118,2.8986212047483235,2.4824485263151033,1.1676460454352213,False,0.25579030598193,1.3624145525533996e-45
1344571-16-9,O=C(O)C1=CC=CC(=C1C(=O)O)C(N)CO,170.95817857442287,200.71636066666667,0.53565,-0.6595,192.64000000000004,2.4619168020061117,-8.525599050015499,-0.6348416132165,7.890757436798999,2.658606408088851,1,0,0.0751,4,4,ok,False,0.9237393559244005,1.2728016727997231,1.2728016727997231,-1.5709060822253909,3.418384794074192,18.18,0.5,1.0,1.5613338913461946e-44,1.4102341804694264e-45,2.1965410287241234,3.077200748961069,2.4824485263151033,1.2395829022601343,False,0.21511860074486633,3.033676036251663e-46
22481-07-8,O=C(O)C=1C(O)=CC=C(C1C(=O)O)C,168.27186792324463,173.20667733333335,0.53126,-0.65869,163.69600000000003,3.8723728720256263,-7.999330863148501,-0.5363363993354999,7.462994463813001,2.440629427273373,2,0,1.09702,3,3,ok,False,0.8865367130035953,1.2728016727997231,1.2728016727997231,-1.608108725146196,3.3811821511533866,18.18,0.5,1.0,1.0359118276004176e-44,9.337426233831289e-46,2.159338385803318,2.8519098108018643,2.4824485263151033,1.1488293838000267,False,0.2671863422172728,2.494832761140987e-46
1400887-47-9,O=C(O)C=1C(O)=CC(O)=C(O)C1C(=O)O,174.94064504161304,170.59398833333333,0.53968,-0.65975,162.12800000000004,2.251221721643605,-7.556057400684,-0.759197642895,6.796859757789,2.5432136642414034,2,1,0.1997999999999998,5,5,ok,False,0.8553474220526045,1.2728016727997231,1.2728016727997231,-1.6392980160971868,3.349992860202396,18.18,0.5,1.0,7.3394713897756e-45,6.6042502945364105e-46,2.1281490948523274,3.1035156738122778,2.4824485263151033,1.2501832931936252,False,0.20951535126418253,1.383691820296377e-46
2602832-72-2,N#CCCCC#CC1=CC=CC(C(=O)O)=C1C(=O)O,162.74647947915685,252.594385,0.53631,-0.65126,229.2160000000001,5.688568101904028,-8.1898105584985,-0.7164757683665,7.473334790132,2.653498684444104,1,0,2.1283800000000004,2,3,ok,False,0.8788529652934738,1.2728016727997231,1.2728016727997231,-1.6157924728563176,3.373498403443265,18.18,0.5,1.0,9.516502237957009e-45,8.574285347281095e-46,2.1516546380931967,3.390659091578308,2.4824485263151033,1.3658527279159074,False,0.1548104715635018,1.3273891579326102e-46
861017-07-4,O=C(O)C=1C=CC=C(C2=CC=CC=3C=CC=CC32)C1C(=O)O,164.11836831004464,327.70109766666667,0.535,-0.65463,254.1440000000001,2.5847686182712755,-7.4904779627135,-0.668311616828,6.8221663458855,2.439322204572941,1,0,3.903200000000002,2,2,ok,False,0.8379783299117278,1.2728016727997231,1.2728016727997231,-1.6566671082380635,3.332623768061519,18.18,0.5,1.0,6.056320080762933e-45,5.444435521692001e-46,2.1107800027114507,3.2457921552454536,2.4824485263151033,1.307496256554186,False,0.18094784092999827,9.851588527327564e-47
93236-57-8,O=C(O)C1=C(Cl)C(O)=C(O)C(Cl)=C1C(=O)O,168.98067025147867,194.83657133333332,0.53565,-0.64053,185.36000000000004,3.4794182746545435,-8.2904926831835,-0.535520057784,7.7549726253995,2.5112435809439,2,2,1.8010000000000002,4,4,ok,False,0.8237831532715454,1.2728016727997231,1.2728016727997231,-1.670862284878246,3.3184285914213367,18.18,0.5,1.0,5.1753925845337125e-45,4.6488839303320796e-46,2.0965848260712683,3.337248950455321,2.4824485263151033,1.3443376227458244,False,0.16410584812871612,7.629090402391051e-47
1804039-21-1,O=C(O)C1=CC=CC(=C1C(=O)O)CC(=O)CBr,162.7466551982599,223.23240566666664,0.5345,-0.65412,211.8160000000001,4.417734714760496,-8.668458821528,-0.6544338104524999,8.0140250110755,2.711381824592408,1,0,1.5895,2,3,ok,False,0.8255220400058789,1.2728016727997231,1.2728016727997231,-1.6691233981439124,3.3201674781556703,18.18,0.5,1.0,5.2760464055091854e-45,4.7397504780840516e-46,2.098323712805602,3.4123909952985185,2.4824485263151033,1.3746069491977757,False,0.15114067327076333,7.16369078393046e-47
851039-75-3,O=C(O)C=1C(O)=C(C(=C(C1C(=O)O)C)CC)CC=C,170.56521369841693,265.4399,0.53825,-0.6789,238.8400000000001,4.653536209163952,-7.810755964752,-0.617154212934,7.193601751818001,2.4685016078764823,2,2,2.3879200000000003,3,3,ok,False,0.7711929714754131,1.2728016727997231,1.2728016727997231,-1.7234524666743782,3.2658384096252044,18.18,0.5,1.0,2.887787675825365e-45,2.5865348994041693e-46,2.043994644275136,2.8183142976951627,2.4824485263151033,1.1352961674007445,False,0.2755744674292131,7.127829773903772e-47
73322-57-3,O=C(O)C1=CC=C(OC)C(C(=O)O)=C1C(=O)O,166.34686067425082,200.908179,0.53391,-0.64976,191.63200000000003,2.8672370829772693,-8.337024151619,-0.546948839505,7.790075312113999,2.532869482798452,2,0,0.7897999999999998,3,4,ok,False,0.7168893534963843,1.2728016727997231,1.2728016727997231,-1.777756084653407,3.2115347916461756,18.18,0.5,1.0,1.5781841726824536e-45,1.4093580889159097e-46,1.9896910262961074,3.0104113677639175,2.4824485263151033,1.2126782633565867,False,0.22979019766492487,3.238566738326476e-47
27229-82-9,O=C(O)C1=C(O)C=C(C(O)=C1C(=O)O)C,174.0513893485517,188.62143633333332,0.53352,-0.69357,169.84000000000003,1.8517999756993195,-7.7038152215055,-1.035121087302,6.6686941342035,2.8629671069220306,2,1,0.8026199999999999,4,4,ok,False,0.712599893529525,1.2728016727997231,1.2728016727997231,-1.7820455446202663,3.2072453316793164,18.18,0.5,1.0,1.504514931587319e-45,1.343255042726582e-46,1.9854015663292481,3.092364240255768,2.4824485263151033,1.2456911825060122,False,0.21187760156006696,2.846056567363735e-47
6219-66-5,O=C(O)C1=C(O)C=C2C(=O)C=3C(O)=C(C(C(=O)C)=C(O)C3C(=O)C2=C1C(=O)O)CC,164.61314158439035,426.61637866666666,0.54302,-0.65761,326.87200000000007,6.994417089364918,-7.744904412931,-2.3314714710840003,5.413432941846999,4.688953943212471,2,1,1.7402,5,8,ok,False,0.8860187509554809,1.2728016727997231,1.2728016727997231,-1.6086266871943105,3.380664189105272,18.18,0.5,1.0,1.0300054740843702e-44,9.283923041052972e-46,2.1588204237552038,4.735092405305627,2.4824485263151033,1.9074282326950414,False,0.026297472084395878,2.441437070057702e-47
202262-76-8,O=C(O)C=1C=CC=C(NO)C1C(=O)O,171.9182299867726,170.00416666666666,0.53441,-0.6647,159.63200000000003,5.093633408481612,-7.993344358437501,-0.5874938032295001,7.405850555208,2.4855613480122645,1,0,0.8840999999999999,4,4,ok,False,0.6421106866943198,1.2728016727997231,1.2728016727997231,-1.8525347514554715,3.136756124844111,18.18,0.5,1.0,6.84734855517923e-46,6.08999088922233e-47,1.914912359494043,2.924937821402267,2.4824485263151033,1.1782471178743779,False,0.24950750831928917,1.5194984524570358e-47
76284-58-7,O=C(O)C=1C(Cl)=CC=C(C1C(=O)O)C(F)(F)F,159.12618032578263,176.5372106666667,0.53764,-0.6348,185.40800000000004,1.7020578368551404,-9.1177187887035,-0.7472246334729999,8.3704941552305,2.9065520779897,2,0,2.7552000000000003,2,2,ok,False,0.7340143860386572,1.2728016727997231,1.2728016727997231,-1.7606310521111341,3.2286598241884485,18.18,0.5,1.0,1.9098299704539033e-45,1.7071221372165061e-46,2.00681605883838,4.144970785664529,2.4824485263151033,1.66971066740193,False,0.06154825899152579,1.0507039543156854e-47
144152-92-1,O=C(O)C1=CC=CC(C=2C=CC=CC2C)=C1C(=O)O,163.26999439530607,266.802675,0.53458,-0.65629,226.5600000000001,2.10002294749367,-8.1898105584985,-0.6326647024125001,7.557145856086,2.574916218756809,1,0,3.058420000000001,2,2,ok,False,0.6133240301105456,1.2728016727997231,1.2728016727997231,-1.8813214080392457,3.107969468260337,18.18,0.5,1.0,4.9604990232643065e-46,4.404942952643022e-47,1.8861257029102687,3.374882598860002,2.4824485263151033,1.3594975134769904,False,0.1575151729525023,6.938453510314718e-48
1344583-36-3,O=C(O)C1=CC=CC(=C1C(=O)O)CCC(N)C,167.074028510614,228.978678,0.53492,-0.66042,217.87200000000004,5.0391285417222695,-8.349541388742,-0.5951129910435,7.754428397698501,2.5793919896649578,1,0,1.3628000000000002,3,3,ok,False,0.48102026001569165,1.2728016727997231,1.2728016727997231,-2.0136251781340997,2.975665698165483,18.18,0.5,1.0,1.1200937184451892e-46,9.87553444163858e-48,1.7538219328154148,3.0282008859457887,2.4824485263151033,1.2198443809994277,False,0.22581926458988796,2.230085925042934e-48
1344645-40-4,O=C(O)C1=CC=CC(=C1C(=O)O)CC(N)C(=O)O,170.07580985264286,218.064551,0.53426,-0.65726,212.4480000000001,1.1774933842701625,-8.4439648948655,-0.5989225849505,7.845042309915,2.605907359774934,1,0,0.0373999999999999,4,4,ok,False,0.48300947550541196,1.2728016727997231,1.2728016727997231,-2.0116359626443794,2.9776549136552033,18.18,0.5,1.0,1.1455281470520918e-46,1.0100865525922836e-47,1.755811148305135,3.180390519662179,2.4824485263151033,1.281150640566589,False,0.19371893408244606,1.956728902991898e-48
2476120-34-8,O=C(O)C=1C=CC=C(C#CC(C)(C)CC)C1C(=O)O,162.3376445410473,272.3539193333333,0.53628,-0.65426,244.1920000000001,3.3246637123173826,-8.1261359174815,-0.7088565805525,7.417279336929,2.630920614371633,1,0,2.870700000000001,2,2,ok,False,0.40124284043532654,1.2728016727997231,1.2728016727997231,-2.093402597714465,2.895888278585118,18.18,0.5,1.0,4.542599599769981e-47,3.9879225587935404e-48,1.6740445132350497,3.5078600141395784,2.4824485263151033,1.4130645517740403,False,0.13577564460432123,5.414627560523071e-49
1005840-39-0,O=C(O)C1=CC=CC(C=2C=CC=CC2O)=C1C(=O)O,166.12868529290847,255.0321693333333,0.5353,-0.65446,218.72000000000008,2.598514292821958,-7.8855872736395,-0.6881759279145,7.197411345725,2.553328269891904,1,0,2.455600000000001,3,3,ok,False,0.32924340603042523,1.2728016727997231,1.2728016727997231,-2.165402032119366,2.8238888441802166,18.18,0.5,1.0,2.0049810567974849e-47,1.7533838035529394e-48,1.6020450788301484,3.0712328152741453,2.4824485263151033,1.2371788509278867,False,0.21640329424474233,3.794380311642322e-49
2504662-89-7,O=C(O)C=1C=CC=C(C#COCC)C1C(=O)O,163.0656666400075,226.487531,0.53626,-0.65704,203.23200000000008,4.016140242820213,-7.7827282381505,-0.697699912682,7.0850283254685,2.53766316511786,1,0,1.4285,2,3,ok,False,0.36184704063631656,1.2728016727997231,1.2728016727997231,-2.1327983975134748,2.856492478786108,18.18,0.5,1.0,2.9048576801794295e-47,2.544775814163516e-48,1.6346487134360397,3.434473365499932,2.4824485263151033,1.3835023482231052,False,0.14747763415622353,3.752975165308129e-49
1344470-19-4,O=C(O)C1=CC=CC(=C1C(=O)O)C(N)C(O)C,169.60034099741705,216.868277,0.53499,-0.657,209.15200000000004,3.743328279753193,-8.583287186321499,-0.597017787997,7.986269398324499,2.638215517722778,1,0,0.4636000000000001,4,4,ok,False,0.3307767574874667,1.2728016727997231,1.2728016727997231,-2.1638686806623246,2.825422195637258,18.18,0.5,1.0,2.0402771142274122e-47,1.784397032784021e-48,1.6035784302871898,3.2315736113942664,2.4824485263151033,1.3017686276827456,False,0.18367239687657003,3.2774447999088065e-49
2517761-41-8,O=C(O)C=1C=CC=C(C#CC(O)C(C)C)C1C(=O)O,165.040924225949,259.3163646666667,0.53638,-0.6515,236.5600000000001,3.753781525342145,-8.314166588176999,-0.7336189409480001,7.5805476472289985,2.699752933119806,1,0,1.4514,3,3,ok,False,0.3234951358000693,1.2728016727997231,1.2728016727997231,-2.171150302349722,2.8181405739498606,18.18,0.5,1.0,1.8779877657871564e-47,1.6418216466339673e-48,1.5962968085997924,3.180670262268118,2.4824485263151033,1.2812633287464135,False,0.1936630050858963,3.1796011390220863e-49
2493699-24-2,O=C(O)C=1C=CC=C(C#CC(O)C(=O)O)C1C(=O)O,167.82250524264518,230.71635333333333,0.53617,-0.64924,214.52800000000005,4.320237378894822,-8.456754245839,-0.7491294304264999,7.707624815412501,2.7488459898652966,1,0,-0.1200000000000002,4,4,ok,False,0.20361101776833834,1.2728016727997231,1.2728016727997231,-2.291034420381453,2.6982564559181297,18.18,0.5,1.0,4.775475034222897e-48,4.14834382574366e-49,1.4764126905680615,3.3538788213254795,2.4824485263151033,1.3510366018762572,False,0.1611693022704975,6.68585679973232e-50
2603824-83-3,O=C(O)C=1C=CC=C(C#CCC=2C=CC=CC2)C1C(=O)O,161.69066338905347,300.2990876666667,0.53588,-0.65191,248.8880000000001,2.8371716585360147,-8.1707625889635,-0.6985162542335,7.47224633473,2.631876134515322,1,0,2.6772,2,2,ok,False,0.22492637717527764,1.2728016727997231,1.2728016727997231,-2.2697190609745137,2.719571815325069,18.18,0.5,1.0,6.095791946342841e-48,5.301276227800321e-49,1.4977280499750008,3.5995832609624534,2.4824485263151033,1.4500132521601978,False,0.12214597520404463,6.475295546706892e-50
2588579-64-8,O=C(O)C=1C=CC=C(C#CCC#CCCCCC)C1C(=O)O,161.41525551436615,311.413131,0.53657,-0.65178,283.6000000000001,2.9098216818217573,-8.1957970632095,-0.730353574742,7.465443488467501,2.6681658408668043,1,0,3.408300000000001,2,2,ok,False,0.17888871620683844,1.2728016727997231,1.2728016727997231,-2.315756721942953,2.6735341543566298,18.18,0.5,1.0,3.596718782925689e-48,3.120286995801097e-49,1.4516903890065616,3.6381665023948764,2.4824485263151033,1.4655556656376265,False,0.11673447017164408,3.6424504923831208e-50
859322-15-9,O=C(O)C=1C=C(C(C(=O)O)=C(C(=O)O)C1OC)C,162.6853900910657,215.5701273333333,0.53402,-0.64857,208.8640000000001,1.476836920583989,-8.569409379946,-1.0258692163849998,7.543540163561,3.051265365628595,2,1,1.09822,3,4,ok,False,0.156833037882965,1.2728016727997231,1.2728016727997231,-2.3378124002668264,2.6514784760327563,18.18,0.5,1.0,2.792143692471054e-48,2.4194565572416193e-49,1.429634710682688,3.4950829875566414,2.4824485263151033,1.4079176065514125,False,0.13776141224909277,3.3330775220093343e-50
2555640-49-6,O=C(O)C=1C=CC=C(C#CC=2C=CC=CC2O)C1C(=O)O,165.18475840108366,314.1597263333333,0.53584,-0.65051,240.8400000000001,4.163110006953936,-7.5144239815575,-0.7804225232340001,6.7340014583235,2.5543682669167915,1,0,2.1884,3,3,ok,False,0.1070188949602553,1.2728016727997231,1.2728016727997231,-2.387626543189536,2.6016643331100466,18.18,0.5,1.0,1.574304690947092e-48,1.360578672189927e-49,1.3798205677599784,3.1953053282672506,2.4824485263151033,1.2871587444394255,False,0.19075266583203263,2.595340087944358e-50
1823508-88-8,O=C(O)C1=CC=CC(=C1C(=O)O)CC(N)C,166.30152896042688,212.51814466666667,0.53436,-0.66036,201.18400000000003,4.831588562781397,-8.353350982649,-0.5902149417345001,7.7631360409145,2.57587175537797,1,0,0.9727,3,3,ok,False,0.06992034273584835,1.2728016727997231,1.2728016727997231,-2.424725095413943,2.5645657808856397,18.18,0.5,1.0,1.0264338212034892e-48,8.853497612842772e-50,1.3427220155355715,3.146963364411974,2.4824485263151033,1.2676852434411856,False,0.2004829894589266,1.7749756685901892e-50
1344630-45-0,O=C(O)C1=CC=CC(=C1C(=O)O)CC(N)C,166.29753692421406,212.51750733333333,0.53435,-0.66037,201.17600000000004,4.830198524905576,-8.353350982649,-0.5899428278840001,7.763408154764999,2.57562473165946,1,0,0.9727,3,3,ok,False,0.0665190483560707,1.2728016727997231,1.2728016727997231,-2.4281263897937206,2.561164486505862,18.18,0.5,1.0,9.869196566425698e-49,8.511140983285755e-50,1.3393207211557938,3.1479261347791114,2.4824485263151033,1.268073074389917,False,0.2002859222725662,1.7046617214292233e-50
315664-32-5,O=C(O)C1=CC=CC(=C1C(=O)O)P(=O)(O)O,166.73014924669997,188.350192,0.53639,-0.64912,186.35200000000003,6.308128189883272,-9.203434651611,-0.747768861174,8.455665790437001,2.9278135455891383,1,0,-0.1140000000000001,4,3,ok,False,0.08059599589459054,1.2728016727997231,1.2728016727997231,-2.414049442255201,2.575241434044382,18.18,0.5,1.0,1.1609757176211329e-48,1.0019631797686984e-49,1.3533976686943137,3.457452461236015,2.4824485263151033,1.3927589734834052,False,0.1437359190958173,1.4401809854422147e-50
2167757-40-4,O=C(O)C1=CC=CC(=C1C(=O)O)C(N)CO,169.49784332957725,200.414544,0.53578,-0.65973,192.72800000000004,3.670189666761106,-8.3993382233835,-0.629671450057,7.769666773326501,2.6231181484820265,1,0,0.0751,4,4,ok,False,0.05149415456954998,1.2728016727997231,1.2728016727997231,-2.4431512835802414,2.5461395927193413,18.18,0.5,1.0,8.297205421860176e-49,7.149797148457877e-50,1.324295827369273,3.2332517323994665,2.4824485263151033,1.3024446219631551,False,0.18334933832479058,1.3109105763262261e-50
100118-71-6,O=C(O)C=1C(OC)=C(OC)C(OC)=C(OC)C1C(=O)O,162.37453107204,241.370404,0.53242,-0.65282,241.4240000000001,4.609315552226817,-8.25049194716,-0.476743466076,7.773748481084,2.44941800417692,2,2,1.1174,2,6,ok,False,0.06995267671829097,1.2728016727997231,1.2728016727997231,-2.4246927614315004,2.5645981148680823,18.18,0.5,1.0,1.026816915607038e-48,8.856817101522945e-50,1.342754349518014,3.545318098444112,2.4824485263151033,1.4281537203539567,False,0.13007773457529745,1.152074704113857e-50
73606-84-5,O=C(O)C=1C=2OC(=CC2C=C(C1C(=O)O)CCC3=CC=CC=4C=CC=CC43)C,163.12704021628397,421.991463,0.53373,-0.6601,330.44000000000005,3.2917528552429327,-7.3244885139085,-0.7164757683665,6.608012745542,2.446163055316528,2,1,5.076020000000003,2,3,ok,False,-0.043273016715810186,1.2728016727997231,1.2728016727997231,-2.5379184548656015,2.451372421433981,18.18,0.5,1.0,2.7687607977470393e-49,2.3740128233275702e-50,1.229528656083913,3.513759207000642,2.4824485263151033,1.4154409123706566,False,0.13486608222376234,3.201738086311623e-51
2494739-65-8,O=C(O)C=1C=CC=C(C#CCC(O)CC)C1C(=O)O,164.7171997208768,258.1655686666666,0.53642,-0.65361,236.36800000000005,5.566664556985629,-8.159878034943501,-0.7211017038249999,7.438776331118501,2.6506980990433067,1,0,1.5955,3,3,ok,False,-0.11368054747473089,1.2728016727997231,1.2728016727997231,-2.6083259856245222,2.3809648906750605,18.18,0.5,1.0,1.2206970006816132e-49,1.0428080971341508e-50,1.1591211253249922,3.2702227368687966,2.4824485263151033,1.317337581103061,False,0.17633348025529483,1.8388198100606636e-51
22481-10-3,O=C(O)C=1C(O)=C(C=C(C1C(=O)O)C)C,166.59024539856875,193.676718,0.53856,-0.66329,178.40000000000003,3.148252316762429,-7.822184746473,-0.6590597459109999,7.163125000562,2.5104792996754344,2,1,1.40544,3,3,ok,False,-0.14191391234524708,1.2728016727997231,1.2728016727997231,-2.6365593504950384,2.3527315258045443,18.18,0.5,1.0,8.782331531790035e-50,7.491450741037176e-51,1.130887760454476,3.184622470332125,2.4824485263151033,1.282855389174701,False,0.1928740392465454,1.444906364240366e-51
1344389-47-4,O=C(O)C1=CC=CC(=C1C(=O)O)CC(N)C,165.67161313836897,212.9258686666667,0.53495,-0.65876,200.84800000000004,3.6000850059408323,-8.241240076243,-0.6190590098875,7.622181066355501,2.5748830686470963,1,0,0.9727,3,3,ok,False,-0.15386338895398666,1.2728016727997231,1.2728016727997231,-2.648508827103778,2.3407820491958047,18.18,0.5,1.0,7.6387680561527915e-50,6.511913956575773e-51,1.1189382838457365,3.2084779712138976,2.4824485263151033,1.2924650550464778,False,0.1881593782743971,1.2252776814456667e-51
2590155-61-4,O=C(O)C=1C=CC=C(C#CCC(O)C(C)C)C1C(=O)O,164.59644274459583,275.633278,0.53615,-0.65304,253.1200000000001,4.724902731273946,-8.149809822475,-0.7077681251504999,7.4420416973245,2.63559014747484,1,0,1.8415,3,3,ok,False,-0.17543033866062174,1.2728016727997231,1.2728016727997231,-2.670075776810413,2.3192150994891696,18.18,0.5,1.0,5.937144673472842e-50,5.0556230227686044e-51,1.0973713341391014,3.2904940846709287,2.4824485263151033,1.325503449433158,False,0.17256878049758242,8.724426996946795e-52
39155-66-3,O=C(O)C1=CC=2C=CC=CC2C(C(=O)O)=C1C(=O)O,162.7325091860346,257.43123833333334,0.53414,-0.65086,209.98400000000004,4.582236662373519,-8.001235660102001,-1.057978650744,6.9432570093580015,2.955002379258945,2,1,1.9344,3,3,ok,False,-0.21458639716331973,1.2728016727997231,1.2728016727997231,-2.709231835313111,2.2800590409864716,18.18,0.5,1.0,3.7545274927872133e-50,3.190562213336017e-51,1.0582152756364034,3.5144524648808377,2.4824485263151033,1.4157201761188662,False,0.13475949375799762,4.299585486725581e-52
2582382-14-5,O=C(O)C=1C=CC=C(C#CC(N)C(C)C)C1C(=O)O,164.27269857110167,267.1939806666667,0.53613,-0.65136,239.9120000000001,1.747813522661957,-8.10355046789,-0.7099450359545,7.393605431935501,2.6265163765965505,1,0,1.4178000000000002,3,3,ok,False,-0.25263061480595717,1.2728016727997231,1.2728016727997231,-2.7472760529557485,2.242014823343834,18.18,0.5,1.0,2.403213035133696e-50,2.038195811960349e-51,1.020171057993766,3.329831559650972,2.4824485263151033,1.341349689370481,False,0.16542803887022853,3.3717473600611356e-52
374071-85-9,O=C(O)C1=C2C=CNC2=C3C(=C1C(=O)O)CCC3,168.3306140219295,251.264507,0.52941,-0.67206,207.36000000000004,5.758786511931137,-7.304624202822,-0.597562015698,6.707062187124,2.327567021521227,2,2,2.053,3,2,ok,False,-0.28313132111098227,1.2728016727997231,1.2728016727997231,-2.7777767592607736,2.211514117038809,18.18,0.5,1.0,1.6794617409099946e-50,1.422121954642067e-51,0.9896703516887408,3.056583836055851,2.4824485263151033,1.231277830599365,False,0.21957858416371948,3.1226752530844634e-52
705971-88-6,O=C(O)C1=CC(OC)=C(OC)C(C(=O)O)=C1C(=O)O,163.2231306898212,222.807008,0.53439,-0.64572,217.3040000000001,6.144889981928074,-8.2001508848175,-0.739605445659,7.4605454391584995,2.6780630149646614,2,1,0.7984,3,5,ok,False,-0.28893490576193237,1.2728016727997231,1.2728016727997231,-2.7835803439117237,2.205710532387859,18.18,0.5,1.0,1.5686666785299248e-50,1.3279044177903599e-51,0.9838667670377907,3.466509922000621,2.4824485263151033,1.3964075731093764,False,0.14228060065971634,1.8893503818190335e-52
91144-02-4,O=C(O)C1=C(C(=O)O)C(=C(OC)C=C1C)C,164.31374363357034,210.43927700000003,0.53032,-0.66293,196.96000000000004,3.754534369266048,-7.8866757290414995,-0.2435418961975,7.643133832844,2.1620856077941726,2,1,1.70844,2,3,ok,False,-0.3176628862644435,1.2728016727997231,1.2728016727997231,-2.812308324414235,2.176982551885348,18.18,0.5,1.0,1.1186180717293212e-50,9.455231303453812e-52,0.9551387865352796,3.5072804046482693,2.4824485263151033,1.412831068789332,False,0.13586525873732308,1.2846374474649888e-52
1005516-42-6,O=C(O)C1=CC=CC(=C1C(=O)O)N2CCCC(CO)C2,168.82287715424883,270.88730066666665,0.53082,-0.66638,247.9360000000001,9.20483718161272,-7.0257075060595,-0.3415028823775,6.684204623682,2.0300017714596907,1,0,1.2916999999999998,3,4,ok,False,-0.37056141898404604,1.2728016727997231,1.2728016727997231,-2.8652068571338374,2.1240840191657453,18.18,0.5,1.0,5.993825799628981e-51,5.052516304268074e-52,0.9022402538156771,3.0285177987288288,2.4824485263151033,1.2199720423707232,False,0.22574893954612082,1.1406001977280032e-52
73606-83-4,O=C(O)C=1C=2OC(=CC2C=C(C1C(=O)O)CCC=3C=CC=CC3)C,162.00136309111588,342.0470193333333,0.53386,-0.66025,286.0640000000001,3.348090358697029,-7.8137492171075005,-0.718924793021,7.0948244240865,2.565480180029144,2,1,3.9228200000000015,2,3,ok,False,-0.3502438283475602,1.2728016727997231,1.2728016727997231,-2.8448892664973515,2.144401609802231,18.18,0.5,1.0,7.618530852147056e-51,6.428805149275274e-52,0.9225578444521629,3.6830013924400666,2.4824485263151033,1.4836164187891703,False,0.11067938528084868,7.11536202012142e-53
113678-62-9,O=C(O)C=1C=C(C(=O)O)C(C(=O)O)=C(C(=O)O)C1O,167.13104223170208,211.804799,0.53607,-0.64324,201.10400000000004,2.137511826867865,-8.6436964611325,-1.20818549622,7.435510964912499,3.2633795632749067,2,1,0.1850000000000001,5,5,ok,False,-0.33287911895654076,1.2728016727997231,1.2728016727997231,-2.827524557106332,2.1617663191932506,18.18,0.5,1.0,9.350003367694245e-51,7.896968536278305e-52,0.9399225538431824,4.160789433038202,2.4824485263151033,1.6760828629201807,False,0.060249936330042615,4.757918515111177e-53
2637122-42-8,O=C(O)C1=CC=C(C=C1C(=O)O)S(=O)(=O)N(C)CC=2OC(=CC2)C,159.38183799350253,309.20452100000006,0.53519,-0.65164,289.8880000000001,9.21377429938459,-7.604493666073,-1.065053610857,6.539440055216,2.873374836083033,0,1,1.80512,2,5,ok,False,-0.37292064159370675,1.2728016727997231,1.2728016727997231,-2.867566079743498,2.1217247965560846,18.18,0.5,1.0,5.829098295183837e-51,4.913060740303693e-52,0.8998810312060164,3.974618188663429,2.4824485263151033,1.601087856014188,False,0.07703600856979806,3.7848258929397367e-53
1344417-23-7,O=C(O)C1=CC=CC(=C1C(=O)O)CCC(N)C,165.29815076347617,228.59011633333333,0.53467,-0.66063,217.75200000000004,3.796455901232096,-8.3922632632705,-0.595385104894,7.796878158376501,2.590069433847287,1,0,1.3628000000000002,3,3,ok,False,-0.441478305801251,1.2728016727997231,1.2728016727997231,-2.9361237439510424,2.0531671323485403,18.18,0.5,1.0,2.5897262198559828e-51,2.175061317939965e-52,0.8313233669984721,3.3095971762905654,2.4824485263151033,1.3331987113558665,False,0.16907399765201037,3.6774631216236023e-53
1344518-77-9,O=C(O)C1=CC=CC(=C1C(=O)O)CC(N)CC(=O)O,168.3152857334783,234.7049693333333,0.53461,-0.65829,229.36000000000004,3.999424079789489,-8.468727255261,-0.5820515262195,7.8866757290414995,2.5966769576201814,1,0,0.4274999999999998,4,4,ok,False,-0.5371961097406661,1.2728016727997231,1.2728016727997231,-3.0318415478904575,1.9574493284091252,18.18,0.5,1.0,8.302713478330194e-52,6.93914716550567e-53,0.735605563059057,3.378097419623569,2.4824485263151033,1.36079253358697,False,0.15696124998717847,1.0891772129427564e-53
2548717-39-9,O=C(O)C=1C=CC=C(C#CC(N)CO)C1C(=O)O,167.28921417611608,238.373475,0.5358,-0.6522,215.59200000000004,2.9371990364971863,-8.198790315565,-0.702597961991,7.496192353574001,2.642498669008747,1,0,-0.2458999999999998,4,4,ok,False,-0.5443471606878063,1.2728016727997231,1.2728016727997231,-3.0389925988375976,1.950298277461985,18.18,0.5,1.0,7.624524096359834e-52,6.37000758045835e-53,0.7284545121119168,3.472096638260991,2.4824485263151033,1.3986580593535614,False,0.14138842808897178,9.006453587158406e-54
1073323-59-7,O=C(O)C1=CC=CC(=C1C(=O)O)CC=2C=CC=CC2,161.32567214472755,263.45548833333334,0.53423,-0.65773,226.97600000000008,2.3177304977067545,-8.2257295867645,-0.6114398220735,7.614289764691,2.564111873002491,1,0,2.673800000000001,2,2,ok,False,-0.5357247077943015,1.2728016727997231,1.2728016727997231,-3.030370145944093,1.9589207303554899,18.18,0.5,1.0,8.449538526129078e-52,7.06239050437487e-53,0.7370769650054216,3.75738808740711,2.4824485263151033,1.5135814690927354,False,0.10117244279769685,7.145192993188639e-54
1005516-39-1,O=C(O)C1=CC=CC(=C1C(=O)O)N2CCC(CO)CC2,168.31825849064236,271.63705566666664,0.53075,-0.66694,248.26400000000007,6.441216773250222,-7.0161835212920005,-0.3371490607695,6.679034460522501,2.023926526431533,1,0,1.2916999999999998,3,4,ok,False,-0.6897088456397178,1.2728016727997231,1.2728016727997231,-3.184354283789509,1.8049365925100735,18.18,0.5,1.0,1.3396595510448563e-52,1.110977331645203e-53,0.5830928271600053,3.107472282928234,2.4824485263151033,1.2517771264892665,False,0.2086815288842242,2.3184044812343675e-54
14170-96-8,O=C(O)C=1C(O)=CC(O)=C(OC)C1C(=O)O,168.15438491062986,186.911177,0.53203,-0.65099,181.08000000000004,4.449997238201391,-7.980555007464,-0.460416635046,7.520138372418,2.368640001724745,2,1,0.5027999999999999,4,5,ok,False,-0.6845005759690856,1.2728016727997231,1.2728016727997231,-3.179146014118877,1.8101448621807057,18.18,0.5,1.0,1.4261038098483771e-52,1.182978179650039e-53,0.5883010968306375,3.4475946853049555,2.4824485263151033,1.3887879844270108,False,0.14533235358830068,1.7192500309214376e-54
1824208-72-1,O=C(O)C=1C(C(=O)O)=C(C(=CC1C)C)C,163.1554066783879,202.84262066666665,0.53067,-0.66439,188.2800000000001,2.6160737623392807,-8.1908990139005,-0.3213664574404999,7.86953255646,2.3018731714599685,2,1,2.00826,2,2,ok,False,-0.6812655494128901,1.2728016727997231,1.2728016727997231,-3.1759109875626814,1.8133798887369013,18.18,0.5,1.0,1.4825706750633086e-52,1.2300204898525184e-53,0.591536123386833,3.684156541804647,2.4824485263151033,1.4840817454021233,False,0.1105266481869538,1.3595004194467387e-54
2603259-87-4,O=C(O)C=1C=CC=C(C#CC[Si](C)(C)C)C1C(=O)O,160.47089567987666,289.791261,0.53603,-0.65434,257.68000000000006,4.004209372647739,-7.919057277251,-0.697699912682,7.221357364569,2.5704483493143644,1,0,2.7727000000000004,2,2,ok,False,-0.7364594173157073,1.2728016727997231,1.2728016727997231,-3.2311048554654986,1.758186020834084,18.18,0.5,1.0,7.636700512395323e-53,6.318107484865086e-54,0.5363422554840158,3.8732926421615645,2.4824485263151033,1.5602710795824646,False,0.0876463035122518,5.537587662415152e-55
2528842-36-4,O=C(O)C=1C=CC=C(C#CCCCO)C1C(=O)O,163.27206328632377,241.52102133333327,0.53677,-0.65324,219.96800000000005,4.997275055467729,-8.161238604196,-0.741238128762,7.420000475434,2.6702859468557825,1,0,1.207,3,3,ok,False,-0.8001263714267299,1.2728016727997231,1.2728016727997231,-3.2947718095765213,1.6945190667230614,18.18,0.5,1.0,3.5445153947864296e-53,2.923074917197857e-54,0.4726753013729932,3.5114021374876243,2.4824485263151033,1.4144914185591912,False,0.13522895512500233,3.952843668047689e-55
1005516-33-5,O=C(O)C1=CC=CC(=C1C(=O)O)N2CCCC2,164.3892000626907,233.34231533333332,0.53246,-0.66559,206.16800000000003,5.229525888644209,-6.954685791078999,-0.3496662978925,6.605019493186499,2.019432323201314,1,0,1.6832,2,3,ok,False,-0.8146126240567497,1.2728016727997231,1.2728016727997231,-3.309258062206541,1.6800328140930416,18.18,0.5,1.0,2.9754886296591236e-53,2.4520191826205376e-54,0.4581890487429734,3.6541703685362945,2.4824485263151033,1.472002472478441,False,0.1145445694392332,2.8086548153001002e-55
2496412-96-3,O=C(O)C=1C=CC=C(C#CC=2C=CC=CC2N)C1C(=O)O,165.0041498965669,325.955955,0.5354,-0.65742,243.39200000000005,1.913199911143632,-7.070606291392001,-0.7191969068715,6.351409384520501,2.3884869559647104,1,0,2.065,3,3,ok,False,-0.8748092246122603,1.2728016727997231,1.2728016727997231,-3.3694546627620516,1.619836213537531,18.18,0.5,1.0,1.4359902743401276e-53,1.1797775111711158e-54,0.3979924481874628,3.3539779800768175,2.4824485263151033,1.3510765458067302,False,0.1611519077197604,1.9012339661009625e-55
1005516-38-0,O=C(O)C1=CC=CC(=C1C(=O)O)N2CCC(O)CC2,167.28233935012454,253.81399666666667,0.53162,-0.66561,231.7040000000001,3.3439434235644594,-7.084756211617999,-0.398374677132,6.686381534485999,2.093705227908035,1,0,1.0440999999999998,3,4,ok,False,-0.9703398086074593,1.2728016727997231,1.2728016727997231,-3.4649852467572506,1.524305629542332,18.18,0.5,1.0,4.498166699982002e-54,3.67791949701211e-55,0.30246186419226384,3.2327275777733435,2.4824485263151033,1.3022334777559073,False,0.18345020135347317,6.747150722887364e-56
94617-43-3,O=C(O)C1=CC=CC(=C1C(=O)O)S(=O)(=O)N,161.45698664886476,192.235111,0.53695,-0.65502,184.14400000000003,5.165218111561215,-9.3462944231235,-0.8416481395965,8.504646283526998,3.051102015327933,1,0,-0.2695999999999997,3,4,ok,False,-0.9339932119331706,1.2728016727997231,1.2728016727997231,-3.428638650082962,1.5606522262166207,18.18,0.5,1.0,7.000419923874049e-54,5.734317378563425e-55,0.3388084608665525,3.7946515171442408,2.4824485263151033,1.528592225344928,False,0.09665627104321181,5.542577347902262e-56
2501557-17-9,O=C(O)C=1C=CC=C(C#CC(C(=O)O)(C)C)C1C(=O)O,162.9429499109571,259.57287033333336,0.53648,-0.65414,238.84800000000007,6.359801758702861,-8.2719889413495,-0.7322583716955,7.539730569654,2.6883079217974863,1,0,1.5453,3,3,ok,False,-0.990602768869314,1.2728016727997231,1.2728016727997231,-3.4852482070191053,1.5040426692804774,18.18,0.5,1.0,3.5139410451713726e-54,2.870257123208115e-55,0.28219890393040914,3.5717876369187187,2.4824485263151033,1.4388163939981502,False,0.12616147869085467,3.621158828868944e-56
1344468-67-2,O=C(O)C1=CC=CC(=C1C(=O)O)C(N)C(O)C,167.4674777050107,217.05513033333327,0.53478,-0.65834,209.69600000000003,3.7825724381695593,-8.404508386543,-0.593752421791,7.810755964752,2.591576856971056,1,0,0.4636000000000001,4,4,ok,False,-0.9994126862897659,1.2728016727997231,1.2728016727997231,-3.494058124439557,1.4952327518600255,18.18,0.5,1.0,3.155978753676875e-54,2.5767310416232747e-55,0.27338898650995724,3.4845827700352894,2.4824485263151033,1.4036878239758446,False,0.13940951764768522,3.5922083162051824e-56
2445920-90-9,O=C(O)C=1C=CC=C(C#CC=2C=CC=CC2C)C1C(=O)O,159.5922777940335,324.6062836666667,0.53647,-0.65345,248.71200000000005,4.230399676153543,-7.600956186016501,-0.8182463484535,6.782709837563001,2.6126346627668084,1,0,2.791220000000001,2,2,ok,False,-1.0329878717850196,1.2728016727997231,1.2728016727997231,-3.527633309934811,1.4616575663647717,18.18,0.5,1.0,2.0946824221772288e-54,1.707359029941096e-55,0.2398138010147035,4.017215686818093,2.4824485263151033,1.6182473248624283,False,0.07289578909271495,1.244592837521285e-56
52060-74-9,O=C(O)C1=CC(OC)=C(C(=O)O)C(C(=O)O)=C1C(=O)O,163.43259306716806,224.279337,0.53833,-0.64399,219.40800000000004,3.133944393252695,-8.4390668455565,-1.0299509241425,7.409115921414,3.0254047336380365,2,1,0.4879999999999998,4,5,ok,False,-1.0596408356674551,1.2728016727997231,1.2728016727997231,-3.5542862738172465,1.4350046024823362,18.18,0.5,1.0,1.5121319281961417e-54,1.2308893649722582e-55,0.21316083713226797,3.9138203828662412,2.4824485263151033,1.5765967919890116,False,0.08327079058781599,1.024971305473747e-56
89939-54-8,O=C(O)C=1C(=CC=C(C1C(=O)O)N(=O)=O)NO,158.6511056562827,207.2874003333333,0.53597,-0.64135,182.99200000000005,8.077857790899763,-8.202055681771,-1.8544558911575,6.3475997906135,3.983136474908031,2,0,0.7923,4,6,ok,False,-1.0204268984360176,1.2728016727997231,1.2728016727997231,-3.515072336585809,1.4742185397137737,18.18,0.5,1.0,2.442034521135308e-54,1.9917315948590918e-55,0.2523747743637055,4.842082170235136,2.4824485263151033,1.9505267154210144,False,0.02226911656978011,4.435410306163117e-57
39155-65-2,O=C(O)C1=C2C=CC=CC2=C(C(=O)O)C(C(=O)O)=C1C(=O)O,162.0987635875073,280.69683000000003,0.53508,-0.64087,237.48000000000005,5.70064445304213,-8.1353877883985,-1.250091029197,6.8852967592015,3.198381119804829,2,2,1.6326,4,4,ok,False,-1.118056753487771,1.2728016727997231,1.2728016727997231,-3.6127021916375623,1.3765886846620203,18.18,0.5,1.0,7.391541009139543e-55,5.9993142478986665e-56,0.1547449193119521,4.1412678643836545,2.4824485263151033,1.668219026692517,False,0.06185547143885918,3.710904111136369e-57
65726-17-2,O=C(O)C=1C=C(C(=O)O)C(C(=O)O)=C(C(=O)O)C1OC,161.3693903672199,224.4627966666667,0.53554,-0.6395,220.33600000000004,4.727678564581141,-9.0671056125105,-1.1711780125520002,7.895927599958501,3.318877049600032,2,1,0.4880000000000002,4,5,ok,False,-1.1089277303091158,1.2728016727997231,1.2728016727997231,-3.603573168458907,1.3857177078406755,18.18,0.5,1.0,8.267501385142115e-55,6.7133299275121005e-56,0.16387394249060727,4.279182386294604,2.4824485263151033,1.7237748702272333,False,0.05123154603223242,3.439342712108997e-57
944-38-7,O=C(O)C1=C(C(=O)O)C(=CC=C1C)C,161.14193536759382,183.741667,0.5307,-0.66128,171.77600000000004,1.6531070171044582,-8.323962686795001,-0.458783951943,7.865178734852001,2.451839974673987,2,0,1.69984,2,2,ok,False,-1.1550379293195334,1.2728016727997231,1.2728016727997231,-3.6496833674693248,1.339607508830258,18.18,0.5,1.0,4.693234440048337e-55,3.80225596599804e-56,0.1177637434801897,3.8959043347475975,2.4824485263151033,1.56937970453333,False,0.08518306291372003,3.238878091656784e-57
1344395-08-9,O=C(O)C1=CC=CC(=C1C(=O)O)C(N)CC,165.4305184287372,211.664342,0.53338,-0.66986,200.13600000000005,4.528308347495784,-8.336479923918,-0.491981841704,7.844498082214001,2.483961890556405,1,0,1.4928,3,3,ok,False,-1.2701765321262783,1.2728016727997231,1.2728016727997231,-3.7648219702760697,1.224468906023513,18.18,0.5,1.0,1.1349288515210644e-55,9.142477528848361e-57,0.00262514067344477,3.4597256015813094,2.4824485263151033,1.3936746582684865,False,0.14336964510580763,1.3107537586988108e-57
4961-06-2,O=C(O)C1=CC(O)=C(C(=O)O)C(C(=O)O)=C1C(=O)O,164.84956805848188,210.820223,0.54239,-0.64433,201.23200000000008,5.691484496157395,-8.5773006816105,-1.3646509602575,7.212649721353,3.426008688478922,2,1,0.1849999999999999,5,5,ok,False,-1.2054208453385744,1.2728016727997231,1.2728016727997231,-3.7000662834883657,1.289224592811217,18.18,0.5,1.0,2.5242660889455306e-55,2.039952304403348e-56,0.0673808274611487,4.4546332284736225,2.4824485263151033,1.7944513979856778,False,0.03995282804222534,8.150186363216828e-58
91497-58-4,O=C(O)C=1C(C(=O)O)=C(C(=C(C1C)C)C)C,162.84542941366155,220.71348566666663,0.52966,-0.66641,204.20800000000008,3.152400515480227,-8.1163398188635,-0.1961940862105,7.920145732652999,2.1810905460403403,2,2,2.3166800000000007,2,2,ok,False,-1.2827787409733151,1.2728016727997231,1.2728016727997231,-3.7774241791231065,1.2118666971764762,18.18,0.5,1.0,9.711266031000748e-56,7.818099425019827e-57,-0.009977068173592007,3.858030134351574,2.4824485263151033,1.554122912702789,False,0.08934070893986713,6.98474545193639e-58
2631258-05-2,O=C(O)C=1C=CC=C(C#CC2=CC(=CC=C2C)C)C1C(=O)O,159.20564965263057,343.4015063333333,0.53646,-0.65304,265.32000000000005,4.6294334480581965,-7.5166008923615,-0.8138925268455,6.702708365516,2.5883984809962968,1,0,3.099640000000001,2,2,ok,False,-1.2682819689271287,1.2728016727997231,1.2728016727997231,-3.76292740707692,1.2263634692226626,18.18,0.5,1.0,1.1618274122716631e-55,9.360035116062536e-57,0.004519703872594372,4.091044351668762,2.4824485263151033,1.6479875849596872,False,0.06614783747541862,6.191460816215157e-58
2537814-75-6,O=C(O)C=1C=CC=C(C#CCCCOC)C1C(=O)O,158.86385432927057,257.39565300000004,0.53604,-0.65247,237.0240000000001,2.353764323376493,-8.144367545465,-0.699876823486,7.444490721979,2.626796827981261,1,0,1.8611,2,3,ok,False,-1.3137391682453234,1.2728016727997231,1.2728016727997231,-3.808384606395115,1.180906269904468,18.18,0.5,1.0,6.618991173534324e-56,5.320527565402616e-57,-0.040937495445600325,4.1369758507595105,2.4824485263151033,1.6664900830392462,False,0.062213130709124286,3.310066768678918e-58
36440-39-8,O=C(O)C=1C=CC=C2C=CC(C(=O)O)=C(C(=O)O)C21,160.56112258628028,255.216781,0.53322,-0.65679,209.56800000000004,3.3717084408352984,-8.037426802218501,-1.20274321921,6.834683583008501,3.123068573253649,1,1,1.9344,3,3,ok,False,-1.3489016509064324,1.2728016727997231,1.2728016727997231,-3.8435470890562238,1.145743787243359,18.18,0.5,1.0,4.279583962833096e-56,3.4341028698638764e-57,-0.07609997810670932,3.969023887675205,2.4824485263151033,1.598834314428563,False,0.07759353516488676,2.6646418179262123e-58
2559494-98-1,O=C(O)C=1C=CC=C(C#CCC(C)(C)CO)C1C(=O)O,162.14178021958665,276.0829453333333,0.53683,-0.65361,252.8400000000001,4.849113660247612,-8.1353877883985,-0.7406939010610001,7.3946938873375,2.663559417005331,1,0,1.8431,3,3,ok,False,-1.4370466075514674,1.2728016727997231,1.2728016727997231,-3.9316920457012587,1.057598830598324,18.18,0.5,1.0,1.4295154463424664e-56,1.1421502475895334e-57,-0.1642449347517443,3.7142444243126262,2.4824485263151033,1.496201989664606,False,0.10660547654234862,1.2175947142724367e-58
111342-37-1,O=C(O)C=1C(O)=C(O)C=C(C1C(=O)O)C,167.5140887833733,182.315893,0.53938,-0.66354,170.13600000000005,2.863938319866544,-7.7223189633395,-0.7126661744595001,7.00965278888,2.53753561045704,2,1,0.8026199999999999,4,4,ok,False,-1.466779316437517,1.2728016727997231,1.2728016727997231,-3.9614247545873083,1.0278661217122744,18.18,0.5,1.0,9.864764456668034e-57,7.870270135896349e-58,-0.1939776436377938,3.47120605949013,2.4824485263151033,1.3982993092077194,False,0.141530369691789,1.1138822419076568e-58
1005516-40-4,O=C(O)C1=CC=CC(=C1C(=O)O)N2CCC(CCO)CC2,166.73084802474415,288.61782466666665,0.5314,-0.6675,265.02400000000006,4.200500926080126,-6.99876823486,-0.368442153577,6.630326081283,2.0464977228160484,1,0,1.6817999999999995,3,4,ok,False,-1.5076484401710992,1.2728016727997231,1.2728016727997231,-4.002293878320891,0.9869969979786921,18.18,0.5,1.0,5.919136743849856e-57,4.712971160169626e-58,-0.2348467673713761,3.3426184212652523,2.4824485263151033,1.3465005964200063,False,0.16315349141201518,7.689376997058103e-59
1344454-40-5,O=C(O)C1=CC=CC(=C1C(=O)O)C(N)C,162.85466588231364,194.83717966666669,0.53441,-0.65644,184.2800000000001,4.489972750474105,-8.4804281508325,-0.549125750309,7.9313024005235,2.569970212213765,1,0,1.1027,3,3,ok,False,-1.488671665023066,1.2728016727997231,1.2728016727997231,-3.9833171031728574,1.0059737731267253,18.18,0.5,1.0,7.504391449973828e-57,5.980727626406614e-58,-0.2158699922233429,3.641181667219243,2.4824485263151033,1.4667702587268305,False,0.11631945019287615,6.956749492569626e-59
61214-97-9,O=C(O)C1=C(OC)C=C(OC)C(=C1C(=O)O)CCCC,162.0222827210792,267.64627466666667,0.53023,-0.66054,256.20000000000005,6.1024240978483295,-7.6455828574985,-0.260140841078,7.3854420164205,2.1156644063846493,2,1,2.442800000000001,2,4,ok,False,-1.4740027694081448,1.2728016727997231,1.2728016727997231,-3.968648207557936,1.0206426687416466,18.18,0.5,1.0,9.013882721372043e-57,7.188885165955464e-58,-0.20120109660842167,3.8587206832980057,2.4824485263151033,1.5544010852163823,False,0.08926348888982241,6.417049711414747e-59
39521-06-7,O=C(O)C=1C(N)=CC=C(C1C(=O)O)C,165.7446314665676,186.96806433333336,0.53293,-0.66829,166.12000000000003,3.5568633822512776,-7.2945559903534996,-0.525723959166,6.768832031187499,2.258764075067748,2,0,0.9736200000000002,3,3,ok,False,-1.5549274584244124,1.2728016727997231,1.2728016727997231,-4.049572896574204,0.939717979725379,18.18,0.5,1.0,3.274025986747753e-57,2.6008675584093935e-58,-0.28212578562468926,3.4362918393539132,2.4824485263151033,1.3842348805736069,False,0.14717893249070835,3.8279291079640957e-59
2549873-76-7,O=C(O)C=1C=CC=C(C#CCCCCCC#C)C1C(=O)O,158.13043004438808,295.23678133333334,0.53611,-0.65235,267.1360000000001,3.062279796164942,-8.1424627485115,-0.706407555898,7.4360551926135,2.6325283916007294,1,0,3.018200000000001,2,2,ok,False,-1.6772172661354965,1.2728016727997231,1.2728016727997231,-4.171862704285288,0.8174281720142949,18.18,0.5,1.0,7.032547310812047e-58,5.553566023218177e-59,-0.40441559333577337,4.273107432222997,2.4824485263151033,1.7213277080777631,False,0.05166529091194581,2.8692660418826513e-60
2621755-16-4,O=C(O)C=1C=CC=C(C#CCC(O)C(=O)O)C1C(=O)O,164.80206671695368,247.94621633333333,0.53671,-0.65276,231.1200000000001,4.763019615747976,-8.2284507252695,-0.741782356463,7.4866683688065,2.6869455669984363,1,0,0.2700999999999999,4,4,ok,False,-1.7815318658497006,1.2728016727997231,1.2728016727997231,-4.276177303999492,0.7131135723000908,18.18,0.5,1.0,1.880055917549314e-58,1.47721534710565e-59,-0.5087301930499775,3.7990341688748956,2.4824485263151033,1.530357680573585,False,0.09613569168105368,1.4201311915586946e-60
2639440-92-7,O=C(O)C1=CC=C(C=C1C(=O)O)CC(NC(=O)OCC=2C=CC=CC2)C,162.88121978853678,347.05054766666666,0.53207,-0.66358,318.0800000000001,1.975373172339849,-8.417025623666,-0.640011776376,7.777013847289999,2.63693520663924,0,1,2.940400000000001,3,4,ok,False,-1.800243080260877,1.2728016727997231,1.2728016727997231,-4.294888518410668,0.6944023578889142,18.18,0.5,1.0,1.4828360012604635e-58,1.16405944629977e-59,-0.527441407461154,3.710597069807234,2.4824485263151033,1.494732732813264,False,0.10707497997026261,1.2464164189674285e-60
248595-23-5,O=C(O)C=1C(O)=CC=C(C1C(=O)O)CCC,163.4026703457103,207.14756033333333,0.53173,-0.65911,197.54400000000004,4.0679514574291575,-7.9802828936134995,-0.474022327571,7.506260566042499,2.380522103652177,2,0,1.7411,3,3,ok,False,-1.853619156946996,1.2728016727997231,1.2728016727997231,-4.348264595096787,0.6410262812027954,18.18,0.5,1.0,7.525536361315581e-59,5.892586999500938e-60,-0.5808174841472729,3.65355721785987,2.4824485263151033,1.4717554781621744,False,0.11462788410503456,6.754547796576269e-61
71295-20-0,O=C(O)C1=C(O)C=C(OC)C(=C1C(=O)O)CCCC,163.42583791480794,253.2663883333333,0.53755,-0.65844,237.2800000000001,3.306177281998048,-7.8142934448084995,-0.456607041139,7.3576864036695,2.324364993808705,2,1,2.1398,3,4,ok,False,-1.934483372473089,1.2728016727997231,1.2728016727997231,-4.42912881062288,0.5601620656767023,18.18,0.5,1.0,2.684349394971346e-59,2.0937556570845644e-60,-0.6616816996733659,3.658507571557318,2.4824485263151033,1.4737496196901747,False,0.11395656162972566,2.385971955741439e-61
2733408-22-3,O=CC(C=1C=CC=C(C(=O)O)C1C(=O)O)C,158.1740392200448,200.31882766666664,0.53262,-0.65865,191.68800000000005,5.224104073427328,-8.7900937127015,-0.599738926502,8.1903547861995,2.691243520391004,1,0,1.3854,2,3,ok,False,-1.9424354963361559,1.2728016727997231,1.2728016727997231,-4.437080934485947,0.5522099418136355,18.18,0.5,1.0,2.4250372530605893e-59,1.8907771669442855e-60,-0.6696338235364327,4.336678185143964,2.4824485263151033,1.7469357930982932,False,0.04727447994144239,8.93855072524449e-62
4371-39-5,O=C(O)C=1C=CC=CC1C=2C=CC=C(C(=O)O)C2C(=O)O,160.58904870927984,275.2905973333333,0.53513,-0.65282,237.72000000000008,5.099527635967865,-8.595532309594,-0.6985162542335,7.897016055360501,2.734556258377798,1,0,2.4482,3,3,ok,False,-2.0237892024032558,1.2728016727997231,1.2728016727997231,-4.518434640553047,0.47085623574653557,18.18,0.5,1.0,8.558050749997106e-60,6.646792216975516e-61,-0.7509875296035327,3.9596409095254996,2.4824485263151033,1.595054587255878,False,0.07853592336978395,5.220119642072655e-62
1344460-88-3,O=C(O)C1=CC=CC(=C1C(=O)O)CC(N)C(=O)O,164.77727315094012,217.537232,0.53502,-0.65617,212.5600000000001,3.182272661165288,-8.690227929568,-0.6057254312129999,8.084502498355,2.672234590297883,1,0,0.0373999999999999,4,4,ok,False,-2.065777552809159,1.2728016727997231,1.2728016727997231,-4.56042299095895,0.42886788534063225,18.18,0.5,1.0,4.991364298153012e-60,3.8689179830857915e-61,-0.792975880009436,3.7846356497308067,2.4824485263151033,1.5245575525985402,False,0.09785429120356973,3.785902269596047e-62
3001791-62-1,O=C(O)C1=CC=CC(=C1C(=O)O)CC(CC)CCC(O)C,161.76101912730792,288.406375,0.53493,-0.65805,280.92800000000005,4.373040249071577,-8.5185240899025,-0.588854372482,7.9296697174205,2.6149999121302194,1,0,2.8127000000000013,3,3,ok,False,-2.063402571597832,1.2728016727997231,1.2728016727997231,-4.5580480097476235,0.4312428665519592,18.18,0.5,1.0,5.146077736223666e-60,3.9892898429109874e-61,-0.790600898798109,3.8439846927851065,2.4824485263151033,1.5484650142941896,False,0.09092285306933012,3.6271761423796677e-62
84185-83-1,O=C(O)C=1C(O)=CC=C(C=2C=CC(=CC2)C)C1C(=O)O,162.07376168238153,278.7897786666666,0.53217,-0.65101,235.25600000000009,3.961257984529662,-7.658644322322499,-0.4963356633119999,7.162308659010499,2.321308035309072,2,0,2.7640200000000004,3,3,ok,False,-2.1420801104549394,1.2728016727997231,1.2728016727997231,-4.636725548604731,0.35256532769485194,18.18,0.5,1.0,1.8685251681119847e-60,1.4431053554779968e-61,-0.8692784376552163,3.820558495419339,2.4824485263151033,1.539028283938076,False,0.09361093655748642,1.3509044387741966e-62
113665-36-4,O=C(O)C1=CC=C(O)C(C(=O)O)=C1C(=O)O,163.2416647317163,186.6115726666667,0.54134,-0.65324,172.49600000000004,3.7318410858448954,-8.4635570921015,-0.8487230997095,7.614833992392,2.8470273435191187,2,0,0.4867999999999999,4,4,ok,False,-2.2389516114311476,1.2728016727997231,1.2728016727997231,-4.733597049580939,0.2556938267186437,18.18,0.5,1.0,5.3395776314852555e-61,4.105058210568579e-62,-0.9661499386314245,3.9733014533264166,2.4824485263151033,1.6005574380324838,False,0.07716694305368821,3.167747931670207e-63
1344470-12-7,O=C(O)C1=CC=CC(=C1C(=O)O)C(N)C(O)C,164.46936790608228,216.4408513333333,0.53549,-0.65677,209.3040000000001,5.148104735725566,-8.6007024727535,-0.6261339700005,7.974568502753001,2.6689378463531583,1,0,0.4636000000000001,4,4,ok,False,-2.27727758538407,1.2728016727997231,1.2728016727997231,-4.771923023533861,0.21736785276572146,18.18,0.5,1.0,3.247815677655874e-61,2.4924144139627854e-62,-1.0044759125843468,3.824041801355127,2.4824485263151033,1.5404314574173499,False,0.09320731483643427,2.3231125498509616e-63
706809-24-7,O=C(O)C=1C=C(C(OC)=C(C(=O)O)C1C(=O)O)C,159.59613159772863,215.5080903333333,0.53416,-0.64816,208.80000000000004,3.7650635200485,-8.663560772219,-0.6459982810870001,8.017562491132,2.702438860403414,2,1,1.09822,3,4,ok,False,-2.3050938548878577,1.2728016727997231,1.2728016727997231,-4.799739293037649,0.18955158326193366,18.18,0.5,1.0,2.262758637961486e-61,1.7342005062803879e-62,-1.0322921820881346,4.107952403968833,2.4824485263151033,1.6547986233843868,False,0.06467642719607333,1.1216189278783702e-63
706809-70-3,O=C(O)C=1C=C(C(O)=C(C(=O)O)C1C(=O)O)C,163.89239830970885,204.9543123333333,0.54098,-0.65598,189.01600000000005,3.892682955237943,-8.2850504061735,-0.7855926863935,7.49945771978,2.74275051567152,2,1,0.79522,4,4,ok,False,-2.3435746987173225,1.2728016727997231,1.2728016727997231,-4.838220136867114,0.15107073943246885,18.18,0.5,1.0,1.3714171062150936e-61,1.0491711722079e-62,-1.0707730259175994,3.886355756495116,2.4824485263151033,1.5655332689874317,False,0.08621643861476741,9.045580196504598e-64
87998-51-4,O=C(O)C1=C(OC)C2=C(OC)C=3C(OC)=C(C(=O)O)C(C(=O)O)=C(OC)C3C(OC)=C2C(OC)=C1C(=O)O,160.3799067614314,528.846942,0.53264,-0.64936,433.9680000000001,4.1558599278609,-7.008020105777,-1.520027968893,5.487992136884,3.3130333530860505,2,2,2.8374000000000006,4,10,ok,False,-2.3228468898665824,1.2728016727997231,1.2728016727997231,-4.817492328016374,0.17179854828320895,18.18,0.5,1.0,1.7962169322742685e-61,1.3754913367189984e-62,-1.0500452170668593,4.395107675584178,2.4824485263151033,1.7704728331701556,False,0.04351828636588635,5.9859025885133184e-64
325818-19-7,O=C(O)C=1C=C(C=C(C1C(=O)O)C(C)(C)C)C(C)(C)C,158.40591167605203,288.081694,0.53291,-0.65763,270.5040000000001,3.027977381025162,-8.4532167657825,-0.4236812652285,8.029535500554,2.4534208313647223,1,1,3.6780000000000026,2,2,ok,False,-2.339613372103745,1.2728016727997231,1.2728016727997231,-4.834258810253536,0.15503206604604625,18.18,0.5,1.0,1.4440248389671122e-61,1.104923277830172e-62,-1.066811699304022,4.332318644687425,2.4824485263151033,1.745179647740061,False,0.04756528916932812,5.255599521991401e-64
2547742-09-4,O=C(O)C=1C=CC=C(C#CCC(N)C)C1C(=O)O,160.26953708633434,249.29522800000004,0.53641,-0.65251,223.27200000000005,5.250409611639839,-8.088312092262,-0.718924793021,7.369387299241,2.6314067372153978,1,0,1.1718,3,3,ok,False,-2.426224442002912,1.2728016727997231,1.2728016727997231,-4.920869880152703,0.06842099614687935,18.18,0.5,1.0,4.66390740976902e-62,3.554241241235824e-63,-1.1534227692031889,4.039056943602558,2.4824485263151033,1.6270455966303774,False,0.07084383202010988,2.5179606945305755e-64
2997443-61-3,O=C(O)C1=CC=CC(=C1C(=O)O)CC(CC)CCCC,157.6897518085835,282.96411900000004,0.53328,-0.65847,272.49600000000004,2.4440488006584484,-8.532401896278,-0.5483094087575,7.984092487520499,2.581987806826111,1,0,3.841900000000003,2,2,ok,False,-2.4556616380829563,1.2728016727997231,1.2728016727997231,-4.950307076232748,0.038983800066834995,18.18,0.5,1.0,3.173022340557843e-62,2.4147566059211105e-63,-1.1828599652832332,4.447578392090929,2.4824485263151033,1.7916095117157675,False,0.04036207621322299,9.746459016457154e-65
2631647-72-6,O=C(O)C=1C=CC=C(C#CCC(O)C)C1C(=O)O,160.04610616434883,241.503868,0.53653,-0.65282,219.64800000000005,5.357246524101724,-8.161782831897,-0.7289930054895001,7.432789826407499,2.6586886228713995,1,0,1.2054,3,3,ok,False,-2.4975243083719096,1.2728016727997231,1.2728016727997231,-4.992169746521701,-0.0028788702221183016,18.18,0.5,1.0,1.833116021172484e-62,1.3923324302317835e-63,-1.2247226355721865,4.075832237074537,2.4824485263151033,1.6418597178829002,False,0.06749489367621121,9.3975329340435e-65
1005516-45-9,O=C(O)C1=CC=CC(=C1C(=O)O)N2CCC(O)(C=3C=CC=CC3)CC2,161.9616954336064,344.479631,0.53493,-0.66124,303.1600000000001,5.129550920889664,-7.6216368386545,-0.6427329148809999,6.9789039237735,2.446652374396876,1,0,2.5710000000000006,3,4,ok,False,-2.594622930749777,1.2728016727997231,1.2728016727997231,-5.089268368899568,-0.09997749259998567,18.18,0.5,1.0,5.113289733679373e-63,3.866290544240433e-64,-1.321821257950054,3.88467097952048,2.4824485263151033,1.5648545934955629,False,0.08639980165934771,3.3404673617978493e-65
1005516-41-5,O=C(O)C1=CC=CC(=C1C(=O)O)N2CCCC(O)C2,162.06417487063263,247.145996,0.53536,-0.66258,232.0480000000001,4.291261033775503,-7.602588869119501,-0.6522568996485001,6.950331969471001,2.4510512219221874,1,0,1.0440999999999998,3,4,ok,False,-2.622037901396375,1.2728016727997231,1.2728016727997231,-5.116683339546166,-0.1273924632465837,18.18,0.5,1.0,3.561960085990275e-63,2.6898720925908832e-64,-1.349236228596652,3.8810491810775005,2.4824485263151033,1.5633956313440471,False,0.08679503146805138,2.3346753292145895e-65
744958-76-7,O=C(O)C=1C=CC=C(NC=2C=CC=CC2)C1C(=O)O,161.87212181579343,269.61457966666666,0.53286,-0.6555,222.46400000000008,2.7395262619657434,-7.144077031027,-0.568173719844,6.575903311183,2.261241111284303,1,0,2.826600000000001,3,3,ok,False,-2.7061400673651193,1.2728016727997231,1.2728016727997231,-5.200785505514911,-0.2114946292153279,18.18,0.5,1.0,1.1715622087162045e-63,8.81293069171158e-65,-1.4333383945653961,3.906608039507357,2.4824485263151033,1.573691457484618,False,0.0840364367497311,7.406072926537841e-66
4741-50-8,O=C(O)C1=CC(OC)=C(OC)C(=C1C(=O)O)C(C)C,158.26130900005006,248.552325,0.534,-0.65945,238.92800000000005,3.311464055368864,-8.008310620215001,-0.4693963921125,7.538914228102501,2.383351037439662,1,2,2.2236,2,4,ok,False,-2.7146506771717966,1.2728016727997231,1.2728016727997231,-5.209296115321588,-0.2200052390220053,18.18,0.5,1.0,1.0466253142771812e-63,7.870019755616611e-65,-1.4418490043720735,4.409755822421117,2.4824485263151033,1.776373518192085,False,0.04261696454878626,3.353963529233606e-66
67389-67-7,O=C(O)C1=CC=CC(=C1C(=O)O)N(CC=C)CC=C,157.36684895481733,263.4715336666667,0.53425,-0.65383,240.4000000000001,1.6802697997643117,-7.7043594492065,-0.5657246951895,7.138634754017,2.39521610616455,1,0,2.2614,2,3,ok,False,-2.7690557676181733,1.2728016727997231,1.2728016727997231,-5.263701205767965,-0.27441032946838195,18.18,0.5,1.0,5.0846504427227775e-64,3.813799541576831e-65,-1.4962540948184502,4.508482528885493,2.4824485263151033,1.8161434088535942,False,0.03694308176266289,1.408935082908791e-66
2548436-37-7,O=C(O)C=1C=CC=C(C#CCC(N)CC)C1C(=O)O,159.34910103576442,265.83197633333333,0.53606,-0.65207,239.8400000000001,1.928361680287181,-8.124231120528,-0.7137546298615,7.4104764906665,2.63512043464639,1,0,1.5619,3,3,ok,False,-2.8710847747738555,1.2728016727997231,1.2728016727997231,-5.365730212923647,-0.37643933662406415,18.18,0.5,1.0,1.3066158732987652e-64,9.75465343288802e-66,-1.5982831019741324,4.198751849969424,2.4824485263151033,1.69137519084916,False,0.057225822725359914,5.582180680977734e-67
1804039-12-0,O=C(O)C1=CC=CC(=C1C(=O)O)C(Br)C(=O)C,154.44842259981974,227.95677666666663,0.53322,-0.64999,211.45600000000005,2.9835267771548493,-8.822747374761502,-0.759197642895,8.063549731866502,2.846564893081517,1,0,2.108,2,3,ok,False,-2.921850542300822,1.2728016727997231,1.2728016727997231,-5.416495980450613,-0.42720510415103075,18.18,0.5,1.0,6.6296992328324145e-65,4.937984930790846e-66,-1.649048869501099,4.921731309745126,2.4824485263151033,1.9826116262119824,False,0.019628967691389502,9.692754666706174e-68
1005516-37-9,O=C(O)C1=CC=CC(=C1C(=O)O)N2CCCCC2,159.8750513192011,248.6849543333333,0.53169,-0.66648,222.6080000000001,6.907486825177447,-7.0746879991495,-0.3861295538595,6.68855844529,2.080560370915386,1,0,2.0733,2,3,ok,False,-3.099823797841834,1.2728016727997231,1.2728016727997231,-5.5944692359916255,-0.6051783596920428,18.18,0.5,1.0,6.068274981975147e-66,4.483380070615742e-67,-1.827022125042111,4.396433412741033,2.4824485263151033,1.7710068773377592,False,0.04343605772864731,1.947403555667322e-68
2551177-31-0,O=C(O)C=1C=CC=C(C#CCNN)C1C(=O)O,162.47944558969823,227.22842766666668,0.53581,-0.65409,202.8640000000001,2.823215765753656,-8.209674869585001,-0.7104892636555,7.499185605929501,2.6525989735817417,1,0,-0.1022,4,4,ok,False,-3.180423435540611,1.2728016727997231,1.2728016727997231,-5.675068873690402,-0.6857779973908196,18.18,0.5,1.0,2.0417510638559394e-66,1.503004037107e-67,-1.9076217627408878,4.110958861573911,2.4824485263151033,1.65600970896107,False,0.06441761514525408,9.681993562412191e-69
84185-82-0,O=C(O)C=1C(O)=CC=C(C=2C=CC(=CC2)NC(=O)C)C1C(=O)O,163.97644888830757,315.7261766666667,0.53207,-0.6529,266.27200000000005,4.9969445334123925,-7.478232839441,-0.5107576973885,6.967475142052501,2.290068084073201,2,0,2.414,4,4,ok,False,-3.2092311996065668,1.2728016727997231,1.2728016727997231,-5.703876637756358,-0.7145857614567754,18.18,0.5,1.0,1.381976563199573e-66,1.0159998384103203e-67,-1.9364295268068437,4.037692482035211,2.4824485263151033,1.6264959531824332,False,0.07097063452619012,7.210615321048706e-69
1344594-19-9,O=C(O)C1=CC=CC(=C1C(=O)O)C(N)CCO,162.93624913096954,216.157551,0.53451,-0.65467,209.22400000000005,6.551092310447166,-8.405868955795501,-0.5548401411695,7.851028814626002,2.556808458365602,1,0,0.4651999999999999,4,4,ok,False,-3.2173731158084173,1.2728016727997231,1.2728016727997231,-5.712018553958209,-0.722727677658626,18.18,0.5,1.0,1.2375257243636815e-66,9.09468816433131e-68,-1.9445714430086942,4.068423778263422,2.4824485263151033,1.638875382565337,False,0.06815896921609854,6.198845706226735e-69
14597-16-1,O=C(O)C1=C(O)C=C2C(=O)C3=C(O)C(O)=C(C(O)=C3C(=O)C2=C1C(=O)O)C4=CC(=CC=C4O)CCN,167.77460065055922,512.103611,0.53535,-0.64526,393.9440000000001,4.049068842338939,-7.661365460827501,-2.161128200671,5.500237260156501,4.385328176162758,2,1,1.5546,8,10,ok,False,-2.93526110971853,1.2728016727997231,1.2728016727997231,-5.429906547868321,-0.4406156715687386,18.18,0.5,1.0,5.5404034747448035e-65,4.124121373199159e-66,-1.6624594369188068,6.493790050635764,2.4824485263151033,2.6158810471994016,False,0.001067075390017625,4.400748422786515e-69
1005516-70-0,O=C(O)C=1C(F)=CC=C(C1C(=O)O)N2CCC(O)CC2,159.6845012443207,248.31720100000004,0.53419,-0.64926,236.69600000000003,2.148944326873081,-7.4393205588195,-0.552935344216,6.8863852146035,2.318929032758285,2,0,1.1832,3,4,ok,False,-3.284788631053795,1.2728016727997231,1.2728016727997231,-5.779434069203586,-0.7901431929040035,18.18,0.5,1.0,4.953070852098566e-67,3.629030568895036e-68,-2.011986958254072,4.224933365872667,2.4824485263151033,1.701921840910866,False,0.05521404318278548,2.0037345054261907e-69
91136-83-3,O=C(O)C=1C=C(C(C(=O)O)=C(C(=O)O)C1C(=O)O)C,158.67372020569064,217.2996336666667,0.53743,-0.64636,211.04000000000005,2.273184772516304,-8.971593650985,-1.0560738537905,7.9155197971944995,3.175853202400236,2,1,0.78782,4,4,ok,False,-3.354144367355282,1.2728016727997231,1.2728016727997231,-5.848789805505073,-0.8594989292054906,18.18,0.5,1.0,1.9252286376075222e-67,1.4062000042871103e-68,-2.081342694555559,4.66592080895864,2.4824485263151033,1.8795639706111609,False,0.029224124782934506,4.109496439504955e-70
99595-55-8,O=C(O)C=1C(N)=CC=C(N)C1C(=O)O,169.1025303363783,191.07099433333332,0.52734,-0.69874,161.00000000000003,3.5327110085598568,-6.837132607663,-0.771714880018,6.065417727644999,2.3862560952280853,2,0,0.2473999999999999,4,4,ok,False,-3.4289517140208723,1.2728016727997231,1.2728016727997231,-5.923597152170664,-0.934306275871081,18.18,0.5,1.0,6.924540596818985e-68,5.040839430518814e-69,-2.1561500412211494,4.067133260890623,2.4824485263151033,1.6383555259160978,False,0.06827518996333672,3.441642696933501e-70
1344588-40-4,O=C(O)C1=CC=CC(=C1C(=O)O)C(N)CCO,164.02394420459385,216.58460533333331,0.53331,-0.66743,209.47200000000004,3.4330623778195464,-8.556347915122,-0.510485583538,8.045862331584,2.554339929783475,1,0,0.4651999999999999,4,4,ok,False,-3.529503442785252,1.2728016727997231,1.2728016727997231,-6.024148880935043,-1.0348580046354607,18.18,0.5,1.0,1.7422607208028074e-68,1.2626404258935842e-69,-2.256701769985529,3.97394206150324,2.4824485263151033,1.6008154930012102,False,0.07710321943786384,9.735364182879089e-71
927672-65-9,O=C(O)C=1C=CC=C(NC2=CC=C(C=C2)C3CCCCC3)C1C(=O)O,160.54233134784397,368.0290033333333,0.53235,-0.65709,311.19200000000006,2.9879880103507777,-7.025163278358501,-0.5488536364585,6.4763096419,2.2144452395695,1,0,4.874300000000003,3,3,ok,False,-3.631334643028506,1.2728016727997231,1.2728016727997231,-6.125980081178297,-1.1366892048787145,18.18,0.5,1.0,4.280123501512033e-69,3.0878874862180755e-70,-2.358532970228783,4.176412088384854,2.4824485263151033,1.6823761073444035,False,0.058989880510203846,1.82154113840958e-71
18019-70-0,O=C(O)C1=CC=CC(=C1C(=O)O)[Si](C)(C)C,155.22293078616067,233.73041366666664,0.53379,-0.65827,218.6080000000001,2.3299833733312347,-8.7563515952395,-0.558377621226,8.1979739740135,2.6459031417734145,1,0,1.6282,2,2,ok,False,-3.5815830393591153,1.2728016727997231,1.2728016727997231,-6.076228477508907,-1.086937601209324,18.18,0.5,1.0,8.504761510904735e-69,6.149283033945122e-70,-2.3087813665593924,4.90504140733501,2.4824485263151033,1.9758884646909296,False,0.020158379420486004,1.2395958056222308e-71
1344625-62-2,O=C(O)C1=CC=CC(=C1C(=O)O)C(N)C(O)C,162.1774855203022,216.6960733333333,0.53355,-0.66204,209.12800000000004,3.511116057609033,-8.624376377747,-0.5613708735815,8.063005504165499,2.616206590758801,1,0,0.4636000000000001,4,4,ok,False,-3.97678172849119,1.2728016727997231,1.2728016727997231,-6.471427166640981,-1.4821362903413986,18.18,0.5,1.0,3.488525476284504e-71,2.478893191387934e-72,-2.703980055691467,4.167091131092663,2.4824485263151033,1.6786213639153313,False,0.05973903119239974,1.4808667768295114e-73
706807-33-2,O=C(O)C=1C(OC)=C(C(=O)O)C(C(=O)O)=C(C(=O)O)C1OC,158.53176069041172,245.07303766666664,0.53598,-0.64281,245.7040000000001,3.1805423279686127,-8.924790068699,-0.7572928459415,8.1674972227575,2.869383576426983,2,2,0.4965999999999997,4,6,ok,False,-3.944010534257206,1.2728016727997231,1.2728016727997231,-6.438655972406997,-1.4493650961074147,18.18,0.5,1.0,5.522918087388372e-71,3.9301162038944404e-72,-2.671208861457483,4.724149108450332,2.4824485263151033,1.9030199653173732,False,0.02674293404465878,1.0510283842859376e-73
1257323-85-5,O=C(O)C1=CC=C(C=C1C(=O)O)C(NC(=O)OC(C=2C=CC=CC2N(=O)=O)C)C(=O)O,157.28263510133442,376.4149076666667,0.53262,-0.66037,353.16800000000006,4.685796927951532,-8.8396184334925,-1.4574417832780002,7.3821766502145,3.590724461487822,0,1,2.6043000000000003,4,7,ok,False,-4.022393286889059,1.2728016727997231,1.2728016727997231,-6.517038725038851,-1.527747848739268,18.18,0.5,1.0,1.838481182927071e-71,1.3038043269136743e-72,-2.7495916140893364,4.903052993794375,2.4824485263151033,1.9750874758609271,False,0.02022227544594502,2.636589022646327e-74
1344553-85-0,O=C(O)C1=CC=CC(=C1C(=O)O)C(N)(C)CCO,161.01034353708363,233.8993713333333,0.53347,-0.65157,225.25600000000009,3.188193949558276,-8.538660514839501,-0.4778319214779999,8.060828593361501,2.5213641163739355,1,0,0.6393,4,4,ok,False,-4.1052699430131625,1.2728016727997231,1.2728016727997231,-6.599915381162954,-1.6106245048633712,18.18,0.5,1.0,5.722364130737406e-72,4.043575229423378e-73,-2.8324682702134396,4.380981141974149,2.4824485263151033,1.7647822686084813,False,0.044402635393548,1.795453965984685e-74
444288-03-3,O=C(O)C=1C=CC=C(NCCOCC=2C=CC=CC2)C1C(=O)O,160.5117571350199,324.44560099999995,0.53169,-0.66975,280.61600000000004,3.3938790211202288,-7.234418829392999,-0.644909825685,6.589509003708,2.355403870751141,1,0,2.7117000000000004,3,4,ok,False,-4.169574685020677,1.2728016727997231,1.2728016727997231,-6.664220123170469,-1.674929246870886,18.18,0.5,1.0,2.3068276613374854e-72,1.625534204321227e-73,-2.8967730122209545,4.260570935040238,2.4824485263151033,1.7162776548541547,False,0.052570035516256865,8.545439085405725e-75
2588246-75-5,O=C(O)C=1C=CC=C(C#CCCC#C)C1C(=O)O,152.98883840812886,245.73785566666663,0.53631,-0.65039,216.92000000000004,5.3650306243301165,-8.191171127751,-0.719469020722,7.471702107028999,2.6566740321754763,1,0,1.8479,2,2,ok,False,-4.188067866844072,1.2728016727997231,1.2728016727997231,-6.682713304993864,-1.693422428694281,18.18,0.5,1.0,1.7755801080105341e-72,1.2501845677818502e-73,-2.9152661940443494,5.244187649283928,2.4824485263151033,2.112506097787371,False,0.01153139442465057,1.441637135470381e-75
475-60-5,O=C(O)C1=C(O)C=C(C(C(=O)O)=C1C(=O)O)C,160.15188289850138,200.5928103333333,0.53402,-0.65243,191.48000000000005,4.416647740085233,-8.3879094416625,-0.56055453203,7.827354909632501,2.55753726555604,2,1,0.79522,4,4,ok,False,-4.526561591762576,1.2728016727997231,1.2728016727997231,-7.021207029912367,-2.0319161536127845,18.18,0.5,1.0,1.4207599584594072e-74,9.859373648853621e-76,-3.253759918962853,4.4903010383922135,2.4824485263151033,1.8088193937529597,False,0.03793702999316,3.7403535383033116e-77
2570239-87-9,O=C(O)C=1C=CC=C(C#CCC(C(=O)O)C)C1C(=O)O,155.88815832908537,258.13957566666664,0.53684,-0.65123,239.04000000000005,5.710885845470911,-8.1968855186115,-0.752122682782,7.444762835829501,2.689298153434226,1,0,1.5453,3,3,ok,False,-4.500210902208149,1.2728016727997231,1.2728016727997231,-6.9948563403579405,-2.005565464058358,18.18,0.5,1.0,2.074200975287318e-74,1.4410102196761841e-75,-3.2274092294084262,4.817736267999153,2.4824485263151033,1.9407195021080674,False,0.023135381054184345,3.3338320535182412e-77
23241-56-7,O=C(O)C1=C(O)C=C2C(=O)C3=C(O)C(O)=C(C(O)=C3C(=O)C2=C1C(=O)O)C4=CC(=CC=C4O)CC(N)C(=O)O,170.19669509855646,526.605009,0.53506,-0.64584,423.3520000000001,15.229122812558836,-7.654562614565,-1.9975877765205,5.6569748380445,4.117218559360646,2,1,1.0078000000000005,9,11,ok,False,-4.225957965978708,1.2728016727997231,1.2728016727997231,-6.720603404128499,-1.7313125278289165,18.18,0.5,1.0,1.0378865766667989e-72,7.295808939936752e-74,-2.953156293178985,7.017014485838624,2.4824485263151033,2.826650547415192,False,0.00033884990145550373,2.4721841403357514e-77
1344454-49-4,O=C(O)C1=CC=CC(=C1C(=O)O)C(N)CO,160.54493195244947,200.08966266666667,0.53429,-0.65867,192.44800000000004,3.1746614465167777,-8.483421403188,-0.612800391326,7.870621011862,2.628167803096165,1,0,0.0751,4,4,ok,False,-4.574236105499061,1.2728016727997231,1.2728016727997231,-7.068881543648852,-2.0795906673492697,18.18,0.5,1.0,7.157110544372229e-75,4.9566187516059854e-76,-3.301434432699338,4.388365999657891,2.4824485263151033,1.7677570967289675,False,0.04393846471884486,2.1778621814220444e-77
2528487-94-5,O=C(O)C=1C=CC=C(C#CCOC(C)C)C1C(=O)O,152.3476806155187,257.356816,0.53638,-0.65179,237.11200000000005,2.225726326393252,-8.250219833309501,-0.73470739635,7.515512436959501,2.685409611102204,1,0,1.8595,2,3,ok,False,-4.550615910547613,1.2728016727997231,1.2728016727997231,-7.045261348697404,-2.0559704723978216,18.18,0.5,1.0,1.0054242231763143e-74,6.970008646261508e-76,-3.27781423774789,5.374583015794306,2.4824485263151033,2.1650330143087513,False,0.009210897794658906,6.420003726860362e-78
1344546-03-7,O=C(O)C1=CC=CC(=C1C(=O)O)CC(N)CC(=O)O,160.5238504235691,234.019942,0.53394,-0.65909,229.34400000000005,6.005167104252804,-8.575395884656999,-0.5621872151330001,8.013208669523998,2.604931069095934,1,0,0.4274999999999998,4,4,ok,False,-4.671830806498793,1.2728016727997231,1.2728016727997231,-7.166476244648584,-2.1771853683490017,18.18,0.5,1.0,1.7508548555261964e-75,1.2075365372525241e-76,-3.39902913369907,4.397883862670328,2.4824485263151033,1.771591159313365,False,0.043346243451700475,5.234217272057129e-78
1215122-34-1,O=C(O)C=1C(C(=O)O)=C(C(=O)O)C(=C(C(=O)O)C1C(=O)O)C,158.24221476272945,241.621293,0.53858,-0.6404,238.3280000000001,1.648772840630267,-9.132412936630502,-1.162470369336,7.969942567294502,3.3245102266604416,2,2,0.4860200000000004,5,5,ok,False,-4.663365526743167,1.2728016727997231,1.2728016727997231,-7.158010964892958,-2.1687200885933757,18.18,0.5,1.0,1.9787498043634241e-75,1.3652011844990602e-76,-3.390563853943444,5.427384943875825,2.4824485263151033,2.1863031141806295,False,0.008396659699197926,1.1463129767180532e-78
927673-21-0,O=C(O)C1=CC=CC(=C1C(=O)O)CNC(=O)N,159.83082685153994,207.3515393333333,0.53435,-0.65709,198.68800000000005,7.186081003579072,-8.536211490185,-0.607902342017,7.928309148168,2.6365904827131046,1,0,0.2513000000000002,4,3,ok,False,-4.8203740884350275,1.2728016727997231,1.2728016727997231,-7.315019526584819,-2.325728650285236,18.18,0.5,1.0,2.030736516525112e-76,1.3918154304899017e-77,-3.5475724156353046,4.494945798075208,2.4824485263151033,1.8106904334276028,False,0.037680979073552084,5.244496811053687e-79
1585-40-6,O=C(O)C=1C=C(C(=O)O)C(C(=O)O)=C(C(=O)O)C1C(=O)O,155.9023997526738,225.56609100000003,0.53974,-0.63965,221.6800000000001,5.774793525313265,-9.469017769699,-1.374174945025,8.094842824674,3.6311646438106937,2,1,0.1776,5,5,ok,False,-5.08299827579188,1.2728016727997231,1.2728016727997231,-7.577643713941671,-2.5883528376420886,18.18,0.5,1.0,4.356007632416268e-78,2.9528744747686e-79,-3.810196602992157,5.827869905796665,2.4824485263151033,2.3476297067264627,False,0.004040587244978331,1.1931346938772092e-81
1344469-51-7,O=C(O)C1=CC=CC(=C1C(=O)O)C(N)(C)CO,161.66390344562603,217.58799033333327,0.53294,-0.67103,208.87200000000004,2.9024418616055,-8.373487407586,-0.4364706162019999,7.937016791384,2.4447271065736444,1,0,0.2492000000000002,4,4,ok,False,-5.290886306901051,1.2728016727997231,1.2728016727997231,-7.785531745050842,-2.7962408687512594,18.18,0.5,1.0,2.019353057121653e-79,1.357149961334693e-80,-4.018084634101328,4.379801561994824,2.4824485263151033,1.764307100657637,False,0.044477157089777036,6.036217202466797e-82
92439-37-7,O=C(O)C=1C=CC(C=2C=CC=CC2)=C(C(=O)O)C1C(=O)O,153.37394830745575,279.63574066666666,0.53415,-0.64661,237.89600000000004,2.4954812161184465,-8.263009184283,-0.8571586290750001,7.405850555208,2.8078294425384582,2,0,2.4482,3,3,ok,False,-5.211444832487032,1.2728016727997231,1.2728016727997231,-7.706090270636824,-2.716799394337241,18.18,0.5,1.0,6.550857994618273e-79,4.4171229814328964e-80,-3.9386431596873095,5.255999767192697,2.4824485263151033,2.117264350691129,False,0.01130162983241282,4.992068886039828e-82
80347-30-4,O=C(O)C=1C(OC)=C(C(=O)O)C(C(=O)O)=C(C(=O)O)C1C(=O)O,156.5840782219921,247.369507,0.53829,-0.63838,248.0480000000001,4.581886304787582,-9.1247937488165,-1.20274321921,7.9220505296065,3.3658589852257563,2,2,0.1861999999999999,5,6,ok,False,-5.294381530667753,1.2728016727997231,1.2728016727997231,-7.789026968817544,-2.7997360925179615,18.18,0.5,1.0,1.9172865314314366e-79,1.288368155495294e-80,-4.02157985786803,5.704308239064774,2.4824485263151033,2.297855596438946,False,0.005091716160487695,6.560004957993112e-83
114473-23-3,O=C(O)C=1C=CC=C(NS(=O)(=O)C=2C=CC=CC2)C1C(=O)O,154.1719820620406,292.70717933333333,0.53583,-0.6601,255.7680000000001,8.293137684857282,-8.594988081893,-0.870220093899,7.724767987993999,2.899445198558801,1,0,1.8838,3,4,ok,False,-5.493078909491647,1.2728016727997231,1.2728016727997231,-7.987724347641438,-2.9984334713418557,18.18,0.5,1.0,9.9265075854388e-81,6.616130952997221e-82,-4.220277236691924,5.109980943122504,2.4824485263151033,2.058443866591529,False,0.014448117468485521,9.55906371957869e-84
1344511-89-2,O=C(O)C1=CC=CC(=C1C(=O)O)C(N)(C)CO,160.97353139485597,217.53211166666668,0.53291,-0.67097,208.8400000000001,3.2973365645623742,-8.4325361131445,-0.4449061455675,7.987629967577001,2.4665946399828,1,0,0.2492000000000002,4,4,ok,False,-5.595849018703014,1.2728016727997231,1.2728016727997231,-8.090494456852806,-3.1012035805532223,18.18,0.5,1.0,2.1260217399607326e-81,1.4110836704691322e-82,-4.323047345903291,4.479178586180885,2.4824485263151033,1.8043389575652906,False,0.03855617254899706,5.440598547967997e-84
1028542-93-9,O=C(O)C1=C(OCC)C2=CC=C(C=C2C(OCC)=C1C(=O)O)C,152.3134151761172,330.06005466666664,0.53223,-0.65585,283.66400000000004,5.067283648070236,-7.5253085355775005,-0.6266781977015,6.898630337876001,2.408263830817808,2,2,3.342020000000001,2,4,ok,False,-5.534998157103171,1.2728016727997231,1.2728016727997231,-8.029643595252963,-3.04035271895338,18.18,0.5,1.0,5.298628488757914e-81,3.525549075571728e-82,-4.262196484303448,5.4944907653081385,2.4824485263151033,2.213335224099913,False,0.007455130586830299,2.6283428748666073e-84
93305-71-6,O=C(O)C1=CC=CC(=C1C(=O)O)C(C(=O)O)(C)C,154.345817894731,222.950298,0.53262,-0.65523,215.2800000000001,3.801736512437442,-8.801250380572,-0.575248679957,8.226001700615,2.671976551668113,1,0,1.4452,3,3,ok,False,-5.63010716348353,1.2728016727997231,1.2728016727997231,-8.124752601633322,-3.1354617253337382,18.18,0.5,1.0,1.2701485959138689e-81,8.418480946309366e-83,-4.357305490683807,5.10659555875475,2.4824485263151033,2.0570801386705395,False,0.014529434859188924,1.2231577052272506e-84
325780-76-5,O=C(O)C1=C(OCC)C=2C=CC=CC2C(OCC)=C1C(=O)O,151.67176444977432,309.36734466666667,0.53191,-0.65501,267.09600000000006,5.250387681876453,-7.6689846486415005,-0.689536497167,6.9794481514745,2.502521482667938,2,2,3.0336000000000007,2,4,ok,False,-5.581219970575624,1.2728016727997231,1.2728016727997231,-8.075865408725416,-3.086574532425833,18.18,0.5,1.0,2.6485183036378537e-81,1.7589237663468633e-82,-4.308418297775901,5.583444056014256,2.4824485263151033,2.249168108352365,False,0.006353450806249206,1.1175235621427369e-84
128298-23-7,O=C(O)C=1C(C(=O)O)=C(C(C(=O)O)=C(C(=O)O)C1C(F)(F)F)C(F)(F)F,149.29017126709533,227.044376,0.54056,-0.62598,256.72800000000007,4.640252459726733,-9.716641373654,-1.4190737303575,8.297567643296501,3.736159685841526,2,2,2.5170000000000003,4,4,ok,False,-5.500398344136972,1.2728016727997231,1.2728016727997231,-7.995043782286763,-3.0057529059871806,18.18,0.5,1.0,8.89664858381799e-81,5.927942672685641e-82,-4.227596671337249,6.692120335498283,2.4824485263151033,2.6957740571692463,False,0.0006980653972142391,4.1380916564715405e-85
1344447-66-0,O=C(O)C1=CC=CC(=C1C(=O)O)C(N)(C(=O)O)C,159.1058599605497,218.040253,0.5334,-0.66356,210.74400000000009,4.61263270920198,-8.600430358903001,-0.5200095683054999,8.0804207905975,2.573579601281759,1,0,0.3414999999999999,4,4,ok,False,-5.803416618408733,1.2728016727997231,1.2728016727997231,-8.298062056558525,-3.3087711802589412,18.18,0.5,1.0,9.274639343989612e-83,6.104132615683991e-84,-4.53061494560901,4.649115605111246,2.4824485263151033,1.8727943624322796,False,0.02997598481813773,1.8297738661564267e-85
2620090-92-6,O=C(O)C=1C=CC=C(C#CCOC(C)CO)C1C(=O)O,153.0741320657737,262.1785823333333,0.53669,-0.64998,245.40800000000007,2.386002812236398,-8.248315036356,-0.744503494968,7.503811541388001,2.6943235678052986,1,0,0.8318999999999999,3,4,ok,False,-5.882508839550564,1.2728016727997231,1.2728016727997231,-8.377154277700356,-3.3878634014007725,18.18,0.5,1.0,2.792185332707066e-83,1.8318303363363107e-84,-4.609707166750841,5.342415041544205,2.4824485263151033,2.152074850661407,False,0.009740857142892472,1.7843597616268673e-86
1344503-70-3,O=C(O)C1=CC=CC(=C1C(=O)O)C(N)(C(=O)O)C,156.4487510116137,217.96489466666665,0.53359,-0.64958,211.4480000000001,2.521677031263124,-8.730772893292501,-0.6057254312129999,8.125047462079502,2.6821443619353307,1,0,0.3414999999999999,4,4,ok,False,-5.970218071254195,1.2728016727997231,1.2728016727997231,-8.464863509403987,-3.4755726331044032,18.18,0.5,1.0,7.342345534439273e-84,4.800030597841493e-85,-4.697416398454472,5.080544313515878,2.4824485263151033,2.046585965291831,False,0.015168807264564337,7.281073900266914e-87
134960-68-2,O=C(O)C1=CC=C2C(=C1C(=O)O)C(C=3C=CC=CC3)(C)CC2(C)C,151.09044255564095,349.0946303333333,0.53348,-0.65403,299.4240000000001,3.37222685773066,-8.1223263235745,-0.5238191622125,7.598507161362,2.459556534391529,1,1,4.070300000000003,2,2,ok,False,-5.926144649262298,1.2728016727997231,1.2728016727997231,-8.42079008741209,-3.4314992111125067,18.18,0.5,1.0,1.4374535456551065e-83,9.413953911364375e-85,-4.653342976462575,5.695328445603947,2.4824485263151033,2.294238283384662,False,0.005177001243073292,4.873605110136805e-87
1344467-49-7,O=C(O)C1=CC=CC(=C1C(=O)O)C2CNCC2,154.3738459110624,223.50052,0.53366,-0.65605,207.49600000000004,1.9624759463494068,-8.002868343205,-0.537152740887,7.465715602317999,2.442229385689818,1,0,1.1599,3,3,ok,False,-6.241201406297051,1.2728016727997231,1.2728016727997231,-8.735846844446844,-3.74655596814726,18.18,0.5,1.0,1.149621091909693e-85,7.434722450234984e-87,-4.968399733497328,5.154182650693173,2.4824485263151033,2.076249556055826,False,0.013422643039586846,9.979362554790667e-89
36752-26-8,O=C(O)C=1C(O)=C(C(=O)O)C(C(=O)O)=C(C(=O)O)C1C(=O)O,156.24381112882705,236.544492,0.5384,-0.64025,228.1440000000001,4.359624874917565,-8.7677803769605,-1.3782566527825,7.389523724178,3.4827030554113048,2,2,-0.1168000000000001,6,6,ok,False,-7.173441443474946,1.2728016727997231,1.2728016727997231,-9.668086881624738,-4.678796005325155,18.18,0.5,1.0,5.0123051189628526e-92,3.1257587342113025e-93,-5.900639770675223,6.442764379640394,2.4824485263151033,2.595326473578046,False,0.0011877203225867268,3.712527172125727e-96
1010100-33-0,O=C(O)C1=CC=CC(=C1C(=O)O)CN(C(=O)OC(C)(C)C)C,147.3345463536651,282.69850033333336,0.53427,-0.65796,278.8960000000001,3.944005919113205,-8.427910177686,-0.5684458336945,7.8594643439915,2.574425493302728,1,0,2.4499000000000004,2,4,ok,False,-7.888427335266893,1.2728016727997231,1.2728016727997231,-10.383072773416686,-5.393781897117102,18.18,0.5,1.0,4.6166200806049576e-97,2.8022335468653485e-98,-6.6156256624671705,6.396755753908322,2.4824485263151033,2.5767929067208244,False,0.0013072080389541023,3.6631022194892507e-101
1005516-72-2,O=C(O)C1=C(C(=O)O)C(=CC=C1N2CCC(O)CC2)C,152.35835349016796,268.123063,0.53087,-0.65713,247.85600000000005,3.4815488090790856,-7.2722426546125,-0.344496134733,6.927746519879499,2.0935635281488856,2,0,1.3525200000000002,3,4,ok,False,-8.240260969781733,1.2728016727997231,1.2728016727997231,-10.734906407931526,-5.745615531631942,18.18,0.5,1.0,1.3681404649196256e-99,8.196874991904519e-101,-6.96745929698201,5.632017023591319,2.4824485263151033,2.2687346641387856,False,0.005815916032024667,4.767233667791955e-103
2571866-31-2,O=C(O)C=1C=CC=C(C#CC=2C=CC=CC2CO)C1C(=O)O,150.47839395140846,325.91159166666665,0.5376,-0.66291,256.2320000000001,7.711411931027936,-7.794973361423,-0.8013752897225,6.993598071700499,2.641601982786053,1,0,1.9751,3,3,ok,False,-8.269188323605853,1.2728016727997231,1.2728016727997231,-10.763833761755645,-5.774542885456062,18.18,0.5,1.0,8.448750178735523e-100,5.056473811691772e-101,-6.99638665080613,5.840895384666743,2.4824485263151033,2.3528767355095375,False,0.003942150341875719,1.9933379965446337e-103
497147-06-5,O=C(O)C=1C(=CC=C(NC(=O)OC(C)(C)C)C1C(=O)O)NC(=O)OC(C)(C)C,153.78693627993468,360.44382966666666,0.53491,-0.65899,351.2720000000001,1.5345689231833153,-7.840144260605999,-0.65851551821,7.181628742396,2.514304923954052,2,0,3.777000000000002,4,6,ok,False,-8.434659655267065,1.2728016727997231,1.2728016727997231,-10.929305093416858,-5.940014217117274,18.18,0.5,1.0,5.30916117473161e-101,3.158245619431711e-102,-7.1618579824673425,5.5105268753331975,2.4824485263151033,2.21979501968281,False,0.007244665098928072,2.2880431812939388e-104
1344447-81-9,O=C(O)C1=CC=CC(=C1C(=O)O)C(N)(C)CCO,154.04775590081553,234.386674,0.53399,-0.65911,225.54400000000004,5.612562796085225,-8.2872273169775,-0.4585118380925,7.828715478885,2.442544807472626,1,0,0.6393,4,4,ok,False,-8.483518601377092,1.2728016727997231,1.2728016727997231,-10.978164039526884,-5.988873163227301,18.18,0.5,1.0,2.337642329235278e-101,1.3881070130701327e-102,-7.210716928577369,5.484207007797313,2.4824485263151033,2.2091926376970883,False,0.0075929726523109465,1.0539858588722551e-104
855253-98-4,O=C(O)C=1C=CC=CC1C=2C=C(C(=C(C(=O)O)C2C(=O)O)C)C,149.7092246817287,312.7633026666667,0.53211,-0.65503,270.9360000000001,5.3260493407402825,-8.278519673761501,-0.511029811239,7.767489862522501,2.48652336586969,2,1,3.065040000000001,3,3,ok,False,-8.515833477692563,1.2728016727997231,1.2728016727997231,-11.010478915842356,-6.021188039542772,18.18,0.5,1.0,1.35771318932073e-101,8.052690844866527e-103,-7.243031804892841,5.997177768786061,2.4824485263151033,2.4158316699070297,False,0.0029197927030569547,2.351218796881483e-105
27873-89-8,O=C(O)C1=C(C(=O)O)C(C=2C=CC=CC2)=C(C=3C=CC=CC3)C(C=4C=CC=CC4)=C1C=5C=CC=CC5,144.9303107992971,555.2476996666666,0.53229,-0.65012,423.7280000000001,1.8190050687120145,-7.909533292483499,-0.5194653406045,7.390067951878999,2.4034967749699345,2,2,7.751000000000006,2,2,ok,False,-9.037515205211932,1.2728016727997231,1.2728016727997231,-11.532160643361724,-6.5428697670621405,18.18,0.5,1.0,1.9262929462296064e-105,1.1211743462125164e-106,-7.764713532412209,6.889047247619874,2.4824485263151033,2.7751017491773884,False,0.00045228876645173163,5.0709456202578577e-110
449763-63-7,O=C(O)C1=C(OC(C)C)C=2C=CC=CC2C(OC(C)C)=C1C(=O)O,142.0568271786997,345.404485,0.53167,-0.65255,300.28800000000007,4.752796044435318,-7.538914228102501,-0.655250152004,6.8836640760985,2.4385388779118773,2,2,3.810600000000002,2,4,ok,False,-10.630034965428905,1.2728016727997231,1.2728016727997231,-13.124680403578697,-8.135389527279113,18.18,0.5,1.0,1.2229892043897989e-117,6.734447871704301e-119,-9.357233292629182,7.446448659413524,2.4824485263151033,2.9996386956175414,False,0.00012367760915007084,8.32900411718171e-123
681179-19-1,O=C(O)C=1C=CC(=CC1)C2=C(C(=O)O)C(C(=O)O)=C(C3=CC=C(C=C3)C(=O)O)C(C(=O)O)=C2C(=O)O,146.50080077441706,461.1122613333334,0.5359,-0.63696,392.7040000000001,4.453869010197763,-8.567232469142,-1.087366946598,7.479865522544,3.115406607159989,2,2,3.2098000000000004,6,6,ok,False,-12.984235184120621,1.2728016727997231,1.2728016727997231,-15.478880622270413,-10.489589745970829,18.18,0.5,1.0,6.504269426596158e-137,3.3170843156700675e-138,-11.711433511320898,7.941486526937529,2.4824485263151033,3.199053854593196,False,3.592972665462764e-05,1.191819327523781e-142
2376596-98-2,O=C(O)C=1C=C(C=C(C1)C=2C(C(=O)O)=C(C(=O)O)C(C=3C=C(C=C(C3)C(=O)O)C(=O)O)=C(C(=O)O)C2C(=O)O)C(=O)O,147.19620047511637,504.4498563333333,0.53605,-0.63557,448.5840000000001,4.543072604526588,-8.9598927554135,-1.3417933968155,7.618099358598,3.48265139976323,2,2,2.6062,8,8,ok,False,-15.334165834806367,1.2728016727997231,1.2728016727997231,-17.82881127295616,-12.839520396656575,18.18,0.5,1.0,1.2433232845329328e-157,5.905222031205022e-159,-14.061364162006644,9.198229113715271,2.4824485263151033,3.705305071267253,False,1.0900514389289006e-06,6.43699577230968e-165
610-27-5,O=C(O)C1=CC=C(C=C1C(=O)O)N(=O)=O,187.00675119298228,174.77171633333333,0.53739,-0.64925,162.72800000000004,6.39552193726204,-9.4339150829845,-1.997859890371,7.4360551926135,4.393642719706132,0,1,0.9912,2,4,ok,True,18.09619234888168,1.2728016727997231,1.2728016727997231,15.601546910731887,20.59083778703147,18.18,0.5,1.0,0.0,0.0,-inf,1.4153317656126425,2.4824485263151033,0.5701353927823561,True,0.7224880737132356,0.0
2479-49-4,O=C(O)C1=CC=C(C=C1C(=O)O)C(=O)C2=CC=C(C(=O)O)C(=C2)C(=O)O,189.46882237701325,324.62148833333333,0.53452,-0.65679,285.6960000000001,4.47250366237972,-9.0540441476865,-1.455809100175,7.5982350475115,3.634298445655505,0,1,1.7104,4,5,ok,True,13.269103210493597,1.2728016727997231,1.2728016727997231,10.774457772343805,15.76374864864339,18.18,0.5,1.0,0.0,0.0,-inf,1.0582187791894844,2.4824485263151033,0.42628025031410544,True,0.8338390742239954,0.0
10595-31-0,O=C(O)C1=CC=C(C=C1C(=O)O)S(=O)(=O)C2=CC=C(C(=O)O)C(=C2)C(=O)O,189.0335683550712,334.0900596666666,0.5374,-0.65043,300.20000000000005,8.779619449611697,-9.209421156322,-1.237573792074,7.971847364248001,3.4226603466242773,0,1,1.3122000000000005,4,6,ok,True,12.9533621151455,1.2728016727997231,1.2728016727997231,10.45871667699571,15.448007553295291,18.18,0.5,1.0,0.0,0.0,-inf,0.952413288239921,2.4824485263151033,0.3836588264142839,True,0.8631264325582301,0.0
528-44-9,O=C(O)C1=CC=C(C(=O)O)C(=C1)C(=O)O,186.09190747153525,174.987838,0.53528,-0.65516,166.96800000000005,1.9379577007767737,-9.2075163593685,-1.152130043017,8.0553863163515,3.330761225088828,0,1,0.7811999999999999,3,3,ok,True,12.712888644319754,1.2728016727997231,1.2728016727997231,10.218243206169962,15.207534082469547,18.18,0.5,1.0,0.0,0.0,-inf,1.065176407322493,2.4824485263151033,0.42908297837039927,True,0.8318424639299656,0.0
88-99-3,O=C(O)C=1C=CC=CC1C(=O)O,186.15748215999335,148.1550736,0.53177,-0.66663,139.36000000000004,1.2822034393964166,-8.984110888108,-0.6887201556155,8.2953907324925,2.8197484427688977,0,0,1.083,2,2,ok,True,12.552201389443873,1.2728016727997231,1.2728016727997231,10.05755595129408,15.046846827593665,18.18,0.5,1.0,0.0,0.0,-inf,0.6394333080903312,2.4824485263151033,0.25758169859799396,True,0.9358048372538428,0.0
1885-13-8,O=C(O)C1=CC=C(OC)C=C1C(=O)O,186.9281764623113,175.53717500000002,0.53269,-0.66232,164.19200000000004,3.7278227640272816,-8.170218361262501,-0.5477651810565,7.622453180206001,2.492742009931602,0,1,1.0916,2,3,ok,True,12.444013061158184,1.2728016727997231,1.2728016727997231,9.949367623008392,14.938658499307977,18.18,0.5,1.0,0.0,0.0,-inf,0.39121523099555156,2.4824485263151033,0.1575924845363314,True,0.9754704698540642,0.0
89-05-4,O=C(O)C=1C=C(C(=O)O)C(=CC1C(=O)O)C(=O)O,185.99041085287317,200.623436,0.53569,-0.65158,195.0480000000001,3.419398349125179,-9.337858893758002,-1.4568975555769998,7.8809613381810015,3.6964642319687817,0,2,0.4794000000000001,4,4,ok,True,11.951406712307138,1.2728016727997231,1.2728016727997231,9.456761274157348,14.446052150456929,18.18,0.5,1.0,0.0,0.0,-inf,0.9436214062171041,2.4824485263151033,0.38011720936578564,True,0.8654643520959138,0.0
603-11-2,O=C(O)C1=CC=CC(=C1C(=O)O)N(=O)=O,173.77697112917815,174.16463066666665,0.53835,-0.64676,162.20000000000005,4.908302645518102,-9.4061594702335,-1.8996267903405,7.506532679892999,4.256985495852321,1,0,0.9912,2,4,ok,True,10.9671210225037,1.2728016727997231,1.2728016727997231,8.472475584353909,13.461766460653493,18.18,0.5,1.0,0.0,0.0,-inf,1.9346585914586911,2.4824485263151033,0.7793348264628308,True,0.5447857005000789,0.0
2169-87-1,O=C(O)C1=CC=2C=CC=CC2C=C1C(=O)O,185.0290207783152,232.25085633333333,0.53127,-0.67131,182.84800000000004,2.5326000098712784,-7.8404163744565,-0.6898086110175,7.150607763439,2.5440053737407617,0,2,2.2362,2,2,ok,True,10.952826230522037,1.2728016727997231,1.2728016727997231,8.458180792372247,13.447471668671827,18.18,0.5,1.0,0.0,0.0,-inf,0.7542640066611673,2.4824485263151033,0.3038387296516402,True,0.9118151702593082,0.0
18959-91-6,O=C(O)C1=CC=C(OC2=CC=CC(OC3=CC=C(C(=O)O)C(=C3)C(=O)O)=C2)C=C1C(=O)O,190.58449235351785,413.08934,0.53319,-0.66022,355.0160000000001,5.812796361476979,-8.313622360476,-0.5684458336945,7.7451765267815,2.5464602108519774,0,1,4.064000000000003,4,6,ok,True,10.924024623922957,1.2728016727997231,1.2728016727997231,8.429379185773165,13.41867006207275,18.18,0.5,1.0,0.0,0.0,-inf,1.055295886865447,2.4824485263151033,0.42510282718002895,True,0.8346753654025031,0.0
651-97-8,O=C(O)C=1C(F)=CC=C(F)C1C(=O)O,179.0190944252998,143.91094203333333,0.53586,-0.64279,149.46400000000003,0.918522019333233,-8.8450607105025,-0.8704922077495,7.974568502753,2.959155986771219,2,0,1.3612000000000002,2,2,ok,True,10.782443211658048,1.2728016727997231,1.2728016727997231,8.287797773508256,13.27708864980784,18.18,0.5,1.0,0.0,0.0,-inf,0.9509112545187278,2.4824485263151033,0.3830537650382791,True,0.8635269368582837,0.0
14963-97-4,O=C(O)C=1C=CC=C(OC)C1C(=O)O,182.10747297796223,171.9812003333333,0.5353,-0.65898,163.81600000000003,4.315474756037856,-8.1065437202455,-0.6353858409174999,7.471157879328,2.5572118032663407,1,0,1.0916,2,3,ok,True,10.296955648427451,1.2728016727997231,1.2728016727997231,7.80231021027766,12.791601086577241,18.18,0.5,1.0,0.0,0.0,-inf,0.8542760467241145,2.4824485263151033,0.34412638879251395,True,0.88832023902956,0.0
27563-65-1,O=C(O)C=1C=CC=C(Cl)C1C(=O)O,178.43293502144806,162.448114,0.53766,-0.64776,153.97600000000003,2.109936404254877,-8.7900937127015,-0.811987729892,7.978105982809501,2.8891559045737982,1,0,1.7364000000000002,2,2,ok,True,9.958380369268538,1.2728016727997231,1.2728016727997231,7.463734931118746,12.453025807418328,18.18,0.5,1.0,0.0,0.0,-inf,0.8795139409044548,2.4824485263151033,0.35429292151728425,True,0.8820350590837708,0.0
10351-75-4,O=C(O)C1=CC=2N=CNC2C=C1C(=O)O,184.6104120852949,188.57241966666663,0.53081,-0.67271,164.04800000000003,6.223521663013635,-8.3073637419145,-0.4408244378099999,7.8665393041045,2.432162144919947,0,2,0.9593,3,3,ok,True,8.498126661909074,1.2728016727997231,1.2728016727997231,6.003481223759283,10.992772100058865,18.18,0.5,1.0,0.0,0.0,-inf,1.1619815276665537,2.4824485263151033,0.46807880016403636,True,0.8032431867203533,0.0
3786-46-7,O=C(O)C=1C(O)=CC=C(O)C1C(=O)O,174.1235627185381,168.58690256666668,0.53398,-0.69209,153.15200000000004,2.548500580733699,-7.778102302692,-1.119476380957,6.658625921735,2.972343970146659,2,0,0.4941999999999998,4,4,ok,True,1.1235351621890182,1.2728016727997231,1.2728016727997231,-1.3711102759607732,3.6181806003388095,18.18,0.5,1.0,0.0,0.0,-inf,2.989522562717353,2.4824485263151033,1.2042636659036554,False,0.23451142373002756,0.0
