cas,smiles,sasa,polar,h_nbo_charge,o_nbo_charge,molecular_volume_A3,dipole_moment_debye,homo_ev,lumo_ev,gap_ev,omega,3and6,4and5,logp,hbd,hba,prediction_status,known_any,mu,sigma_raw,sigma_cal,ci_lower,ci_upper,current_best_y,xi,beta,pi,ei,ucb,ad_knn_distance,ad_threshold,ad_ratio,in_ad,ad_penalty,ei_ad
52839-61-9,O=C(O)C1=CC=C2C(=O)C3=CC(C(=O)O)=C(C=C3C(=O)C2=C1)C(=O)O,186.7906362044681,330.6965833333333,0.53552,-0.65123,266.0400000000001,2.92555219232199,-9.1911895283385,-2.4378679866295,6.753321541709001,5.006239442739871,0,2,1.5566000000000002,3,5,ok,False,18.19184697372216,2.0171036656873222,2.0171036656873222,14.238396435891287,22.145297511553032,18.18,0.5,1.0,0.4043874042857746,0.5840818860242879,20.208950639409483,2.191769670484674,2.714196543365607,0.807520618152021,True,0.5209560755540193,0.30428100714540307
17851-32-0,O=C(O)C=1C=C(C(=O)O)C(=CC1C(=O)O)C(=O)C2=CC(C(=O)O)=C(C=C2C(=O)O)C(=O)O,190.02868211837935,375.272828,0.53563,-0.65086,341.7680000000001,7.268179151616999,-9.2864293760135,-1.833503124669,7.452926251344501,4.147796940746198,0,2,1.1068000000000002,6,7,ok,False,17.608073831615105,4.014482615668618,4.014482615668618,9.739832488342461,25.47631517488775,18.18,0.5,1.0,0.39472889296735064,1.1223396119718196,21.622556447283724,3.1027274765279853,2.714196543365607,1.1431476781267282,False,0.27068848692863035,0.303804411384718
844645-02-9,O=C(O)C=1C=C2C(=O)C3=CC=C(C=C3C(=O)C2=CC1C(=O)O)S(=O)(=O)O,186.9754670909084,341.5895306666667,0.53571,-0.65074,280.7680000000001,7.376475458509979,-9.34983190318,-2.499093602992,6.8507383001880005,5.123427194955052,0,2,1.1051000000000002,3,6,ok,False,17.626678097361307,2.365266130309925,2.365266130309925,12.990841668101432,22.26251452662118,18.18,0.5,1.0,0.3280409605581365,0.5089944204670196,19.991944227671233,2.6697950579937197,2.714196543365607,0.9836410205884245,True,0.38001306039787225,0.1934245274471135
294675-76-6,O=C(O)C1=CC=C(C=C1C(=O)O)NC(=O)C2=CC=CC(=C2)N3C(=O)C4=CC=C(C=C4C3=O)N(=O)=O,190.3124693245524,471.58161966666665,0.53301,-0.66157,378.2080000000001,7.690108207301118,-8.176204865973501,-2.239496989615,5.936707876358501,4.568476645807869,0,1,3.044100000000001,3,7,ok,False,17.4931615131848,1.8468083040872818,1.8468083040872818,13.87348375082423,21.11283927554537,18.18,0.5,1.0,0.2602278771788192,0.29046251544615936,19.33996981727208,2.3515277536963075,2.714196543365607,0.8663807930358685,True,0.4720758163000663,0.1371203290838163
10133-84-3,O=C(O)C1=CC=C(N=N(=O)C2=CC=C(C(=O)O)C(=C2)C(=O)O)C=C1C(=O)O,188.9989075467748,362.3044903333334,0.53334,-0.66008,293.24800000000005,4.284725369262305,-8.3922632632705,-2.0340510324875,6.358212230783,4.274315870883587,0,1,2.4051,4,6,ok,False,17.39094156935158,1.6695015955747838,1.6695015955747838,14.118778569892848,20.66310456881031,18.18,0.5,1.0,0.22002117183747466,0.21073585707298798,19.06044316492636,1.853695275722605,2.714196543365607,0.6829628017372761,True,0.6272323777709348,0.1321803527134861
302927-97-5,O=C(O)C1=CC=C(C=C1C(=O)O)NC(=O)C=2C=C(C=C(C2)N(=O)=O)N(=O)=O,189.45637149833877,342.8924606666667,0.53399,-0.66037,289.22400000000005,4.874665872652196,-8.2894042277815,-2.1271139693585,6.162290258422999,4.401928779768163,0,1,2.1517,3,7,ok,False,17.46056043132854,1.5362477030041077,1.5362477030041077,14.449570262108102,20.471550600548973,18.18,0.5,1.0,0.21366235263804745,0.1867017554735408,18.996808134332646,1.8662760144927524,2.714196543365607,0.6875979630342347,True,0.6232603446707079,0.11636380046706525
884740-23-2,O=C(O)C=1C=C2C(=O)C3=CC=C(Cl)C=C3C(=O)C2=CC1C(=O)O,186.53972145292332,320.02610066666665,0.53556,-0.65149,253.16000000000005,1.2349677445180502,-8.825740627117,-2.3823567611275003,6.4433838659895,4.8740479256345575,0,2,2.5118,2,4,ok,False,17.821299075118176,1.3581544395082652,1.3581544395082652,15.159365288238792,20.48323286199756,18.18,0.5,1.0,0.2636098935718215,0.21730297064027715,19.17945351462644,2.214188809848291,2.714196543365607,0.8157805724351466,True,0.5140175128768196,0.11169753250925982
24934-81-4,O=C(O)C1=CC=C(C=C1C(=O)O)NC(=O)C2=CC=CC(=C2)N(=O)=O,190.55385852542892,318.55121933333334,0.53292,-0.66129,265.24800000000005,2.5944183201635007,-8.215661374296001,-1.843299223287,6.372362151009002,3.969591099263954,0,1,2.2435,3,5,ok,False,17.207336940201124,1.4354407069704362,1.4354407069704362,14.393924852596356,20.02074902780589,18.18,0.5,1.0,0.15246206446569205,0.11380466329001707,18.64277764717156,1.7647610183089752,2.714196543365607,0.6501964725519359,True,0.6552388502688927,0.07456923672938924
310873-87-1,O=C(O)C1=CC=C(OC2=CC=C(C=C2)NC(=O)C=3C=C(C=C(C3)N(=O)=O)N(=O)=O)C=C1C(=O)O,189.50153208348937,445.7116083333333,0.53322,-0.66059,369.3440000000001,5.665272898104734,-7.900009307716001,-2.115957301488,5.784052006228001,4.336042752065073,0,1,3.9440000000000026,3,8,ok,False,17.130743204000808,1.510374854589876,1.510374854589876,14.17046288584973,20.091023522151886,18.18,0.5,1.0,0.15250631358008437,0.1197888283370234,18.641118058590685,1.9372431527718603,2.714196543365607,0.7137446098025299,True,0.6008371369021496,0.07197357665088022
15586-20-6,O=C(O)C=1C=CC(=CC1C(=O)O)C=2N=C(N=C(N2)C=3C=CC(C(=O)O)=C(C3)C(=O)O)C=4C=CC(C(=O)O)=C(C4)C(=O)O,185.0720466946859,555.866785,0.53377,-0.6586,451.3520000000001,5.651879605051756,-8.861659655383,-1.686017417698,7.175642237685,3.876081330174116,0,1,3.0618000000000007,6,9,ok,False,14.012547544223347,3.81042394631226,3.81042394631226,6.544253843622333,21.48084124482436,18.18,0.5,1.0,0.1103032775840263,0.20307638786066162,17.822971490535608,2.8262656403175925,2.714196543365607,1.0412899711429962,False,0.33814353833925576,0.0686689683443592
503427-05-2,O=C(O)C=1C=C2C(=O)C3=NC=CC=C3C(=O)C2=CC1C(=O)O,186.4589703959938,291.2775066666666,0.53572,-0.651,234.12800000000004,3.254320325352131,-9.239353679877,-2.402765299915,6.836588379962,4.956380536851427,0,2,1.2534,2,5,ok,False,17.358926137894787,1.3597121415197904,1.3597121415197904,14.69393931117417,20.023912964615405,18.18,0.5,1.0,0.1656289007175784,0.1195493188455668,18.718638279414577,2.2579473183758703,2.714196543365607,0.8319026578583778,True,0.5005428686973363,0.059839559005772536
302927-80-6,O=C(O)C1=CC=C(OC2=CC=CC(=C2)N3C(=O)C=4C(Br)=C(Br)C(Br)=C(Br)C4C3=O)C=C1C(=O)O,190.11088370190788,512.4864256666666,0.53357,-0.6601,409.2800000000001,3.4690033179574797,-8.311989677373,-1.867789469832,6.444200207541001,4.020200340943956,0,1,6.725900000000003,2,5,ok,False,17.286938525141498,1.3015416719777728,1.3015416719777728,14.735963723687018,19.837913326595977,18.18,0.5,1.0,0.14223844395313417,0.09467880214881702,18.58848019711927,1.8656379103382317,2.714196543365607,0.6873628643063698,True,0.6234618471040302,0.059028620869298484
640296-31-7,O=C(O)C1=CC=C(OC=2C=CC=CC2NC(=O)C3=NC=CC(=C3)N(=O)=O)C=C1C(=O)O,190.3486115748479,403.453551,0.53307,-0.66048,341.3200000000001,8.794663427897625,-8.356072121154,-2.108338113674,6.24773400748,4.38174390233608,0,1,3.4308000000000014,3,7,ok,False,16.81701845072456,1.7642936599812709,1.7642936599812709,13.359066419008913,20.274970482440207,18.18,0.5,1.0,0.14549868122013054,0.13199102214594743,18.58131211070583,2.4476929482065546,2.714196543365607,0.9018112392006116,True,0.4434086333708718,0.058525958746959025
59529-53-2,O=C(O)C1=CC=C(C=C1C(=O)O)NC(=O)C2=CC=C(C=C2)N(=O)=O,190.2202878193448,320.384405,0.53284,-0.66145,265.7440000000001,5.463555528225187,-8.240967962392501,-1.982621514743,6.258346447649501,4.175295450296295,0,1,2.2435,3,5,ok,False,16.99790309643043,1.4739495195282337,1.4739495195282337,14.109015123124976,19.886791069735885,18.18,0.5,1.0,0.12688972341739818,0.09316829461612186,18.471852615958664,1.8883028610271162,2.714196543365607,0.6957133836319821,True,0.6163026555495312,0.057419867384937
847802-82-8,O=C(O)C=1C=C2C(=O)C3=CC=C(C=C3C(=O)C2=CC1C(=O)O)C,186.6051060028986,324.94301433333334,0.53535,-0.65256,255.15200000000007,2.623942053476029,-8.660295406013,-2.2882053688545,6.3720900371585,4.702918058214053,0,2,2.1668200000000004,2,4,ok,False,17.408939694956423,1.2103546544397743,1.2103546544397743,15.036688163734043,19.781191226178805,18.18,0.5,1.0,0.14682336812235436,0.09157220530750398,18.6192943493962,2.0028662766680503,2.714196543365607,0.7379223444830173,True,0.5801147289392128,0.05312238506032862
302927-78-2,O=C(O)C1=CC=C(OC2=CC=CC(=C2)NC(=O)C3=CC=C(C=C3)N(=O)=O)C=C1C(=O)O,189.7523186818669,423.73869766666667,0.53293,-0.66054,345.36000000000007,3.931486032024023,-7.974568502753,-1.965206228311,6.009362274441999,4.110216575080441,0,1,4.035800000000003,3,6,ok,False,16.98644446560007,1.3993649821761502,1.3993649821761502,14.24373949930828,19.72914943189186,18.18,0.5,1.0,0.11309504348449989,0.07687445348849467,18.385809447776218,1.7166877164760908,2.714196543365607,0.6324846742113215,True,0.6702953364080111,0.05152858766225254
61415-80-3,O=C(O)C=1C=C2C(=O)C3=CC=CC(=C3C(=O)C2=CC1C(=O)O)N(=O)=O,186.4965203195005,325.0242296666667,0.53567,-0.65037,262.04800000000006,5.606733406360606,-9.324797428934,-2.483310999663,6.841486429271,5.09507057066401,0,2,1.7666000000000002,2,6,ok,False,16.84209354380323,1.5998255202266713,1.5998255202266713,13.7064931426109,19.97769394499556,18.18,0.5,1.0,0.12531576245256965,0.09959181095854358,18.4419190640299,2.498490426637349,2.714196543365607,0.9205267145242244,True,0.4285407560552736,0.04267914996508815
61837-53-4,O=C(O)C=1C=C(C(=O)O)C(=CC1C(=O)O)N(=O)=O,186.03369820147367,200.1222323333333,0.53826,-0.64418,190.66400000000004,6.0247326861861685,-9.534325093819,-2.135005271023,7.399319822796001,4.6008712430667495,0,2,0.6894,3,5,ok,False,16.556306101438924,1.6034284163442114,1.6034284163442114,13.413644153616175,19.698968049261673,18.18,0.5,1.0,0.09267338991260898,0.06928407229602776,18.159734517783136,2.0358118453901772,2.714196543365607,0.7500605843620183,True,0.5697310450990748,0.03947328691793575
1810726-43-2,O=C(O)C=1C=C(C=C(C1)C=2C=C(C(=O)O)C(=CC2C=3C=C(C=C(C3)C(=O)O)C(=O)O)C(=O)O)C(=O)O,191.30592287422417,466.2962196666667,0.5329,-0.66215,393.4080000000001,2.369335463795703,-8.293758049389501,-1.0734891402225,7.220268909167001,3.0381596937439093,0,2,3.2098000000000004,6,6,ok,False,12.991465576292038,3.7589202657584186,3.7589202657584186,5.624117234647809,20.358813917936267,18.18,0.5,1.0,0.06509631990985322,0.10685429849207384,16.750385842050456,2.7430465124662406,2.714196543365607,1.0106292851824428,False,0.3601007044495305,0.0384783081604562
39995-15-8,O=C(O)C1=CC=C(C=C1C(=O)O)C(=O)C2=CC=C(C=C2)N(=O)=O,190.12804854643187,300.4959813333333,0.53481,-0.65582,253.85600000000005,6.065199855734352,-9.1215283826105,-2.0857526640825,7.035775718528001,4.463017067499787,0,1,2.2222,2,5,ok,False,16.973482343564598,1.4044427667704547,1.4044427667704547,14.22082510234672,19.726139584782477,18.18,0.5,1.0,0.11216679392099993,0.0763856203901482,18.377925110335052,2.332273842693302,2.714196543365607,0.8592870138288805,True,0.4778902515430495,0.036503943342519815
1806542-29-9,O=C(O)C1=CC=C(C=C1C(=O)O)C(=O)C(Br)C,190.36664508216705,231.39301066666667,0.53426,-0.65561,212.08800000000005,3.302406616393565,-9.1215283826105,-1.5129530087799998,7.608575373830501,3.7159451312268175,0,1,2.0491,2,3,ok,False,16.958821343619583,1.294212443657853,1.294212443657853,14.422211565706617,19.495431121532548,18.18,0.5,1.0,0.0917749070251887,0.0552743247682764,18.253033787277435,1.7648470355882786,2.714196543365607,0.6502281641696684,True,0.655211846754595,0.03621639240953563
1823489-93-5,O=C(O)C1=CC=C(C=C1C(=O)O)C(=O)CBr,190.0064887376668,212.572629,0.534,-0.65496,195.56800000000004,3.50310092061305,-9.1705088757005,-1.567920006581,7.602588869119499,3.791927225218107,0,1,1.6606,2,3,ok,False,16.89542738028554,1.2828724603213861,1.2828724603213861,14.381043561297334,19.409811199273747,18.18,0.5,1.0,0.08210124652701489,0.04797280028510709,18.178299840606925,1.815989945634239,2.714196543365607,0.669070907953633,True,0.6391245818283666,0.030660595921354814
1061873-28-6,O=C(O)C1=CC=C(N=NC2=CC=C(C(=O)O)C(=C2)C(=O)O)C=C1C(=O)O,188.0285649099624,356.61653666666666,0.53407,-0.65873,285.15200000000004,4.337784026435617,-8.4167535098155,-1.9491515111315,6.467601998684,4.153470904871624,0,1,2.8948,4,6,ok,False,16.413353402505454,1.4807453647941262,1.4807453647941262,13.511145817234343,19.315560987776564,18.18,0.5,1.0,0.06291596042140672,0.04044353310993615,17.89409876729958,1.6668710543708714,2.714196543365607,0.6141305641425471,True,0.6858088394286803,0.027736532504520715
201352-97-8,O=C(O)C=1C=C2C(=O)C=3C=CC=C(N)C3C(=O)C2=CC1C(=O)O,186.32430020106148,334.63700033333333,0.5351,-0.65358,249.0480000000001,4.833242171669034,-7.4676203992715005,-2.211741376864,5.2558790224075,4.456440302082784,0,2,1.4406,3,5,ok,False,16.490295174239588,1.4476283385921347,1.4476283385921347,13.65299576759945,19.327594580879726,18.18,0.5,1.0,0.06518869818222865,0.04122011643259954,17.937923512831723,1.778978115962909,2.714196543365607,0.6554345227177152,True,0.6507729858963203,0.02682493824983678
104941-68-6,O=C(O)C1=CC=C(C=C1C(=O)O)S(=O)(=O)NC2=CC=C(C=C2)N(=O)=O,190.9770503188382,327.32851,0.53607,-0.65081,281.08000000000004,5.962234324479373,-8.513353926743001,-1.7788082407185,6.734545686024501,3.932284634327613,0,1,1.792,3,6,ok,False,16.44838283714482,1.4505951905784573,1.4505951905784573,13.605268507464027,19.29149716682561,18.18,0.5,1.0,0.06197360846335897,0.038925488685456894,17.898978027723278,1.8354939513897564,2.714196543365607,0.6762568303597284,True,0.632975665561204,0.024638887107972192
61837-56-7,O=C(O)C=1C=C(C(=O)OCC)C(=CC1C(=O)O)N(=O)=O,189.9435324941364,232.37722866666664,0.53821,-0.64426,224.4720000000001,7.659523983903961,-9.490242650038,-2.1135082768335,7.376734373204501,4.563233158495161,0,2,1.1679,2,6,ok,False,16.547081685925214,1.5314585721881426,1.5314585721881426,13.545478040621319,19.54868533122911,18.18,0.5,1.0,0.08184973724778988,0.05706012252863624,18.078540258113357,2.6517792824306587,2.714196543365607,0.9770034115298257,True,0.38499086735139265,0.021967626063476405
917766-58-6,O=C(O)C=1C=C(C(=CC1C(=O)O)P(=O)(O)O)P(=O)(O)O,186.64379291810076,232.0596886666667,0.53606,-0.65004,234.00800000000007,12.19454216073732,-9.42602378132,-1.3831547020915,8.042869079228499,3.631736956529376,0,2,-1.3110000000000004,6,4,ok,False,13.66972533063085,3.9685215841150794,3.9685215841150794,5.891565953895452,21.44788470736625,18.18,0.5,1.0,0.10338373055577016,0.19556882362859018,17.63824691474593,4.143370935115495,2.714196543365607,1.5265552324290084,False,0.09725966896157541,0.019020959045321407
56896-91-4,O=C(O)C1=CC=C(C=C1C(=O)O)N2C(=O)C=CC2=O,188.8729703745971,230.1731663333333,0.53311,-0.66021,207.97600000000008,3.206759319001038,-8.80016192517,-1.664792537359,7.135369387811,3.837056848447299,0,1,0.5123999999999999,2,4,ok,False,16.692877729393512,1.2239567747766598,1.2239567747766598,14.293966532197457,19.09178892658957,18.18,0.5,1.0,0.052238799564162886,0.02690650714475043,17.916834504170172,1.7245080145188296,2.714196543365607,0.635365931304458,True,0.6678512120798219,0.017969543409455963
26190-11-4,O=C(O)C1=CC=C(OC2=CC=C(C=C2)N(=O)=O)C=C1C(=O)O,191.03669807018065,289.4533466666667,0.53328,-0.65975,243.05600000000007,6.556791750543859,-8.3672287890245,-1.7224806736649998,6.6447481153595,3.830176677659445,0,1,2.7835,2,5,ok,False,16.230388375290424,1.4746106384319526,1.4746106384319526,13.340204632744182,19.120572117836666,18.18,0.5,1.0,0.048337430297094454,0.029624449533860703,17.704999013722375,2.2075375985890933,2.714196543365607,0.8133300456759642,True,0.5160736644131586,0.015288398227162181
1806542-44-8,O=C(O)C1=CC=C(C=C1C(=O)O)C(=O)C(Cl)C,190.115732876188,219.89178366666667,0.53565,-0.65503,207.16000000000005,3.6789622463406713,-9.149556109212,-1.3815220189885,7.7680340902235,3.5692301698907727,0,1,1.893,2,3,ok,False,16.47240119177166,1.268710573334305,1.268710573334305,13.985774161231259,18.95902822231206,18.18,0.5,1.0,0.040926574205374044,0.021031867900508316,17.741111765105963,1.6910685487865085,2.714196543365607,0.623045723390975,True,0.6782861883208472,0.014265625511503364
90348-28-0,O=C(O)C=1C=C(C(=CC1C(=O)O)N(=O)=O)N(=O)=O,185.80155216459065,198.797335,0.53891,-0.63898,187.30400000000003,9.481184314208852,-9.789023657887,-2.428344001862,7.360679656025001,5.069643005428932,0,2,0.8994,2,6,ok,False,15.772924433954088,1.9853724976046871,1.9853724976046871,11.881665842752566,19.66418302515561,18.18,0.5,1.0,0.07156324713240488,0.06309439891477395,17.758296931558775,3.3269050524603605,2.714196543365607,1.2257421300577571,False,0.22258554721641527,0.014043901308735757
29638-31-1,O=C(O)C1=CC=C(C=C1C(=O)O)C(=O)OCCCCCCCCCCCCCCCCCC,191.0895950334153,470.4022803333333,0.53362,-0.65793,469.1680000000001,3.691113453959388,-9.150100336913,-1.1524021568675,7.997698180045501,3.317878320889248,0,1,7.501300000000008,2,4,ok,False,16.362158454714802,1.2745559904751824,1.2745559904751824,13.864074617103668,18.860242292325935,18.18,0.5,1.0,0.03449019080929259,0.017362728910010894,17.636714445189984,1.485814464075382,2.714196543365607,0.5474233130637512,True,0.7410610386841078,0.01286684192044326
66421-10-1,O=C(O)C1=CC=C(C=C1C(=O)O)C(=O)C2=CC=C(C(=C2)N(=O)=O)N(=O)=O,190.536077272946,323.182712,0.53519,-0.6549,278.0880000000001,11.06867026611598,-9.195815463797,-2.2784092702365,6.917406193560501,4.758208118878,0,1,2.1304,2,7,ok,False,15.825367041177074,2.0892279487539898,2.0892279487539898,11.73055550612476,19.92017857622939,18.18,0.5,1.0,0.08591333954366642,0.08246400109695351,17.914594989931064,3.8045299890391875,2.714196543365607,1.4017149930938921,False,0.1401832306319195,0.011560070084605098
2300-16-5,O=C(O)C1=C(C(=O)O)C(=CC=C1N(=O)=O)N(=O)=O,159.8195564448323,197.696922,0.5399,-0.62887,186.43200000000004,0.3213044817614593,-9.7375941401425,-2.4645351439785,7.273058996164,5.11792765413194,2,0,0.8994,2,6,ok,False,13.928110000198604,4.177828813337931,4.177828813337931,5.739715992482546,22.116504007914664,18.18,0.5,1.0,0.12768417805640137,0.26610695113152893,18.105938813536536,4.838481973690226,2.714196543365607,1.7826571865317102,False,0.041674466798963354,0.011089865299904267
1236108-27-2,O=C(O)C1=CC(N=NC=2C=C(C(=O)O)C(C(=O)O)=C(C2)C(=O)O)=CC(C(=O)O)=C1C(=O)O,174.71400016198197,404.487116,0.53816,-0.65265,339.4240000000001,4.255446614634003,-8.593899626491,-1.988063791753,6.605835834738,4.237841833587418,1,1,2.2912,6,8,ok,False,10.531805083008702,4.485596144195972,4.485596144195972,1.7401981911928637,19.32341197482454,18.18,0.5,1.0,0.034644983015148643,0.06141915506996759,15.017401227204674,3.722343887277438,2.714196543365607,1.3714349081963413,False,0.15246294326909132,0.009364145155067992
88066-33-5,O=C(OCCOC(=O)C1=CC=C(C(=O)O)C(=C1)C(=O)O)C=C,191.50705217060425,262.953476,0.53421,-0.65652,257.15200000000004,5.233058044776495,-9.1759511527105,-1.162470369336,8.013480783374499,3.3344735719983087,0,1,0.9689999999999998,2,6,ok,False,15.981047433486452,1.3710881662941337,1.3710881662941337,13.293764007920885,18.66833085905202,18.18,0.5,1.0,0.02450671379569162,0.012662415557144188,17.352135599780585,1.669438132538176,2.714196543365607,0.6150763608548667,True,0.6850119951656738,0.008673906544416207
39995-20-5,O=C(O)C1=CC=C(C=C1C(=O)O)C(=O)C2=CC=CC(=C2)N(=O)=O,190.78514044338615,299.6241043333334,0.53401,-0.65653,253.94400000000007,9.168382578186842,-9.0964939083645,-1.8359521493235,7.260541759040999,4.115339487422917,0,1,2.2222,2,5,ok,False,15.72061532109047,1.665298557478473,1.665298557478473,12.456690124926158,18.984540517254782,18.18,0.5,1.0,0.037776752892762416,0.02517893153739692,17.385913878568942,2.8375417580025664,2.714196543365607,1.045444466775428,False,0.3352247310507908,0.008440600552770157
1898181-04-8,O=C(O)C=1C=C(C(=CC1C(=O)O)CC(=O)C=2SC=CC2)N(=O)=O,191.2214625053384,305.00447,0.53653,-0.65022,261.56800000000004,9.968592726157487,-8.486686769394,-1.863979875925,6.622706893468999,4.044279088818352,0,2,2.4781000000000004,2,6,ok,False,15.464090921033954,1.777207897247767,1.777207897247767,11.980827449388169,18.94735439267974,18.18,0.5,1.0,0.035184436056958195,0.024768539192148317,17.24129881828172,3.0115671539826296,2.714196543365607,1.1095611927381952,False,0.2919636296599681,0.0072315126039147965
343234-33-3,O=C(O)C=1C=C(C(=O)OCC)C(=CC1C(=O)O)C(=O)OCC,188.4006221189446,264.812144,0.53496,-0.65359,262.75200000000007,2.0275664280116694,-9.282347668256,-1.305602254699,7.976745413556999,3.5134844400472387,0,2,1.4364,2,6,ok,False,16.296251600177627,1.1662862264517257,1.1662862264517257,14.010372600667118,18.582130599688135,18.18,0.5,1.0,0.02048273104324169,0.008797205906867271,17.46253782662935,1.2312463226645407,2.714196543365607,0.45363196916380777,True,0.8140105409874309,0.007161018339426849
404837-77-0,O=C(O)C1=CC=C(OC=2C=CC=CC2NC(=O)C3=CC=C(C=C3)N(=O)=O)C=C1C(=O)O,189.04031732543825,422.132905,0.53292,-0.66053,345.3760000000001,7.786561389342538,-7.970758908846,-1.963573545208,6.007185363638,4.107204761195455,0,1,4.035800000000003,3,6,ok,False,15.749491571836241,1.4438340015422204,1.4438340015422204,12.91962892915914,18.57935421451334,18.18,0.5,1.0,0.02119498127068317,0.011318183351034301,17.193325573378463,1.9866432383951387,2.714196543365607,0.7319452392831135,True,0.585233811800328,0.006623783585180814
136673-46-6,O=C(O)C=1C=C(C(=O)OCCOC(=O)C(=C)C)C(=CC1C(=O)O)C(=O)OCCOC(=O)C(=C)C,190.55679638157167,410.2592143333334,0.53508,-0.6525,408.0960000000001,5.729176818706157,-9.1013919576735,-1.368188440314,7.733203517359499,3.5435545393272907,0,2,1.6351999999999998,2,10,ok,False,15.83657812258501,1.3753378617734786,1.3753378617734786,13.140965446934665,18.532190798235355,18.18,0.5,1.0,0.019346583167745485,0.009729036541513546,17.211915984358487,1.8322234977246308,2.714196543365607,0.6750518867924986,True,0.6340071481891911,0.006168278712313434
1806542-37-9,O=C(O)C1=CC=C(C=C1C(=O)O)C(=O)CCBr,189.76289741798288,228.79198166666663,0.53443,-0.65594,212.20800000000008,4.477470667687283,-9.146290743006,-1.374174945025,7.772115797981,3.5601694947014795,0,1,2.0507,2,3,ok,False,16.029630695865478,1.2769450820451818,1.2769450820451818,13.526864324821378,18.532397066909578,18.18,0.5,1.0,0.018967579676406568,0.00883439599470432,17.30657577791066,1.7337822472625561,2.714196543365607,0.6387828661489134,True,0.6649499195660199,0.005874430906093006
27594-39-4,O=C(O)C=1C=CC(=CC1C(=O)O)C2=CC=C(C=C2)N(=O)=O,188.3548994640644,292.7401716666667,0.5325,-0.66322,234.22400000000005,5.921207289902964,-8.4113112328055,-1.9061575227525,6.505153710053,4.09099332108819,0,1,2.658200000000001,2,4,ok,False,16.056868311048905,1.2744133177199086,1.2744133177199086,13.559064106899683,18.554672515198128,18.18,0.5,1.0,0.019780417772397016,0.00924272192887856,17.331281628768814,2.118210733975112,2.714196543365607,0.7804190669805099,True,0.5438651656511866,0.005026794492917393
53879-50-8,O=C(O)C=1C=C(C(=O)O)C(=CC1C(=O)O)C(=O)OCCOC(=O)C(=C)C,190.1709487674809,305.79654,0.53552,-0.65227,301.3280000000001,2.542355722553396,-9.121800496461,-1.4155362503009998,7.706264246160001,3.602117127309426,0,2,1.0573,3,7,ok,False,15.862419423604507,1.297006287119073,1.297006287119073,13.320333813129107,18.404505034079907,18.18,0.5,1.0,0.014913794988042479,0.006854606106138826,17.159425710723582,1.5690844611418602,2.714196543365607,0.5781027409298052,True,0.7159085962276207,0.004907271435139124
777882-06-1,O=C(O)C1=CC=C(OC2=CC=C(C=C2)NC(=O)C3=CC=C4C(=O)N(C(=O)C4=C3)C5=CC=C(N=NC=6C=CC=CC6)C=C5)C=C1C(=O)O,189.78500611058783,678.4238026666667,0.53251,-0.66156,524.8240000000001,1.6268006976885645,-7.740006363622001,-1.618533182774,6.121473180848001,3.5768457956931368,0,1,7.343600000000005,3,8,ok,False,15.822303776270244,1.2918715597770463,1.2918715597770463,13.29028204645565,18.354325506084837,18.18,0.5,1.0,0.013481291254406029,0.006100091058445875,17.11417533604729,1.520528433739495,2.714196543365607,0.5602130904838741,True,0.7306368654509581,0.004456951409908311
58370-85-7,O=C(O)C1=CC=C(C=C1C(=O)O)S(=O)(=O)OC=2C=CC=CC2,190.71112952932137,283.1111416666667,0.53758,-0.6489,253.4480000000001,4.51617598527781,-8.742745902714502,-1.174443378758,7.568302523956501,3.24876823215102,0,1,1.8507,2,5,ok,False,15.761684014080467,1.2697774018074643,1.2697774018074643,13.272966038154992,18.25040199000594,18.18,0.5,1.0,0.010772660713745651,0.004672743365834675,17.031461415887932,1.4486596483281893,2.714196543365607,0.5337342470165589,True,0.7521103329558595,0.0035144185686952012
14597-16-1,O=C(O)C1=C(O)C=C2C(=O)C3=C(O)C(O)=C(C(O)=C3C(=O)C2=C1C(=O)O)C4=CC(=CC=C4O)CCN,167.77460065055922,512.103611,0.53535,-0.64526,393.9440000000001,4.049068842338939,-7.661365460827501,-2.161128200671,5.500237260156501,4.385328176162758,2,1,1.5546,8,10,ok,False,10.703958975128339,7.415595378350484,7.415595378350484,-3.8303408903602847,25.238258840616965,18.18,0.5,1.0,0.1410583237828778,0.533911674116925,18.119554353478822,6.176304214116932,2.714196543365607,2.2755552574900517,False,0.005638418109283498,0.0030104172520987395
35010-28-7,O=C(O)C1=CC(Cl)=C(C=C1C(=O)O)N(=O)=O,187.19475457439728,190.154692,0.53801,-0.64444,178.04800000000003,6.673814974959974,-9.2254758735015,-1.940715981766,7.2847598917355,4.278927596848286,0,2,1.6446,2,4,ok,False,15.80660244702369,1.2704302882670118,1.2704302882670118,13.316604837151509,18.296600056895873,18.18,0.5,1.0,0.011856381839854933,0.005200005045887086,17.077032735290704,2.2171191477784995,2.714196543365607,0.8168602060885647,True,0.5131122759325669,0.002668186423955955
344751-59-3,O=C(O)C1=CC=C(C=C1)S(=O)(=O)C2=CC=C(C=C2)S(=O)(=O)C3=CC=C(C(=O)O)C(=C3)C(=O)O,189.71255888058184,446.3023586666666,0.53658,-0.65096,378.7920000000001,3.947759291040932,-9.150644564614002,-1.505333820966,7.645310743648001,3.713056249815924,0,1,2.4468000000000005,3,7,ok,False,15.659354677606569,1.2749896460558845,1.2749896460558845,13.160420890675564,18.158288464537574,18.18,0.5,1.0,0.008914442370251857,0.0038048707988459565,16.934344323662454,1.6363795469243345,2.714196543365607,0.6028964818057067,True,0.6952497344801573,0.0026453354126289553
777881-14-8,O=C(O)C1=CC=C(OC2=CC=CC(=C2)N3C(=O)C4=CC=C(OC5=CC=CC(=C5)N(=O)=O)C=C4C3=O)C=C1C(=O)O,188.79773874720692,544.1375936666667,0.53259,-0.6612,435.8960000000001,7.209195435691836,-8.209130641884,-1.836768490875,6.372362151009,3.959288839601981,0,1,5.376400000000004,2,8,ok,False,15.50607853386021,1.3821734002841661,1.3821734002841661,12.797068448913981,18.21508861880644,18.18,0.5,1.0,0.010828608772217233,0.005115659987577029,16.888251934144375,2.300133461579807,2.714196543365607,0.8474454317621519,True,0.4876468711255171,0.0024946355866839395
752993-30-9,O=C(OCOC(=O)C1=CC=C(C(=O)O)C(=C1)C(=O)O)C=C,190.02823910811645,248.022473,0.53505,-0.65482,239.9840000000001,5.125376904189584,-9.220305710342,-1.217437367137,8.002868343205,3.4033572676465447,0,1,0.9265,2,6,ok,False,15.569029392625447,1.297966655749091,1.297966655749091,13.02506149422333,18.112997291027565,18.18,0.5,1.0,0.008269402436798636,0.003565209189268323,16.86699604837454,1.6442465330610676,2.714196543365607,0.6057949403406873,True,0.6928182984693838,0.0024700421641962907
936820-89-2,O=C(O)C1=CC=C(C=C1C(=O)O)C=2C=CC=CC2N(=O)=O,189.12168717322467,279.43318766666664,0.53272,-0.66379,234.45600000000005,6.675409157497389,-8.534578807082,-1.6563570079935,6.878221799088499,3.774782778913562,0,1,2.658200000000001,2,4,ok,False,15.429563739739686,1.369711425951776,1.369711425951776,12.744978675661205,18.114148803818168,18.18,0.5,1.0,0.00882019571807604,0.004039832207267186,16.799275165691462,2.1176290557914363,2.714196543365607,0.7802047574511954,True,0.5440470953441924,0.00219785897804163
777879-60-4,O=C(O)C1=CC=C(OC2=CC=CC(=C2)NC(=O)C3=CC=C4C(=O)N(C(=O)C4=C3)C5=CC=C(C(=C5)C)C)C=C1C(=O)O,190.4075239757505,585.1838103333333,0.533,-0.66078,466.7360000000001,4.2305697181349,-7.918240935699501,-1.6041111486975002,6.314129787002001,3.590169678087708,0,1,5.545040000000004,3,6,ok,False,15.48904116609379,1.2942615026464919,1.2942615026464919,12.952335234329974,18.025747097857604,18.18,0.5,1.0,0.0068417417555621095,0.002885341602511377,16.78330266874028,1.6595054831314737,2.714196543365607,0.6114168434809385,True,0.6880934949270546,0.001985384787330482
6219-66-5,O=C(O)C1=C(O)C=C2C(=O)C=3C(O)=C(C(C(=O)C)=C(O)C3C(=O)C2=C1C(=O)O)CC,164.61314158439035,426.61637866666666,0.54302,-0.65761,326.87200000000007,6.994417089364918,-7.744904412931,-2.3314714710840003,5.413432941846999,4.688953943212471,2,1,1.7402,5,8,ok,False,8.778663382084867,4.889610288201139,4.889610288201139,-0.8047966812258789,18.36212344539561,18.18,0.5,1.0,0.021434986433838697,0.03881904361371716,13.668273670286005,4.6926502676400865,2.714196543365607,1.7289279507449355,False,0.05032809249526523,0.001953688417568892
68183-31-3,O=C(O)C1=CC=C(C=C1C(=O)O)C(=O)OCCOC(=O)C(=C)C,190.0220545638649,280.34901966666666,0.53423,-0.65621,273.4800000000001,4.856300834997766,-9.1128207393945,-1.177164517263,7.935656222131501,3.3356975660983386,0,1,1.3590999999999998,2,6,ok,False,15.525646995553368,1.2726151902547906,1.2726151902547906,13.03136705647539,18.019926934631346,18.18,0.5,1.0,0.006594244886321195,0.0027244860572378723,16.79826218580816,1.5672692066965013,2.714196543365607,0.5774339410045396,True,0.7164620805919384,0.001951990949112373
21278-45-5,O=C(O)C1=CC=C(N=NC2=CC=C(C(=O)O)C(=C2)C(=O)O)C=C1C(=O)O,186.5442904700901,354.929535,0.5336,-0.65972,285.36800000000005,4.108750148159413,-8.421379445273999,-1.885748983965,6.535630461308999,4.063758541955146,0,1,2.8948,4,6,ok,False,15.242461816604264,1.36062023498756,1.36062023498756,12.575695159392222,17.909228473816306,18.18,0.5,1.0,0.005761099173914853,0.002511559495261495,16.603082051591823,1.553217947795074,2.714196543365607,0.5722569913338265,True,0.7207391011410459,0.0018101791330770289
2570271-86-0,O=C(O)C1=CC=C(C#CCCCC=C)C=C1C(=O)O,190.46469245039825,275.86700566666667,0.53299,-0.66224,239.40800000000004,2.0408675949213366,-8.174300069020001,-0.956208070657,7.218091998363,2.88740358628065,0,1,2.790800000000001,2,2,ok,False,15.868510053260565,1.100494228439602,1.100494228439602,13.711581000324749,18.02543910619638,18.18,0.5,1.0,0.005313172343737708,0.0018590133525052295,16.969004281700165,0.9338123873643218,2.714196543365607,0.3440474455126943,True,0.8883684998472179,0.001651488903161018
203441-54-7,O=C(O)C1=CC=C(C=C1C(=O)O)CBr,190.36786346008796,194.3223333333333,0.53252,-0.66338,175.92800000000005,2.7057755745811587,-8.797985014366,-0.9205611562415,7.877423858124501,2.997494529027315,0,1,1.9779,2,2,ok,False,15.793467418779537,1.128693292940754,1.128693292940754,13.581269215023742,18.005665622535332,18.18,0.5,1.0,0.005272727789636633,0.0018907645570561578,16.92216071172029,1.0585052600558993,2.714196543365607,0.3899884341991503,True,0.8589101345651834,0.0016239968401321838
7487-10-7,O=C(O)C=1C=C2C(=O)OC(=O)C2=CC1C(=O)O,185.27911128129023,193.00370333333333,0.53711,-0.64607,176.93600000000004,7.518213390826307,-9.6173198182215,-2.061534531388,7.555785286833501,4.512953774542535,0,2,0.3936,2,5,ok,False,15.464486440178916,1.3392097696946372,1.3392097696946372,12.839683523833248,18.089289356524585,18.18,0.5,1.0,0.008173985517529842,0.003631702447274076,16.803696209873554,2.469575299429978,2.714196543365607,0.9098734229348409,True,0.43697921595418643,0.0015869784879887258
1804224-15-4,O=C(O)C1=CC=C(C=C1C(=O)O)C(=O)CCCl,189.34874448960983,217.39456933333332,0.53384,-0.6568,207.50400000000005,5.374691396722234,-9.163706029438,-1.3061464824,7.857559547038,3.4876544989392477,0,1,1.8946,2,3,ok,False,15.379724534448949,1.294305050639435,1.294305050639435,12.842933250187365,17.916515818710533,18.18,0.5,1.0,0.005388562526003247,0.0022204029236034366,16.674029585088384,1.7151461643061352,2.714196543365607,0.6319167152793408,True,0.6707768671791153,0.0014893949169700617
24910-57-4,O=C(O)C1=CC=C(C=C1)C(=O)C2=CC=C(C(=O)O)C(=C2)C(=O)O,190.0566818625719,301.0091903333333,0.53399,-0.65699,257.9680000000001,5.990022590942375,-8.9511851121975,-1.545062443139,7.4061226690585,3.7189234389535466,0,1,2.0122,3,4,ok,False,15.306108067722283,1.3189340847813302,1.3189340847813302,12.721044763568578,17.891171371875988,18.18,0.5,1.0,0.005263132771479038,0.0022050509632011474,16.625042152503614,1.71057551498847,2.714196543365607,0.6302327365236986,True,0.672204074555998,0.0014822442420674392
856806-50-3,O=C(O)C1=CC=C(SC2=CC=C(C=C2)N(=O)=O)C=C1C(=O)O,188.5494904489479,318.44796,0.53365,-0.65863,252.6560000000001,6.920910865630332,-7.966949314939,-1.782889948476,6.184059366463,3.842919352373487,0,1,3.142400000000002,2,5,ok,False,15.28126825039035,1.3609636830053076,1.3609636830053076,12.61382844743296,17.94870805334774,18.18,0.5,1.0,0.00625718879787705,0.0027504809838405815,16.642231933395657,2.1955636886946666,2.714196543365607,0.8089184602571798,True,0.5197802903009464,0.00142964580424789
42760-52-1,O=C(O)C=1C=C(C(=CC1C(=O)O)C)N(=O)=O,187.16394568460348,194.0069533333333,0.53665,-0.65122,179.33600000000004,6.199239331563188,-9.1242495211155,-1.7888764531870005,7.3353730679285,4.058972782574116,0,2,1.29962,2,4,ok,False,15.522116714371897,1.2580496959720318,1.2580496959720318,13.05638461950515,17.987848809238645,18.18,0.5,1.0,0.006034132350924457,0.0024431993235060415,16.78016641034393,2.137531599707877,2.714196543365607,0.7875375145299299,True,0.5378286108365484,0.001314022498158049
2748603-81-6,O=C(O)C1=CC=C(C=C1C(=O)O)CCC(F)(F)F,190.6610898967089,197.81923933333331,0.53231,-0.66558,204.70400000000004,1.6590069077613874,-8.7759437924755,-0.6593318597615001,8.116611932714001,2.742043951703648,0,1,2.5779000000000005,2,2,ok,False,15.81481517374379,1.088215317374045,1.088215317374045,13.681952344265838,17.947678003221743,18.18,0.5,1.0,0.00423270330985997,0.001433815378553957,16.903030491117836,0.9086148883278321,2.714196543365607,0.3347638514052297,True,0.8939845049695418,0.0012818087314142754
209324-71-0,O=C(O)C1=CC(NC(=O)C)=C(C=C1C(=O)O)N(=O)=O,189.36233099121688,228.26324466666665,0.53705,-0.649,210.82400000000004,10.86760293348998,-8.715534517664501,-1.784522631579,6.931011886085502,3.9767353580332423,0,2,0.9495999999999998,3,5,ok,False,14.654946088110867,1.6428928340890208,1.6428928340890208,11.434935302837449,17.874956873384285,18.18,0.5,1.0,0.007143215628046314,0.0038404490924652986,16.297838922199887,2.871988026238182,2.714196543365607,1.0581356141132334,False,0.3263936933723343,0.0012534983634981782
40415-14-3,O=C(O)C1=CC=C(C=C1C(=O)O)C(=O)C2=CC=C(Cl)C=C2,188.72486723689232,289.41827866666665,0.53492,-0.6565,245.80000000000007,3.872606700918646,-8.608593774417999,-1.3521337231345,7.256460051283499,3.4181988042140965,0,1,2.9674000000000005,2,3,ok,False,15.535887090030446,1.1987426881402168,1.1987426881402168,13.186394594544891,17.885379585516,18.18,0.5,1.0,0.004359982480719177,0.0016313483987551395,16.734629778170664,1.5268699742663738,2.714196543365607,0.5625495242776535,True,0.7287227263510758,0.0011888006527693072
64823-13-8,O=C(O)C1=CC(Br)=C(C=C1C(=O)O)N(=O)=O,186.20254503016204,200.213322,0.53791,-0.64487,182.68800000000005,6.5566974842522665,-9.085881468195,-1.9360900463075,7.1497914218875,4.247811191198133,0,2,1.7536999999999998,2,4,ok,False,15.497126315064742,1.2482553733973445,1.2482553733973445,13.05059073969735,17.943661890432136,18.18,0.5,1.0,0.005388343439183136,0.0021413085506042234,16.745381688462086,2.1877171622987115,2.714196543365607,0.8060275397690764,True,0.5222126519370137,0.0011182184168264347
351188-28-8,O=C(O)C1=CC=C(OC2=CC=CC(=C2)NC(=O)C3=CC=C(OC4=CC=C(C=C4)N(=O)=O)C=C3)C=C1C(=O)O,190.01552060118792,535.132696,0.53315,-0.66117,425.6160000000001,5.965043997323071,-7.828715478885001,-1.693092377811,6.135623101074001,3.694197939080033,0,1,5.8281000000000045,3,7,ok,False,15.203503841498339,1.310701293468697,1.310701293468697,12.634576511809628,17.772431171187048,18.18,0.5,1.0,0.00399616172342865,0.0016219711411821734,16.514205134967035,1.704241731698385,2.714196543365607,0.6278991607531573,True,0.6741805294577375,0.0010935013627273685
4277-02-5,O=C(O)C=1C=C(C=C(C1C(=O)O)N(=O)=O)N(=O)=O,174.07203741569947,199.87258366666663,0.54155,-0.63466,185.82400000000004,5.407243636086689,-9.8812702532065,-2.2623545530570004,7.6189157001495,4.838865175802003,1,1,0.8994,2,6,ok,False,14.321617313876178,1.698372658139923,1.698372658139923,10.992868071594373,17.650366556157984,18.18,0.5,1.0,0.005140812394017656,0.0027672641415933084,16.019989972016102,2.6796595017296503,2.714196543365607,0.9872754087317749,True,0.3773007241621605,0.0010440907645711346
143650-84-4,O=C(O)C=1C=C(C(=O)OC)C(=CC1C(=O)O)C(=O)OC,186.78840008193453,232.38398000000004,0.53468,-0.65295,229.06400000000005,2.4918891648707007,-9.3081984840535,-1.3548548616395,7.953343622414001,3.573990765741121,0,2,0.6562000000000001,2,6,ok,False,15.603671440039573,1.1477307876493688,1.1477307876493688,13.354160432299022,17.853182447780124,18.18,0.5,1.0,0.003677181020902284,0.0012972258437312246,16.751402227688942,1.3295813221897785,2.714196543365607,0.4898618434393465,True,0.7866556880018758,0.0010204700885942002
413608-47-6,O=C(O)C1=CC=C(C=C1C(=O)O)C(=O)C=2C=CC=C(C2)NC(=O)C3=CC=CC(=C3)N(=O)=O,187.7885420477372,439.6996816666667,0.53416,-0.65776,356.3040000000001,4.603674081643921,-8.028447045152001,-1.837856946277,6.190590098875001,3.931125825508052,0,1,3.474500000000001,3,6,ok,False,15.360993167297682,1.2349205094937006,1.2349205094937006,12.940593444920175,17.78139288967519,18.18,0.5,1.0,0.003598076721231006,0.0013631123570627384,16.595913676791383,1.5796948089986587,2.714196543365607,0.582011944882899,True,0.7126692123727629,0.0009714482098834822
748801-94-7,O=C(O)C1=CC(Cl)=C(C=C1C(=O)O)C2=CC(Cl)=CC=C2Cl,189.67221301614012,296.59027066666664,0.53395,-0.6565,256.56800000000004,1.3447979067503042,-8.354983665752,-0.8977035927995,7.4572800729525,2.8700887142175397,0,2,4.710200000000001,2,2,ok,False,15.73817622644102,1.0732990875701303,1.0732990875701303,13.634548670163863,17.841803782718177,18.18,0.5,1.0,0.00306339860406286,0.0009945799857347462,16.81147531401115,0.8035881817155278,2.714196543365607,0.2960685303648193,True,0.9160754262114713,0.0009111102843333567
2576463-79-9,O=C(O)C1=CC=C(C#CCCCCC#C)C=C1C(=O)O,190.47450272477107,282.957123,0.53263,-0.66268,251.08800000000005,2.553489937321077,-8.157973237990001,-0.9379764426735,7.219996795316501,2.8648316245386773,0,1,2.6281000000000008,2,2,ok,False,15.63010287700408,1.099334343302138,1.099334343302138,13.475447157163899,17.784758596844263,18.18,0.5,1.0,0.002765924718058945,0.0009117839286855271,16.72943722030622,0.989443579469836,2.714196543365607,0.36454382122339773,True,0.8755594744409133,0.0007983210574035713
23602-85-9,O=C(O)C1=CC=C(C=C1C(=O)O)C(=O)C2=CC=C(C=C2)C(=O)C3=CC=C(C(=O)O)C(=C3)C(=O)O,188.9345548461106,451.008335,0.53407,-0.65729,376.9840000000001,6.0251878460343455,-8.8891431542835,-1.6569012356945,7.232241918589001,3.844556554085967,0,1,2.9414000000000007,4,6,ok,False,15.201815348496453,1.2570951946417384,1.2570951946417384,12.737954041860277,17.66567665513263,18.18,0.5,1.0,0.0028301030174644475,0.0010689036090576719,16.45891054313819,1.516829322703382,2.714196543365607,0.5588502153283682,True,0.7317520417591964,0.0007821723983717253
1806504-77-7,O=C(O)C1=CC=C(C=C1C(=O)O)C(Br)C(=O)C,189.42456957382663,229.4911966666667,0.53332,-0.66181,212.5600000000001,3.89204333095098,-8.8053320883295,-1.1355310981365,7.669800990193,3.221099250762576,0,1,2.108,2,3,ok,False,15.392150805102931,1.1845220700443848,1.1845220700443848,13.070530208923106,17.713771401282756,18.18,0.5,1.0,0.0027543557852482796,0.0009779815616595775,16.576672875147317,1.3042193715165364,2.714196543365607,0.4805176598962516,True,0.7938210496014902,0.0007763423497675104
7475-29-8,O=C(O)C1=CC=C2C(=O)C=3C=CC=CC3C(=O)C2=C1C(=O)O,172.71994632503942,303.0500723333334,0.5378,-0.65792,236.9600000000001,2.995610325125749,-8.9996213775865,-2.259089186851,6.7405321907355,4.70135591622867,1,1,1.8584,2,4,ok,False,14.215856241864579,1.6616990128176368,1.6616990128176368,10.95898602359625,17.472726460132908,18.18,0.5,1.0,0.0036103166061157506,0.001840986441956332,15.877555254682216,2.5831767988359395,2.714196543365607,0.9517279819510776,True,0.4042239788188242,0.0007441708645190988
54229-55-9,O=C(O)C1=CC=C(C=C1C(=O)O)S(=O)(=O)Cl,187.63887327309027,201.884226,0.53888,-0.6467,189.05600000000004,7.881571569807636,-9.5443933062875,-1.6650646512095,7.879328655078,3.9867593167316913,0,1,1.0105000000000002,2,4,ok,False,14.943466290317126,1.3940246195971389,1.3940246195971389,12.211228242344585,17.675704338289666,18.18,0.5,1.0,0.0036767894537776047,0.0015754174191819695,16.337490909914266,2.3913289041597148,2.714196543365607,0.8810448565358734,True,0.4601328443030034,0.0007249012980526966
3807-79-2,O=C(O)C1=CC=C(C(C(=O)O)=C1C(=O)O)N(=O)=O,158.09042625594466,198.779455,0.53885,-0.6372,190.39200000000005,4.463858364688558,-9.5498355832975,-2.071330630006,7.478504953291499,4.51465583698607,2,0,0.6893999999999998,3,5,ok,False,8.885287434639825,4.155418633663645,4.155418633663645,0.7408165719724398,17.02975829730721,18.18,0.5,1.0,0.00920929049700128,0.01285480055979174,13.04070606830347,4.6296314264878085,2.714196543365607,1.7057097201763656,False,0.05450593688892007,0.000700662948031663
2582759-19-9,O=C(O)C=1C=CC(=CC1C(=O)O)C=2C=CN=CC2,189.32579174827328,247.792903,0.53302,-0.66314,206.3520000000001,2.412959813175512,-8.530224985474,-1.0359374288535,7.4942875566205,3.0527072335398437,0,1,2.1450000000000005,2,3,ok,False,15.55313762558978,1.1011852151103025,1.1011852151103025,13.394854263665595,17.711420987513964,18.18,0.5,1.0,0.0022589128231463376,0.0007334063941016296,16.654322840700083,0.979546756145996,2.714196543365607,0.36089750336626575,True,0.8778785611659332,0.000643841750003834
106860-70-2,O=NC1=CC=CC(C(=O)O)=C1C(=O)O,179.6068542347105,171.63019766666665,0.5383,-0.64624,154.33600000000004,3.954174306982432,-8.6850577664085,-2.1897001549735,6.495357611435,4.551726283725494,1,0,1.4809,2,4,ok,False,15.151140123839218,1.2778381026361914,1.2778381026361914,12.646623464599285,17.65565678307915,18.18,0.5,1.0,0.0028760678439133467,0.0011057054273127444,16.428978226475408,2.026876589265207,2.714196543365607,0.7467685397432117,True,0.5725453962427697,0.0006330665520085562
84595-08-4,O=C(O)C1=CC(OC2=CC=C(F)C=C2F)=C(C=C1C(=O)O)N(=O)=O,187.48935154897143,277.955565,0.53759,-0.64678,252.7920000000001,8.573036315098637,-8.639070525674,-1.827516619958,6.811553905716001,4.02072155610408,0,2,3.061700000000002,2,5,ok,False,14.731909579699675,1.4480509431034352,1.4480509431034352,11.893781883437683,17.570037275961667,18.18,0.5,1.0,0.0032006347666583474,0.0014072870260939518,16.17996052280311,2.549049512292641,2.714196543365607,0.9391543580450575,True,0.4139496593864734,0.0005825459851105944
2477640-06-3,O=C(O)C1=CC=C(C#CC(Br)C)C=C1C(=O)O,189.1845261151729,254.62854033333332,0.53325,-0.66131,214.8640000000001,2.8931291191372703,-8.336479923918,-1.143966627502,7.192513296416001,3.1240424282259456,0,1,2.2179,2,2,ok,False,15.458448790399181,1.1233273779998143,1.1233273779998143,13.256767586671733,17.660129994126628,18.18,0.5,1.0,0.002066259477575244,0.000679391541256515,16.581776168398996,1.1038611587031533,2.714196543365607,0.4066990511064332,True,0.8475511240611941,0.0005758190644696265
3885-88-9,O=C(O)C1=CC=C(C=C1C(=O)O)C(=O)C=2C=CC=CC2,188.4271952118536,273.57349200000004,0.5339,-0.65788,229.80800000000005,4.528789490581341,-8.741113219611501,-1.3412491691145,7.399864050497001,3.4343209092729623,0,1,2.314,2,3,ok,False,15.197692014706266,1.2194511383473605,1.2194511383473605,12.807611702639068,17.587772326773464,18.18,0.5,1.0,0.0021475394250226616,0.000768944510956408,16.417143153053626,1.6209279348364647,2.714196543365607,0.5972035955902117,True,0.7000159667290933,0.0005382734351981798
2631423-45-3,O=C(O)C1=CC=C(C#CC(Cl)C)C=C1C(=O)O,189.13789679471617,241.3896513333333,0.53339,-0.66096,210.33600000000004,2.6404762411352998,-8.415937168264,-1.099884183721,7.316052984542999,3.0942523309428283,0,1,2.0618,2,2,ok,False,15.469857254938354,1.109566311637788,1.109566311637788,13.295147245669344,17.644567264207364,18.18,0.5,1.0,0.0019069902040226207,0.000615358357854201,16.579423566576143,1.034784487700389,2.714196543365607,0.38124891516413734,True,0.8647189524445473,0.0005321120345816815
92971-15-8,O=C(O)C1=CC=C(C(=C1C(=O)O)N(=O)=O)N(=O)=O,172.3845996600956,197.03737266666667,0.53998,-0.63073,186.84800000000004,9.060131102804196,-9.75800267893,-2.3023552890805004,7.455647389849499,4.877250314794275,1,1,0.8994,2,6,ok,False,13.316190822448503,2.088863700729641,2.088863700729641,9.222093200405354,17.410288444491652,18.18,0.5,1.0,0.005117132901979454,0.0033863638938249063,15.405054523178144,3.7153334128562654,2.714196543365607,1.3688520169763563,False,0.15354588302884148,0.0005199622343343312
1785296-46-9,O=C(O)C=1C=C2N=CC=NC2=CC1C(=O)O,185.5298131652912,210.90084066666668,0.53356,-0.66071,174.33600000000004,1.5405186496761407,-8.7819302971865,-1.439482269145,7.342448028041501,3.557303860107383,0,2,1.0262,2,4,ok,False,15.385276774231905,1.1346742137327845,1.1346742137327845,13.161356181129342,17.609197367334467,18.18,0.5,1.0,0.0018440639238083163,0.0006068920336947435,16.519950987964688,1.192397373026896,2.714196543365607,0.4393187280197188,True,0.8244811951780887,0.0005003710692847031
137023-78-0,O=C(O)C=1C=C(C(=CC1C(=O)O)CC)CC,191.3637461637674,220.9511243333333,0.53058,-0.67225,205.78400000000005,2.7758233319143346,-8.448046602623,-0.570894858349,7.877151744274,2.5815582750315733,0,2,2.2078,2,2,ok,False,15.40130460470575,1.0967071111313567,1.0967071111313567,13.251798165299324,17.550811044112177,18.18,0.5,1.0,0.0013967991120392381,0.0004348017595016615,16.498011715837105,0.879172333622099,2.714196543365607,0.32391623803776726,True,0.9003949944067062,0.0003914933278145245
2528487-94-5,O=C(O)C=1C=CC=C(C#CCOC(C)C)C1C(=O)O,152.3476806155187,257.356816,0.53638,-0.65179,237.11200000000005,2.225726326393252,-8.250219833309501,-0.73470739635,7.515512436959501,2.685409611102204,1,0,1.8595,2,3,ok,False,5.221057347763669,5.6224352019943,5.6224352019943,-5.798713153555344,16.24082784908268,18.18,0.5,1.0,0.008337592034159194,0.015584067609569346,10.843492549757968,5.305093862761046,2.714196543365607,1.9545724777111104,False,0.021920049238437784,0.00034160352933690347
213611-98-4,N#CC=1C=C(C(=O)O)C(=CC1C#N)C(=O)O,186.2493661172145,194.1028983333333,0.53767,-0.64353,175.16800000000003,9.403363456763756,-9.493508016244,-1.824251253752,7.669256762492,4.175491799936786,0,2,0.82636,2,4,ok,False,14.416277763160718,1.5056765360267848,1.5056765360267848,11.465205980181194,17.36734954614024,18.18,0.5,1.0,0.002314592259924139,0.001029581670960374,15.921954299187503,2.8529018685816565,2.714196543365607,1.0511036408012129,False,0.33127088198776855,0.0003410704282174836
55552-93-7,O=C(O)C1=CC=CC(=C1)C(=O)C2=CC=C(C(=O)O)C(=C2)C(=O)O,190.86135044866455,299.53962333333334,0.53382,-0.65719,257.77600000000007,7.782532839635179,-8.949280315244,-1.375807628128,7.573472687115999,3.5191069355715285,0,1,2.0122,3,4,ok,False,14.49081673386111,1.4001478934640201,1.4001478934640201,11.746577289642005,17.235056178080214,18.18,0.5,1.0,0.0013859733580559753,0.0005504752689501858,15.890964627325129,1.9279423781109604,2.714196543365607,0.7103178960357489,True,0.6037763002770447,0.00033236392128075434
4445-58-3,O=C(O)C=1C=CC(=CC1C(=O)O)C=2C=CC=CC2,189.97842104877367,259.40767,0.53253,-0.66461,210.21600000000004,1.9282532665601788,-8.0085827340655,-0.872397004703,7.1361857293625,2.7630937629569834,0,1,2.750000000000001,2,2,ok,False,15.436211659136642,1.0626093281643014,1.0626093281643014,13.353535646298308,17.518887671974976,18.18,0.5,1.0,0.0011341019626652119,0.00033673828284680593,16.498820987300945,0.8615956623198737,2.714196543365607,0.3174404095480477,True,0.9041423957119614,0.0003044593577810432
1010100-33-0,O=C(O)C1=CC=CC(=C1C(=O)O)CN(C(=O)OC(C)(C)C)C,147.3345463536651,282.69850033333336,0.53427,-0.65796,278.8960000000001,3.944005919113205,-8.427910177686,-0.5684458336945,7.8594643439915,2.574425493302728,1,0,2.4499000000000004,2,4,ok,False,5.8763003406617935,6.52547297501857,6.52547297501857,-6.913391672464043,18.66599235378763,18.18,0.5,1.0,0.024874804869025362,0.061290109512119495,12.401773315680362,6.254546682742712,2.714196543365607,2.304382377182997,False,0.004941046439921085,0.00030283727740723144
744216-81-7,O=C(O)C=1C(O)=C(C(=O)O)C(C(=O)O)=C(O)C1C(=O)O,173.2329703241387,220.692625,0.54394,-0.64896,207.43200000000004,0.2705042328689147,-7.952799394713001,-1.6669694481630002,6.285829946550001,3.680498572871779,2,2,-0.1094,6,6,ok,False,6.501683501067432,4.223756856661706,4.223756856661706,-1.7767278174436187,14.780094819578483,18.18,0.5,1.0,0.001967723878408436,0.0024231521040242593,10.725440357729138,3.927381509365854,2.714196543365607,1.4469775665162024,False,0.12322490738283645,0.00029859269359291463
134960-68-2,O=C(O)C1=CC=C2C(=C1C(=O)O)C(C=3C=CC=CC3)(C)CC2(C)C,151.09044255564095,349.0946303333333,0.53348,-0.65403,299.4240000000001,3.37222685773066,-8.1223263235745,-0.5238191622125,7.598507161362,2.459556534391529,1,1,4.070300000000003,2,2,ok,False,4.83592173519329,5.924729837612675,5.924729837612675,-6.776335364657397,16.448178835043976,18.18,0.5,1.0,0.009728439190187321,0.019474288327250094,10.760651572805966,5.55705866389817,2.714196543365607,2.047404664736405,False,0.01511805035704977,0.00029441327159907346
1354219-93-4,O=C(O)C1=CC=C(C#CC2CCCCC2)C=C1C(=O)O,189.8927496032925,288.6699673333333,0.53307,-0.66246,250.75200000000007,2.5843576784183724,-8.140557951558,-0.9510379074975,7.1895200440605,2.874222297101769,0,1,3.014800000000001,2,2,ok,False,15.369045002748125,1.0809117338656593,1.0809117338656593,13.250496933904689,17.48759307159156,18.18,0.5,1.0,0.0010952359157171253,0.0003299486105034755,16.449956736613785,0.9445651058056237,2.714196543365607,0.3480091035096382,True,0.8859362034317572,0.0002923134193170327
2616551-66-5,O=C(O)C=1C=C2C(=CC1C(=O)O)CCN(C(=O)OC(C)(C)C)C2,190.90441026055737,299.67193833333334,0.53125,-0.66955,284.39200000000005,2.2482818350909657,-8.3655961059215,-0.574160224555,7.791435881366499,2.564329748237561,0,2,2.3762000000000008,2,4,ok,False,15.358633296138324,1.0799464847282247,1.0799464847282247,13.241977080840368,17.47528951143628,18.18,0.5,1.0,0.0010507780605823653,0.00031531149092571976,16.438579780866547,0.9417158370544776,2.714196543365607,0.3469593384297619,True,0.8865827772065161,0.00027954973731005186
2961390-02-1,O=C(O)C1=CC=2OC3(CN(C(=O)OC(C)(C)C)C3)CC(F)(F)C2C=C1C(=O)O,190.92333288511608,331.272072,0.535,-0.65536,328.84800000000007,2.757991013400878,-8.418386192918499,-0.6549780381535001,7.763408154764999,2.6510888268565083,0,2,2.9468000000000014,2,5,ok,False,15.335566648233591,1.082308352227979,1.082308352227979,13.214281257699861,17.456852038767323,18.18,0.5,1.0,0.0010004695037802013,0.0002997963967615474,16.41787500046157,0.8630547181696041,2.714196543365607,0.3179779741003631,True,0.903833612939786,0.00027096606043131895
37622-96-1,O=C(O)C=1C=C2C=CC=C(C2=CC1C(=O)O)N(=O)=O,186.16123830457065,258.275515,0.53356,-0.66147,206.6080000000001,6.547093230587143,-8.258383248824499,-1.8386732878285,6.419709960995998,3.970216385311189,0,2,2.1444,2,4,ok,False,14.859297268317924,1.2758327799929916,1.2758327799929916,12.358710969236046,17.3598835673998,18.18,0.5,1.0,0.0013736933699094514,0.0004968190197352472,16.135130048310916,2.180754255350134,2.714196543365607,0.8034621739831692,True,0.5243732888302558,0.00026051862333199534
1804039-12-0,O=C(O)C1=CC=CC(=C1C(=O)O)C(Br)C(=O)C,154.44842259981974,227.95677666666663,0.53322,-0.64999,211.45600000000005,2.9835267771548493,-8.822747374761502,-0.759197642895,8.063549731866502,2.846564893081517,1,0,2.108,2,3,ok,False,5.1297820988771,5.107531608399392,5.107531608399392,-4.880795903485644,15.140360101239843,18.18,0.5,1.0,0.003989140370560672,0.006308379847418943,10.237313707276492,4.851566209038343,2.714196543365607,1.7874778526622082,False,0.04096336805369906,0.0002584124855123601
309725-94-8,O=C(O)C=1C=C(C(=CC1C(=O)O)N2CCOCC2)N(=O)=O,187.26900605857747,272.3904196666667,0.53563,-0.65226,239.51200000000009,6.767912222391777,-7.712250750871,-1.7510526279675,5.9611981229035,3.755709380630238,0,2,0.8278000000000001,2,6,ok,False,14.661221394474751,1.3249238530130971,1.3249238530130971,12.06441836031104,17.25802442863846,18.18,0.5,1.0,0.0012098166226848976,0.0004500540908571318,15.986145247487848,2.093066425332978,2.714196543365607,0.7711550699779365,True,0.551739015811088,0.00024831240115126785
53659-79-3,O=C(Cl)C1=CC=C(C(=O)O)C(=C1)C(=O)O,185.7120684374425,187.862513,0.53606,-0.65067,174.10400000000004,4.798223981849952,-9.3326887305985,-1.590777570023,7.7419111605754996,3.853122102086473,0,1,1.4620000000000002,2,3,ok,False,15.022489079698035,1.1972540130276361,1.1972540130276361,12.67591433381782,17.36906382557825,18.18,0.5,1.0,0.0011256163197361742,0.0003763588316282353,16.219743092725672,1.8439291638639184,2.714196543365607,0.6793646423178492,True,0.6303145381830225,0.00023722444314885305
1008458-96-5,O=C(O)C1=C(C(=O)O)C(=CC=C1N(=O)=O)C,160.3330614660954,194.061186,0.53543,-0.64461,178.78400000000005,6.5772762242435885,-9.132412936630502,-1.8503741834000005,7.282038753230501,4.141066019128125,2,0,1.29962,2,4,ok,False,9.387431298579004,3.305408768952279,3.305408768952279,2.908949157249661,15.865913439908347,18.18,0.5,1.0,0.002466918373485856,0.002421738303477236,12.692840067531284,4.210846118140917,2.714196543365607,1.5514153271006168,False,0.09009509844151273,0.0002181867508513636
325780-76-5,O=C(O)C1=C(OCC)C=2C=CC=CC2C(OCC)=C1C(=O)O,151.67176444977432,309.36734466666667,0.53191,-0.65501,267.09600000000006,5.250387681876453,-7.6689846486415005,-0.689536497167,6.9794481514745,2.502521482667938,2,2,3.0336000000000007,2,4,ok,False,4.480461075262034,5.774548047589431,5.774548047589431,-6.837445125009338,15.798367275533405,18.18,0.5,1.0,0.006966481986371038,0.01313172922270632,10.255009122851465,5.496800387901254,2.714196543365607,2.025203517901918,False,0.01654867420342505,0.00021731270863416298
1803746-90-8,O=C(O)C1=CC=C(C=C1C(=O)O)CCC(=O)OC,190.7904930641273,222.51841666666667,0.53163,-0.66666,217.97600000000008,3.3941362759912868,-8.718527770020001,-0.6729375522865,8.045590217733501,2.7406199704803016,0,1,1.1886,2,4,ok,False,15.200410245878247,1.0993148292326445,1.0993148292326445,13.045792772911465,17.35502771884503,18.18,0.5,1.0,0.000774788760289321,0.00023154941324238362,16.299725075110892,0.8395977193873152,2.714196543365607,0.30933563799554953,True,0.9087470131256761,0.00021041983767501897
27873-89-8,O=C(O)C1=C(C(=O)O)C(C=2C=CC=CC2)=C(C=3C=CC=CC3)C(C=4C=CC=CC4)=C1C=5C=CC=CC5,144.9303107992971,555.2476996666666,0.53229,-0.65012,423.7280000000001,1.8190050687120145,-7.909533292483499,-0.5194653406045,7.390067951878999,2.4034967749699345,2,2,7.751000000000006,2,2,ok,False,6.525179040032839,6.949123193509121,6.949123193509121,-7.094852143377002,20.14521022344268,18.18,0.5,1.0,0.04013550497088507,0.1126400723490607,13.474302233541959,6.805464659495323,2.714196543365607,2.5073588263643347,False,0.0018606148448240968,0.00020957979073472262
138472-63-6,O=C(O)C1=CC=C(C=C1C(=O)O)C(=O)C2=CC=C(C(=C2)C)C,189.77406859640945,312.6398543333334,0.53385,-0.6586,263.4800000000001,6.698152000365473,-8.2115796665385,-1.2451929798880002,6.966386686650499,3.209359202582518,0,1,2.9308400000000017,2,3,ok,False,14.432304101531864,1.3538470398860805,1.3538470398860805,11.778812662778984,17.085795540284742,18.18,0.5,1.0,0.0008519746300725133,0.00031568154422474725,15.786151141417944,1.7578685926814743,2.714196543365607,0.6476570744216317,True,0.6574019273047922,0.00020752965558790183
56113-32-7,O=C(O)C=1C(N)=C2C(=O)C=3C=CC=CC3C(=O)C2=C(N)C1C(=O)O,165.7442747978744,378.170582,0.53634,-0.65333,256.97600000000006,2.21066606478681,-6.931556113786501,-2.230789346399,4.700766767387501,4.464621331257684,2,2,1.0228000000000002,4,6,ok,False,8.172746963711766,3.4921370883155967,3.4921370883155967,1.3282840415366266,15.017209885886906,18.18,0.5,1.0,0.0013112714181698368,0.001293500308373224,11.664884052027363,3.7117247893775227,2.714196543365607,1.367522480437242,False,0.15410551721082436,0.00019933553403421648
2588246-75-5,O=C(O)C=1C=CC=C(C#CCCC#C)C1C(=O)O,152.98883840812886,245.73785566666663,0.53631,-0.65039,216.92000000000004,5.3650306243301165,-8.191171127751,-0.719469020722,7.471702107028999,2.6566740321754763,1,0,1.8479,2,2,ok,False,4.480001584341141,5.453566946589722,5.453566946589722,-6.208793218252786,15.168796386935067,18.18,0.5,1.0,0.004609825032531016,0.007887302606980034,9.933568530930863,5.22462487929522,2.714196543365607,1.924925036127516,False,0.024591943376379686,0.0001939640991032249
1028542-93-9,O=C(O)C1=C(OCC)C2=CC=C(C=C2C(OCC)=C1C(=O)O)C,152.3134151761172,330.06005466666664,0.53223,-0.65585,283.66400000000004,5.067283648070236,-7.5253085355775005,-0.6266781977015,6.898630337876001,2.408263830817808,2,2,3.342020000000001,2,4,ok,False,4.194993852055838,5.689233061987374,5.689233061987374,-6.955698049093948,15.345685753205624,18.18,0.5,1.0,0.00544765927630739,0.009877271277094035,9.88422691404321,5.389555505672959,2.714196543365607,1.9856909474175013,False,0.019390567574388198,0.0001915258961490555
18019-70-0,O=C(O)C1=CC=CC(=C1C(=O)O)[Si](C)(C)C,155.22293078616067,233.73041366666664,0.53379,-0.65827,218.6080000000001,2.3299833733312347,-8.7563515952395,-0.558377621226,8.1979739740135,2.6459031417734145,1,0,1.6282,2,2,ok,False,4.628794808943943,5.042813885407745,5.042813885407745,-5.2549387871937325,14.512528405081618,18.18,0.5,1.0,0.002665002038480292,0.0040172373202691375,9.671608694351688,4.768976450702261,2.714196543365607,1.7570490472988092,False,0.04562856402044882,0.0001833007702532366
1806530-78-8,O=C(O)C1=CC=C(C=C1C(=O)O)CCC(=O)OCC,190.82055813018405,238.12110833333332,0.53182,-0.66637,234.24000000000007,3.432095702336985,-8.709275899103,-0.6430050287315,8.0662708703715,2.710830071254123,0,1,1.5787,2,4,ok,False,15.140999781720607,1.095354684010113,1.095354684010113,12.994144050763534,17.28785551267768,18.18,0.5,1.0,0.0006169685362060747,0.0001808487001087669,16.23635446573072,0.8136627106998265,2.714196543365607,0.29978032087937295,True,0.9140516120588514,0.0001653050458731662
408339-12-8,O=C(O)C1=CC(OC)=C(C=C1C(=O)O)N(=O)=O,186.74585709268308,203.62363333333332,0.53722,-0.64932,188.09600000000003,9.060077861144462,-8.606961091315,-1.7548622218745002,6.8520988694405,3.91731732201802,0,2,0.9998,2,5,ok,False,14.057464772549807,1.4906820048243414,1.4906820048243414,11.135781730692134,16.97914781440748,18.18,0.5,1.0,0.0009644936716628029,0.00039701065123561984,15.548146777374148,2.6033277485502837,2.714196543365607,0.9591522599620417,True,0.39852977821273206,0.0001582205667850239
2609836-22-6,O=C(O)C1=CC=C(C#CCOCC)C=C1C(=O)O,189.06902953020648,243.55615233333333,0.53283,-0.66214,220.50400000000005,2.687121128643069,-8.3721268383335,-1.0021953113915,7.369931526942,2.980961066109384,0,1,1.471,2,3,ok,False,15.171081203345924,1.0831107248424585,1.0831107248424585,13.048223191385633,17.293939215306214,18.18,0.5,1.0,0.0005983454301700544,0.00017306832695542515,16.254191928188384,0.9624042142974361,2.714196543365607,0.3545816225615164,True,0.8818545665903946,0.00015262109445780117
28361-47-9,O=C(O)C1=CC=C(C=C1)S(=O)(=O)C2=CC=C(C(=O)O)C(=C2)C(=O)O,189.67167229753144,310.488147,0.53535,-0.65178,273.05600000000004,7.452522475645411,-9.1786722912155,-1.430230398228,7.7484418929875005,3.63133704261048,0,1,1.614,3,5,ok,False,14.397170294095153,1.3309259574932772,1.3309259574932772,11.788603351318843,17.00573723687146,18.18,0.5,1.0,0.0006455913173262622,0.00023065064354398047,15.728096251588429,1.8128544440216827,2.714196543365607,0.6679156851971159,True,0.6401124835451405,0.00014764235627022227
856806-22-9,O=C(O)C1=CC(O)=C(C=C1C(=O)O)N(=O)=O,186.787491765614,185.98736833333336,0.53652,-0.64852,171.19200000000004,8.621060246280617,-8.7405689919105,-1.811189788928,6.9293792029825,4.016940410804777,0,2,0.6968,3,5,ok,False,14.205839760434918,1.4021842642024285,1.4021842642024285,11.457609102909363,16.954070417960473,18.18,0.5,1.0,0.0007092735210094234,0.0002687070209417531,15.608024024637347,2.1206588109261317,2.714196543365607,0.7813210196990791,True,0.54309960794588,0.00014593467772577146
1800035-16-8,O=C(O)C=1C(Cl)=CC=C(C1C(=O)O)N(=O)=O,164.74629709203668,190.2944933333333,0.53824,-0.63021,177.70400000000004,3.678848616075416,-9.239353679877,-1.9921454995105,7.247208180366501,4.351557547302397,2,0,1.6446,2,4,ok,False,11.300172332250659,2.382824360128584,2.382824360128584,6.629922404913934,15.970422259587384,18.18,0.5,1.0,0.0009771441153072265,0.0006435440622747386,13.682996692379243,3.3323059002580693,2.714196543365607,1.227731981459974,False,0.22150152197543363,0.00014254598925210783
2623801-47-6,O=C(O)C1=CC=C(C#CCCCCCC#C)C=C1C(=O)O,190.03378122405445,300.48668,0.53295,-0.6625,267.68800000000005,3.551076774726224,-8.157429010289,-0.9499494520955,7.2074795581935005,2.877023160017621,0,1,3.018200000000001,2,2,ok,False,15.061938099720058,1.1071708918185739,1.1071708918185739,12.89192302702456,17.231953172415555,18.18,0.5,1.0,0.0005418501517153016,0.0001591414596138754,16.169108991538632,0.9033024601604704,2.714196543365607,0.33280657672652336,True,0.8951533652980695,0.0001424560131318074
313701-80-3,O=C(O)C1=CC=C(C=C1C(=O)O)N2C(=CC=C2C)C,190.29983126696345,262.146355,0.53331,-0.66144,229.36000000000004,1.6189727422041422,-7.048837183352,-0.7771571570279999,6.271680026324,2.44137883145315,0,1,2.49054,2,3,ok,False,15.08367830507948,1.089452514506734,1.089452514506734,12.948390613779681,17.218965996379282,18.18,0.5,1.0,0.0004816430428911993,0.00013810933642634986,16.173130819586216,0.9429406592897875,2.714196543365607,0.34741060355214365,True,0.8863050145022242,0.0001224069974242486
449763-63-7,O=C(O)C1=C(OC(C)C)C=2C=CC=CC2C(OC(C)C)=C1C(=O)O,142.0568271786997,345.404485,0.53167,-0.65255,300.28800000000007,4.752796044435318,-7.538914228102501,-0.655250152004,6.8836640760985,2.4385388779118773,2,2,3.810600000000002,2,4,ok,False,7.040407902998409,7.260230663811203,7.260230663811203,-7.189382717524879,21.270198523521696,18.18,0.5,1.0,0.054445400233550434,0.16747355533335817,14.300638566809612,7.331320766155224,2.714196543365607,2.7011016516380857,False,0.0006782801651227774,0.00011359399076520877
10474-63-2,O=C(O)C=1C=C2C=CC=CC=CC2=CC1C(=O)O,189.59970251329923,259.16592833333334,0.53198,-0.66658,210.48000000000005,1.9645426185247292,-7.7604149024095,-0.907771805268,6.8526430971415,2.741185398612821,0,2,2.6792000000000007,2,2,ok,False,15.1971938566247,1.048895333014159,1.048895333014159,13.141396780364802,17.2529909328846,18.18,0.5,1.0,0.00044935977078266944,0.0001234914368465987,16.24608918963886,0.8357653216867327,2.714196543365607,0.3079236556135256,True,0.9095393852382635,0.00011232032555164522
78164-32-6,O=C(O)C=1C=C(C(=CC1C(=O)O)C(F)(F)F)C(F)(F)F,186.69008834339607,177.13174133333334,0.53676,-0.64715,202.68000000000004,5.741281077425142,-9.596911279434,-1.3602971386495,8.2366141407845,3.644107101085007,0,2,3.1206000000000005,2,2,ok,False,14.527865587504703,1.2596144246173835,1.2596144246173835,12.059066680847488,16.99666449416192,18.18,0.5,1.0,0.000489743427730109,0.00016254514935188074,15.787480012122087,1.8761973542112613,2.714196543365607,0.6912533135440422,True,0.6201269006087118,0.00010079861967656196
194853-58-2,O=C(O)C1=CC=C(C=C1C(=O)O)S(=O)(=O)C2=CC=C3C=C(Br)C=CC3=C2,189.70961061049508,393.685896,0.53605,-0.65174,308.51200000000006,7.578245293601943,-7.916608252596501,-1.2514515984495,6.665156654147001,3.15271364927576,0,1,3.831500000000002,2,4,ok,False,13.933708688086417,1.4099618835679248,1.4099618835679248,11.170234176719028,16.697183199453807,18.18,0.5,1.0,0.0003809811048067989,0.00013924565163837268,15.343670571654343,1.9496534908753091,2.714196543365607,0.7183169898439766,True,0.5969157499568823,8.311792257595401e-05
128298-23-7,O=C(O)C=1C(C(=O)O)=C(C(C(=O)O)=C(C(=O)O)C1C(F)(F)F)C(F)(F)F,149.29017126709533,227.044376,0.54056,-0.62598,256.72800000000007,4.640252459726733,-9.716641373654,-1.4190737303575,8.297567643296501,3.736159685841526,2,2,2.5170000000000003,4,4,ok,False,4.066229711611485,5.968515191923603,5.968515191923603,-7.631845105738946,15.764304528961915,18.18,0.5,1.0,0.007173085733265451,0.014016293299838209,10.034744903535088,6.15784842150472,2.714196543365607,2.2687555315610934,False,0.005815365373873831,8.15098667259389e-05
2628557-83-3,O=C(O)C1=CC=C(C#CC(=O)C)C=C1C(=O)O,186.45505322327676,233.01602566666668,0.53393,-0.6576,197.7920000000001,5.568711016025162,-8.689139474166,-1.526558701305,7.162580772861,3.6425588946844094,0,1,1.0235,2,3,ok,False,14.491738320922183,1.2479126625599057,1.2479126625599057,12.045874446453283,16.937602195391083,18.18,0.5,1.0,0.00039508731159747424,0.00012810373525948878,15.739650983482088,1.8565062130789047,2.714196543365607,0.6839984442603536,True,0.6263450436753257,8.023713965607686e-05
67389-67-7,O=C(O)C1=CC=CC(=C1C(=O)O)N(CC=C)CC=C,157.36684895481733,263.4715336666667,0.53425,-0.65383,240.4000000000001,1.6802697997643117,-7.7043594492065,-0.5657246951895,7.138634754017,2.39521610616455,1,0,2.2614,2,3,ok,False,3.986274226597251,4.733231299554592,4.733231299554592,-5.290688651027464,13.263237104221966,18.18,0.5,1.0,0.0009534068240940291,0.0012450612615088497,8.719505526151842,4.500306137501374,2.714196543365607,1.6580619957318894,False,0.06398097012140178,7.966022737191252e-05
886845-79-0,O=C(O)C1=CC=C(C=C1C(=O)O)C(=O)C2=CC(OC)=CC=C2OC,190.14509384715925,320.8456356666666,0.53445,-0.65685,281.21600000000007,8.175813095955656,-7.365577705333999,-1.2884590821175002,6.077118623216499,3.080915371326289,0,1,2.3312,2,5,ok,False,13.74047087366847,1.462585155232913,1.462585155232913,10.873856645089035,16.607085102247904,18.18,0.5,1.0,0.00036606016371358346,0.00013843177387476684,15.203056028901383,2.1101471224388035,2.714196543365607,0.7774481651289035,True,0.5463881548666384,7.563748150234957e-05
51307-74-5,O=C(O)C=1C=C(C(=O)O)C(=CC1C(=O)O)S(=O)(=O)O,186.4770905774521,214.45636833333333,0.53752,-0.64523,209.49600000000004,8.65726173221071,-9.5971833932845,-1.6226148905315,7.974568502753,3.946416457707477,0,2,0.0279000000000001,4,5,ok,False,13.973922149317813,1.382660422505877,1.382660422505877,11.26395751835736,16.683886780278264,18.18,0.5,1.0,0.0003324720519804047,0.00011813656006834979,15.35658257182369,2.010072530741888,2.714196543365607,0.7405773674184242,True,0.5778419809008264,6.82642638867047e-05
29639-50-7,O=C(O)C1=CC=C(C=C1C(=O)O)C(=O)OCCCC,187.59113504368665,240.27286566666663,0.53485,-0.65666,234.05600000000007,3.913198238014527,-9.1612570047835,-1.1164831286015,8.044773876182001,3.2826262078706487,0,1,2.0399000000000003,2,4,ok,False,14.704357362348066,1.156157087981269,1.156157087981269,12.438331109434072,16.970383615262058,18.18,0.5,1.0,0.0002922897354681979,8.614843861242576e-05,15.860514450329335,1.3544035158192018,2.714196543365607,0.49900716259101113,True,0.7795736211457277,6.715905024513918e-05
23241-56-7,O=C(O)C1=C(O)C=C2C(=O)C3=C(O)C(O)=C(C(O)=C3C(=O)C2=C1C(=O)O)C4=CC(=CC=C4O)CC(N)C(=O)O,170.19669509855646,526.605009,0.53506,-0.64584,423.3520000000001,15.229122812558836,-7.654562614565,-1.9975877765205,5.6569748380445,4.117218559360646,2,1,1.0078000000000005,9,11,ok,False,11.663830320708708,7.959570064802021,7.959570064802021,-3.936640338726397,27.264300980143815,18.18,0.5,1.0,0.1890301295327808,0.8268925086806285,19.623400385510728,8.34497167369228,2.714196543365607,3.0745642551532044,False,7.84581372339796e-05,6.487644592381441e-05
2997443-61-3,O=C(O)C1=CC=CC(=C1C(=O)O)CC(CC)CCCC,157.6897518085835,282.96411900000004,0.53328,-0.65847,272.49600000000004,2.4440488006584484,-8.532401896278,-0.5483094087575,7.984092487520499,2.581987806826111,1,0,3.841900000000003,2,2,ok,False,4.1565324149708625,4.530866858457344,4.530866858457344,-4.72380344635167,13.036868276293394,18.18,0.5,1.0,0.0006742571524559397,0.0008225201512834322,8.687399273428206,4.327175859623297,2.714196543365607,1.594275060956932,False,0.07873141965614039,6.475817920632798e-05
752993-36-5,O=C(OCCCCOC(=O)C1=CC=C(C(=O)O)C(=C1)C(=O)O)C=C,187.5985112685502,296.3104216666667,0.53407,-0.65681,290.24000000000007,4.50206442201797,-9.1656108263915,-1.146143538306,8.019467288085501,3.314817376829864,0,1,1.7492,2,6,ok,False,14.557504759459135,1.1868006681994006,1.1868006681994006,12.23141819296024,16.88359132595803,18.18,0.5,1.0,0.0002567432792562347,7.705982158003012e-05,15.744305427658535,1.469793552161207,2.714196543365607,0.5415206779162209,True,0.7458396527241897,5.747427056623769e-05
808116-16-7,O=C(O)C1=CC=C(OC2=CC=C(C=C2)C(F)(F)F)C=C1C(=O)O,190.0937686367492,270.627013,0.53294,-0.66014,251.17600000000007,2.426888530608689,-8.197429746312501,-0.6797403985489999,7.517689347763501,2.620624042022449,0,1,3.8941000000000017,2,3,ok,False,15.011560064722067,1.0498739750454014,1.0498739750454014,12.953844885327177,17.06927524411696,18.18,0.5,1.0,0.0002377675356677189,6.283671400601233e-05,16.06143403976747,0.8342832299607842,2.714196543365607,0.30737760388062096,True,0.9098450293715483,5.7171671900411873e-05
76284-58-7,O=C(O)C=1C(Cl)=CC=C(C1C(=O)O)C(F)(F)F,159.12618032578263,176.5372106666667,0.53764,-0.6348,185.40800000000004,1.7020578368551404,-9.1177187887035,-0.7472246334729999,8.3704941552305,2.9065520779897,2,0,2.7552000000000003,2,2,ok,False,5.183908418330424,4.081734554469378,4.081734554469378,-2.8161443028821997,13.183961139543047,18.18,0.5,1.0,0.0004724143832621288,0.0005068783289970931,9.265642972799803,4.024321026838534,2.714196543365607,1.4826932989341923,False,0.11098286946717043,5.625481142282185e-05
405898-35-3,O=C(O)C1=CC(=CC(=C1)C(=O)O)NC(=O)C2=CC=C(C(=O)O)C(=C2)C(=O)O,189.72016315751384,340.52753566666667,0.53408,-0.65816,297.1120000000001,8.530281736261704,-8.235253571532,-1.10478223303,7.130471338502001,3.058573013240212,0,1,1.7317,5,5,ok,False,11.604291858081359,2.00894134494956,2.00894134494956,7.666839174926764,15.541744541235953,18.18,0.5,1.0,0.00021406494125569668,0.00010757045971479876,13.61323320303092,2.238371487418615,2.714196543365607,0.8246902726664856,True,0.5065592181043566,5.4490807964254646e-05
946127-80-6,O=C(O)C1=CC=C(OC2=NC=CC=N2)C=C1C(=O)O,190.08932763498944,233.49341533333333,0.53387,-0.65935,210.75200000000004,4.046900878450076,-8.789821598850999,-0.7336189409480001,8.056202657902999,2.8144748700591555,0,1,1.6652999999999998,2,5,ok,False,14.762300118030437,1.1102275775751167,1.1102275775751167,12.586294051340058,16.938306184720815,18.18,0.5,1.0,0.00020877482504755602,5.789239780908443e-05,15.872527695605553,0.8474942405981768,2.714196543365607,0.31224497823112063,True,0.9071051296021286,5.2514491017587516e-05
387360-86-3,O=C(O)C1=CC=C(N=NC2=CC=C(C=C2)N(C)C)C=C1C(=O)O,188.3401534740088,413.0011293333334,0.53262,-0.66285,274.7440000000001,8.075163890596896,-6.7712810558420005,-1.5921381392755,5.179142916566501,3.3763685304725533,0,1,3.5644000000000027,2,5,ok,False,13.664908559526245,1.4450695970981315,1.4450695970981315,10.8326241940601,16.49719292499239,18.18,0.5,1.0,0.0002597602955661103,9.499981178042816e-05,15.109978156624376,2.125864784030325,2.714196543365607,0.7832390728028303,True,0.541472258244781,5.143976261757758e-05
87639-56-3,O=C(O)C1=CC=C(C#C)C=C1C(=O)O,186.62746636137413,185.41143466666665,0.53327,-0.66095,161.66400000000004,0.6155573978111221,-8.5141702682945,-1.026413444086,7.4877568242085,3.0390522725930578,0,1,1.0643,2,2,ok,False,14.94776485583158,1.0580111563874257,1.0580111563874257,12.87410109407065,17.02142861759251,18.18,0.5,1.0,0.00020967641565542452,5.5422080986803485e-05,16.005776012219005,0.8243601699161642,2.714196543365607,0.30372161954563415,True,0.9118800495451959,5.053828995614422e-05
433269-04-6,O=C(O)C1=CC=C(C=C1C(=O)O)CC=C,189.0568077290843,202.42991233333336,0.53165,-0.66687,183.48000000000005,1.6274053613036918,-8.6344445902155,-0.6609645428645,7.973480047351,2.7091254520682275,0,1,1.8115,2,2,ok,False,14.999826488550708,1.0381407196261072,1.0381407196261072,12.965108067199044,17.034544909902372,18.18,0.5,1.0,0.00019633189710895283,5.0721614546249925e-05,16.037967208176816,0.7673458030320714,2.714196543365607,0.282715636385183,True,0.9231826921670849,4.682531666786818e-05
2503966-69-4,O=C(O)C1=CC=C(C#CC=2C=CC=C(C#C)C2)C=C1C(=O)O,187.3293557243896,347.53769800000003,0.53329,-0.66138,255.56800000000007,1.7645637591200831,-7.7527957145955,-1.2117229762765,6.541072738319,3.0714608510700465,0,1,2.4641,2,2,ok,False,14.913549636813054,1.0613939448312244,1.0613939448312244,12.83325573153496,16.993843542091145,18.18,0.5,1.0,0.0001936508999654719,5.110800057134485e-05,15.974943581644277,0.8209468123599197,2.714196543365607,0.3024640254467146,True,0.9125754731089325,4.663990780104662e-05
2549873-76-7,O=C(O)C=1C=CC=C(C#CCCCCCC#C)C1C(=O)O,158.13043004438808,295.23678133333334,0.53611,-0.65235,267.1360000000001,3.062279796164942,-8.1424627485115,-0.706407555898,7.4360551926135,2.6325283916007294,1,0,3.018200000000001,2,2,ok,False,4.090318866239934,4.386492115784666,4.386492115784666,-4.507047699166912,12.68768543164678,18.18,0.5,1.0,0.0004404345805746657,0.0005055222304252618,8.476810982024599,4.208819159610252,2.714196543365607,1.5506685283709452,False,0.09030405760238217,4.565070861560755e-05
1190387-31-5,O=C(O)C1=CC=C(C=C1C(=O)O)CCCC,189.7542287063289,218.33488266666663,0.53148,-0.66737,205.95200000000008,2.3117763624537733,-8.605872635913,-0.6179705544855001,7.9879020814275,2.662754323155664,0,1,2.4256,2,2,ok,False,14.976063442578756,1.0435935031091808,1.0435935031091808,12.930657761984772,17.02146912317274,18.18,0.5,1.0,0.0001931915471604909,5.012464388750909e-05,16.019656945687938,0.8338519778803558,2.714196543365607,0.3072187163153551,True,0.9099338816353912,4.5610111778152833e-05
2562960-10-3,O=C(O)C1=CC=C(C#CCCCCCCC#C)C=C1C(=O)O,189.08616923260828,316.4027623333333,0.53287,-0.66241,284.77600000000007,2.6688511030029383,-8.138653154604501,-0.9352553041685,7.2033978504360014,2.857533917594482,0,1,3.408300000000001,2,2,ok,False,14.917521758075885,1.057292125190814,1.057292125190814,12.845267271564076,16.989776244587695,18.18,0.5,1.0,0.00018641943586593363,4.889947107369853e-05,15.9748138832667,0.8656826469459953,2.714196543365607,0.31894619019466725,True,0.9032764084485941,4.4169738606486326e-05
855253-98-4,O=C(O)C=1C=CC=CC1C=2C=C(C(=C(C(=O)O)C2C(=O)O)C)C,149.7092246817287,312.7633026666667,0.53211,-0.65503,270.9360000000001,5.3260493407402825,-8.278519673761501,-0.511029811239,7.767489862522501,2.48652336586969,2,1,3.065040000000001,3,3,ok,False,1.8607477449571945,6.006749926788139,6.006749926788139,-9.912265775686164,13.633761265600553,18.18,0.5,1.0,0.0025546659110312255,0.004570756726428593,7.867497671745333,5.893021378857259,2.714196543365607,2.171184468295692,False,0.008968453772943355,4.099262040834473e-05
114804-16-9,O=C(O)C1=CC=C(C=C1)C(=O)OC2=CC=C(C(=O)O)C(=C2)C(=O)O,189.389127253728,299.3686226666667,0.53347,-0.65917,266.4000000000001,4.201039722497277,-9.005879996148,-1.28437737436,7.721502621788,3.428393472680527,0,1,2.0004,3,5,ok,False,14.372733036082492,1.2102400613392934,1.2102400613392934,12.00070610320993,16.74475996895505,18.18,0.5,1.0,0.00018612154183328275,5.587856841721074e-05,15.582973097421785,1.523591180584372,2.714196543365607,0.5613415079716804,True,0.7297127695980489,4.077530492089691e-05
144576-78-3,O=C(O)C=1C=CC(=CC1)C2=CC=C(C(=O)O)C(=C2)C(=O)O,190.67947253227237,289.63338300000004,0.53265,-0.6638,238.34400000000005,2.8823341999150616,-8.231443977625,-1.151041587615,7.080402390010001,3.1082638575084087,0,1,2.4482,3,3,ok,False,14.29781715687112,1.2257900406801419,1.2257900406801419,11.895312824530155,16.700321489212087,18.18,0.5,1.0,0.00017512298633289404,5.3062197666983247e-05,15.523607197551263,1.4625113528251914,2.714196543365607,0.538837674228144,True,0.7480046838710329,3.969077239139406e-05
35555-66-9,O=C(O)C=1C=C(C(=O)O)C(C(=O)O)=C(C1)N(=O)=O,173.81937020083367,200.7980533333333,0.53935,-0.63896,190.05600000000004,3.5027396734556224,-9.6428985201685,-2.0218059092150003,7.6210926109535,4.463445609797396,1,1,0.6894,3,5,ok,False,11.886650516317092,1.911953560807818,1.911953560807818,8.139290397020655,15.634010635613528,18.18,0.5,1.0,0.00019036466616670583,9.041022224436307e-05,13.79860407712491,2.495456923782874,2.714196543365607,0.9194090714921125,True,0.42942291030153285,3.882422075718278e-05
2631705-26-3,O=C(O)C1=CC(=CC(C(=O)O)=C1C(=O)O)C=2C=C(C(=O)O)C(C(=O)O)=C(C2)C(=O)O,176.0147635685093,360.849448,0.53687,-0.65625,320.29600000000005,3.7786824608585463,-8.534578807082,-1.0778429618305,7.456735845251499,3.0978250464076384,1,1,1.5428000000000002,6,6,ok,False,4.586780926887944,3.9107821339268565,3.9107821339268565,-3.0782112069913925,12.251773060767281,18.18,0.5,1.0,0.00015686983785839,0.00015067907695875613,8.497563060814802,3.1927465243365476,2.714196543365607,1.1763136800614808,False,0.2506459548857439,3.776710112562992e-05
92496-88-3,O=C(O)C=1C=CC(=CC1C(=O)O)C2=CC=C(C=C2)C,189.84843010730864,280.03609966666664,0.53237,-0.66504,226.9360000000001,2.7267555482661074,-7.768578317924501,-0.8492673274105,6.919310990514001,2.6833330539932305,0,1,3.058420000000001,2,2,ok,False,14.899792702491844,1.0480784477569518,1.0480784477569518,12.845596691915574,16.953988713068114,18.18,0.5,1.0,0.0001549993719530696,3.9872470103205645e-05,15.947871150248796,0.7826389438622587,2.714196543365607,0.2883501365349856,True,0.9202169686637971,3.6691323571509774e-05
36752-26-8,O=C(O)C=1C(O)=C(C(=O)O)C(C(=O)O)=C(C(=O)O)C1C(=O)O,156.24381112882705,236.544492,0.5384,-0.64025,228.1440000000001,4.359624874917565,-8.7677803769605,-1.3782566527825,7.389523724178,3.4827030554113048,2,2,-0.1168000000000001,6,6,ok,False,2.504802245705676,5.825514789332201,5.825514789332201,-8.912996932790877,13.92260142420223,18.18,0.5,1.0,0.0027464302820490484,0.004794731957650962,8.330317035037876,5.993034427885307,2.714196543365607,2.208032591646417,False,0.007631980302316974,3.659329985568185e-05
2537814-75-6,O=C(O)C=1C=CC=C(C#CCCCOC)C1C(=O)O,158.86385432927057,257.39565300000004,0.53604,-0.65247,237.0240000000001,2.353764323376493,-8.144367545465,-0.699876823486,7.444490721979,2.626796827981261,1,0,1.8611,2,3,ok,False,4.2009921663157686,4.248606774813925,4.248606774813925,-4.1261240967924,12.528108429423938,18.18,0.5,1.0,0.0003272733616775403,0.00035697688247396213,8.449598941129693,4.1105060902276005,2.714196543365607,1.5144467338870633,False,0.10090771327660006,3.6021720903057125e-05
3807-81-6,O=C(O)C=1C=C(C=C(C(=O)O)C1C(=O)O)N(=O)=O,172.89518666727852,200.54880766666668,0.53994,-0.64257,189.99200000000005,8.13108588320158,-9.635551446205,-2.0688816053515,7.566669840853502,4.526223422578845,1,1,0.6894,3,5,ok,False,11.076067502026833,2.1890104010487694,2.1890104010487694,6.785685954187665,15.366449049866,18.18,0.5,1.0,0.0002566817062823668,0.00014209785234932729,13.265077903075602,3.214930932710576,2.714196543365607,1.1844871516651694,False,0.24585586916457974,3.493559099576398e-05
325818-19-7,O=C(O)C=1C=C(C=C(C1C(=O)O)C(C)(C)C)C(C)(C)C,158.40591167605203,288.081694,0.53291,-0.65763,270.5040000000001,3.027977381025162,-8.4532167657825,-0.4236812652285,8.029535500554,2.4534208313647223,1,1,3.6780000000000026,2,2,ok,False,3.6618891142434418,4.420691995951591,4.420691995951591,-5.002507984566163,12.326286213053047,18.18,0.5,1.0,0.00034035767065995884,0.0003872412949142293,8.082581110195033,4.213583474257769,2.714196543365607,1.552423859855381,False,0.08981351259625575,3.477950091856952e-05
4741-50-8,O=C(O)C1=CC(OC)=C(OC)C(=C1C(=O)O)C(C)C,158.26130900005006,248.552325,0.534,-0.65945,238.92800000000005,3.311464055368864,-8.008310620215001,-0.4693963921125,7.538914228102501,2.383351037439662,1,2,2.2236,2,4,ok,False,3.4698457814754615,4.484074919891069,4.484074919891069,-5.318779565490361,12.258471128441284,18.18,0.5,1.0,0.00034687361153655304,0.0004007936866858028,7.95392070136653,4.258847467844448,2.714196543365607,1.5691006158910923,False,0.08525770865595038,3.4170751370602435e-05
61776-90-7,O=C(O)C1=CC=C(N=NC2=CC=C(C=C2)N(CC)CC)C=C1C(=O)O,188.54486931657632,458.063815,0.53286,-0.66389,307.76000000000005,9.054487944660371,-6.662979743343,-1.5608450464680002,5.102134696875,3.31387243730224,0,1,4.344600000000003,2,5,ok,False,13.22920138099006,1.5330652432301743,1.5330652432301743,10.224448718308782,16.23395404367134,18.18,0.5,1.0,0.00018863742422118278,7.179744048570582e-05,14.762266624220235,2.3428321231451736,2.714196543365607,0.8631770344236231,True,0.47469888952063777,3.408216526898863e-05
2611416-30-7,O=C(O)C1=CC=C(C#CC2=CC=C(C#C)C=C2)C=C1C(=O)O,185.9415853678059,359.419523,0.53336,-0.66145,255.36000000000007,0.856336201500322,-7.5966023644085,-1.305058026998,6.2915443374105,3.1486529170892354,0,1,2.4641,2,2,ok,False,14.791989126272235,1.0682337025007471,1.0682337025007471,12.698289542298895,16.885688710245574,18.18,0.5,1.0,0.0001364974476977111,3.552880538437145e-05,15.860222828772981,0.887777431138511,2.714196543365607,0.3270866412782569,True,0.8985385481443529,3.1924001207376384e-05
29639-49-4,O=C(O)C1=CC=C(C=C1C(=O)O)C(=O)OC,185.6798741659549,190.99937066666664,0.53423,-0.65642,184.08000000000004,1.9704647522856125,-9.176767494262,-1.1466877660069998,8.030079728255,3.3179536230437594,0,1,0.8695999999999999,2,4,ok,False,14.670243619626289,1.0969126962798401,1.0969126962798401,12.52033424073308,16.8201529985195,18.18,0.5,1.0,0.00012834424442773238,3.418402602736292e-05,15.76715631590613,1.0479015187311576,2.714196543365607,0.3860816643115161,True,0.8615182394374005,2.9450161919975977e-05
26363-45-1,O=C(O)C1=CC=2C=C3C(=O)OC(=O)C3=CC2C=C1C(=O)O,185.07103091319857,284.9048453333333,0.53382,-0.65979,220.5840000000001,7.950800247773805,-8.350629844144,-1.7641140927915,6.586515751352501,3.883238451557834,0,2,1.5468,2,5,ok,False,13.740432080203469,1.3850440430868356,1.3850440430868356,11.025795638751529,16.45506852165541,18.18,0.5,1.0,0.00018098590175733703,6.208283933875223e-05,15.125476123290305,2.3636574743462426,2.714196543365607,0.870849784303131,True,0.46842496659040833,2.9081151943092702e-05
85218-61-7,O=C(O)C1=CC=C(OC2=CC=C(C=C2)C(=O)C=3C=CC=CC3)C=C1C(=O)O,189.17982640518,384.8448916666666,0.53323,-0.65983,310.1760000000001,3.801911795399783,-8.107360061797,-0.9913107573715,7.116049304425499,2.9084189532000404,0,1,4.106300000000003,2,4,ok,False,14.623793754538347,1.0997749800862875,1.0997749800862875,12.468274402470968,16.779313106605727,18.18,0.5,1.0,0.00011291653011694185,2.993768065903728e-05,15.723568734624635,0.8908328868108676,2.714196543365607,0.32821237245635637,True,0.8978759491924173,2.688032343835257e-05
2733408-22-3,O=CC(C=1C=CC=C(C(=O)O)C1C(=O)O)C,158.1740392200448,200.31882766666664,0.53262,-0.65865,191.68800000000005,5.224104073427328,-8.7900937127015,-0.599738926502,8.1903547861995,2.691243520391004,1,0,1.3854,2,3,ok,False,3.749400520692804,4.308746505259271,4.308746505259271,-4.69558744812819,12.194388489513798,18.18,0.5,1.0,0.00026493440250958153,0.00028925106699199173,8.058147025952074,4.256363664348703,2.714196543365607,1.568185500328877,False,0.08550283348255268,2.473178581566696e-05
66421-08-7,O=C(O)C1=CC=C(OC2=CC=C(NC(=O)C)C(=C2)N(=O)=O)C=C1C(=O)O,188.3945888488097,331.2336033333333,0.53289,-0.66021,291.0880000000001,9.639312911717308,-8.359881715061,-1.6356763553555,6.7242053597055005,3.7146092286897465,0,1,2.7419,3,6,ok,False,13.49433314406312,1.4289615027881524,1.4289615027881524,10.69362006330411,16.29504622482213,18.18,0.5,1.0,0.0001422739001872386,4.9654765441676726e-05,14.923294646851271,2.31272255605412,2.714196543365607,0.8520836715775716,True,0.4838179480729784,2.4023866728037072e-05
2571866-31-2,O=C(O)C=1C=CC=C(C#CC=2C=CC=CC2CO)C1C(=O)O,150.47839395140846,325.91159166666665,0.5376,-0.66291,256.2320000000001,7.711411931027936,-7.794973361423,-0.8013752897225,6.993598071700499,2.641601982786053,1,0,1.9751,3,3,ok,False,1.682276186773171,5.837841150140925,5.837841150140925,-9.759682214968928,13.12423458851527,18.18,0.5,1.0,0.0017976521844067863,0.003037689556851835,7.520117336914096,5.988573184738435,2.714196543365607,2.206388921751627,False,0.0076875582085957975,2.3352415287942055e-05
1005516-72-2,O=C(O)C1=C(C(=O)O)C(=CC=C1N2CCC(O)CC2)C,152.35835349016796,268.123063,0.53087,-0.65713,247.85600000000005,3.4815488090790856,-7.2722426546125,-0.344496134733,6.927746519879499,2.0935635281488856,2,0,1.3525200000000002,3,4,ok,False,0.7091353962158706,5.71528181717994,5.71528181717994,-10.492611126953445,11.910881919385186,18.18,0.5,1.0,0.0008322720458022827,0.001299673557081658,6.42441721339581,5.457529055165162,2.714196543365607,2.0107346568195905,False,0.01754381417021954,2.2801231367388827e-05
2620090-92-6,O=C(O)C=1C=CC=C(C#CCOC(C)CO)C1C(=O)O,153.0741320657737,262.1785823333333,0.53669,-0.64998,245.40800000000007,2.386002812236398,-8.248315036356,-0.744503494968,7.503811541388001,2.6943235678052986,1,0,0.8318999999999999,3,4,ok,False,1.4916324746579903,5.284137845743143,5.284137845743143,-8.86508739234364,11.84835234165962,18.18,0.5,1.0,0.0005713223283423088,0.0008036937364569383,6.775770320401134,5.173109877203894,2.714196543365607,1.905945201296746,False,0.026446614889908578,2.1254978737508323e-05
92439-37-7,O=C(O)C=1C=CC(C=2C=CC=CC2)=C(C(=O)O)C1C(=O)O,153.37394830745575,279.63574066666666,0.53415,-0.64661,237.89600000000004,2.4954812161184465,-8.263009184283,-0.8571586290750001,7.405850555208,2.8078294425384582,2,0,2.4482,3,3,ok,False,1.686648142701225,5.1773426866143675,5.1773426866143675,-8.460757058684779,11.834053344087229,18.18,0.5,1.0,0.0005149046498239164,0.0007047652731419496,6.8639908293155925,5.093381918948577,2.714196543365607,1.8765707779705507,False,0.02955454071806493,2.0829013961751904e-05
161488-22-8,O=C(O)C1=CC=C(C=C1C(=O)O)CCCCCCCCCCCCCCCCC,189.47645929337045,431.3045516666666,0.53144,-0.66751,424.2560000000001,2.360240784326888,-8.5860083248265,-0.612256163625,7.973752161201499,2.652705648765707,0,1,7.496900000000007,2,2,ok,False,14.800916342727419,1.0357268879319,1.0357268879319,12.770928944561142,16.830903740893696,18.18,0.5,1.0,9.009757366005041e-05,2.2218880758329885e-05,15.83664323065932,0.7920718011961513,2.714196543365607,0.2918255139379042,True,0.9183633775388502,2.0405006378352804e-05
777881-65-9,O=C(O)C1=CC=C(C=C1C(=O)O)NC(=O)C2=CC=C3C(=O)N(C(=O)C3=C2)C4=CC=C(N=NC=5C=CC=CC5)C=C4,188.79721218333688,576.8308666666667,0.53291,-0.66119,444.9920000000001,8.83827626463441,-7.7190535971335,-1.664792537359,6.0542610597745,3.6361402079641088,0,1,5.551300000000004,3,7,ok,False,13.593837654044654,1.3713174093899372,1.3713174093899372,10.906104920267609,16.2815703878217,18.18,0.5,1.0,0.00010405587142894885,3.424476426998357e-05,14.96515506343459,2.062976535124206,2.714196543365607,0.7600689567477353,True,0.5611849105126112,1.9217644972376196e-05
97325-48-9,O=C(O)C1=CC=C(OCC#C)C=C1C(=O)O,190.3238037010164,200.1310383333333,0.53259,-0.66157,187.06400000000005,2.994346556429299,-8.306003172662,-0.546404611804,7.759598560858,2.524780211497475,0,1,1.095,2,3,ok,False,14.715363503437965,1.0518629305719054,1.0518629305719054,12.653750042844276,16.776976964031654,18.18,0.5,1.0,8.189992761164885e-05,2.040638409038086e-05,15.76722643400987,0.6735961242432505,2.714196543365607,0.24817514630240836,True,0.9402674684929664,1.9187459109757557e-05
681179-19-1,O=C(O)C=1C=CC(=CC1)C2=C(C(=O)O)C(C(=O)O)=C(C3=CC=C(C=C3)C(=O)O)C(C(=O)O)=C2C(=O)O,146.50080077441706,461.1122613333334,0.5359,-0.63696,392.7040000000001,4.453869010197763,-8.567232469142,-1.087366946598,7.479865522544,3.115406607159989,2,2,3.2098000000000004,6,6,ok,False,3.8209417778862367,7.031392181369037,7.031392181369037,-9.960333658773605,17.60221721454608,18.18,0.5,1.0,0.017289878332856397,0.043844326953230595,10.852333959255274,7.555416801134224,2.714196543365607,2.7836660611782733,False,0.0004312611477249747,1.890835476307927e-05
135989-69-4,O=C(O)C=1C=C(C(=O)O)C(=CC1C(=O)O)C(=O)C=2C=CC=CC2,189.90141560438417,298.68828433333334,0.53608,-0.64823,257.44000000000005,6.609028019308134,-8.778937044831,-1.303969571596,7.474967473235,3.4001822148260468,0,2,2.0122,3,4,ok,False,13.866432767211728,1.278715081662748,1.278715081662748,11.360197260664549,16.372668273758908,18.18,0.5,1.0,8.348199803818257e-05,2.5312647680143774e-05,15.145147848874476,1.7042547095193328,2.714196543365607,0.6279039422126943,True,0.6741764813045478,1.7065191745501055e-05
2733760-14-8,O=C(O)C1=CC=C(SC2=CC=C(C=C2)C(=O)OC)C=C1C(=O)O,189.48411930447392,327.96432233333337,0.53285,-0.66127,273.8960000000001,2.458301700361451,-7.8349740974465,-0.797293581965,7.037680515481501,2.647038506688812,0,1,3.0208000000000004,2,5,ok,False,14.754424616046903,1.035093721409348,1.035093721409348,12.725678201461044,16.78317103063276,18.18,0.5,1.0,7.457421965007629e-05,1.819334903874621e-05,15.78951833745625,0.7758232762635858,2.714196543365607,0.28583901860753386,True,0.9215447466509922,1.6765985230644446e-05
2617443-69-1,O=C(O)C1=CC=C(C#CC2COCC2)C=C1C(=O)O,187.63273448903212,257.395773,0.53275,-0.66251,227.39200000000005,1.5863963722853127,-8.2251853590635,-0.9602897784145,7.264895580649,2.9034468756152845,0,1,1.471,2,3,ok,False,14.738740222805928,1.0369000819784542,1.0369000819784542,12.706453406561529,16.771027039050328,18.18,0.5,1.0,7.205593142651299e-05,1.757750772263928e-05,15.775640304784382,0.6958729316567684,2.714196543365607,0.25638266077587923,True,0.9363817166115979,1.6459256855078588e-05
144876-16-4,O=CC1=CC=C(C(=O)O)C(=C1)C(=O)O,185.5693513800023,172.39611866666667,0.53445,-0.65519,158.84800000000004,5.014299239175899,-9.1852030236275,-1.3684605541645,7.816742469463001,3.5622196633806045,0,1,0.8955,2,3,ok,False,14.110588236948562,1.2137230647206676,1.2137230647206676,11.731734742890477,16.489441731006647,18.18,0.5,1.0,8.334474659922314e-05,2.398447750269592e-05,15.32431130166923,1.7217324425247553,2.714196543365607,0.6343433185534181,True,0.6687189272388142,1.6038874065986288e-05
1081825-97-9,O=C(O)C=1C=C(C(=O)O)C(C(=O)O)=C(O)C1C(=O)O,183.2193879787508,209.6770593333333,0.53943,-0.64935,200.5360000000001,4.459612281353616,-8.5353951486335,-1.5320009783150002,7.003394170318499,3.617976595064632,1,2,0.1849999999999999,5,5,ok,False,10.802030540114096,2.025224364595822,2.025224364595822,6.832663724893269,14.771397355334923,18.18,0.5,1.0,5.013774972186482e-05,2.344106331060304e-05,12.827254904709918,1.9407326658440767,2.714196543365607,0.7150302621185884,True,0.5997344675859281,1.4058413624232546e-05
1615657-05-0,O=C(O)C1=CC=C(OC=2C=CC(=C3C=CC=NC23)S(=O)(=O)O)C=C1C(=O)O,189.98039473141264,362.798831,0.53366,-0.65984,300.7440000000001,4.591386469248696,-8.426821722284,-1.2650572909745,7.1617644313095,3.2789586877847565,0,1,2.6701999999999995,3,6,ok,False,14.026635122505612,1.219889874796545,1.219889874796545,11.635694902799308,16.417575342211915,18.18,0.5,1.0,6.820796847909186e-05,1.9518404912031637e-05,15.246524997302156,1.5606060095207648,2.714196543365607,0.5749789982362926,True,0.7184918989942717,1.402381581058473e-05
1803862-56-7,O=C(O)C1=CC=C(C=C1C(=O)O)CC(=O)C,189.93079311890176,202.15430433333336,0.53239,-0.66437,192.47200000000004,4.731353220802691,-8.585736210976,-0.7496736581275001,7.8360625528484995,2.78041034117559,0,1,1.2145,2,3,ok,False,14.343661468037109,1.1259769584331132,1.1259769584331132,12.136787182086254,16.550535753987965,18.18,0.5,1.0,5.877532920638826e-05,1.5403724156384314e-05,15.469638426470222,0.8691391417234721,2.714196543365607,0.3202196774761707,True,0.9025414680589307,1.3902499813677911e-05
6279-83-0,O=C(O)C=1C(OC)=C(OC)C=C(C1C(=O)O)N(=O)=O,163.7340824981231,224.53200966666668,0.53593,-0.63957,213.59200000000004,5.827678207485379,-8.388725783214,-1.877041340749,6.511684442465,4.046033540729504,2,1,1.0084,2,6,ok,False,9.30239379068021,2.548281398725839,2.548281398725839,4.307854026704212,14.296933554656206,18.18,0.5,1.0,0.00011662942084066875,7.177874856601689e-05,11.850675189406049,3.506834984194394,2.714196543365607,1.2920342827663889,False,0.18836897853712517,1.3520889548053739e-05
89939-56-0,O=C(O)C1=CC(NO)=C(C=C1C(=O)O)N(=O)=O,186.8643447249328,204.042525,0.5365,-0.65051,183.88000000000005,7.209552800278253,-8.233893002279501,-1.76329775124,6.4705952510395015,3.861461700382196,0,2,0.7922999999999999,4,6,ok,False,13.945819274585174,1.2390678513411812,1.2390678513411812,11.51729091155503,16.37434763761532,18.18,0.5,1.0,6.652056912294568e-05,1.9309272729669375e-05,15.184887125926355,1.6285770364834082,2.714196543365607,0.6000217782548536,True,0.6976580929709835,1.3471270389237752e-05
23646-80-2,O=C(O)C1=CC=C(C=C1C(=O)O)C(=O)C2=CC=CC(=C2)C(=O)C3=CC=C(C(=O)O)C(=C3)C(=O)O,189.8748887741187,449.31301133333335,0.53373,-0.65762,377.0240000000001,8.355860059263797,-8.920980474792001,-1.414447794899,7.506532679893001,3.557603825667037,0,1,2.9414000000000007,4,6,ok,False,13.946265640743103,1.2406271814217869,1.2406271814217869,11.514681046914962,16.377850234571245,18.18,0.5,1.0,6.79268136738895e-05,1.9764071507800084e-05,15.18689282216489,1.7435951873150675,2.714196543365607,0.6423982786276071,True,0.6618769950549293,1.3081384259633465e-05
2631258-05-2,O=C(O)C=1C=CC=C(C#CC2=CC(=CC=C2C)C)C1C(=O)O,159.20564965263057,343.4015063333333,0.53646,-0.65304,265.32000000000005,4.6294334480581965,-7.5166008923615,-0.8138925268455,6.702708365516,2.5883984809962968,1,0,3.099640000000001,2,2,ok,False,3.517928153915875,4.129080599296582,4.129080599296582,-4.574921109968489,11.61077741780024,18.18,0.5,1.0,0.0001203198173875923,0.00012019544199806794,7.647008753212457,4.054735356543104,2.714196543365607,1.4938989464319439,False,0.10734213072905485,1.290203484799314e-05
1772627-82-3,O=C(O)C=1C(F)=CC=C(C1C(=O)O)N(=O)=O,167.8200277934046,172.80392433333336,0.53862,-0.63756,167.39200000000005,3.130632635746328,-9.4252074397685,-1.9164978490715,7.508709590697001,4.28283572913361,2,0,1.1303,2,4,ok,False,11.615960439204438,1.8664879870938043,1.8664879870938043,7.9577112069239195,15.274209671484956,18.18,0.5,1.0,7.695658854615074e-05,3.3911282817131226e-05,13.482448426298241,2.8096669881248726,2.714196543365607,1.0351744773209688,False,0.3424648691050628,1.161342303115361e-05
2445920-90-9,O=C(O)C=1C=CC=C(C#CC=2C=CC=CC2C)C1C(=O)O,159.5922777940335,324.6062836666667,0.53647,-0.65345,248.71200000000005,4.230399676153543,-7.600956186016501,-0.8182463484535,6.782709837563001,2.6126346627668084,1,0,2.791220000000001,2,2,ok,False,3.6474091797676156,4.035529356862544,4.035529356862544,-4.262083018237059,11.55690137777229,18.18,0.5,1.0,9.763420989946716e-05,9.422596840045409e-05,7.68293853663016,3.959763921149141,2.714196543365607,1.4589083207065872,False,0.1190259802552106,1.1215338254360546e-05
89939-54-8,O=C(O)C=1C(=CC=C(C1C(=O)O)N(=O)=O)NO,158.6511056562827,207.2874003333333,0.53597,-0.64135,182.99200000000005,8.077857790899763,-8.202055681771,-1.8544558911575,6.3475997906135,3.983136474908031,2,0,0.7923,4,6,ok,False,3.7997636457212334,4.338796016314629,4.338796016314629,-4.7041202825213,12.303647573963767,18.18,0.5,1.0,0.00030226109804217476,0.00033502243074426483,8.138559662035863,5.027263076876603,2.714196543365607,1.8522104042777945,False,0.03236481569058034,1.0842939223248348e-05
139953-61-0,O=C(O)C=1C=C2C(=CC1C(=O)O)C3C=4C=CC=CC4C2CC3,189.77959149266792,311.51728166666663,0.53058,-0.66799,255.44000000000003,2.5731441739630525,-8.0455902177335,-0.6264060838509999,7.419184133882499,2.534089951725623,0,2,3.4540000000000024,2,2,ok,False,14.631515544290568,1.0385541917693155,1.0385541917693155,12.595986732429605,16.667044356151532,18.18,0.5,1.0,4.8456625418281696e-05,1.1597509108753193e-05,15.670069736059883,0.7205367707418928,2.714196543365607,0.26546963686293196,True,0.9319518505825828,1.0808320076050898e-05
2376596-98-2,O=C(O)C=1C=C(C=C(C1)C=2C(C(=O)O)=C(C(=O)O)C(C=3C=C(C=C(C3)C(=O)O)C(=O)O)=C(C(=O)O)C2C(=O)O)C(=O)O,147.19620047511637,504.4498563333333,0.53605,-0.63557,448.5840000000001,4.543072604526588,-8.9598927554135,-1.3417933968155,7.618099358598,3.48265139976323,2,2,2.6062,8,8,ok,False,8.231835260918606,7.934288309786932,7.934288309786932,-7.31908406922096,23.782754591058172,18.18,0.5,1.0,0.09394662694960287,0.34849172999593214,16.166123570705537,8.765370326346657,2.714196543365607,3.2294530577647804,False,2.9551766014133233e-05,1.0298546062700283e-05
138081-22-8,O=C(O)C1=CC(F)=C(C=C1C(=O)O)C(=O)C=2C=C(C(=O)O)C(=CC2F)C(=O)O,188.22940224837365,320.10202366666664,0.53564,-0.64933,295.7200000000001,8.569269925728795,-9.131052367378,-1.521660651996,7.609391715382,3.728297179252372,0,2,1.9886000000000004,4,5,ok,False,13.834428085976437,1.2541161798413263,1.2541161798413263,11.376405541058482,16.292450630894393,18.18,0.5,1.0,5.5833302253818266e-05,1.6254563565741868e-05,15.088544265817763,1.8416969279418567,2.714196543365607,0.6785422125908945,True,0.6310188559330016,1.0256936104944684e-05
1585-40-6,O=C(O)C=1C=C(C(=O)O)C(C(=O)O)=C(C(=O)O)C1C(=O)O,155.9023997526738,225.56609100000003,0.53974,-0.63965,221.6800000000001,5.774793525313265,-9.469017769699,-1.374174945025,8.094842824674,3.6311646438106937,2,1,0.1776,5,5,ok,False,1.800037607290708,5.09747555668534,5.09747555668534,-8.19083089588582,11.790906110467237,18.18,0.5,1.0,0.0004640928880852534,0.0006211387071636265,6.897513163976048,5.530648920638444,2.714196543365607,2.0376744396632502,False,0.01573107659575991,9.771180578982294e-06
1344467-49-7,O=C(O)C1=CC=CC(=C1C(=O)O)C2CNCC2,154.3738459110624,223.50052,0.53366,-0.65605,207.49600000000004,1.9624759463494068,-8.002868343205,-0.537152740887,7.465715602317999,2.442229385689818,1,0,1.1599,3,3,ok,False,0.6697391381260172,5.138523492796818,5.138523492796818,-9.40158184146871,10.741060117720744,18.18,0.5,1.0,0.00022834769946535865,0.0002946447248333645,5.808262630922835,5.016614942938788,2.714196543365607,1.8482872786795976,False,0.032838099599889224,9.675572820659978e-06
865354-08-1,O=C(O)C1=CC=C(C#CC=2C=CC=C(F)C2)C=C1C(=O)O,186.42962524076347,309.894757,0.5332,-0.66157,237.99200000000005,1.7488182895887154,-7.796606044526,-1.219614277941,6.576991766585,3.0900232122943887,0,1,2.621900000000001,2,2,ok,False,14.529863912042964,1.0577115164219815,1.0577115164219815,12.456787433822635,16.602940390263292,18.18,0.5,1.0,4.3600783271127946e-05,1.0571008962089742e-05,15.587575428464946,0.8414257878601082,2.714196543365607,0.3100091590333909,True,0.9083680158591677,9.602366436522939e-06
2531397-77-8,O=C(O)C1=CC=C(C#CCOC(C)C)C=C1C(=O)O,188.2838251428852,261.894185,0.533,-0.66171,237.08800000000005,3.5437065919740025,-8.309268538868,-0.994304009727,7.314964529141,2.9581982872969186,0,1,1.8595,2,3,ok,False,14.403843472501396,1.0856016265751915,1.0856016265751915,12.27610338285592,16.53158356214687,18.18,0.5,1.0,4.0915406719527297e-05,1.014898680353263e-05,15.489445099076589,0.908484120965106,2.714196543365607,0.3347156723730053,True,0.8940133407935384,9.073329597895742e-06
89939-49-1,O=C(O)C1=CC(N)=C(C=C1C(=O)O)N(=O)=O,186.3799676010364,205.03559833333333,0.53475,-0.65254,173.57600000000005,8.187273193194423,-7.971847364248,-1.8000331210575,6.1718142431905,3.8679731946100895,0,2,0.5734,3,5,ok,False,13.493132216315065,1.332400188668337,1.332400188668337,10.881675833530752,16.10458859909938,18.18,0.5,1.0,4.9531539744105297e-05,1.522599086991531e-05,14.825532404983402,1.9633729652706347,2.714196543365607,0.7233716991018085,True,0.5925816467399726,9.022642742942202e-06
1170416-53-1,O=C(O)C1=CC=C(C=C1C(=O)O)C(=O)OCC,186.2571584886825,207.38344633333332,0.53412,-0.6571,200.83200000000005,3.845013602056565,-9.1628896878865,-1.1428781721,8.0200115157865,3.3107449713404526,0,1,1.2597,2,4,ok,False,14.187670337915602,1.1443878733139994,1.1443878733139994,11.944711321875777,16.43062935395543,18.18,0.5,1.0,4.326937635376742e-05,1.1345968006843581e-05,15.3320582112296,1.37814355501827,2.714196543365607,0.5077537801700132,True,0.7727390244724397,8.76747224930382e-06
944-38-7,O=C(O)C1=C(C(=O)O)C(=CC=C1C)C,161.14193536759382,183.741667,0.5307,-0.66128,171.77600000000004,1.6531070171044582,-8.323962686795001,-0.458783951943,7.865178734852001,2.451839974673987,2,0,1.69984,2,2,ok,False,3.9178726749151256,3.8727227918592217,3.8727227918592217,-3.672524519236357,11.50826986906661,18.18,0.5,1.0,6.8973290010258e-05,6.269630593831819e-05,7.790595466774347,3.812549481993713,2.714196543365607,1.4046696401971492,False,0.13902565450578802,8.71639496816981e-06
328265-20-9,O=C(O)C1=CC=C(C=C1C(=O)O)C(=O)C2=CC=C(C=C2)NC(=O)C(C=3C=CC=CC3)C=4C=CC=CC4,190.92327815976984,531.0394213333333,0.53366,-0.65861,420.8720000000001,10.323534233003734,-7.958241671723,-1.3113166455595,6.6469250261635,3.2317466745632744,0,1,5.084600000000004,3,4,ok,False,12.764527018954821,1.5325994913419456,1.5325994913419456,9.760687213200201,15.76836682470944,18.18,0.5,1.0,5.6748194716602054e-05,2.020647183868709e-05,14.297126510296767,2.5034677540210297,2.714196543365607,0.9223605269634331,True,0.4270949429243948,8.630081936647453e-06
93305-71-6,O=C(O)C1=CC=CC(=C1C(=O)O)C(C(=O)O)(C)C,154.345817894731,222.950298,0.53262,-0.65523,215.2800000000001,3.801736512437442,-8.801250380572,-0.575248679957,8.226001700615,2.671976551668113,1,0,1.4452,3,3,ok,False,0.8482068534031022,5.003653247919622,5.003653247919622,-8.958773303646222,10.655187010452426,18.18,0.5,1.0,0.00018279375860962891,0.00022665490905736515,5.851860101322724,4.911291558146223,2.714196543365607,1.8094826515607507,False,0.03784609532287632,8.578003293582905e-06
859299-74-4,O=C(O)C1=CC=C(C=C1C(=O)O)CC(C)(C)C,188.98841394375756,237.56556266666664,0.53152,-0.66765,222.6320000000001,2.2810689730913443,-8.567776696843,-0.630215677758,7.937561019085,2.664642940060533,0,1,2.6716000000000006,2,2,ok,False,14.61503070499014,1.0270490113566622,1.0270490113566622,12.602051632373612,16.628009777606668,18.18,0.5,1.0,3.780394855437723e-05,8.836426318582671e-06,15.642079716346803,0.7603851247276785,2.714196543365607,0.28015109170568764,True,0.9245162657693425,8.16941986280199e-06
515878-10-1,O=C(O)C1=CC=C(OC2=CC=C(F)C=C2)C=C1C(=O)O,188.36097706282885,252.16108666666665,0.53327,-0.6608,224.2800000000001,1.2643246932651435,-8.303282034157,-0.6076302281665,7.6956518059905,2.5795202066255403,0,1,3.014400000000001,2,3,ok,False,14.528265118308308,1.0413720816308998,1.0413720816308998,12.48721334380624,16.569316892810377,18.18,0.5,1.0,3.3486209818931934e-05,7.888832651361329e-06,15.569637199939208,0.7445548916189454,2.714196543365607,0.2743187089523356,True,0.927510880027687,7.316978114855297e-06
61415-66-5,O=C(O)C=1C=C(C(=O)O)C(=CC1C(=O)O)C(=O)C2=CC=C(OC)C=C2,190.1983584284452,328.5565363333333,0.53593,-0.65187,282.75200000000007,5.281860900288836,-8.00558948171,-1.3036974577455,6.701892023964501,3.232774528865485,0,2,2.0208000000000004,3,5,ok,False,13.77896535258752,1.2349244325186282,1.2349244325186282,11.358557941222443,16.199372763952596,18.18,0.5,1.0,3.6134116814954435e-05,1.0132843159317854e-05,15.013889785106148,1.6232372548123446,2.714196543365607,0.5980544256384354,True,0.6993044393429363,7.085942204476679e-06
2600576-05-2,O=C(O)C1=CC=C(C#CCCCOC)C=C1C(=O)O,188.70361832687053,261.778611,0.53282,-0.66262,237.41600000000005,3.757401095172034,-8.192531697003501,-0.9472283135905,7.245303383413001,2.882391827873425,0,1,1.8611,2,3,ok,False,14.352160017918958,1.0823445627020043,1.0823445627020043,12.230803656160276,16.47351637967764,18.18,0.5,1.0,3.1861987987712264e-05,7.782497064712511e-06,15.434504580620963,0.8368535642031771,2.714196543365607,0.3083246002389634,True,0.9093146827109007,7.076738849097573e-06
1806542-23-3,O=C(O)C1=CC=C(C=C1C(=O)O)C(=O)CC,186.2530154978598,203.482896,0.53387,-0.65809,191.91200000000003,5.198422393380515,-9.1052015515805,-1.2242402133995,7.8809613381810015,3.3846558369470414,0,1,1.6757,2,3,ok,False,13.855367658941597,1.2163457499199353,1.2163457499199353,11.47137379635016,16.239361521533034,18.18,0.5,1.0,3.646827457127759e-05,1.0077296630749442e-05,15.071713408861532,1.6322051417319152,2.714196543365607,0.6013584925238976,True,0.6965386214606079,7.019226303231845e-06
1806433-07-7,O=C(O)C1=CC=C(C=C1C(=O)O)CCCBr,188.76035851306196,225.13359133333333,0.53186,-0.66652,209.54400000000004,2.254417239554382,-8.645873371936501,-0.646542508788,7.999330863148501,2.6986317473795034,0,1,2.4105000000000008,2,2,ok,False,14.582701581797032,1.025836338590873,1.025836338590873,12.572099304126485,16.59330385946758,18.18,0.5,1.0,3.2469492086020264e-05,7.52378373290689e-06,15.608537920387905,0.7595453814490821,2.714196543365607,0.2798417024388532,True,0.9246764574142746,6.95706568849549e-06
847802-80-6,O=C(O)C=1C=C(C(=O)O)C(=CC1C(=O)O)C(=O)C2=CC=C(C=C2)C,189.8445593428128,319.68503200000004,0.53553,-0.65175,274.3520000000001,8.502127516098543,-8.4869588832445,-1.3526779508355,7.134280932408999,3.3927193904982538,0,2,2.320620000000001,3,4,ok,False,13.279224359249458,1.363938719620626,1.363938719620626,10.605953591673355,15.95249512682556,18.18,0.5,1.0,3.7523428102044875e-05,1.1643530459493371e-05,14.643163078870083,1.9723936692354962,2.714196543365607,0.7266952255379876,True,0.5897326674282769,6.8665702761594165e-06
194853-57-1,O=C(O)C1=CC=C(SC2=CC=C3C=C(Br)C=CC3=C2)C=C1C(=O)O,187.56831669965828,395.41361966666665,0.53254,-0.66164,292.4480000000001,0.6602420768172838,-7.617283017046501,-0.8185184623039999,6.798764554742501,2.616752868334449,0,1,5.149900000000002,2,3,ok,False,14.44113510515993,1.055187452093443,1.055187452093443,12.373005702118197,16.50926450820166,18.18,0.5,1.0,2.945091076269059e-05,6.986201143116435e-06,15.496322557253373,0.7720193342486026,2.714196543365607,0.2844375202435774,True,0.922281577996061,6.443244614471312e-06
328265-70-9,O=C(O)C1=CC=C(C=C1C(=O)O)C(=O)C2=CC=C(C=C2)NC(=O)C,190.8172495932788,333.762337,0.53366,-0.65853,278.09600000000006,10.475618987916656,-7.9971539523445,-1.2939013591275002,6.703252593217,3.219470980706544,0,1,2.2724,3,4,ok,False,12.619623127875586,1.5384061575931016,1.5384061575931016,9.604402465398456,15.634843790352717,18.18,0.5,1.0,4.0845071729038094e-05,1.4356167343096719e-05,14.158029285468688,2.5495826926506724,2.714196543365607,0.9393507993673836,True,0.41379693350448304,5.940538023450624e-06
114473-23-3,O=C(O)C=1C=CC=C(NS(=O)(=O)C=2C=CC=CC2)C1C(=O)O,154.1719820620406,292.70717933333333,0.53583,-0.6601,255.7680000000001,8.293137684857282,-8.594988081893,-0.870220093899,7.724767987993999,2.899445198558801,1,0,1.8838,3,4,ok,False,1.090770437227377,5.029419542149336,5.029419542149336,-8.766710728527249,10.948251602982003,18.18,0.5,1.0,0.0002350244106203439,0.0002973375547490574,6.120189979376713,5.384723782976656,2.714196543365607,1.9839107805728733,False,0.019528077343105583,5.8064307661494835e-06
2603259-87-4,O=C(O)C=1C=CC=C(C#CC[Si](C)(C)C)C1C(=O)O,160.47089567987666,289.791261,0.53603,-0.65434,257.68000000000006,4.004209372647739,-7.919057277251,-0.697699912682,7.221357364569,2.5704483493143644,1,0,2.7727000000000004,2,2,ok,False,3.5537925126663445,3.862188651876386,3.862188651876386,-4.015958146510677,11.123543171843366,18.18,0.5,1.0,4.492452979705583e-05,3.983168998866282e-05,7.41598116454273,3.8106340281749462,2.714196543365607,1.4039639235004535,False,0.13930149047696247,5.548613783637036e-06
1073323-59-7,O=C(O)C1=CC=CC(=C1C(=O)O)CC=2C=CC=CC2,161.32567214472755,263.45548833333334,0.53423,-0.65773,226.97600000000008,2.3177304977067545,-8.2257295867645,-0.6114398220735,7.614289764691,2.564111873002491,1,0,2.673800000000001,2,2,ok,False,3.9862911291164886,3.7302182689831187,3.7302182689831187,-3.3248023325637677,11.297384590796746,18.18,0.5,1.0,4.0893640758154885e-05,3.485328811775985e-05,7.716509398099607,3.702262511684952,2.714196543365607,1.3640362635987082,False,0.15558004384107865,5.422476093366823e-06
1804200-31-4,O=CCCC1=CC=C(C(=O)O)C(=C1)C(=O)O,189.0534687968238,202.277057,0.5314,-0.66699,192.13600000000005,2.858321454980178,-8.6387984118235,-0.650896330396,7.9879020814274995,2.700910311741028,0,1,1.2145,2,3,ok,False,14.492772794960365,1.0328833688177583,1.0328833688177583,12.468358591847156,16.517186998073573,18.18,0.5,1.0,2.5183154743960354e-05,5.8035345760934596e-06,15.525656163778123,0.7148806236194333,2.714196543365607,0.26338572472462896,True,0.9329795098152902,5.414578843999764e-06
2612493-88-4,O=C(O)C1=CC=C(C#CC2CCCC2)C=C1C(=O)O,187.92441573000636,271.673542,0.53286,-0.66231,234.48800000000008,2.4721037680485827,-8.1261359174815,-0.9526705906005,7.173465326881001,2.872556144598738,0,1,2.6247000000000007,2,2,ok,False,14.45937394589181,1.0386900102878431,1.0386900102878431,12.4235789346261,16.49516895715752,18.18,0.5,1.0,2.4180219702023856e-05,5.592851175771396e-06,15.498063956179653,0.8087581037685473,2.714196543365607,0.29797330106598924,True,0.9150394607368616,5.117679523859381e-06
61260-14-8,O=C(O)C1=CC=C(C=C1C(=O)O)C(=O)S,188.40862928448587,198.02205333333333,0.53516,-0.65482,176.88000000000005,4.773580673875744,-9.206700017817,-1.28981965137,7.916880366446999,3.479177405300228,0,1,1.153,3,3,ok,False,13.869885181601735,1.1861847251031137,1.1861847251031137,11.545005841388088,16.194764521815383,18.18,0.5,1.0,2.5054880810026513e-05,6.629329211173425e-06,15.056069906704849,1.5135626737686567,2.714196543365607,0.5576466735499697,True,0.7327359949876779,4.857548135650038e-06
101439-04-7,O=C(O)C=1C=C2C(=O)OC(=CC=3C=CC=CC3)C2=CC1C(=O)O,185.3529968077709,357.9635016666667,0.53583,-0.65375,255.49600000000007,7.53375929798663,-7.5835408995845,-1.6492820478805,5.9342588517040005,3.5912243512413724,0,2,2.751500000000001,2,4,ok,False,13.154187450558275,1.3725681615632024,1.3725681615632024,10.464003287568044,15.844371613548507,18.18,0.5,1.0,2.837974848640936e-05,8.741263750982416e-06,14.526755612121478,2.1271584576535467,2.714196543365607,0.783715705059394,True,0.5410680046081802,4.729618135497872e-06
24063-28-3,O=C(O)C1=CC(Br)=C(Br)C=C1C(=O)O,186.74947160868075,199.645904,0.53478,-0.65477,178.79200000000003,2.5087180491238947,-8.734854601050001,-1.00682124685,7.728033354200001,3.069999959109332,0,2,2.6080000000000005,2,2,ok,False,14.333966145247967,1.0651960877014381,1.0651960877014381,12.246220176880179,16.421712113615754,18.18,0.5,1.0,2.2514775235545573e-05,5.3224269283632004e-06,15.399162232949404,0.9422685068414693,2.714196543365607,0.34716296030391935,True,0.8864574777964332,4.71810515067266e-06
937647-86-4,O=C(O)C1=CC(Cl)=C(Br)C=C1C(=O)O,186.9442225277549,189.554675,0.53503,-0.65451,174.28000000000003,2.610182143069713,-8.777304361728001,-0.97416758479,7.803136776938001,3.04656985523974,0,2,2.4989,2,2,ok,False,14.331035249083836,1.0640825327269918,1.0640825327269918,12.245471808360769,16.416598689806904,18.18,0.5,1.0,2.18440978823841e-05,5.151100511083525e-06,15.395117781810828,0.9311393256969789,2.714196543365607,0.3430626009649121,True,0.8889698592214782,4.579173096173605e-06
5466-99-9,O=C(O)C=1C=CC=CC1C(=O)C2=CC=C(C(=O)O)C(=C2)C(=O)O,188.3830225838813,297.036148,0.53469,-0.65598,257.92800000000005,3.9552948512089454,-8.8951296589945,-1.3080512793535,7.587078379641,3.430335632884088,0,1,2.0122,3,4,ok,False,13.892898689368575,1.173672320309291,1.173672320309291,11.592543211910806,16.193254166826343,18.18,0.5,1.0,2.2640464094732408e-05,5.898741916493183e-06,15.066571009677865,1.4626233059521159,2.714196543365607,0.5388789214720837,True,0.7479714336780479,4.412090448176202e-06
213611-96-2,O=C(O)C1=CC=C(C=C1C(=O)O)CC=2C=CC=CC2,188.64439682303865,265.3407936666667,0.53175,-0.66653,227.32000000000005,1.8950005540896289,-8.226545928316,-0.6582434043595,7.5683025239565,2.607568911131375,0,1,2.673800000000001,2,2,ok,False,14.478396428703647,1.0253730826188723,1.0253730826188723,12.468702116053844,16.48809074135345,18.18,0.5,1.0,2.086973051765783e-05,4.732102779843211e-06,15.503769511322519,0.7480911101748863,2.714196543365607,0.27562156911719166,True,0.9268465608779375,4.385933187218608e-06
883801-81-8,O=C(O)C1=CC(OC=2C=CC=CC2C)=C(OC=3C=CC=CC3C)C=C1C(=O)O,186.90193144460432,397.1454413333333,0.5311,-0.66989,332.5280000000001,0.0913998905907441,-7.955520533218,-0.620963806841,7.334556726377,2.5071754974213434,0,2,5.2844400000000045,2,4,ok,False,14.093345258292707,1.113205807680491,1.113205807680491,11.911501967858124,16.275188548727293,18.18,0.5,1.0,1.892539937743392e-05,4.637508840585881e-06,15.206551065973198,0.9881744413031065,2.714196543365607,0.36407622864251715,True,0.8758578260366697,4.0617984113413865e-06
2588579-64-8,O=C(O)C=1C=CC=C(C#CCC#CCCCCC)C1C(=O)O,161.41525551436615,311.413131,0.53657,-0.65178,283.6000000000001,2.9098216818217573,-8.1957970632095,-0.730353574742,7.465443488467501,2.6681658408668043,1,0,3.408300000000001,2,2,ok,False,4.095388830628839,3.627953424830761,3.627953424830761,-3.0152692196281947,11.206046880885873,18.18,0.5,1.0,2.909095523951268e-05,2.371225705888498e-05,7.723342255459601,3.623528767738594,2.714196543365607,1.3350281417886614,False,0.16825070178729112,3.989603891118046e-06
2637122-42-8,O=C(O)C1=CC=C(C=C1C(=O)O)S(=O)(=O)N(C)CC=2OC(=CC2)C,159.38183799350253,309.20452100000006,0.53519,-0.65164,289.8880000000001,9.21377429938459,-7.604493666073,-1.065053610857,6.539440055216,2.873374836083033,0,1,1.80512,2,5,ok,False,3.441536948981904,4.036611536515159,4.036611536515159,-4.470076282166698,11.353150180130505,18.18,0.5,1.0,7.998359939492911e-05,7.638158657434003e-05,7.478148485497063,4.680174032252704,2.714196543365607,1.72433129195916,False,0.05113334735857173,3.905646198104548e-06
1005516-37-9,O=C(O)C1=CC=CC(=C1C(=O)O)N2CCCCC2,159.8750513192011,248.6849543333333,0.53169,-0.66648,222.6080000000001,6.907486825177447,-7.0746879991495,-0.3861295538595,6.68855844529,2.080560370915386,1,0,2.0733,2,3,ok,False,2.1093280468587583,4.269007543596081,4.269007543596081,-6.257772988319365,10.476429082036882,18.18,0.5,1.0,5.188111971122921e-05,5.12196697591594e-05,6.3783355904548396,4.358754532378766,2.714196543365607,1.6059096910402462,False,0.07585391679872108,3.8852125683692474e-06
62268-13-7,O=C(O)C1=CC(Cl)=C(SC)C=C1C(=O)O,187.52029918828725,211.4377913333333,0.53395,-0.65663,189.84000000000003,2.3491993125318253,-8.117428274265501,-0.981242544903,7.136185729362501,2.900212165686723,0,2,2.4583000000000004,2,3,ok,False,14.370813928053119,1.0378906130231975,1.0378906130231975,12.336585706635454,16.405042149470784,18.18,0.5,1.0,1.6488536396255394e-05,3.7430115376577188e-06,15.408704541076316,0.807726872675314,2.714196543365607,0.2975933613391651,True,0.9152465387769253,3.4257783544433243e-06
213611-99-5,O=C(O)C1=CC=C(C=C1C(=O)O)C(=O)C,185.73104376777007,187.583573,0.53414,-0.65743,175.32000000000005,5.357903211145196,-9.1166303333015,-1.241383385981,7.875246947320501,3.405875680042917,0,1,1.2856,2,3,ok,False,13.613948770590302,1.2238841481104736,1.2238841481104736,11.215179919044289,16.012717622136314,18.18,0.5,1.0,1.74166471566547e-05,4.674028643037354e-06,14.837832918700775,1.6796355956339863,2.714196543365607,0.6188334443721737,True,0.6818436961927696,3.1869569660794645e-06
2603824-83-3,O=C(O)C=1C=CC=C(C#CCC=2C=CC=CC2)C1C(=O)O,161.69066338905347,300.2990876666667,0.53588,-0.65191,248.8880000000001,2.8371716585360147,-8.1707625889635,-0.6985162542335,7.47224633473,2.631876134515322,1,0,2.6772,2,2,ok,False,4.018692285761995,3.588033223801719,3.588033223801719,-3.0137236082225183,11.051108179746508,18.18,0.5,1.0,2.192778324774454e-05,1.743894966146014e-05,7.606725509563715,3.589365248711039,2.714196543365607,1.3224411686340967,False,0.17397378631164565,3.0339201019024114e-06
2547461-18-5,O=C(O)C1=CC=C(C#CCCBr)C=C1C(=O)O,186.399600759332,248.01354766666665,0.53299,-0.66169,215.03200000000004,1.176280595776365,-8.2605601596285,-0.9706301047335,7.289930054895001,2.922348810453681,0,1,2.2195,2,2,ok,False,14.33109087479325,1.0346364741420704,1.0346364741420704,12.303240648383285,16.358941101203214,18.18,0.5,1.0,1.3151363574841664e-05,2.945532845115402e-06,15.365727348935321,0.6990710679377385,2.714196543365607,0.25756096022099034,True,0.9358148347186966,2.7564733326101623e-06
2512318-20-4,O=C(O)C#CC1=CC=C(C(=O)O)C(=C1)C(=O)O,186.43448920204463,219.61988866666664,0.53393,-0.65676,189.5600000000001,2.681478004757824,-8.764242896904,-1.4702311342515,7.2940117626525,3.5900839655455097,0,1,0.5191000000000001,3,3,ok,False,13.810536167150927,1.1621861925276056,1.1621861925276056,11.532693086467086,16.088379247834766,18.18,0.5,1.0,1.395281767524039e-05,3.5197091318072755e-06,14.972722359678531,1.3788780356025636,2.714196543365607,0.5080243871701174,True,0.7725266457231701,2.7190690895162856e-06
869705-60-2,O=C(O)C=1C=C(C(=O)O)C(=CC1C(=O)O)C(=O)C2=CC=C(C(=C2)C)C,189.56202272115257,337.895536,0.5364,-0.65183,290.9200000000001,5.273434862591933,-8.2491313779075,-1.300159977689,6.9489714002185,3.280664149488468,0,2,2.6290400000000007,3,4,ok,False,13.600731786636688,1.2130352432962597,1.2130352432962597,11.223226397798237,15.978237175475138,18.18,0.5,1.0,1.4118435653879314e-05,3.7193069581324515e-06,14.813767029932947,1.5863553389764296,2.714196543365607,0.5844659049669804,True,0.7106321207884422,2.6430589915208737e-06
2647271-99-4,O=C(O)C1=CC=C(C#CC2=CC(=CC=C2C)C)C=C1C(=O)O,186.92924158678667,351.246036,0.5331,-0.66197,266.0400000000001,2.179465608813316,-7.53211138184,-1.1567559784755,6.3753554033645,2.960478719559459,0,1,3.099640000000001,2,2,ok,False,14.286528201409936,1.041737617970013,1.041737617970013,12.244759988848164,16.328296413971707,18.18,0.5,1.0,1.235426672558832e-05,2.7781588112598372e-06,15.328265819379949,0.8115221978696479,2.714196543365607,0.29899168498069023,True,0.9144833411292184,2.5405799519084734e-06
2493067-40-4,O=C(O)C1=CC=C(C#CCCCC)C=C1C(=O)O,187.5636092333308,257.51313,0.53272,-0.66251,228.22400000000005,2.2890497285991844,-8.1495377086245,-0.9341668487665,7.215370859858,2.8589552113330288,0,1,2.6247000000000007,2,2,ok,False,14.321219880175105,1.0311333653707138,1.0311333653707138,12.300235620790925,16.342204139559286,18.18,0.5,1.0,1.1832235179443707e-05,2.628587194360629e-06,15.35235324554582,0.781909932357822,2.714196543365607,0.2880815445252365,True,0.920359452233882,2.419245070350745e-06
51278-53-6,O=C(O)C1=CC=C(C=C1C(=O)O)C(C)(CCCCC)CCCCC,188.80028695206045,352.1581553333333,0.53182,-0.66493,338.75200000000007,2.63854378587887,-8.534034579381,-0.618786896037,7.915247683344,2.645973452516156,0,1,5.501300000000005,2,2,ok,False,14.339273134094382,1.0217885142862209,1.0217885142862209,12.336604446276699,16.341941821912066,18.18,0.5,1.0,1.0776400593208856e-05,2.362465992795609e-06,15.361061648380604,0.6738732725031921,2.714196543365607,0.24827725691065408,True,0.9402198046688479,2.221237314283083e-06
19617-57-3,O=C(O)C1=CC=C(C=C1C(=O)O)C=2C=CC(OC)=CC2,189.5074863058817,287.48551066666664,0.53198,-0.66527,235.74400000000009,3.417460314327,-7.4719742208795,-0.822328056211,6.6496461646685,2.586432742439697,0,1,2.7586000000000013,2,3,ok,False,14.263192234556419,1.0354114745731284,1.0354114745731284,12.233823035213577,16.29256143389926,18.18,0.5,1.0,9.961534241039215e-06,2.205254693049037e-06,15.298603709129548,0.575192428924693,2.714196543365607,0.21191996221889434,True,0.9560834581826583,2.10840753310386e-06
2440440-09-3,O=C(O)C1=CC=C(C#CCC=2C=CC=CC2)C=C1C(=O)O,187.1114861578204,304.9835726666667,0.533,-0.66196,249.55200000000005,1.9406782474176396,-8.180286573731,-0.9515821351985,7.2287044385325,2.884023922482261,0,1,2.6772,2,2,ok,False,14.291920732260117,1.0297007099388429,1.0297007099388429,12.27374442592466,16.310097038595572,18.18,0.5,1.0,1.0152540006236516e-05,2.2370175455691565e-06,15.32162144219896,0.7330008192013018,2.714196543365607,0.2700618055803652,True,0.9296627631806359,2.0796719126973863e-06
1380302-84-0,O=C(O)C1=CC=C(C=C1C(=O)O)C(=O)OCC=2C=CC=CC2,186.6566212833638,288.50232033333333,0.5345,-0.65656,255.31200000000007,4.186928489955375,-8.571042063049,-1.126007113369,7.445034949679999,3.15756619563991,0,1,2.4400000000000004,2,4,ok,False,13.84059642241661,1.1356964740115443,1.1356964740115443,11.614672235984854,16.066520608848364,18.18,0.5,1.0,1.0167659425908202e-05,2.471129420522751e-06,14.976292896428154,1.2292987623099267,2.714196543365607,0.4529144233547637,True,0.8145402177915274,2.0128342963836525e-06
1301739-50-3,O=C(O)C1=CC(Cl)=C(C=C1C(=O)O)C(F)(F)F,185.8486621613127,179.24709366666664,0.53607,-0.64854,186.26400000000004,4.477490518136247,-9.078262280381,-1.148864676811,7.929397603570001,3.297669351056144,0,2,2.7552000000000003,2,2,ok,False,13.712540772896164,1.1670771435495293,1.1670771435495293,11.425111604359204,15.999969941433124,18.18,0.5,1.0,1.039074367745169e-05,2.5976179903986575e-06,14.879617916445692,1.4435447169787001,2.714196543365607,0.5318497367138723,True,0.7536221661718132,1.9576224968111086e-06
2570239-87-9,O=C(O)C=1C=CC=C(C#CCC(C(=O)O)C)C1C(=O)O,155.88815832908537,258.13957566666664,0.53684,-0.65123,239.04000000000005,5.710885845470911,-8.1968855186115,-0.752122682782,7.444762835829501,2.689298153434226,1,0,1.5453,3,3,ok,False,0.21897294281984614,4.662893438715389,4.662893438715389,-8.920130260810442,9.358076146450134,18.18,0.5,1.0,3.7610772607669594e-05,3.9902978316074715e-05,4.881866381535235,4.737186659974904,2.714196543365607,1.7453366343547057,False,0.047539232227093206,1.8969569527205406e-06
2513372-13-7,O=C(O)C1=CC=C(C#CC=2C=CC=CC2C)C=C1C(=O)O,186.3991223557089,332.930802,0.53343,-0.66142,249.41600000000005,2.038428551605378,-7.6129291954385,-1.1850558189275,6.427873376511,3.010503465884361,0,1,2.791220000000001,2,2,ok,False,14.201192669176358,1.0459454512490587,1.0459454512490587,12.151177254934709,16.251208083418007,18.18,0.5,1.0,9.258306875119127e-06,2.063774032408403e-06,15.247138120425417,0.8308797686380884,2.714196543365607,0.3061236558822658,True,0.9105452412501194,1.8791596242250412e-06
2514252-70-9,O=C(O)C1=CC=C(C#CCOCC#C)C=C1C(=O)O,187.02893319224088,253.6238713333333,0.5329,-0.66178,226.6800000000001,2.9771461586559704,-8.406685297347,-1.0163452316175,7.3903400657295,3.00370157394889,0,1,1.0843,2,3,ok,False,14.120664442742758,1.06466026911,1.06466026911,12.033968659516436,16.20736022596908,18.18,0.5,1.0,9.243068045850167e-06,2.097091486816885e-06,15.185324711852758,0.9101703732611319,2.714196543365607,0.3353369436291889,True,0.8936412544114062,1.874047466894522e-06
6968-28-1,O=C(O)C1=CC=C(Br)C=C1C(=O)O,186.50922823371084,174.07921866666666,0.53364,-0.65843,158.96800000000005,1.3731690864565804,-8.694581751176,-0.849539441261,7.845042309915001,2.902796624206862,0,1,1.8455,2,2,ok,False,14.260394354272284,1.0309366842591063,1.0309366842591063,12.239795582783294,16.280993125761274,18.18,0.5,1.0,9.05590201183505e-06,1.9877641410350613e-06,15.291331038531391,0.6804423808050244,2.714196543365607,0.2506975342180913,True,0.9390850266474396,1.8666795413527355e-06
67193-45-7,O=C(O)C1=CC=CC(=C1C(=O)O)S(=O)(=O)C(F)(F)F,161.98821400495248,200.18799533333333,0.53855,-0.63808,205.48800000000008,6.914914042126626,-9.4730994774565,-1.065053610857,8.408045866599501,3.301976234272281,1,0,1.3765,2,4,ok,False,5.424996892352692,3.206034595347365,3.206034595347365,-0.8587154477175893,11.708709232422974,18.18,0.5,1.0,1.779479458026443e-05,1.2522188945752436e-05,8.631031487700056,3.7635769051018455,2.714196543365607,1.3866265191079368,False,0.14620681719783768,1.83082939010841e-06
22037-61-2,O=C(O)C1=CC=C(C=C)C=C1C(=O)O,186.61456630151892,195.09210700000003,0.5321,-0.66467,166.79200000000003,1.6223599662220465,-8.121509982023,-0.9978414897835,7.123668492239499,2.91853036665506,0,1,1.726,2,2,ok,False,14.25130871766281,1.0317599628704055,1.0317599628704055,12.229096349746433,16.27352108557919,18.18,0.5,1.0,8.838965824895782e-06,1.9396395936404704e-06,15.283068680533216,0.7062146046728831,2.714196543365607,0.26019287600933133,True,0.9345404828192373,1.8126717223360744e-06
603109-82-6,O=C(O)C1=CC=C(C=C1C(=O)O)C(=O)OCCO,188.93389062181032,212.88989966666665,0.53389,-0.65696,209.52800000000005,4.477457955134811,-9.165882940242,-1.1513137014655,8.014569238776499,3.3203452167040703,0,1,0.2320999999999999,3,5,ok,False,13.624457519735577,1.1825828239480154,1.1825828239480154,11.306637776061795,15.942277263409359,18.18,0.5,1.0,9.556831806066847e-06,2.411970456394621e-06,14.807040343683592,1.4924491333117706,2.714196543365607,0.5498677451932541,True,0.7390759884999195,1.7826294492924566e-06
921759-09-3,O=C(O)C1=CC=C(C=C1C(=O)O)CC,188.2749490074441,184.75638266666667,0.53163,-0.66738,172.32000000000005,2.225489042884732,-8.648050282740499,-0.6228686037945,8.025181678946,2.677507514446692,0,1,1.6454,2,2,ok,False,14.304846480490525,1.0180082984654204,1.0180082984654204,12.309586879535399,16.30010608144565,18.18,0.5,1.0,8.626711051429853e-06,1.8658514819375467e-06,15.322854778955946,0.7078457357931818,2.714196543365607,0.2607938387967484,True,0.9342479299492531,1.7431678845928992e-06
39995-21-6,O=C(O)C1=CC=C(C=C1C(=O)O)C(=O)C=2C=CC=C(N)C2,190.8728850050313,291.2964193333333,0.53388,-0.65821,241.9360000000001,7.792449040577679,-7.365033477633,-1.2987994084365,6.066234069196501,3.0934348815723185,0,1,1.8962,3,4,ok,False,12.931544666949058,1.3429970389381027,1.3429970389381027,10.29931883928644,15.563770494611676,18.18,0.5,1.0,9.331293586528343e-06,2.671701764467929e-06,14.274541705887161,1.8064200521599219,2.714196543365607,0.6655450418929348,True,0.6421391830324908,1.7156043883419004e-06
2528504-14-3,O=C(O)C1=CC=C(C#CCSC)C=C1C(=O)O,187.48699202229895,251.89838866666665,0.53282,-0.66171,213.92000000000004,2.33320825259984,-7.887492070593001,-0.9864127080625,6.901079362530501,2.8526764395798128,0,1,1.7975,2,3,ok,False,14.250404310631984,1.0298966150370397,1.0298966150370397,12.231844037359673,16.268964583904292,18.18,0.5,1.0,8.501067492413624e-06,1.8589604376714183e-06,15.280300925669023,0.7754869490826317,2.714196543365607,0.28571510452261756,True,0.9216100160844576,1.7132365588627262e-06
80347-30-4,O=C(O)C=1C(OC)=C(C(=O)O)C(C(=O)O)=C(C(=O)O)C1C(=O)O,156.5840782219921,247.369507,0.53829,-0.63838,248.0480000000001,4.581886304787582,-9.1247937488165,-1.20274321921,7.9220505296065,3.3658589852257563,2,2,0.1861999999999999,5,6,ok,False,0.3959522508119253,4.790476793625529,4.790476793625529,-8.993209733469028,9.785114235092879,18.18,0.5,1.0,6.761078901020279e-05,7.594195259812012e-05,5.186429044437454,5.310994089474406,2.714196543365607,1.956746316863541,False,0.02173446241277471,1.6505575142965604e-06
1257323-85-5,O=C(O)C1=CC=C(C=C1C(=O)O)C(NC(=O)OC(C=2C=CC=CC2N(=O)=O)C)C(=O)O,157.28263510133442,376.4149076666667,0.53262,-0.66037,353.16800000000006,4.685796927951532,-8.8396184334925,-1.4574417832780002,7.3821766502145,3.590724461487822,0,1,2.6043000000000003,4,7,ok,False,1.6797874911666906,4.267702410606506,4.267702410606506,-6.684755530356831,10.044330512690212,18.18,0.5,1.0,3.39598666457251e-05,3.28096317088331e-05,5.947489901773197,4.702938788249341,2.714196543365607,1.7327185828693492,False,0.04967200981016036,1.6297203481089062e-06
73606-83-4,O=C(O)C=1C=2OC(=CC2C=C(C1C(=O)O)CCC=3C=CC=CC3)C,162.00136309111588,342.0470193333333,0.53386,-0.66025,286.0640000000001,3.348090358697029,-7.8137492171075005,-0.718924793021,7.0948244240865,2.565480180029144,2,1,3.9228200000000015,2,3,ok,False,3.703457127400723,3.5370063282240194,3.5370063282240194,-3.2289478890086123,10.635862143810058,18.18,0.5,1.0,1.1466163960963704e-05,8.72538395309822e-06,7.2404634556247425,3.543672331590656,2.714196543365607,1.3056063829469395,False,0.1818436499738548,1.5866556654546822e-06
2544821-50-1,O=C(O)C1=CC=C(C#CC(=C)C)C=C1C(=O)O,185.95482405824612,257.20558566666665,0.53335,-0.66168,206.2800000000001,1.5221070264603602,-7.808306940097499,-1.1415176028475,6.666789337249999,3.0036707063006225,0,1,2.0106,2,2,ok,False,14.169220865818053,1.0413955716771435,1.0413955716771435,12.128123051671352,16.210318679964754,18.18,0.5,1.0,7.40568026455259e-06,1.6277654575303988e-06,15.210616437495197,0.7876432285163286,2.714196543365607,0.2901938809264159,True,0.9192359082570375,1.4963004587823884e-06
830320-86-0,N#CC1=CC=C(C(=O)O)C(=C1)C(=O)O,185.79832377011144,170.580072,0.53599,-0.65279,157.37600000000003,5.715043180939231,-9.1974481469,-1.1665520770935,8.0308960698065,3.343727141693835,0,1,0.95468,2,3,ok,False,13.331532568685677,1.2391944543640507,1.2391944543640507,10.902756068290374,15.76030906908098,18.18,0.5,1.0,7.94107596872809e-06,2.083232452921278e-06,14.570727023049727,1.6769953125556711,2.714196543365607,0.6178606765434146,True,0.6826644588389663,1.4221487551092766e-06
89-20-3,O=C(O)C1=CC=C(Cl)C=C1C(=O)O,186.3507568847259,163.80639933333333,0.53361,-0.65827,154.64000000000004,1.3735086202860178,-8.809958023787999,-0.8269539916695,7.983004032118499,2.9083686047263466,0,1,1.7363999999999995,2,2,ok,False,14.19341813846838,1.0310367448266002,1.0310367448266002,12.172623251870828,16.21421302506593,18.18,0.5,1.0,6.759704396412729e-06,1.465259322359861e-06,15.22445488329498,0.6898015195881005,2.714196543365607,0.25414575126263544,True,0.9374516808571639,1.3736098146378805e-06
2243517-66-8,O=C(O)C1=CC(Br)=CC(=C1C(=O)O)N(=O)=O,173.66644998687502,199.69282166666667,0.53978,-0.64134,182.01600000000005,4.124062506800788,-9.002614629942,-2.034323146338,6.968291483604,4.370296354712559,1,1,1.7536999999999998,2,4,ok,False,12.992406207749712,1.330312151237782,1.330312151237782,10.385042303127658,15.599770112371765,18.18,0.5,1.0,9.540454599580024e-06,2.7084222031621835e-06,14.322718358987494,2.2603485833253325,2.714196543365607,0.8327873634834482,True,0.49980623144707154,1.3536862945300657e-06
1936714-69-0,O=C(O)C1=CC=C2OOC2=C1C(=O)O,187.0985349597829,156.47239950000002,0.53597,-0.6563,148.90400000000002,3.467650782590427,-8.726146957834,-0.948588882843,7.777558074991001,3.008672924213054,1,1,1.4222,2,4,ok,False,13.97010920938549,1.0806261281330278,1.0806261281330278,11.852120917491789,16.08809750127919,18.18,0.5,1.0,6.548349639792331e-06,1.4857023830891535e-06,15.050735337518518,0.9612257707376303,2.714196543365607,0.3541474448809478,True,0.8821259676435259,1.310576652312812e-06
108347-25-7,O=C(O)C1=CC=C2C(=O)C=CC2=C1C(=O)O,178.5957740417875,206.6217036666667,0.53471,-0.65459,176.21600000000004,4.136845951930045,-8.4004266787855,-1.9339131355035,6.466513543282,4.128908827081591,1,1,1.2925,2,3,ok,False,13.527753932200678,1.1951380205514146,1.1951380205514146,11.185326455365415,15.870181409035942,18.18,0.5,1.0,8.12570888958837e-06,2.0579297600475344e-06,14.722891952752093,1.8766865468503802,2.714196543365607,0.6914335483322392,True,0.6199723791091583,1.275859609376209e-06
2524781-28-8,O=C(O)C1=CC=C(C#CCCCl)C=C1C(=O)O,187.692999915686,236.75041866666663,0.53283,-0.66199,210.6080000000001,3.388875356220704,-8.245593897851,-0.9543032737035,7.2912906241475,2.9020276494969783,0,1,2.0634,2,2,ok,False,14.043070421774155,1.0609756845154974,1.0609756845154974,11.96359629165105,16.12254455189726,18.18,0.5,1.0,6.199847740851489e-06,1.377850225860047e-06,15.104046106289653,0.8347420301639197,2.714196543365607,0.30754664108769314,True,0.9097504603750515,1.2534998773040463e-06
1803862-46-5,O=C(O)C1=CC=C(C=C1C(=O)O)CC(=O)CCl,188.8370857613521,215.20382333333336,0.5322,-0.66511,207.6080000000001,5.561278459131497,-8.690772157269,-0.7845042309915,7.906267926277501,2.838914120767672,0,1,1.4334,2,3,ok,False,13.598153576028079,1.1615097534736183,1.1615097534736183,11.32163629152779,15.874670860528367,18.18,0.5,1.0,6.06584524191376e-06,1.4744426714187334e-06,14.759663329501697,1.1043177430390618,2.714196543365607,0.4068672719145484,True,0.8474351371818039,1.2494945275204397e-06
1005239-58-6,O=C(O)C1=CC=C(OC2=CC=C(C=C2)N3C(=O)C4C5C=CC(C5)C4C3=O)C=C1C(=O)O,190.12593317736187,405.2920456666668,0.53322,-0.66026,351.00000000000006,5.253307516222518,-8.2442333285985,-0.617154212934,7.6270791156645,2.5738617618360085,0,1,3.1868000000000007,2,5,ok,False,13.817185863497922,1.1094781137050365,1.1094781137050365,11.642648719000615,15.99172300799523,18.18,0.5,1.0,5.8534945136657804e-06,1.3570437594678043e-06,14.926663977202958,0.8363726032769765,2.714196543365607,0.30814739828674065,True,0.9094140217104937,1.2341146229347437e-06
497147-06-5,O=C(O)C=1C(=CC=C(NC(=O)OC(C)(C)C)C1C(=O)O)NC(=O)OC(C)(C)C,153.78693627993468,360.44382966666666,0.53491,-0.65899,351.2720000000001,1.5345689231833153,-7.840144260605999,-0.65851551821,7.181628742396,2.514304923954052,2,0,3.777000000000002,4,6,ok,False,-1.2047658045907301,5.126442768687103,5.126442768687103,-11.25240900002325,8.84287739084179,18.18,0.5,1.0,5.247305927437109e-05,6.224525170629562e-05,3.921676964096373,5.395564986368,2.714196543365607,1.9879050393592694,False,0.01922071941671861,1.1963985180697335e-06
861555-35-3,O=C(O)C1=CC=C(C=C1C(=O)O)S(=O)(=O)C,186.53716841320133,199.231643,0.53673,-0.65133,190.56800000000004,8.490443746353897,-9.3724173527715,-1.056345967641,8.3160713851305,3.269545779382294,0,1,0.4865000000000001,2,4,ok,False,12.39939625420363,1.44648923833789,1.44648923833789,9.564329443036591,15.234463065370669,18.18,0.5,1.0,7.060743857242911e-06,2.151233528771523e-06,13.84588549254152,2.186957719992703,2.714196543365607,0.8057477360430474,True,0.522448212891528,1.1239081126190175e-06
2476120-34-8,O=C(O)C=1C=CC=C(C#CC(C)(C)CC)C1C(=O)O,162.3376445410473,272.3539193333333,0.53628,-0.65426,244.1920000000001,3.3246637123173826,-8.1261359174815,-0.7088565805525,7.417279336929,2.630920614371633,1,0,2.870700000000001,2,2,ok,False,3.891787893562843,3.425388200362113,3.425388200362113,-2.8218496122153685,10.605425399341055,18.18,0.5,1.0,7.899730408114411e-06,5.7272075266460765e-06,7.317176093924957,3.4661779265202717,2.714196543365607,1.2770548746710166,False,0.19575935534903513,1.121154453366378e-06
1344895-99-3,O=C(O)C1=CC=2OCC(=O)C2C=C1C(=O)O,185.7225425619979,193.5522213333333,0.53523,-0.6524,173.53600000000003,4.3274417904808375,-8.507367422031999,-1.23539688127,7.271970540761999,3.263264604058382,0,2,0.6581,2,4,ok,False,13.617595368340467,1.1544729814193626,1.1544729814193626,11.354869903633936,15.880320833046998,18.18,0.5,1.0,5.7983519005321136e-06,1.398218041407567e-06,14.772068349759829,1.3776629906372435,2.714196543365607,0.5075767243181807,True,0.7728779524142854,1.0806518968717929e-06
91497-58-4,O=C(O)C=1C(C(=O)O)=C(C(=C(C1C)C)C)C,162.84542941366155,220.71348566666663,0.52966,-0.66641,204.20800000000008,3.152400515480227,-8.1163398188635,-0.1961940862105,7.920145732652999,2.1810905460403403,2,2,2.3166800000000007,2,2,ok,False,3.030125211805819,3.6260629854272803,3.6260629854272803,-4.076827645305437,10.137078068917075,18.18,0.5,1.0,7.946212595435947e-06,6.09995449458203e-06,6.656188197233099,3.5793231512468315,2.714196543365607,1.3187413269668624,False,0.1756821842800258,1.0716533296169318e-06
570396-58-6,O=C(O)C1=CC=C(C=C1C(=O)O)N(C=2C=CC=CC2)C=3C=CC=CC3,190.7443519287201,387.6082496666666,0.53238,-0.66429,293.6960000000001,4.699678156001749,-6.899174565577,-0.613344619027,6.28582994655,2.2446496715210738,0,1,4.552800000000003,2,3,ok,False,13.76030578656228,1.1126760457025593,1.1126760457025593,11.579500810524822,15.94111076259974,18.18,0.5,1.0,4.900962811898479e-06,1.131044467917531e-06,14.87298183226484,0.7302304283566852,2.714196543365607,0.26904110173657453,True,0.9301744642847763,1.0520686820274493e-06
219537-88-9,O=C(O)C1=CC=C(C#CC=2C=CC=CC2)C=C1C(=O)O,186.1189403119481,313.52680066666665,0.53332,-0.66173,232.89600000000004,2.057549379723364,-7.6912979843825,-1.1758039480105,6.515494036372001,3.01686626679918,0,1,2.4828,2,2,ok,False,14.069559692420219,1.0460556659418279,1.0460556659418279,12.019328261350175,16.119791123490263,18.18,0.5,1.0,5.229684567775832e-06,1.1377194439416157e-06,15.115615358362046,0.8502313736174164,2.714196543365607,0.31325342878932727,True,0.9065331224280806,1.0313803599635324e-06
39995-17-0,O=C(O)C1=CC=C(C=C1C(=O)O)C(=O)C2=CC=C(N)C=C2,191.5361275833066,304.584983,0.53332,-0.66009,241.89600000000004,8.661624688244117,-7.3582306313705,-1.150497359914,6.207733271456499,2.915655717786734,0,1,1.8962,3,4,ok,False,12.447295011282714,1.4136890294583835,1.4136890294583835,9.6765154282049,15.218074594360528,18.18,0.5,1.0,5.196691387811374e-06,1.527463526156376e-06,13.860984040741098,1.989953194209368,2.714196543365607,0.7331647367518285,True,0.5841891093353528,8.923275568875308e-07
56025-81-1,N#CC1=CC2=CC(C(=O)O)=C(C=C2C=C1C#N)C(=O)O,184.8664308861337,284.10398200000003,0.53394,-0.65945,218.78400000000005,9.701800006699788,-8.344643339433,-1.4588023525305,6.8858409869025,3.4893177034614604,0,2,1.97956,2,4,ok,False,11.840353131612673,1.5680079012297374,1.5680079012297374,8.767114117728148,14.913592145497198,18.18,0.5,1.0,6.444011077621806e-06,2.119982247961893e-06,13.40836103284241,2.539955609604957,2.714196543365607,0.9358038627723728,True,0.4165582923356916,8.830961849929868e-07
2733442-60-7,N#CC1=CC=C(SC2=CC=C(C(=O)O)C(=C2)C(=O)O)C=C1,189.06245213001395,308.2012036666667,0.53376,-0.65925,247.16000000000005,5.761225130126404,-7.769394659476,-0.9445071750855,6.8248874843905005,2.781440915914068,0,1,3.105880000000001,2,4,ok,False,13.504981831387799,1.1628781607827068,1.1628781607827068,11.225782517845515,15.784181144930082,18.18,0.5,1.0,4.289899607295978e-06,1.0290087762342083e-06,14.667859992170506,1.1164111202909024,2.714196543365607,0.41132287306893084,True,0.8443514121717532,8.688450133504814e-07
1824208-72-1,O=C(O)C=1C(C(=O)O)=C(C(=CC1C)C)C,163.1554066783879,202.84262066666665,0.53067,-0.66439,188.2800000000001,2.6160737623392807,-8.1908990139005,-0.3213664574404999,7.86953255646,2.3018731714599685,2,1,2.00826,2,2,ok,False,3.391064578863853,3.48821554144027,3.48821554144027,-3.44571225267196,10.227841410399666,18.18,0.5,1.0,5.852137660009842e-06,4.265534865655388e-06,6.879280120304123,3.4826306135147385,2.714196543365607,1.2831165900743033,False,0.19274481178237726,8.221597148319157e-07
144152-92-1,O=C(O)C1=CC=CC(C=2C=CC=CC2C)=C1C(=O)O,163.26999439530607,266.802675,0.53458,-0.65629,226.5600000000001,2.10002294749367,-8.1898105584985,-0.6326647024125001,7.557145856086,2.574916218756809,1,0,3.058420000000001,2,2,ok,False,4.1561534811587535,3.302379827938842,3.302379827938842,-2.3163920448729574,10.628699007190464,18.18,0.5,1.0,5.4628010792667745e-06,3.7587232803463415e-06,7.458533309097596,3.3704110962466536,2.714196543365607,1.2417711990994358,False,0.21395368536466275,8.041926980960542e-07
59590-38-4,O=C(O)C=1C=C2C=CC=C(C2=CC1C(=O)O)N3C(=O)C=4C=CC=CC4C3=O,184.80039285817367,382.01872,0.53208,-0.66724,295.36000000000007,4.172499587777092,-8.0510324947435,-1.405740151683,6.6452923430605,3.3644324534341363,0,2,3.0368000000000013,2,4,ok,False,13.52853479253247,1.1581810512333273,1.1581810512333273,11.25854164453841,15.798527940526531,18.18,0.5,1.0,4.335838436710467e-06,1.0362812807526282e-06,14.686715843765798,1.4245860995307331,2.714196543365607,0.5248647534434793,True,0.7592053313330381,7.867502731080242e-07
2444641-04-5,O=C(O)C1=CC=C(C#CCCl)C=C1C(=O)O,186.1633216957192,220.58748766666668,0.53306,-0.66172,193.72800000000004,1.8960604552598,-8.368045130576,-0.9934876681755,7.3745574624005,2.970967979737352,0,1,1.6733,2,2,ok,False,14.041837878432126,1.0377473847733816,1.0377473847733816,12.00789037922567,16.075785377638585,18.18,0.5,1.0,3.921012782890402e-06,8.362326262995203e-07,15.079585263205509,0.7937335781304226,2.714196543365607,0.2924377676592985,True,0.9180349217588439,7.676907536570727e-07
143092-20-0,O=C(O)C1=CC=C2N=CC=NC2=C1C(=O)O,181.8119956120845,210.700114,0.53805,-0.65392,173.68800000000005,3.5955867421048264,-8.722881591628001,-1.5785324467505,7.144349144877501,3.713393936877689,1,1,1.0262,2,4,ok,False,13.504216759739002,1.1653476494588957,1.1653476494588957,11.220177337331158,15.788256182146846,18.18,0.5,1.0,4.468628009074198e-06,1.0759642590835052e-06,14.669564409197898,1.598224996304031,2.714196543365607,0.5888390802834897,True,0.70699515750242,7.607015208177174e-07
1344447-81-9,O=C(O)C1=CC=CC(=C1C(=O)O)C(N)(C)CCO,154.04775590081553,234.386674,0.53399,-0.65911,225.54400000000004,5.612562796085225,-8.2872273169775,-0.4585118380925,7.828715478885,2.442544807472626,1,0,0.6393,4,4,ok,False,-1.8129257914639751,5.125238063733671,5.125238063733671,-11.858207808575774,8.232356225647823,18.18,0.5,1.0,3.18814866033042e-05,3.687620143885879e-05,3.312312272269696,5.3842483806181445,2.714196543365607,1.9837356265812902,False,0.01954165307966204,7.206219354139126e-07
51419-12-6,O=C(O)C1=CC=C(OS(=O)(=O)C=2C=CC=CC2)C=C1C(=O)O,187.52323133151947,284.67329466666666,0.53371,-0.65803,253.9120000000001,6.1861309289409645,-9.072820003371,-0.894710340444,8.178109662927,3.0371218181768103,0,1,1.8507,2,5,ok,False,13.160688654509217,1.2330488359838576,1.2330488359838576,10.74395734480182,15.577419964216613,18.18,0.5,1.0,3.800057793838375e-06,9.617287549699234e-07,14.393737490493075,1.4600382590069203,2.714196543365607,0.537926504466206,True,0.7487389225841969,7.200837518144216e-07
1806310-78-0,O=C(O)C1=CC=C(C=C1C(=O)O)C(Cl)C(=O)C,187.34690904253156,217.959454,0.53301,-0.66147,207.89600000000004,5.61819497970656,-8.91444974238,-0.9385206703745,7.9759290720055,3.042937853326632,0,1,1.9519,2,3,ok,False,13.31442310029324,1.1950535732431895,1.1950535732431895,10.972161137140688,15.656685063445792,18.18,0.5,1.0,3.5641487259906316e-06,8.719552917579996e-07,14.50947667353643,1.3263695166430285,2.714196543365607,0.4886785077834963,True,0.7875671170063246,6.867233152882564e-07
2639457-43-3,O=C(O)C1=CC=C(C=C1C(=O)O)CNC(=O)OCC2C=3C=CC=CC3C=4C=CC=CC42,192.20931054513343,435.9159706666667,0.53174,-0.66634,362.1600000000001,3.1298032621875773,-7.470613651627,-0.656338607406,6.8142750442210005,2.4231247121663566,0,1,4.121700000000002,3,4,ok,False,12.973800363929321,1.2640941467546596,1.2640941467546596,10.496221363222299,15.451379364636344,18.18,0.5,1.0,3.179877196852151e-06,8.191086425113963e-07,14.237894510683981,1.3557424173132642,2.714196543365607,0.49950045829479317,True,0.7791897292899771,6.382410414175355e-07
61214-97-9,O=C(O)C1=C(OC)C=C(OC)C(=C1C(=O)O)CCCC,162.0222827210792,267.64627466666667,0.53023,-0.66054,256.20000000000005,6.1024240978483295,-7.6455828574985,-0.260140841078,7.3854420164205,2.1156644063846493,2,1,2.442800000000001,2,4,ok,False,2.175123100656146,3.7761026867239433,3.7761026867239433,-5.2259021672477175,9.576148368560009,18.18,0.5,1.0,6.187450727381034e-06,4.8936653372463114e-06,5.951225787380089,3.8877866283045366,2.714196543365607,1.4323894995031112,False,0.12851114096520505,6.288905159913984e-07
808118-82-3,O=C(O)C1=CC=C(SC=2C=CN=CC2)C=C1C(=O)O,187.6904014466768,269.94292133333335,0.53386,-0.6585,224.78400000000005,3.2843942653098157,-8.0825977014015,-0.9325341656635,7.150063535738,2.841674139479596,0,1,2.6292,2,4,ok,False,13.943936751405131,1.045814473251023,1.045814473251023,11.894178049322399,15.993695453487863,18.18,0.5,1.0,2.968952512444364e-06,6.309797504050266e-07,14.989751224656153,0.7668382425859916,2.714196543365607,0.2825286342878881,True,0.92328027945604,5.825711602850553e-07
1344899-66-6,O=C(O)C1=CC=C2C(=O)COC2=C1C(=O)O,181.93624199475255,193.85918,0.5345,-0.65134,173.93600000000004,2.599661799157729,-8.477434898477,-1.5175789442385,6.9598559542385,3.588447173796604,1,1,0.6581,2,4,ok,False,13.52411991060406,1.1412376180380226,1.1412376180380226,11.287335281447257,15.760904539760864,18.18,0.5,1.0,3.124314728321302e-06,7.260646025815913e-07,14.665357528642083,1.2946370351343337,2.714196543365607,0.4769872094557243,True,0.7965090416386916,5.783170207700408e-07
2442888-51-7,O=C(O)C1=CC=C(C#CC2=CC=CC(=C2)C)C=C1C(=O)O,186.3785645392755,332.2748506666667,0.53306,-0.66187,249.3280000000001,2.630237650859709,-7.630072368019999,-1.1649193939905,6.4651529740295,2.9911078826964665,0,1,2.791220000000001,2,2,ok,False,13.904260534240676,1.050695447077165,1.050695447077165,11.844935299249222,15.963585769232129,18.18,0.5,1.0,2.7426865210876354e-06,5.837664607340626e-07,14.954955981317841,0.8838598012233794,2.714196543365607,0.32564325652238585,True,0.8993854965067879,5.250310881313152e-07
1222800-55-6,O=C(O)C=1C=C2C(=O)OC(=CC3=CC=C(OC)C=C3)C2=CC1C(=O)O,184.70570185587127,369.5933963333334,0.5352,-0.65304,281.5280000000001,9.164438337945212,-7.361768111427001,-1.5861516345645,5.775616476862501,3.4656589517955063,0,2,2.7601000000000004,2,5,ok,False,11.889000368913559,1.5141840559357593,1.5141840559357593,8.921254153314688,14.856746584512429,18.18,0.5,1.0,3.6470052290379545e-06,1.1315428319992534e-06,13.403184424849318,2.395760776874167,2.714196543365607,0.8826777053895369,True,0.4588096175284237,5.191627339666069e-07
100118-71-6,O=C(O)C=1C(OC)=C(OC)C(OC)=C(OC)C1C(=O)O,162.37453107204,241.370404,0.53242,-0.65282,241.4240000000001,4.609315552226817,-8.25049194716,-0.476743466076,7.773748481084,2.44941800417692,2,2,1.1174,2,6,ok,False,3.0863848371212335,3.4879405976775337,3.4879405976775337,-3.7498531145418434,9.92262278878431,18.18,0.5,1.0,3.897786299855206e-06,2.7933088133433716e-06,6.574325434798768,3.5590801469010658,2.714196543365607,1.3112831329774675,False,0.17916225076750633,5.004554940873107e-07
93203-79-3,O=C(O)C1=CC=2C(Cl)=CC=CC2C(C=3C=CC=CC3Cl)=C1C(=O)O,162.47947322010933,361.39771,0.53641,-0.65154,283.44000000000005,5.674174216571077,-7.881505565882001,-1.0990678421695002,6.7824377237125,2.97277697277757,1,2,5.210000000000003,2,2,ok,False,4.379783276546547,3.201667190519805,3.201667190519805,-1.89536910735581,10.654935660448904,18.18,0.5,1.0,3.975655897317029e-06,2.617386083290269e-06,7.581450467066352,3.4999323672507794,2.714196543365607,1.2894911298173193,False,0.18960972962742081,4.962818675832419e-07
905273-60-1,O=C(O)C1=CC(F)=C(C=C1C(=O)O)C(F)(F)F,186.35540961711004,160.61458199999998,0.53699,-0.6482,176.52000000000004,4.875489196993467,-9.2505103477475,-0.956208070657,8.2943022770905,3.1400200219475614,0,2,2.2409000000000003,2,2,ok,False,13.372798370963865,1.163941704582831,1.163941704582831,11.091514549877356,15.654082192050375,18.18,0.5,1.0,2.561582258547863e-06,6.023522790898513e-07,14.536740075546696,1.3240583636257266,2.714196543365607,0.4878270023820355,True,0.7882222511750019,4.747874694245956e-07
2734031-04-8,O=C(O)C1=CC=C(SC2=CC=C(Br)C=C2)C=C1C(=O)O,187.10194468150223,309.961918,0.53319,-0.6613,248.82400000000007,1.1219551417057636,-7.8376952359515,-0.719469020722,7.1182262152295,2.571745330284143,0,1,3.9967000000000015,2,3,ok,False,13.918449064226582,1.0413157919019536,1.0413157919019536,11.877507615565948,15.959390512887216,18.18,0.5,1.0,2.408210914197783e-06,5.053953562943651e-07,14.959764856128535,0.7179545201916735,2.714196543365607,0.26451825014168245,True,0.9324218810390731,4.712416887844044e-07
13810-83-8,O=C(O)C=1C(Br)=C(Br)C(Br)=C(Br)C1C(=O)O,164.15901427485568,249.62973333333332,0.53874,-0.62611,216.74400000000009,2.086605762955714,-8.708731671401999,-0.9123977407265,7.796333930675499,2.968258286138593,2,2,4.133,2,2,ok,False,5.488897204545645,2.9028901074146765,2.9028901074146765,-0.20066285706472975,11.17845726615602,18.18,0.5,1.0,2.7581629949353212e-06,1.6223094937780643e-06,8.391787311960321,3.0895907827139566,2.714196543365607,1.1383076845580462,False,0.2736940548110861,4.440164635106389e-07
1822764-40-8,O=C(O)C1=CC=C(SCC)C=C1C(=O)O,189.13867016968484,219.7860473333333,0.53292,-0.66237,191.33600000000004,3.2995993968965385,-7.6031330968205,-0.7181084514695,6.885024645351,2.514263364029605,0,1,2.195,2,3,ok,False,13.981393328634992,1.023300288957817,1.023300288957817,11.97576161690824,15.987025040361743,18.18,0.5,1.0,2.199087015738544e-06,4.5191212812360055e-07,15.004693617592809,0.5201230308015545,2.714196543365607,0.19163057003845468,True,0.963943809112116,4.356178981674261e-07
868943-09-3,O=C(O)C1=CC=C(C=CC=2C=CC=CC2)C=C1C(=O)O,186.41176728457668,324.90670233333327,0.53227,-0.66472,237.64000000000004,2.4519464227425525,-7.3587748590715005,-1.184783705077,6.173991153994501,2.955640489208102,0,1,3.253400000000001,2,2,ok,False,13.90480356323151,1.0415794699525194,1.0415794699525194,11.863345315088253,15.946261811374768,18.18,0.5,1.0,2.2745827656217762e-06,4.764043990025273e-07,14.94638303318403,0.8374256373682073,2.714196543365607,0.3085353709609395,True,0.909196464918844,4.331451954448843e-07
73606-84-5,O=C(O)C=1C=2OC(=CC2C=C(C1C(=O)O)CCC3=CC=CC=4C=CC=CC43)C,163.12704021628397,421.991463,0.53373,-0.6601,330.44000000000005,3.2917528552429327,-7.3244885139085,-0.7164757683665,6.608012745542,2.446163055316528,2,1,5.076020000000003,2,3,ok,False,3.472886406210277,3.361646687549196,3.361646687549196,-3.11582003013452,10.061592842555074,18.18,0.5,1.0,3.038253377864607e-06,2.0774680118088734e-06,6.8345330937594735,3.4020484763296936,2.714196543365607,1.2534274589087604,False,0.20782053281191915,4.317405091138384e-07
111036-22-7,O=C(O)C=1C=CC2=CC=CC(=C2C1C(=O)O)C,163.36353309233175,249.1841843333333,0.5346,-0.65493,198.52000000000004,2.902350823039834,-7.628439684917,-0.9200169285405,6.7084227563765,2.7232970075829246,1,1,2.54462,2,2,ok,False,4.336614216289738,3.1616798953812273,3.1616798953812273,-1.8601645093018337,10.53339294188131,18.18,0.5,1.0,2.857953382578573e-06,1.8334552448137032e-06,7.498294111670965,3.27947335748872,2.714196543365607,1.208266720958302,False,0.23225753252681017,4.258337911587694e-07
2515880-73-4,O=C(O)C1=CC=C(C#CCCC#C)C=C1C(=O)O,186.8243650297888,249.65318366666665,0.53307,-0.66174,217.64800000000005,2.6462377330844635,-8.2170219435485,-0.9640993723215,7.252922571227001,2.9054835409080613,0,1,1.8479,2,2,ok,False,13.912852520721575,1.03794850482327,1.03794850482327,11.878510833460767,15.947194207982383,18.18,0.5,1.0,2.186109283976438e-06,4.555707322232699e-07,14.950801025544845,0.8003473029331103,2.714196543365607,0.2948744831649806,True,0.916722049826833,4.176317354848272e-07
68655-99-2,O=C(O)C1=CC(Cl)=C(C=C1C(=O)O)C,186.804399304896,183.06260666666665,0.53321,-0.66272,171.12800000000004,1.8448080713179893,-8.662472316817,-0.754843821287,7.90762849553,2.803806580415548,0,2,2.0448200000000005,2,2,ok,False,13.986511734120393,1.0192675402877518,1.0192675402877518,11.988784064545671,15.984239403695115,18.18,0.5,1.0,2.0646519481624813e-06,4.215765101027892e-07,15.005779274408145,0.6897487729099763,2.714196543365607,0.25412631763751603,True,0.937460940646413,3.952115117153928e-07
1215122-34-1,O=C(O)C=1C(C(=O)O)=C(C(=O)O)C(=C(C(=O)O)C1C(=O)O)C,158.24221476272945,241.621293,0.53858,-0.6404,238.3280000000001,1.648772840630267,-9.132412936630502,-1.162470369336,7.969942567294502,3.3245102266604416,2,2,0.4860200000000004,5,5,ok,False,0.1051493598747868,4.409100846261903,4.409100846261903,-8.536529503003617,8.74682822275319,18.18,0.5,1.0,1.2608804946457235e-05,1.2011688635983527e-05,4.51425020613669,5.040536385167077,2.714196543365607,1.8571007311492653,False,0.0317830189967257,3.8176772810021864e-07
808117-87-5,O=C(O)C1=CC=C(OC=2C=NC=CC2)C=C1C(=O)O,188.0471345875274,245.57887666666664,0.53344,-0.66044,214.64000000000004,2.3082969934564312,-8.357704804257,-0.6217801483925,7.7359246558645,2.6057373100749306,0,1,2.2703,2,4,ok,False,14.003223664120597,1.0131045442227202,1.0131045442227202,12.0175752448702,15.988872083370994,18.18,0.5,1.0,1.953379391605708e-06,3.955935595615601e-07,15.016328208343317,0.644947017441301,2.714196543365607,0.23761986545070385,True,0.9451012631499752,3.738759728356254e-07
1804039-21-1,O=C(O)C1=CC=CC(=C1C(=O)O)CC(=O)CBr,162.7466551982599,223.23240566666664,0.5345,-0.65412,211.8160000000001,4.417734714760496,-8.668458821528,-0.6544338104524999,8.0140250110755,2.711381824592408,1,0,1.5895,2,3,ok,False,3.8316506027320347,3.264005034282558,3.264005034282558,-2.565681709819204,10.228982915283273,18.18,0.5,1.0,2.6935405621328915e-06,1.7797082902879839e-06,7.095655637014593,3.3985202089220166,2.714196543365607,1.2521275282105575,False,0.20849851774553396,3.710665405444831e-07
2612386-56-6,O=C(O)C1=CC(F)=C(Br)C=C1C(=O)O,186.59935921137745,172.11061166666664,0.5349,-0.65428,164.04000000000005,2.750452653655394,-8.8031551775255,-0.8615124506830001,7.941642726842501,2.9403803336566834,0,2,1.9846000000000004,2,2,ok,False,13.841349089642486,1.044838105724617,1.044838105724617,11.793504032747183,15.88919414653779,18.18,0.5,1.0,1.819471900767847e-06,3.7897662012384256e-07,14.886187195367103,0.837110536202254,2.714196543365607,0.3084192772437312,True,0.9092615880463761,3.445888834462533e-07
99866-19-0,O=C(O)C1=CC(OC)=C(OCC)C=C1C(=O)O,187.1217955375876,218.23732066666665,0.53057,-0.67225,206.39200000000005,1.0436477997868825,-7.726128557246501,-0.5551122550200001,7.1710163022265005,2.39083787082786,0,2,1.4903,2,4,ok,False,13.594278600780436,1.0949974791626902,1.0949974791626902,11.448122978459415,15.740434223101458,18.18,0.5,1.0,1.7044629704599995e-06,3.7113327474622155e-07,14.689276079943127,0.8217878658105754,2.714196543365607,0.30277389742437644,True,0.9124043390292074,3.386236102365715e-07
81116-57-6,O=C(O)C1=CC(=CC(SC=2C=CC=CC2)=C1C(=O)O)N(=O)=O,178.18137996725767,307.63236966666665,0.53915,-0.63972,252.4480000000001,6.037713164766938,-7.9797386659125,-2.0033021673810003,5.9764364985315,4.168918397430208,1,1,3.142400000000002,2,5,ok,False,12.930161476017817,1.2591052135154863,1.2591052135154863,10.46236060478085,15.397962347254785,18.18,0.5,1.0,2.4784118379522322e-06,6.296235307817202e-07,14.189266689533303,2.1557195130641147,2.714196543365607,0.7942385448590321,True,0.532157986756202,3.350591905551318e-07
2043-87-0,O=C(O)C1=CC(OCC)=C(OCC)C=C1C(=O)O,186.995029866464,235.0803116666667,0.53019,-0.67403,223.24000000000007,0.9955445997041016,-7.6880326181765,-0.5444998148505,7.143532803326,2.3718862965564416,0,2,1.8804,2,4,ok,False,13.50964156574122,1.1061904753484064,1.1061904753484064,11.341548074017101,15.677735057465338,18.18,0.5,1.0,1.476789555627533e-06,3.230764335173659e-07,14.615832041089625,0.8424449837026415,2.714196543365607,0.31038466457480957,True,0.9081564258954902,2.93403939154193e-07
191088-42-3,O=C(O)C1=CC=C(C=C1C(=O)O)CC(=O)O,190.4223231091779,189.654648,0.53224,-0.66428,184.21600000000004,2.9583884599558594,-8.821386805509,-0.7480409750245001,8.0733458304845,2.8356876433147526,0,1,0.7100999999999998,3,3,ok,False,13.194971789923068,1.1765179477874845,1.1765179477874845,10.889038985094622,15.500904594751514,18.18,0.5,1.0,1.5650993254505576e-06,3.6496833145409553e-07,14.371489737710553,1.3440502383434374,2.714196543365607,0.49519267188986005,True,0.7825356626823702,2.8560073511250957e-07
2504662-89-7,O=C(O)C=1C=CC=C(C#COCC)C1C(=O)O,163.0656666400075,226.487531,0.53626,-0.65704,203.23200000000008,4.016140242820213,-7.7827282381505,-0.697699912682,7.0850283254685,2.53766316511786,1,0,1.4285,2,3,ok,False,3.475893142791291,3.2947639716892736,3.2947639716892736,-2.981725579279831,9.933511864862414,18.18,0.5,1.0,1.969009352427582e-06,1.29722232081039e-06,6.7706571144805645,3.3823103779830186,2.714196543365607,1.246155289030377,False,0.21163271051755225,2.7453467589697256e-07
18019-69-7,O=C(O)C1=CC=C(C=C1C(=O)O)[Si](C)(C)C,186.773559936017,234.95942633333337,0.53192,-0.6675,219.48000000000005,1.991899618454705,-8.772406312419001,-0.728176663938,8.044229648481002,2.8051498041110903,0,1,1.6282,2,2,ok,False,13.9141030010891,1.0188236499591048,1.0188236499591048,11.917245340571611,15.910960661606588,18.18,0.5,1.0,1.4495424329246953e-06,2.918639176377404e-07,14.932926651048204,0.7037439991737204,2.714196543365607,0.2592826230266571,True,0.93498248863301,2.728876520551144e-07
2609386-25-4,O=C(O)C1=CC=C(C#CC2=CC=C(C=C2C)C)C=C1C(=O)O,186.6260091758836,355.1069443333334,0.53328,-0.66197,266.24800000000005,2.8980047084157747,-7.441769583474,-1.1513137014655,6.290455882008501,2.9346474137550764,0,1,3.099640000000001,2,2,ok,False,13.780995325484124,1.0469748438460964,1.0469748438460964,11.728962338826328,15.83302831214192,18.18,0.5,1.0,1.439982161112899e-06,2.9787570255313993e-07,14.82797016933022,0.8329311961872286,2.714196543365607,0.30687946980965236,True,0.9101234685126619,2.711036675933097e-07
1868072-45-0,O=C(O)C=1C=C(C=C(C1)C2=CC=C(C(=O)O)C(=C2)C(=O)O)C(=O)O,191.65594556914337,310.79424866666665,0.53262,-0.66348,266.03200000000004,3.2486314426231857,-8.3509019579945,-0.9923992127735,7.358502745221,2.9658641095286047,0,1,2.1464,4,4,ok,False,13.027683200443239,1.2070437043129165,1.2070437043129165,10.661921012224107,15.39344538866237,18.18,0.5,1.0,1.4150700383526287e-06,3.372532432338396e-07,14.234726904756155,1.3072846826513658,2.714196543365607,0.4816470221534993,True,0.7929589263583255,2.6742796966556863e-07
1453498-29-7,O=C(O)C1=CC(F)=C(C=C1C(=O)O)C,186.6202019839463,165.324875,0.5326,-0.66407,160.82400000000004,1.5366327765604897,-8.733221917947,-0.6840942201569999,8.04912769779,2.75451721524259,0,2,1.53052,2,2,ok,False,13.902163275443828,1.0188261456216172,1.0188261456216172,11.905300723517698,15.899025827369957,18.18,0.5,1.0,1.3690288610566503e-06,2.7505898929495245e-07,14.920989421065444,0.650253841858524,2.714196543365607,0.23957507552205795,True,0.9442198794513545,2.597161657140914e-07
85218-62-8,O=C(O)C1=CC=C(OC2=CC=C(C=C2)C(=O)C3=CC=C(C(=O)O)C(=C3)C(=O)O)C=C1,188.8951475862556,412.81429900000006,0.5338,-0.65859,337.95200000000006,5.080088173447386,-8.0461344454345,-1.3102281901575,6.735906255277,3.249062503657947,0,1,3.8045000000000018,3,5,ok,False,13.150008796010797,1.183330893110231,1.183330893110231,10.830722863721128,15.469294728300465,18.18,0.5,1.0,1.4824129897792699e-06,3.4697224082495706e-07,14.333339689121027,1.5141562556906512,2.714196543365607,0.5578653688111678,True,0.7325572605705128,2.541770342327428e-07
2557766-58-0,O=C(O)C1=CC=C(C#CCCCCC)C=C1C(=O)O,186.68449779995527,273.996177,0.53268,-0.6625,244.92000000000004,2.3326752131404835,-8.1555242133355,-0.935527418019,7.2199967953165,2.861747106922723,0,1,3.014800000000001,2,2,ok,False,13.863666369654243,1.0265057397748063,1.0265057397748063,11.851752089771978,15.87558064953651,18.18,0.5,1.0,1.3529373205774186e-06,2.737529324295183e-07,14.89017210942905,0.749431241339116,2.714196543365607,0.276115317872235,True,0.9265941042815449,2.536578532189758e-07
2607882-00-6,O=C(O)C1=CC=C(C#CCBr)C=C1C(=O)O,186.0822004734932,231.6381516666667,0.53356,-0.66043,198.15200000000004,2.670167509726684,-8.371854724483,-1.0163452316175,7.355509492865501,2.995655790438971,0,1,1.8294,2,2,ok,False,13.750200662120488,1.051098939995207,1.051098939995207,11.690084595541654,15.810316728699322,18.18,0.5,1.0,1.365102616517598e-06,2.829274285489852e-07,14.801299602115694,0.8979063852299431,2.714196543365607,0.3308184838068278,True,0.8963351637851279,2.535978030077597e-07
2539029-66-6,O=C(O)C1=CC=C(C#CCOC)C=C1C(=O)O,185.7453061933243,227.350263,0.53298,-0.66213,204.29600000000005,1.7972345311616955,-8.3247790283465,-0.9853242526605,7.339454775686,2.9524680562840486,0,1,1.0809000000000002,2,3,ok,False,13.82348546368358,1.0338125170541153,1.0338125170541153,11.797250163490814,15.849720763876347,18.18,0.5,1.0,1.3157027310337987e-06,2.678325661597995e-07,14.857297980737695,0.793357280222789,2.714196543365607,0.2922991270333817,True,0.918109348296039,2.458995827694293e-07
351370-84-8,O=C(O)C1=CC=C(C=C1C(=O)O)C(=O)C2=CC=C(O)C=C2,189.70574747756777,285.090005,0.53352,-0.65905,238.9360000000001,7.082947415447894,-8.095387052375,-1.2359411089710002,6.859445943403999,3.1734955699468124,0,1,2.0196,3,4,ok,False,12.754082148460586,1.2648850631730766,1.2648850631730766,10.274952980058686,15.233211316862487,18.18,0.5,1.0,1.4001707397991921e-06,3.4955350905268357e-07,14.018967211633663,1.6705868930666585,2.714196543365607,0.6154996023225086,True,0.6846553127298408,2.393236670562783e-07
253789-13-8,O=C(O)C=1C=C(C(=CC1C(=O)O)CC)C,188.26108074116303,203.841551,0.53089,-0.67131,188.87200000000004,2.76485736521796,-8.4488629441745,-0.5891264863325,7.859736457842001,2.5982185720888684,0,2,1.95382,2,2,ok,False,13.913868997439579,1.0125022641704022,1.0125022641704022,11.929401025400331,15.898336969478827,18.18,0.5,1.0,1.2552238774104768e-06,2.4981262379332626e-07,14.926371261609981,0.5779839755025327,2.714196543365607,0.2129484605362557,True,0.955665763487662,2.387373718463052e-07
835-58-5,O=C(O)C1=CC=C(C=C1C(=O)O)C(F)(F)F,185.63109772257909,162.104823,0.53542,-0.65513,171.12800000000004,3.5849786066307283,-9.2728236834885,-0.9341668487665,8.338656834722,3.123484326988033,0,1,2.1018,2,2,ok,False,13.489238653291816,1.0993615016586227,1.0993615016586227,11.334529704051045,15.643947602532586,18.18,0.5,1.0,1.1698985096779118e-06,2.5214126060936296e-07,14.588600154950438,1.1181825057650556,2.714196543365607,0.41197551021066,True,0.843897851268676,2.1278146804441667e-07
1780790-28-4,O=C(O)C1=CC=2N=C(Cl)SC2C=C1C(=O)O,185.53831537424352,218.8153146666667,0.53364,-0.66118,185.12800000000004,2.503644613358693,-8.669003049229,-1.0027395390925,7.666263510136499,3.050462737520952,0,2,2.3461,2,4,ok,False,13.685061663413139,1.0561758554473617,1.0561758554473617,11.614995025395528,15.75512830143075,18.18,0.5,1.0,1.1266556748976377e-06,2.329560921165311e-07,14.741237518860501,0.9461471491129784,2.714196543365607,0.34859198071918357,True,0.885576557208321,2.0630045403726208e-07
91345-30-1,O=C(O)C1=CC=C(C=C1C(=O)O)CCC(=O)O,190.6687039545585,207.0428643333333,0.53206,-0.66602,200.61600000000004,2.738194704545314,-8.730772893292501,-0.6669510475755001,8.063821845717001,2.738069396823052,0,1,1.1001999999999998,3,3,ok,False,13.093110132793258,1.181811892019506,1.181811892019506,10.776801387933887,15.40941887765263,18.18,0.5,1.0,1.1371013285707056e-06,2.6317408282254446e-07,14.274922024812764,1.3409895905684162,2.714196543365607,0.49406502776898664,True,0.7834090922605638,2.0617296933051598e-07
320-97-8,O=C(O)C1=CC=C(F)C=C1C(=O)O,185.8859952204673,146.12304986666666,0.53334,-0.65797,144.57600000000002,1.1932017474006649,-8.936490964270499,-0.7039585312435,8.232532433026998,2.8222866788446987,0,1,1.2221,2,2,ok,False,13.820015289580894,1.0263712037905328,1.0263712037905328,11.80836469538243,15.831665883779358,18.18,0.5,1.0,1.0946597392593315e-06,2.1971809634822053e-07,14.846386493371426,0.6860207670283869,2.714196543365607,0.2527527966628829,True,0.9381138367293111,2.061205863640896e-07
2541028-64-0,O=C(O)C1=CC=C(C#CC=CC)C=C1C(=O)O,186.59454607236836,263.9608836666667,0.53304,-0.66204,205.77600000000004,2.9378825725341717,-7.6292560264685,-1.1072312576845,6.522024768784,2.9257099126441117,0,1,2.0106,2,2,ok,False,13.726880483231238,1.0460530679679436,1.0460530679679436,11.676654144096439,15.777106822366036,18.18,0.5,1.0,1.0949748667845086e-06,2.2399830229859338e-07,14.77293355119918,0.8252555180281714,2.714196543365607,0.3040514954767622,True,0.9116972452931523,2.0421863515597038e-07
2574927-72-1,O=C(O)C1=CC=C(C#CCCC(C)C)C=C1C(=O)O,186.64049181485672,275.48110833333334,0.53307,-0.66219,245.03200000000007,2.4876768721037705,-8.1522588471295,-0.945323516637,7.206935330492501,2.8710540982424524,0,1,2.870700000000001,2,2,ok,False,13.800458425300153,1.0292674140983973,1.0292674140983973,11.783131363206621,15.817785487393685,18.18,0.5,1.0,1.0644278485751196e-06,2.1403074114537077e-07,14.82972583939855,0.7557315697160785,2.714196543365607,0.2784365677435321,True,0.9254021101480132,1.980644994924693e-07
861017-07-4,O=C(O)C=1C=CC=C(C2=CC=CC=3C=CC=CC32)C1C(=O)O,164.11836831004464,327.70109766666667,0.535,-0.65463,254.1440000000001,2.5847686182712755,-7.4904779627135,-0.668311616828,6.8221663458855,2.439322204572941,1,0,3.903200000000002,2,2,ok,False,3.7434084745521528,3.1818046146023375,3.1818046146023375,-2.4928139759117762,9.979630925016082,18.18,0.5,1.0,1.3370999693252298e-06,8.382327664497892e-07,6.92521308915449,3.268372306178916,2.714196543365607,1.2041767255830818,False,0.23456053335435992,1.966163247735632e-07
2558879-84-6,O=C(O)C1=CC=C(C#CC(O)CCCC)C=C1C(=O)O,189.6180896803569,279.47765066666665,0.53286,-0.66186,254.0720000000001,2.4549611544788243,-8.257566907273,-0.9722627878365,7.285304119436501,2.9233424852315686,0,1,1.9856,3,3,ok,False,13.15986007373791,1.1636762459785142,1.1636762459785142,10.87909654195525,15.440623605520571,18.18,0.5,1.0,1.04920807442009e-06,2.3839337249071605e-07,14.323536319716425,1.3404204703339828,2.714196543365607,0.4938553450045514,True,0.7835713921655688,1.867982267655954e-07
1098083-48-7,O=C(O)C1=CC(Br)=C(C=C1C(=O)O)C,186.564655355776,193.44881533333333,0.53342,-0.66216,175.30400000000003,1.9181364993138523,-8.580838161667,-0.776612929327,7.804225232339999,2.804951430588403,0,2,2.1539200000000003,2,2,ok,False,13.83571801272419,1.0183846649491024,1.0183846649491024,11.83972074701606,15.83171527843232,18.18,0.5,1.0,9.83286746624063e-07,1.9505322367924618e-07,14.854102677673293,0.6992899269067036,2.714196543365607,0.2576415951217679,True,0.935775958683313,1.8252611738271728e-07
66753-48-8,O=C(O)C1=CC=C(N=C=S)C=C1C(=O)O,185.84986203389343,218.16867566666667,0.53384,-0.65815,174.08000000000004,2.867452510504751,-8.154163644082999,-1.0936255651595,7.060538078923499,3.028154664085504,0,1,1.8173,2,4,ok,False,13.63650260570417,1.0605302849775688,1.0605302849775688,11.557901442634135,15.715103768774204,18.18,0.5,1.0,9.89106725831599e-07,2.0437211720563639e-07,14.697032890681738,0.9505090875908225,2.714196543365607,0.350199063481302,True,0.8845825996333295,1.8078401873032936e-07
63196-16-7,O=C(O)C1=CC=C(OC2=CC=C(Cl)C=C2)C=C1C(=O)O,186.99398348041555,269.257645,0.53332,-0.66011,234.08800000000005,1.288111404343584,-8.3040983757085,-0.5586497350765,7.745448640632,2.535305174679134,0,1,3.528700000000001,2,3,ok,False,13.717791298869287,1.0411562793015647,1.0411562793015647,11.677162489160494,15.758420108578079,18.18,0.5,1.0,9.393372479267814e-07,1.9018186751802404e-07,14.75894757817085,0.7117756803419042,2.714196543365607,0.2622417606719451,True,0.9335406781114626,1.775425095672805e-07
2602832-72-2,N#CCCCC#CC1=CC=CC(C(=O)O)=C1C(=O)O,162.74647947915685,252.594385,0.53631,-0.65126,229.2160000000001,5.688568101904028,-8.1898105584985,-0.7164757683665,7.473334790132,2.653498684444104,1,0,2.1283800000000004,2,3,ok,False,3.3271968875549103,3.282128733301496,3.282128733301496,-3.1056572223400902,9.76005099744991,18.18,0.5,1.0,1.450575369052199e-06,9.409316462336782e-07,6.609325620856406,3.522211574983203,2.714196543365607,1.2976995286478614,False,0.18562550170278458,1.7466090890015352e-07
62073-60-3,O=C(O)C1=CC=C(C=C1C(=O)O)S(=O)(=O)NCCCOCC,189.5691914291308,280.6697566666667,0.53587,-0.65225,278.41600000000005,11.636041291607729,-8.69675866198,-1.0824688972890002,7.614289764691001,3.1399281683315112,0,1,0.7879,3,5,ok,False,11.30525918085613,1.5890412498439708,1.5890412498439708,8.190795561213433,14.419722800498826,18.18,0.5,1.0,1.7336336280131854e-06,5.48155989663461e-07,12.8943004307001,2.9397958784951967,2.714196543365607,1.0831182751599286,False,0.3093923092957735,1.6959524749628836e-07
2564589-38-2,O=C(O)C1=CC=C(C#CC=CC(C)C)C=C1C(=O)O,186.52322007169852,298.55833466666667,0.53317,-0.66191,238.8880000000001,2.948411641884491,-7.6265348879635,-1.1083197130865,6.5182151748770005,2.9263257983395783,0,1,2.6467,2,2,ok,False,13.687775676656699,1.0460746959224119,1.0460746959224119,11.637506947510083,15.738044405803315,18.18,0.5,1.0,9.104878855848573e-07,1.8500022208036912e-07,14.733850372579111,0.8274040869920576,2.714196543365607,0.30484309952221644,True,0.9112579099877378,1.685829157202245e-07
198625-32-0,O=C(O)C1=CC=C(C=C1C(=O)O)C(=O)C2=CC(=CC=C2C)C,185.0718672907736,308.05917466666665,0.5355,-0.65595,263.5760000000001,4.405526399875502,-8.0679035534745,-1.2944455868285,6.773457966645999,3.23518584807634,0,1,2.9308400000000017,2,3,ok,False,13.19538295970106,1.150983329640355,1.150983329640355,10.939497086799971,15.45126883260215,18.18,0.5,1.0,9.435301451868324e-07,2.112162845904531e-07,14.346366289341415,1.3473353109741275,2.714196543365607,0.4964030015687184,True,0.7815970598507516,1.6508602702849773e-07
2616582-43-3,O=C(O)C1=CC=C(C#CCCC)C=C1C(=O)O,186.47212549884247,241.20123966666668,0.53299,-0.66222,211.38400000000004,2.384269508675561,-8.162327059598,-0.945867744338,7.216459315260001,2.8739583001258096,0,1,2.2346,2,2,ok,False,13.763087999844828,1.0279643879003986,1.0279643879003986,11.748314822170284,15.777861177519371,18.18,0.5,1.0,8.62828950970389e-07,1.7194336490835492e-07,14.791052387745227,0.7572051388815146,2.714196543365607,0.2789794794825652,True,0.925122100192964,1.590686068582625e-07
865354-11-6,O=C(O)C1=CC=C(C#CC2=CC=C(C=C2)C)C=C1C(=O)O,186.39259394654852,335.70225566666664,0.53325,-0.66189,249.34400000000005,3.0059839387461804,-7.519866258567499,-1.1469598798575,6.372906378709999,2.9466098687962883,0,1,2.791220000000001,2,2,ok,False,13.648072892278458,1.050614730398904,1.050614730398904,11.588905859069348,15.707239925487569,18.18,0.5,1.0,8.359558401556252e-07,1.7006272859003613e-07,14.698687622677362,0.8543320072296019,2.714196543365607,0.3147642381749662,True,0.9056733981407219,1.540212892992213e-07
141537-47-5,O=C(O)C1=CC=C(OCCCCCCCC)C=C1C(=O)O,189.4506989313891,290.96515466666665,0.53271,-0.66225,281.41600000000005,3.904938361869493,-8.117700388115999,-0.469124278262,7.648576109853999,2.4100419735682386,0,1,3.822300000000003,2,3,ok,False,13.702243080215299,1.036570444556278,1.036570444556278,11.67060234144632,15.733883818984276,18.18,0.5,1.0,7.848923820260248e-07,1.571802362679875e-07,14.738813524771576,0.5243391741496943,2.714196543365607,0.1931839370407248,True,0.9633677760184409,1.5142237464754422e-07
2508554-65-0,O=C(O)C1=CC=C(C#CC2=CC=C(C=C2)CC)C=C1C(=O)O,186.35200671268603,353.087681,0.53337,-0.66179,266.1360000000001,3.08152268367442,-7.5274854463815,-1.154851181522,6.3726342648595,2.957292313789198,0,1,3.045200000000001,2,2,ok,False,13.623420835118935,1.0543382820271552,1.0543382820271552,11.556955774823876,15.689885895413994,18.18,0.5,1.0,8.094307153779569e-07,1.6505673840428194e-07,14.67775911714609,0.8716042225667927,2.714196543365607,0.32112789499245414,True,0.9020159059877029,1.4888380343111364e-07
92241-98-0,O=C(O)C=1C=CC=2C(=CC(=O)C2C1C(=O)O)C=3C=CC=CC3,177.03235136531214,322.93019533333336,0.5369,-0.65156,246.97600000000008,6.993838709178244,-8.0308960698065,-2.0199011122615,6.010994957545,4.201406119475596,1,1,2.711000000000001,2,3,ok,False,12.411044937761151,1.3300709961604555,1.3300709961604555,9.804153688405346,15.017936187116955,18.18,0.5,1.0,1.21899319471585e-06,3.183445787370166e-07,13.741115933921606,2.371576784452434,2.714196543365607,0.873767520723343,True,0.46604658582525826,1.483634040363667e-07
353514-33-7,O=C(O)C1=CC=C(OC2=CC=CC(=C2)N3C(=O)C4C5C=CC(C5)C4C3=O)C=C1C(=O)O,189.0401658415482,404.5352916666666,0.53339,-0.6602,350.9360000000001,4.324887435529392,-8.335391468515999,-0.600827381904,7.734564086611999,2.581141175131868,0,1,3.1868000000000016,2,5,ok,False,13.651637710510212,1.0463396236860956,1.0463396236860956,11.600849732488271,15.702425688532152,18.18,0.5,1.0,7.711729876194983e-07,1.5578884912733272e-07,14.697977334196308,0.6039688743424174,2.714196543365607,0.22252215883876092,True,0.951689825172329,1.4826266258978962e-07
2540385-35-9,O=C(O)C1=CC=C(C#CCCCCCC)C=C1C(=O)O,186.4729527946258,290.86730466666666,0.53303,-0.66219,261.9680000000001,2.393973613054246,-8.1555242133355,-0.9401533534775,7.215370859858,2.866496816528618,0,1,3.4049000000000014,2,2,ok,False,13.74153400859175,1.0269833091397313,1.0269833091397313,11.728683709954112,15.754384307229387,18.18,0.5,1.0,7.595329556420419e-07,1.5051617255916698e-07,14.768517317731481,0.7491451030054506,2.714196543365607,0.2760098950227494,True,0.9266480397558666,1.3947551625350784e-07
91144-02-4,O=C(O)C1=C(C(=O)O)C(=C(OC)C=C1C)C,164.31374363357034,210.43927700000003,0.53032,-0.66293,196.96000000000004,3.754534369266048,-7.8866757290414995,-0.2435418961975,7.643133832844,2.1620856077941726,2,1,1.70844,2,3,ok,False,2.908661707597373,3.3040587176764236,3.3040587176764236,-3.567174381854011,9.384497797048757,18.18,0.5,1.0,9.060556649507496e-07,5.813805322961e-07,6.212720425273797,3.358044221286285,2.714196543365607,1.2372148323209882,False,0.2163840282557849,1.2580146152772258e-07
266684-18-8,O=C(O)C1=CC=C(C=C1C(=O)O)C=2C=CC(=CC2)C=3C=CC(=CC3)C=4C=CC(C(=O)O)=C(C4)C(=O)O,192.27603012032267,546.4918656666667,0.53272,-0.66426,408.3280000000001,4.295582519286528,-7.4420416973245,-1.1034216637775,6.338620033547,2.880159390744904,0,1,5.480400000000004,4,4,ok,False,12.8581208016731,1.2058084836721197,1.2058084836721197,10.494779601422891,15.22146200192331,18.18,0.5,1.0,6.88878714615407e-07,1.5972310039705418e-07,14.063929285345221,1.333401340718129,2.714196543365607,0.49126926492386946,True,0.7855701723422203,1.254737035059476e-07
2637372-92-8,O=C(O)C1=CC=C(C=C1C(=O)O)S(=O)(=O)N2CCN(C3=CC(F)=CC=C3F)CC2,188.36954115741463,366.4613706666667,0.53511,-0.65331,334.92800000000005,8.560731277758928,-7.1911527271635,-1.069951660166,6.1212010669975,2.787273484051304,0,1,1.8721,2,5,ok,False,12.059947354599483,1.380590502206009,1.380590502206009,9.35403969287764,14.765855016321327,18.18,0.5,1.0,8.130180671800621e-07,2.1712427427088174e-07,13.440537856805491,2.100029013230845,2.714196543365607,0.7737203182149832,True,0.5495568071248598,1.193221229176081e-07
217196-44-6,O=C(O)C1=CC=C(C(Br)=C1C(=O)O)N(=O)=O,175.62117975705465,198.026695,0.54,-0.63747,182.44800000000004,5.491690181537921,-9.071731547969,-1.943437120271,7.128294427698,4.255363678523011,1,1,1.7537000000000005,2,4,ok,False,12.671303379561408,1.2599876117363618,1.2599876117363618,10.201773039591501,15.140833719531315,18.18,0.5,1.0,9.2638560083764e-07,2.2686562568267428e-07,13.93129099129777,2.194141377154282,2.714196543365607,0.8083944335267423,True,0.5202209987184673,1.1802026236753078e-07
2603390-50-5,O=C(O)C1=CC=C(C#CC)C=C1C(=O)O,186.2386361398738,207.183414,0.53292,-0.66237,178.29600000000005,2.253482924275221,-8.18518462304,-0.9450514027865,7.2401332202535,2.8784418515292645,0,1,1.4544,2,2,ok,False,13.7071241656692,1.0267925957338655,1.0267925957338655,11.694647658438427,15.719600672899972,18.18,0.5,1.0,6.390924978723775e-07,1.258424919873031e-07,14.733916761403066,0.7649848763731957,2.714196543365607,0.28184579272384364,True,0.9236361602257073,1.1623267609238696e-07
2733109-19-6,O=C(O)C1=CC=C(SC2=CC=C(Cl)C=C2)C=C1C(=O)O,186.01626673989443,298.8121713333333,0.53267,-0.66173,244.56800000000007,0.7443661128772588,-7.827354909632501,-0.7556601628385,7.071694746794001,2.604331435815379,0,1,3.8876000000000017,2,3,ok,False,13.56817884469005,1.0539512009183107,1.0539512009183107,11.502472449427422,15.63388523995268,18.18,0.5,1.0,6.168414880100954e-07,1.245163423171588e-07,14.622130045608362,0.7978100530323597,2.714196543365607,0.2939396761750622,True,0.9172267778325409,1.1420972345106123e-07
87255-79-6,O=C(O)C1=CC=2C=NN=CC2C=C1C(=O)O,185.3791279055637,206.9220303333333,0.53452,-0.6564,174.69600000000003,6.217200008042206,-8.7373036257045,-1.1589328892795,7.578370736425001,3.2307569979976494,0,2,1.0262,2,4,ok,False,12.614356247551694,1.2552798255990405,1.2552798255990405,10.154052998857853,15.074659496245534,18.18,0.5,1.0,6.754852928898522e-07,1.6292861746269651e-07,13.869636073150733,1.6647898755413215,2.714196543365607,0.6133637888570074,True,0.6864546350341638,1.1184310463697623e-07
1344893-80-6,O=C(O)C=1C=C2C(=O)CCC2=CC1C(=O)O,185.1798458004633,202.84443666666667,0.53414,-0.65722,181.62400000000005,5.979877691893037,-8.9011161637055,-1.145055082904,7.7560610808015005,3.253118937073081,0,2,1.2119,2,3,ok,False,12.675822207481048,1.2419799256902215,1.2419799256902215,10.24158628360648,15.110058131355615,18.18,0.5,1.0,6.678741081381951e-07,1.5932130750039467e-07,13.91780213317127,1.6519682214030635,2.714196543365607,0.6086398663505116,True,0.6904287573480291,1.1000001235656073e-07
2543598-83-8,O=C(O)C1=CC=C(C#CCCC(=O)O)C=C1C(=O)O,189.2288910361764,246.353259,0.5329,-0.66205,222.87200000000004,2.043187911084049,-8.2513082887115,-0.973623357089,7.277684931622501,2.923297884878321,0,1,1.2993,3,3,ok,False,13.04839867726403,1.1607755891044853,1.1607755891044853,10.773320328485974,15.323477026042086,18.18,0.5,1.0,6.123937896936835e-07,1.3611295412990694e-07,14.209174266368516,1.2838455655004313,2.714196543365607,0.47301127423457007,True,0.7995232507215929,1.0882547155126226e-07
1159694-47-9,O=C(O)C1=CC=C(C=C1C(=O)O)N2C=NN=C2,187.2312532412946,208.250529,0.53364,-0.65827,187.89600000000004,7.449242193001917,-8.776760134027,-0.8955266819955001,7.8812334520315,2.967591710764767,0,1,0.6637,2,5,ok,False,12.33987172776036,1.309805764821877,1.309805764821877,9.77269960196654,14.907043853554178,18.18,0.5,1.0,6.475307747934349e-07,1.6272398710960524e-07,13.649677492582237,1.754420629241027,2.714196543365607,0.6463867303675596,True,0.6584835064959897,1.0715106162294109e-07
2548436-37-7,O=C(O)C=1C=CC=C(C#CCC(N)CC)C1C(=O)O,159.34910103576442,265.83197633333333,0.53606,-0.65207,239.8400000000001,1.928361680287181,-8.124231120528,-0.7137546298615,7.4104764906665,2.63512043464639,1,0,1.5619,3,3,ok,False,0.0771303290016565,3.948535672758837,3.948535672758837,-7.661857381277297,7.81611803928061,18.18,0.5,1.0,1.2305036303108204e-06,9.543175169021832e-07,4.025666001760493,4.061088576398058,2.714196543365607,1.4962396832774325,False,0.10659345255578581,1.0172399896106818e-07
607735-39-7,O=C(O)C1=CC=C(OCC=2C=CC=C(F)C2)C=C1C(=O)O,188.50838593764652,271.1997803333333,0.53239,-0.6626,241.11200000000005,2.9304829465465243,-8.1756606382725,-0.512118266641,7.6635423716315,2.462226299552368,0,1,2.801100000000001,2,3,ok,False,13.702838750085764,1.0174986327857962,1.0174986327857962,11.708578075506857,15.697099424664671,18.18,0.5,1.0,5.001853516068906e-07,9.675628874014322e-08,14.720337382871561,0.5184204674469839,2.714196543365607,0.19100328924748458,True,0.9641752015839998,9.329001420054729e-08
1005516-70-0,O=C(O)C=1C(F)=CC=C(C1C(=O)O)N2CCC(O)CC2,159.6845012443207,248.31720100000004,0.53419,-0.64926,236.69600000000003,2.148944326873081,-7.4393205588195,-0.552935344216,6.8863852146035,2.318929032758285,2,0,1.1832,3,4,ok,False,-0.6998425120001031,4.079087454460784,4.079087454460784,-8.694707012532408,7.295021988532201,18.18,0.5,1.0,1.0119453885521131e-06,8.048977598143795e-07,3.379244942460681,4.101388443646009,2.714196543365607,1.511087490576597,False,0.1019385188116701,8.205008543030926e-08
1005516-33-5,O=C(O)C1=CC=CC(=C1C(=O)O)N2CCCC2,164.3892000626907,233.34231533333332,0.53246,-0.66559,206.16800000000003,5.229525888644209,-6.954685791078999,-0.3496662978925,6.605019493186499,2.019432323201314,1,0,1.6832,2,3,ok,False,2.3470684202761536,3.37074131096316,3.37074131096316,-4.259463150412967,8.953599990965273,18.18,0.5,1.0,6.314617586090287e-07,4.080066478500139e-07,5.7178097312393135,3.4908360055403223,2.714196543365607,1.286139728559112,False,0.19125351996901716,7.803270757207438e-08
2501649-02-9,O=C(O)C=1C=CC=C(C#CC2CCCCCC2)C1C(=O)O,164.25315716646048,299.8393476666667,0.53584,-0.65288,266.90400000000005,3.3101498410192853,-8.087767864561,-0.690624952569,7.397142911992,2.604390011409412,1,0,3.4049000000000014,2,2,ok,False,3.939502054850962,3.016743794258483,3.016743794258483,-1.9732071324803755,9.8522112421823,18.18,0.5,1.0,5.139308534371266e-07,2.950333069623184e-07,6.956245849109445,3.158806933739724,2.714196543365607,1.1638092095654944,False,0.2580887202410178,7.614476862238013e-08
2588311-92-4,O=C(O)C1=CC=C(C#CCSCC)C=C1C(=O)O,186.3794058522569,269.77925866666664,0.53313,-0.66165,230.38400000000004,2.5147185051213983,-7.8779680858255,-0.9934876681755,6.88448041765,2.857976289446053,0,1,2.1876,2,3,ok,False,13.623537676471061,1.0267534973398962,1.0267534973398962,11.611137800684322,15.6359375522578,18.18,0.5,1.0,4.22429651287401e-07,8.197377682131742e-08,14.650291173810958,0.7386445451712831,2.714196543365607,0.2721411413542525,True,0.928615231559518,7.612209774473592e-08
1344503-70-3,O=C(O)C1=CC=CC(=C1C(=O)O)C(N)(C(=O)O)C,156.4487510116137,217.96489466666665,0.53359,-0.64958,211.4480000000001,2.521677031263124,-8.730772893292501,-0.6057254312129999,8.125047462079502,2.6821443619353307,1,0,0.3414999999999999,4,4,ok,False,-1.818082718730265,4.44146014207967,4.44146014207967,-10.52318463597657,6.88701919851604,18.18,0.5,1.0,1.963891565353455e-06,1.743981361292136e-06,2.623377423349405,4.826533980645793,2.714196543365607,1.7782551497397774,False,0.042332872055574275,7.382773983488624e-08
2646187-18-8,O=C(O)C=1C=CC=C(C#CC2CCCCC2)C1C(=O)O,164.37325944271691,282.2688313333333,0.53593,-0.65329,250.33600000000007,3.1548377026401853,-8.0907611169165,-0.7020537342900001,7.3887073826265,2.6159377075004207,1,0,3.014800000000001,2,2,ok,False,4.030668319189283,2.9898059215658344,2.9898059215658344,-1.8292436078443375,9.890580246222903,18.18,0.5,1.0,4.79768792983358e-07,2.723047358338555e-07,7.020474240755117,3.138541888765305,2.714196543365607,1.1563428950777122,False,0.26259853630233426,7.150682505816424e-08
82157-67-3,O=C(O)C1=CC=2C(Cl)=CC=C(Cl)C2C=C1C(=O)O,184.6941905181688,260.88001033333336,0.53324,-0.66226,212.92000000000004,1.3919001149507817,-7.9198736188025,-1.105326460731,6.8145471580715,2.988248323262864,0,2,3.543000000000001,2,2,ok,False,13.543788858468535,1.039091262787673,1.039091262787673,11.50720740675445,15.58037031018262,18.18,0.5,1.0,3.846796563266501e-07,7.530111879070862e-08,14.582880121256208,0.8499050871418252,2.714196543365607,0.31313321403318195,True,0.9066013877741507,6.82680987966026e-08
140436-03-9,O=C(O)C=1C=C(C(=O)O)C(=CC1C(=O)O)[Si](C)(C)C,186.42242459501,262.71204400000005,0.53379,-0.65787,246.4000000000001,1.4297946181182808,-8.9838387742575,-1.169001101748,7.8148376725094995,3.29757833327798,0,2,1.3263999999999996,3,3,ok,False,12.948981565850296,1.1577614687413762,1.1577614687413762,10.679810784429003,15.21815234727159,18.18,0.5,1.0,3.7090413955793446e-07,8.079491464883159e-08,14.106743034591673,1.228073244864612,2.714196543365607,0.4524629020939654,True,0.8148732675500002,6.583761610131678e-08
2574511-79-6,O=C(O)C1=CC=C(C#CC(C)CC)C=C1C(=O)O,186.11038942074384,259.2666753333333,0.53289,-0.66225,228.29600000000005,2.3618919704338723,-8.1533473025315,-0.9504936797965,7.202853622735001,2.876634906542931,0,1,2.4806,2,2,ok,False,13.592403063148911,1.0271674745652442,1.0271674745652442,11.579191806910071,15.605614319387751,18.18,0.5,1.0,3.6532324658234194e-07,7.05660039461604e-08,14.619570537714155,0.7600399393751391,2.714196543365607,0.2800239139766528,True,0.9245821323046527,6.524406639675952e-08
2151858-40-9,O=C(O)C1=CC=C(C(F)=C1C(=O)O)C(F)(F)F,183.91086934668377,160.45914333333334,0.53848,-0.64136,176.11200000000005,4.088675654781143,-9.1928222114415,-1.1458714244555002,8.046950786986,3.320779166122266,1,1,2.2409000000000003,2,2,ok,False,13.013818285447934,1.1466480577660714,1.1466480577660714,10.766429389283632,15.261207181612237,18.18,0.5,1.0,3.8758381651271646e-07,8.374461976859209e-08,14.160466343214006,1.357840699462138,2.714196543365607,0.500273535010259,True,0.7785877246690174,6.520253295890013e-08
757177-68-7,O=C(O)C1=CC=C(OCOC)C=C1C(=O)O,188.9958186857043,195.773319,0.53279,-0.66147,189.92000000000004,5.037812232507282,-8.36477976437,-0.5951129910435,7.769666773326501,2.5831120088738517,0,1,1.0657,2,4,ok,False,13.34617069708139,1.0739133491082635,1.0739133491082635,11.241339210312404,15.451002183850377,18.18,0.5,1.0,3.404700629051078e-07,6.859248049268741e-08,14.420084046189654,0.7509072775623233,2.714196543365607,0.27665913855715013,True,0.9263156025201578,6.353828489593591e-08
65538-25-2,O=C(O)C1=CC=C(OC2=CC=CC(=C2)C)C=C1C(=O)O,188.38985198449143,273.27072300000003,0.53301,-0.66149,235.7040000000001,3.386198490933454,-8.23960739314,-0.594840877193,7.644766515946999,2.552317198909297,0,1,3.183720000000002,2,3,ok,False,13.635527581016571,1.0147629416311337,1.0147629416311337,11.646628762573629,15.624426399459514,18.18,0.5,1.0,3.3289695818929164e-07,6.332409746868233e-08,14.650290522647705,0.5122939765647841,2.714196543365607,0.18874608687311162,True,0.9650020191036879,6.110788191519718e-08
1417569-13-1,O=C(O)C=1C(Br)=CC=C(Br)C1C(=O)O,166.19564089907357,197.57430966666664,0.53631,-0.63408,178.52800000000005,0.7295052432984975,-8.51716352065,-0.7066796697485,7.8104838509015,2.7232398410003995,2,0,2.6080000000000005,2,2,ok,False,5.412678999766827,2.6823872315964152,2.6823872315964152,0.15529663324775278,10.670061366285902,18.18,0.5,1.0,3.786003604945195e-07,1.9121090871722614e-07,8.095066231363242,2.943100620600063,2.714196543365607,1.0843358517252457,False,0.3085768866380789,5.9003266903199544e-08
2639456-65-6,O=C(O)C=1C=C2C(=CC1C(=O)O)C(NC(=O)OCC=3C=CC=CC3)CC2,190.97714547654107,344.4146303333334,0.5323,-0.66585,307.4800000000001,3.2962079318513875,-8.522061569959,-0.6106234805220001,7.911438089436999,2.635612365552068,0,2,2.996700000000001,3,4,ok,False,12.79231822175392,1.1833912498358277,1.1833912498358277,10.472913992455856,15.111722451051984,18.18,0.5,1.0,3.2579686825082984e-07,7.221882775211626e-08,13.975709471589747,1.2998445898687934,2.714196543365607,0.4789058452845071,True,0.7950495743113127,5.741754826158205e-08
1498132-06-1,O=C(O)C1=CC=C(C=C1C(=O)O)C(Cl)C(=O)O,187.6932316599504,206.02285433333336,0.53322,-0.66085,199.40800000000004,1.808841731606168,-9.047785529125,-0.9972972620825,8.050488267042502,3.1334648575073927,0,1,1.4475,3,3,ok,False,12.95325320263524,1.1499391671961328,1.1499391671961328,10.699413850518837,15.207092554751643,18.18,0.5,1.0,3.178503107921251e-07,6.840807927950291e-08,14.103192369831373,1.2021654644688695,2.714196543365607,0.4429176167832647,True,0.8218675607162556,5.622238125072928e-08
2227312-00-5,O=C(O)C1=CC=C(F)C(=C1C(=O)O)N(=O)=O,173.22590865016772,172.441777,0.5382,-0.63537,167.80000000000004,5.294087084663417,-9.368335645014,-1.9241170368855,7.4442186081285,4.282500766222058,1,1,1.1303,2,4,ok,False,12.210091950052394,1.3176057938989347,1.3176057938989347,9.627632048189177,14.792551851915611,18.18,0.5,1.0,4.5456559437557433e-07,1.1348638043870927e-07,13.527697743951329,2.299602223576027,2.714196543365607,0.8472497060675339,True,0.48780864817007846,5.535963782752201e-08
6518-97-4,O=C(O)C1=C(OC)C(OC)=C(OC)C(=C1C(=O)O)N(=O)=O,165.834482156446,243.8963883333333,0.53978,-0.64484,239.3280000000001,8.860410737657707,-8.613491823727,-1.5872400899665,7.0262517337605,3.70236277882952,2,2,1.017,2,7,ok,False,7.135172915391835,2.405605607400769,2.405605607400769,2.4202725638787275,11.850073266904943,18.18,0.5,1.0,7.967601153789367e-07,3.7049053655186533e-07,9.540778522792603,3.754828496483023,2.714196543365607,1.3834033153056156,False,0.1475180507389605,5.465404176936276e-08
1784934-69-5,O=C(O)C1=CC=2N=C(SC2C=C1C(=O)O)CC,186.90434968222564,240.089582,0.53246,-0.66572,203.22400000000005,3.031248958762708,-8.429542860789,-0.8084502498355001,7.6210926109535,2.799484308499582,0,2,2.2551000000000005,2,4,ok,False,13.545370854476666,1.0274882492557695,1.0274882492557695,11.531530891397242,15.559210817556089,18.18,0.5,1.0,2.9074849125669705e-07,5.5743063088370724e-08,14.572859103732435,0.7042342150228097,2.714196543365607,0.2594632347993334,True,0.9348948927228745,5.211390498604677e-08
2386131-64-0,O=C(O)C1=CC=CC(=C1C(=O)O)S(=O)(=O)Cl,166.9738414830469,201.64725866666663,0.53887,-0.63596,188.24000000000004,5.705940501792846,-9.4965012685995,-1.6035669209965002,7.892934347603,3.902588960818453,1,0,1.0105000000000002,2,4,ok,False,9.042387583006963,1.9613836813313996,1.9613836813313996,5.198146207732833,12.886628958281094,18.18,0.5,1.0,4.469122153529093e-07,1.659929080302127e-07,11.003771264338363,2.931277245752507,2.714196543365607,1.079979728408953,False,0.3114999149543917,5.170677673444342e-08
90322-77-3,O=C(O)C=1C(OC)=CC=C(C1C(=O)O)N(=O)=O,167.30998490824996,205.54304566666667,0.53593,-0.64253,187.85600000000005,7.816911375984763,-8.5724026323015,-1.8114619027785,6.760940729523,3.9870428907938185,2,0,0.9998,2,5,ok,False,8.985606353783764,2.0007646177058755,2.0007646177058755,5.064179761538198,12.907032946029329,18.18,0.5,1.0,6.319611643533665e-07,2.4237810937376737e-07,10.98637097148964,3.3950454521202276,2.714196543365607,1.2508473125937913,False,0.20916769100460877,5.0697669487773444e-08
100118-44-3,O=C(O)C1=CC=C(OCCCC)C=C1C(=O)O,189.1758446369202,225.417482,0.53253,-0.66232,214.3280000000001,4.0850420866865,-8.088856319963002,-0.4832741984880001,7.605582121475002,2.4153779569968115,0,1,2.2619,2,3,ok,False,13.498162305006744,1.0334566533447245,1.0334566533447245,11.472624484867788,15.5237001251457,18.18,0.5,1.0,2.6643456537615746e-07,5.1227106076727315e-08,14.53161895835147,0.5206862211209243,2.714196543365607,0.19183806802556486,True,0.9638671121469774,4.937612279782203e-08
302927-72-6,O=C(O)C1=CC=C(OC2=CC=CC(=C2)N3C(=O)C=4C=CC=CC4C3=O)C=C1C(=O)O,183.4335272782524,407.5684893333334,0.53333,-0.65985,331.36000000000007,5.40163502932214,-8.336479923918,-1.4005699885235,6.9359099353945,3.4173649124808176,0,1,3.675900000000002,2,5,ok,False,12.575683183520738,1.2204515147657597,1.2204515147657597,10.183642169702495,14.967724197338981,18.18,0.5,1.0,2.841536136150478e-07,6.465964866495214e-08,13.796134698286497,1.6991149866601494,2.714196543365607,0.6260102978958351,True,0.6757791935400672,4.369564522938544e-08
1785571-16-5,O=C(O)C1=CC=2C=NC=CC2C=C1C(=O)O,185.9229818746144,219.59147,0.53327,-0.6617,178.74400000000006,2.332482940987994,-8.154163644082999,-0.950221565946,7.203942078136999,2.876544159903588,0,2,1.6312,2,3,ok,False,13.507261555249297,1.0265551220491382,1.0265551220491382,11.495250487887866,15.519272622610728,18.18,0.5,1.0,2.3407196450225513e-07,4.4510733957672634e-08,14.533816677298436,0.7632586137018144,2.714196543365607,0.28120978031877264,True,0.9239669831071162,4.1126448570754256e-08
2545565-97-5,O=C(O)C1=CC=C(C#CCCCC(=O)O)C=C1C(=O)O,190.1588976442123,263.519735,0.53323,-0.66172,239.51200000000009,4.3979233747303965,-8.182463484535,-0.952942704451,7.229520780084001,2.885932856976796,0,1,1.6894,3,3,ok,False,12.77139755013971,1.172472450980028,1.172472450980028,10.47339377335345,15.06940132692597,18.18,0.5,1.0,2.334501886883709e-07,5.06980703511286e-08,13.943870001119738,1.4170306948272924,2.714196543365607,0.5220810918394925,True,0.7614211432884084,3.8602582689272496e-08
19617-63-1,O=C(O)C=1C=CC(=CC1C(=O)O)C=2C=CC=CC2OC,188.1300144811835,280.8649733333333,0.53181,-0.66642,235.80000000000007,3.469721514761668,-7.6483039960034995,-0.7820552063370001,6.8662487896665,2.587692292312755,0,1,2.7586000000000013,2,3,ok,False,13.538572523418697,1.0155088438653856,1.0155088438653856,11.548211763460632,15.528933283376762,18.18,0.5,1.0,2.064549692118182e-07,3.8675047085040367e-08,14.554081367284082,0.5266954927697999,2.714196543365607,0.1940520829477945,True,0.9630439680086917,3.724577080770026e-08
937641-99-1,O=C(O)C=1C=C2C=C(F)C(Br)=CC2=CC1C(=O)O,185.91967310609385,256.59157266666665,0.53261,-0.66578,207.80000000000004,1.8255016132559292,-8.015929808029,-0.90886026067,7.107069547359,2.80185374715895,0,2,3.1378000000000013,2,2,ok,False,13.530589272604962,1.017846605121211,1.017846605121211,11.535646584781027,15.525531960428896,18.18,0.5,1.0,2.105950430544784e-07,3.956742115723906e-08,14.548435877726172,0.708248637901621,2.714196543365607,0.2609422812923458,True,0.9341755772932981,3.6962918501570856e-08
1245212-48-9,O=C(O)C1=CC=C(C=C1C(=O)O)NC(=O)C=2C=CN=CC2,189.6988088590182,281.34154199999995,0.53271,-0.66141,237.23200000000008,4.872239099223272,-8.234165116129999,-1.047638324425,7.186526791704999,2.996992761807374,0,1,1.7302999999999995,3,4,ok,False,12.741771317314168,1.1767049774956158,1.1767049774956158,10.435471940993747,15.048070693634589,18.18,0.5,1.0,2.2500143664915976e-07,4.897948125975269e-08,13.918476294809784,1.4755322497429422,2.714196543365607,0.5436350043808104,True,0.744130379686358,3.644711998666062e-08
706809-24-7,O=C(O)C=1C=C(C(OC)=C(C(=O)O)C1C(=O)O)C,159.59613159772863,215.5080903333333,0.53416,-0.64816,208.80000000000004,3.7650635200485,-8.663560772219,-0.6459982810870001,8.017562491132,2.702438860403414,2,1,1.09822,3,4,ok,False,-0.14770582567337165,3.8181766404384683,3.8181766404384683,-7.631194527544909,7.335782876198166,18.18,0.5,1.0,4.088968686350745e-07,2.9473667148536475e-07,3.6704708147650966,3.9433023869514194,2.714196543365607,1.4528433457002785,False,0.12114661324748222,3.5706349550287704e-08
54408-07-0,O=C(O)C1=CC=C(N=NC2=CC=C(N)C=C2C)C=C1C(=O)O,187.11681680100637,384.7361350000001,0.53295,-0.6623,257.8400000000001,6.807187140809337,-6.993325957850001,-1.632683103,5.360642854850001,3.470107705951078,0,1,3.3890200000000004,3,5,ok,False,12.53120734021462,1.2189211127905661,1.2189211127905661,10.142165859149625,14.920248821279614,18.18,0.5,1.0,2.274079673036378e-07,5.129751745705859e-08,13.750128453005185,1.6383831296471165,2.714196543365607,0.603634668112693,True,0.6946307896085636,3.5632835056155686e-08
2477563-07-6,O=C(O)C1=CC=C(C#CCC(C)(C)C)C=C1C(=O)O,186.00899032915785,277.2085466666667,0.53269,-0.66242,244.66400000000004,2.3694468827133472,-8.134571446847,-0.9347110764675,7.1998603703795,2.8560236329750643,0,1,2.870700000000001,2,2,ok,False,13.48622928345446,1.0242427290344416,1.0242427290344416,11.478750423119937,15.493708143788982,18.18,0.5,1.0,1.980321137422178e-07,3.736479644987068e-08,14.5104720124889,0.7392684644013979,2.714196543365607,0.272371013885643,True,0.9284990055624397,3.46931763467479e-08
345947-09-3,O=C(O)C1=CC=C(OC2=CC=C(C=C2)S(=O)(=O)C3=CC=C(C(=O)O)C(=C3)C(=O)O)C=C1,189.47771007134244,420.051685,0.53575,-0.65192,352.8560000000001,8.438812931923543,-8.165592425804,-1.1643751662895,7.0012172595145,3.1083271680798883,0,1,3.4063000000000008,3,6,ok,False,11.986087259003487,1.3226126686657584,1.3226126686657584,9.393814062922193,14.57836045508478,18.18,0.5,1.0,2.0839103553076466e-07,5.085898260970118e-08,13.308699927669245,1.8851255319790923,2.714196543365607,0.6945427502613847,True,0.6173064925743268,3.1395580170693316e-08
869719-89-1,O=C(O)C=1C=C(C(=O)O)C(=CC1C(=O)O)C(=O)C=2C=C(C=C(C2C)C)C,187.2868256517853,353.480026,0.53503,-0.64979,307.5440000000001,7.322078462431279,-7.9704867949955,-1.484108940627,6.4863778543685,3.445273407247176,0,2,2.937460000000001,3,4,ok,False,12.379237667758263,1.241756674539738,1.241756674539738,9.945439308098152,14.813036027418374,18.18,0.5,1.0,1.9469616738613525e-07,4.4511752578964194e-08,13.620994342298001,1.6983174855966188,2.714196543365607,0.6257164720616375,True,0.6760277838531675,3.009118145137768e-08
36440-39-8,O=C(O)C=1C=CC=C2C=CC(C(=O)O)=C(C(=O)O)C21,160.56112258628028,255.216781,0.53322,-0.65679,209.56800000000004,3.3717084408352984,-8.037426802218501,-1.20274321921,6.834683583008501,3.123068573253649,1,1,1.9344,3,3,ok,False,1.4736459786051448,3.4493117624996983,3.4493117624996983,-5.286880847344641,8.23417280455493,18.18,0.5,1.0,3.0449511540459923e-07,1.9628590129205159e-07,4.9229577411048435,3.7192348083130407,2.714196543365607,1.37028942041949,False,0.15294252286589782,3.002046094661296e-08
2580345-11-3,O=C(O)C=1C=CC=C(C#CCN(C)C)C1C(=O)O,165.000037518104,249.52127233333337,0.53653,-0.65246,223.0240000000001,3.033451331404544,-7.915247683344001,-0.7355237379014999,7.179723945442501,2.605805137889101,1,0,0.9961,2,3,ok,False,4.1086159515487,2.86597266093245,2.86597266093245,-1.5085872445553257,9.725819147652725,18.18,0.5,1.0,1.8451955640523921e-07,9.719145780444744e-08,6.974588612481149,3.046079060896018,2.714196543365607,1.1222765235412453,False,0.2837945848537521,2.7582409418944127e-08
1807074-79-8,O=C(O)C1=CC=C(C=C1C(=O)O)CCCCl,187.30206927628296,214.607797,0.53213,-0.66584,205.20800000000008,3.4069847211280537,-8.684785652558,-0.665046250622,8.019739401936,2.7251308376871672,0,1,2.2544000000000004,2,2,ok,False,13.428335079085974,1.0252882188307266,1.0252882188307266,11.418807096404528,15.43786306176742,18.18,0.5,1.0,1.5104754163329063e-07,2.8277183973465993e-08,14.4536232979167,0.642837319746204,2.714196543365607,0.2368425828695091,True,0.9454498726427957,2.6734659986410327e-08
6660-53-3,O=C(O)C1=C(Cl)C(Cl)=C(Cl)C(C(=O)O)=C1C(=O)O,161.68576674788426,221.309089,0.54244,-0.6348,211.49600000000004,3.454513108963404,-9.138127327491,-1.2334920843165,7.9046352431745,3.4021332393631702,2,2,2.7414000000000005,3,3,ok,False,2.840031233476868,3.150679277905103,3.150679277905103,-3.335186678053798,9.015249145007534,18.18,0.5,1.0,2.484870577321631e-07,1.4531433612942793e-07,5.990710511381971,3.533842331587503,2.714196543365607,1.30198468501678,False,0.18356909919142256,2.6675221782878675e-08
773108-17-1,O=C(O)C1=CC=C(OC=2C(=CC=CC2C)C)C=C1C(=O)O,187.67436444605764,291.51146766666665,0.5331,-0.661,251.90400000000005,2.549641378704072,-8.2104912111365,-0.53334314698,7.6771480641564995,2.489682322239371,0,1,3.492140000000002,2,3,ok,False,13.472375177888935,1.013879914919529,1.013879914919529,11.485207059998125,15.459543295779746,18.18,0.5,1.0,1.4007556662108636e-07,2.586817820941091e-08,14.486255092808465,0.5165226348763584,2.714196543365607,0.19030406480286416,True,0.9644323036924722,2.4948106702829575e-08
927672-65-9,O=C(O)C=1C=CC=C(NC2=CC=C(C=C2)C3CCCCC3)C1C(=O)O,160.54233134784397,368.0290033333333,0.53235,-0.65709,311.19200000000006,2.9879880103507777,-7.025163278358501,-0.5488536364585,6.4763096419,2.2144452395695,1,0,4.874300000000003,3,3,ok,False,-1.1370622353592115,3.9575169985067773,3.9575169985067773,-8.89365302063755,6.619528549919127,18.18,0.5,1.0,2.757816301992217e-07,2.0328691486345013e-07,2.820454763147566,3.960305437858099,2.714196543365607,1.4591078334169991,False,0.11895670572099748,2.4182341708340905e-08
2733421-78-6,O=CC(C)CC1=CC=C(C(=O)O)C(=C1)C(=O)O,188.2673990716613,218.7729163333333,0.53188,-0.66687,208.90400000000005,5.768714596857778,-8.562334419833,-0.6576991766585,7.9046352431745,2.688581348324568,0,1,1.4605,2,3,ok,False,12.89329676471967,1.1257600807819772,1.1257600807819772,10.686847551154093,15.099745978285247,18.18,0.5,1.0,1.3717686552572262e-07,2.810934572230397e-08,14.019056845501648,1.0560318700451998,2.714196543365607,0.3890771553101011,True,0.8595201309075864,2.4160548514961312e-08
577-68-4,O=C(O)C1=CC(OC)=C(OC)C=C1C(=O)O,185.3694467898625,201.57412033333333,0.53038,-0.67321,189.78400000000005,0.594500311185789,-7.768578317924501,-0.5776977046114999,7.190880613313,2.421828674063652,0,2,1.1002,2,4,ok,False,12.893655661893916,1.1236012301484848,1.1236012301484848,10.691437717817987,15.095873605969846,18.18,0.5,1.0,1.3036812781990246e-07,2.661926954570098e-08,14.0172568920424,0.9772562624039342,2.714196543365607,0.36005360952679394,True,0.87841283043768,2.3382707905822736e-08
81568-57-2,O=C(O)C=1C=2C=CC=CC2C=3C=CC=CC3C1C(=O)O,166.09180893078295,307.39481333333333,0.53286,-0.65337,225.8400000000001,1.631729419971338,-7.7680340902235,-0.939337011926,6.8286970782975,2.7757239280502275,2,2,3.389400000000001,2,2,ok,False,5.244823626764867,2.614076003764534,2.614076003764534,0.1213288065359901,10.368318446993744,18.18,0.5,1.0,1.3769802844802541e-07,6.552741555191489e-08,7.8588996305294,2.843198274186153,2.714196543365607,1.0475285148880868,False,0.33376571324113224,2.1870804588532932e-08
47297-31-4,O=C(O)C1=CC=C(C=C1C(=O)O)C(=O)OCC(CC)CCCC,182.77395168825785,306.621052,0.53467,-0.65682,301.26400000000007,2.06556508491018,-9.1460186291555,-1.0979793867674998,8.048039242388,3.259784532284938,0,1,3.4562000000000026,2,4,ok,False,13.086367098110742,1.0846441118254568,1.0846441118254568,10.960503702889412,15.212230493332072,18.18,0.5,1.0,1.2539283173376493e-07,2.468483197801207e-08,14.171011209936198,0.9664103086677953,2.714196543365607,0.3560576005558703,True,0.8809300849689341,2.1745611131834034e-08
174611-11-1,O=C(O)C1=CC=C(C(=C1C(=O)O)C)N(=O)=O,176.15993554418404,191.71775866666667,0.53777,-0.64995,178.94400000000005,5.010102363225726,-9.0616633355005,-1.8462924756425,7.215370859858,4.122570491830199,1,1,1.29962,2,4,ok,False,12.458154980927175,1.2195795558687743,1.2195795558687743,10.067822975143022,14.848486986711327,18.18,0.5,1.0,1.6836929735734513e-07,3.7625639863237756e-08,13.677734536795949,2.0339931075670714,2.714196543365607,0.7493905010448939,True,0.5703037741229133,2.1458044417794028e-08
2516206-98-5,O=C(O)C1=CC=C(C#CCCCCCCO)C=C1C(=O)O,188.96080593442468,295.64132433333333,0.53295,-0.66281,270.83200000000005,1.9496920808168656,-8.153619416382,-0.945323516637,7.208295899745,2.871370836110696,0,1,2.3773,3,3,ok,False,12.732079181168391,1.1536553695347953,1.1536553695347953,10.470956206308944,14.993202156027838,18.18,0.5,1.0,1.2633099689281726e-07,2.645818205012382e-08,13.885734550703187,1.2664181487726107,2.714196543365607,0.46659043607882966,True,0.80436137850051,2.1281939786455045e-08
52287-38-4,O=C(O)C=1C=C2N=CC=CC2=CC1C(=O)O,185.86845079499477,219.83492733333333,0.53264,-0.66427,178.53600000000003,3.950380798100356,-8.380834481549499,-0.998113603634,7.382720877915499,2.978734691423276,0,2,1.6312,2,3,ok,False,13.07796498295653,1.0851227431729318,1.0851227431729318,10.951163487532277,15.204766478380783,18.18,0.5,1.0,1.2178338547559772e-07,2.396243320762037e-08,14.163087726129461,0.9862601724098529,2.714196543365607,0.3633709485116686,True,0.8763073037263491,2.099845523489254e-08
89939-47-9,O=C(O)C=1C(N)=CC=C(C1C(=O)O)N(=O)=O,163.9432031868318,211.83694033333333,0.53689,-0.65261,172.68000000000004,9.078081166193655,-7.898920852313999,-1.7276508368245005,6.171270015489499,3.7541252551551296,2,0,0.5734,3,5,ok,False,4.176399021876754,2.930441288613196,2.930441288613196,-1.5671603626142563,9.919958406367764,18.18,0.5,1.0,3.7242529583733044e-07,2.0536980001420083e-07,7.10684031048995,4.127816782058157,2.714196543365607,1.5208245667204554,False,0.09897308220469785,2.0326082099167857e-08
2543218-41-1,O=C(O)C1=CC=C(C#CCCCCCO)C=C1C(=O)O,188.92167462460537,279.50980866666663,0.53249,-0.66281,254.41600000000005,1.909609687868178,-8.166136653505,-0.942058150431,7.224078503073999,2.8709271553162745,0,1,1.9872,3,3,ok,False,12.71865825310873,1.1538251849313421,1.1538251849313421,10.457202446188031,14.980114060029429,18.18,0.5,1.0,1.1920166926517072e-07,2.492234114208587e-08,13.872483438040073,1.261136028817682,2.714196543365607,0.4646443279504998,True,0.8058204310990905,2.0082931683114234e-08
115897-04-6,O=C(O)C1=CC(Cl)=C(Cl)C(=C1C(=O)O)N(=O)=O,172.70189017442837,204.01588266666667,0.54069,-0.63303,193.26400000000004,5.1180438851186105,-9.177311721963,-1.912960369015,7.264351352948001,4.232798259476133,1,2,2.298000000000001,2,4,ok,False,11.924504065964879,1.3242083807702159,1.3242083807702159,9.329103331629153,14.519904800300605,18.18,0.5,1.0,1.6845449157069553e-07,4.08749242495126e-08,13.248712446735095,2.3019352066484786,2.714196543365607,0.8481092543851213,True,0.48709831015364025,1.991010652959564e-08
937611-48-8,O=C(O)C1=CC=C(C(=O)O)C(=C1C(=O)O)N(=O)=O,171.69592647589906,197.66266600000003,0.53911,-0.6372,190.77600000000004,7.165764786120181,-9.556094201859,-1.8212580013965,7.7348362004625,4.183803632104801,1,1,0.6893999999999998,3,5,ok,False,8.852777045282973,1.9314041274436755,1.9314041274436755,5.067294515901361,12.638259574664586,18.18,0.5,1.0,1.8081181649471344e-07,6.413930398643583e-08,10.78418117272665,2.944102788913635,2.714196543365607,1.0847050837604206,False,0.3083298527019663,1.9776062150544398e-08
146598-55-2,O=C(O)C1=CC=C(C#CC#CC2=CC=C(C(=O)O)C(=C2)C(=O)O)C=C1C(=O)O,185.6722350388762,427.7631263333333,0.53353,-0.66025,310.5040000000001,1.295200061766521,-7.818375152566,-1.5641104126740002,6.254264739892,3.5188403050978416,0,1,1.8826000000000005,4,4,ok,False,12.226889312234945,1.247154891875394,1.247154891875394,9.782510641016227,14.671267983453664,18.18,0.5,1.0,1.1440456021397866e-07,2.5820281899905607e-08,13.474044204110339,1.6576812729912682,2.714196543365607,0.6107447439807514,True,0.6886589368884992,1.7781367883350355e-08
1780981-73-8,O=C(O)C1=CC=2N=CSC2C=C1C(=O)O,185.70397124521415,201.85145266666663,0.53285,-0.6642,170.08800000000005,2.336636920875813,-8.5027414865735,-0.855525945972,7.6472155406015,2.8630410923448766,0,2,1.6927,2,4,ok,False,13.358342401157191,1.024549354966337,1.024549354966337,11.350262565039428,15.366422237274955,18.18,0.5,1.0,1.0283157042608327e-07,1.9001392075911323e-08,14.382891756123529,0.7543743974424268,2.714196543365607,0.2779365404787531,True,0.9256595944246119,1.7588820882491108e-08
91136-83-3,O=C(O)C=1C=C(C(C(=O)O)=C(C(=O)O)C1C(=O)O)C,158.67372020569064,217.2996336666667,0.53743,-0.64636,211.04000000000005,2.273184772516304,-8.971593650985,-1.0560738537905,7.9155197971944995,3.175853202400236,2,1,0.78782,4,4,ok,False,-0.410645090380898,3.8305691046987738,3.8305691046987738,-7.918422575882334,7.097132395120538,18.18,0.5,1.0,3.117987372057395e-07,2.233899350522279e-07,3.4199240143178757,4.3860973496145395,2.714196543365607,1.6159836915037014,False,0.07343142575368208,1.6403841429907537e-08
66421-07-6,O=C(O)C1=CC=C(C=C1C(=O)O)C(=O)C2=CC=C(NC(=O)C)C(=C2)NC(=O)C,188.8550152141815,377.657764,0.53428,-0.65788,325.3760000000001,10.587063228771234,-8.165864539654502,-1.3477799015265,6.818084638128002,3.3187264223396613,0,1,2.2307999999999995,4,5,ok,False,11.758897501783238,1.3521326691206443,1.3521326691206443,9.108766167986762,14.409028835579715,18.18,0.5,1.0,1.5386002305450128e-07,3.800857723702373e-08,13.111030170903883,2.49016206527615,2.714196543365607,0.9174582700589347,True,0.4309644489567819,1.6380345544585215e-08
125592-09-8,O=C(O)C=1C=CC=2C=CC(=O)C2C1C(=O)O,175.58670463827363,207.871868,0.53709,-0.65135,175.79200000000003,5.493890652351937,-8.417025623666,-1.9475188280285,6.4695067956375,4.151158082235455,1,1,1.2925,2,3,ok,False,12.251892743828,1.2436532308025332,1.2436532308025332,9.814377202198155,14.689408285457844,18.18,0.5,1.0,1.1784531055970127e-07,2.6547238663215067e-08,13.495545974630533,2.1324252694322494,2.714196543365607,0.7856561731480357,True,0.5394227879041027,1.4320185490867056e-08
62073-62-5,O=C(O)C1=CC=C(C=C1C(=O)O)S(=O)(=O)NCCCOC,188.54686949918863,264.197916,0.53608,-0.65253,261.66400000000004,10.499951574174045,-8.928055434905,-1.0680468632125,7.8600085716925,3.178179140742136,0,1,0.3978000000000001,3,5,ok,False,11.14444791856722,1.4568601072720977,1.4568601072720977,8.289054577800748,13.999841259333692,18.18,0.5,1.0,1.1551536784663375e-07,3.046412026172316e-08,12.601308025839318,2.483091301547426,2.714196543365607,0.9148531662590617,True,0.43302651563846195,1.319177184892505e-08
2600829-78-3,N#CCCC#CC1=CC=C(C(=O)O)C(=C1)C(=O)O,185.8333204977734,240.408129,0.53335,-0.6615,212.73600000000005,3.548324859704928,-8.2660024366385,-0.9804262033515,7.285576233287,2.933757051494549,0,1,1.7382800000000005,2,3,ok,False,13.107911496038934,1.06140900206724,1.06140900206724,11.027588079120545,15.188234912957324,18.18,0.5,1.0,7.61697914169616e-08,1.4444515089931376e-08,14.169320498106174,0.9029126601486253,2.714196543365607,0.3326629614777316,True,0.8952389206017916,1.2931292097726455e-08
1784982-04-2,O=C(O)C1=CC=2N=C(Cl)OC2C=C1C(=O)O,185.3889593701066,193.30896100000004,0.53347,-0.66213,175.85600000000005,1.8987074366526295,-8.688595246464999,-0.7877695971975001,7.900825649267499,2.841522349582801,0,2,1.8776,2,4,ok,False,13.319882698666563,1.020973209930581,1.020973209930581,11.31881197802237,15.320953419310754,18.18,0.5,1.0,7.604639084331506e-08,1.3871023345573305e-08,14.340855908597144,0.7632385974181297,2.714196543365607,0.2812024056561921,True,0.9239708153606176,1.2816420750495529e-08
444288-03-3,O=C(O)C=1C=CC=C(NCCOCC=2C=CC=CC2)C1C(=O)O,160.5117571350199,324.44560099999995,0.53169,-0.66975,280.61600000000004,3.3938790211202288,-7.234418829392999,-0.644909825685,6.589509003708,2.355403870751141,1,0,2.7117000000000004,3,4,ok,False,-1.0201000376616367,3.837290925311608,3.837290925311608,-8.541052049474768,6.500851974151494,18.18,0.5,1.0,1.4193246274884104e-07,9.924487167700047e-08,2.8171908876499714,3.8944520895829617,2.714196543365607,1.4348452764418587,False,0.12760943518774406,1.266458201998217e-08
1427081-79-5,O=C(O)C1=CC(Cl)=CC(F)=C1C(=O)O,183.8208687130384,161.15374866666664,0.53795,-0.64468,159.26400000000004,1.6643690756559977,-8.8798912833665,-0.9575686399095,7.922322643457001,3.053890320346517,1,1,1.8755,2,2,ok,False,13.166542914664122,1.048086015452713,1.048086015452713,11.112332071676715,15.22075375765153,18.18,0.5,1.0,7.183187801395268e-08,1.342645895910361e-08,14.214628930116834,0.9040026476026201,2.714196543365607,0.33306454899601917,True,0.8949996123839612,1.2016675564086893e-08
2498044-76-9,O=C(O)C1=CC=C(C#CC(O)CCC)C=C1C(=O)O,188.96566578933968,261.4045976666667,0.53327,-0.66152,237.2800000000001,3.5290288366631404,-8.3824671646525,-1.0081818161025,7.37428534855,2.989587604482057,0,1,1.5955,3,3,ok,False,12.672142094818179,1.1433934280495028,1.1433934280495028,10.431132155681365,14.913152033954994,18.18,0.5,1.0,7.424985476782389e-08,1.5155993107823967e-08,13.815535522867682,1.3776843036875281,2.714196543365607,0.507584576752573,True,0.7728717914518938,1.1713639544476465e-08
2533173-76-9,O=C(O)C1=CC=C(C#CCC(C)C)C=C1C(=O)O,185.6644155000753,258.846287,0.53314,-0.66195,228.12800000000004,2.5526410519303337,-8.139469496156,-0.945867744338,7.193601751818,2.8686378403087995,0,1,2.4806,2,2,ok,False,13.263170173565587,1.0274296944707235,1.0274296944707235,11.249444975755978,15.276895371375197,18.18,0.5,1.0,6.739367314764632e-08,1.2324303976059768e-08,14.290599868036312,0.7604016361470354,2.714196543365607,0.28015717506004056,True,0.9245131145113437,1.1393980653091552e-08
4316-23-8,O=C(O)C1=CC=C(C=C1C(=O)O)C,186.50620339767184,167.77904566666666,0.53172,-0.66655,155.82400000000004,2.25191052442143,-8.641791664179,-0.6157936436815,8.0259980204975,2.6695398352154767,0,1,1.39142,2,2,ok,False,13.356698671379032,1.008918531727559,1.008918531727559,11.379254685857985,15.33414265690008,18.18,0.5,1.0,6.592889937557905e-08,1.1831201577489418e-08,14.365617203106591,0.5865008980995895,2.714196543365607,0.21608637721287777,True,0.9543800396785387,1.129146263096914e-08
1510005-73-8,O=C(O)C=1C=CN=C(C1)C2=NC(=CC(=C2)C3=CC=C(C(=O)O)C(=C3)C(=O)O)C4=NC=CC(=C4)C(=O)O,190.3683792454752,498.8483446666666,0.5325,-0.66385,395.9840000000001,3.9921569833863,-8.126680145182501,-1.1616540277845,6.965026117398001,3.096655714369976,0,1,3.665400000000001,4,7,ok,False,12.680265700392734,1.1374412567129302,1.1374412567129302,10.450921802705412,14.909609598080056,18.18,0.5,1.0,6.646348399300614e-08,1.3449839357822825e-08,13.817706957105665,1.1683663472850934,2.714196543365607,0.4304649013502602,True,0.830854963961741,1.1174865794935088e-08
104462-39-7,O=C(O)C1=CC=C(C=C1C(=O)O)C(=O)C=2C(=C(C(N)=C(C2C)C)C)C,188.68123770906328,357.98637933333333,0.53418,-0.65608,306.4560000000001,4.017585848491604,-7.027612303013,-1.3341742090015,5.6934380940115,3.070178006591951,0,1,3.1298800000000018,3,4,ok,False,12.649282253385575,1.146425416689053,1.146425416689053,10.402329725713706,14.896234781057444,18.18,0.5,1.0,7.185021961518106e-08,1.469009760321257e-08,13.795707670074629,1.4411982961249803,2.714196543365607,0.5309852374721149,True,0.7543149275253801,1.108095990890805e-08
1781086-48-3,O=C(O)C1=CC=2N=C(OC2C=C1C(=O)O)C(C)C,186.88248344029572,230.91143433333332,0.5326,-0.66696,210.70400000000004,2.775764545129864,-8.4847819724405,-0.6615087705655,7.823273201875,2.6732619517731973,0,2,2.3476,2,4,ok,False,13.349525370806234,1.0091756294857666,1.0091756294857666,11.371577482938594,15.327473258673873,18.18,0.5,1.0,6.388750430088698e-08,1.1456689206199455e-08,14.358701000292001,0.586234525845291,2.714196543365607,0.21598823684240623,True,0.9544205100321834,1.0934499155461094e-08
1243400-32-9,O=C(O)C1=CC=C(OC2CC2)C=C1C(=O)O,188.04267170790203,204.05894566666663,0.53228,-0.66245,190.29600000000005,3.267130883512321,-8.172395272066499,-0.5181047713520001,7.654290500714499,2.466746950537316,0,1,1.6242,2,3,ok,False,13.330853646393873,1.0117955907634413,1.0117955907634413,11.3477707287811,15.313936564006646,18.18,0.5,1.0,6.224220060865864e-08,1.1181652527496685e-08,14.342649237157314,0.4732332275961043,2.714196543365607,0.1743548118329318,True,0.97005782058639,1.0846849481377734e-08
441772-78-7,O=C(O)C1=CC=C(C=C1C(=O)O)C(C)C,186.3985273361757,202.161897,0.53148,-0.66708,189.36000000000004,2.235814075454397,-8.6426080057305,-0.634569499366,8.0080385063645,2.686863405834848,0,1,2.2064000000000004,2,2,ok,False,13.345425462438769,1.009492608957573,1.009492608957573,11.36685630622255,15.323994618654988,18.18,0.5,1.0,6.305468418337204e-08,1.1306333105203556e-08,14.354918071396341,0.597818933269586,2.714196543365607,0.22025631663663156,True,0.9526451024834348,1.0770922859718492e-08
2535605-72-0,O=C(O)C1=CC=C(C#CC(N)C)C=C1C(=O)O,187.52911544908528,237.88177666666664,0.53297,-0.66209,207.20800000000008,0.4461177423057729,-8.153619416382,-0.97416758479,7.179451831592,2.901213682225151,0,1,0.7817000000000001,3,3,ok,False,12.409232477014651,1.1868175726409886,1.1868175726409886,10.083112778419064,14.735352175610238,18.18,0.5,1.0,6.330622195756162e-08,1.3347034377240507e-08,13.59605004965564,1.2770500850205575,2.714196543365607,0.4705075939110194,True,0.8014141727658393,1.0696502514313419e-08
14236-13-6,O=C(O)C1=CC=C(C=C1C(=O)O)C(C)(C)C,186.69146693866276,219.84130166666668,0.53149,-0.66798,205.3520000000001,2.361375381001504,-8.629546540906501,-0.5880380309305,8.041508509976001,2.641415638420467,0,1,2.3805000000000005,2,2,ok,False,13.347351936161875,1.007770199133729,1.007770199133729,11.372158641167008,15.322545231156742,18.18,0.5,1.0,6.064804429035195e-08,1.0843284966880603e-08,14.355122135295604,0.5639824402349014,2.714196543365607,0.20778983070089777,True,0.9577422246901535,1.0385071867129526e-08
2631647-72-6,O=C(O)C=1C=CC=C(C#CCC(O)C)C1C(=O)O,160.04610616434883,241.503868,0.53653,-0.65282,219.64800000000005,5.357246524101724,-8.161782831897,-0.7289930054895001,7.432789826407499,2.6586886228713995,1,0,1.2054,3,3,ok,False,-0.6208393402894963,3.74133139429537,3.74133139429537,-7.953714127337445,6.712035446758453,18.18,0.5,1.0,1.242583574980726e-07,8.43520250487598e-08,3.1204920540058736,3.9725720528625934,2.714196543365607,1.4636272611034273,False,0.11739572814331298,9.90256740096213e-09
2501659-57-8,O=C(O)C=1C=CC=C(C#CCCCl)C1C(=O)O,164.54117417566167,232.79025566666667,0.53608,-0.65187,209.8880000000001,5.2879595478785575,-8.219743082053501,-0.7115777190575,7.508165362996001,2.6560580180311795,1,0,2.0634,2,2,ok,False,3.5306043678185492,2.8859643755048405,2.8859643755048405,-2.125781868836567,9.186990604473666,18.18,0.5,1.0,7.632436598803036e-08,3.9356726786820484e-08,6.41656874332339,3.1899700423127806,2.714196543365607,1.1752907320253285,False,0.2512496268498621,9.888362919220617e-09
698975-52-9,O=C(O)C1=CC(Br)=C(C=C1C(=O)O)S(=O)(=O)O,185.96280305189208,214.73483933333333,0.53765,-0.64372,201.45600000000005,8.366234403242597,-9.0616633355005,-1.379072994334,7.6825903411665,3.547272803451812,0,2,1.0922,3,4,ok,False,11.790113697512005,1.3072997277989622,1.3072997277989622,9.227853314027023,14.352374080996988,18.18,0.5,1.0,6.809351433592898e-08,1.5849316694256083e-08,13.097413425310968,1.9206573886317653,2.714196543365607,0.7076338643664131,True,0.6060785468802953,9.605930831100331e-09
2513864-14-5,O=C(O)C1=CC=C(C#CC(O)CC)C=C1C(=O)O,188.36769308529983,246.62711866666663,0.53337,-0.66129,220.40800000000004,1.9368553559829915,-8.2725331690505,-0.982875228006,7.289657941044501,2.93781221591962,0,1,1.2054,3,3,ok,False,12.601919153062312,1.1457080697310458,1.1457080697310458,10.356372599592557,14.847465706532066,18.18,0.5,1.0,5.6309673048819906e-08,1.1419669888766892e-08,13.747627222793358,1.2327173823517619,2.714196543365607,0.4541739563278608,True,0.8136101307184216,9.291159110960854e-09
4371-40-8,O=C(O)C1=CC(C(=O)O)=C(C=C1C(=O)O)C=2C=CC=CC2,186.7765118290436,282.0883836666667,0.53444,-0.65621,238.61600000000007,1.1618544056808495,-8.248315036356,-1.1545790676715,7.0937359686845,3.115932772303026,0,2,2.448200000000001,3,3,ok,False,12.51916381262282,1.1560033119845383,1.1560033119845383,10.253438955124105,14.784888670121534,18.18,0.5,1.0,4.92613385966911e-08,1.0039136203535127e-08,13.675167124607357,1.1878707142095881,2.714196543365607,0.43765095682298194,True,0.8256879511025103,8.289193802735952e-09
165051-67-2,O=C(O)C1=CC=C(C=C1C(=O)O)N2N=C(C=CC=3C=CC=CC3)CC2C=4C=CC=CC4,188.73598319880503,541.685036,0.53122,-0.66445,368.1040000000001,8.798360991116471,-6.678218118971,-0.91974481469,5.758473304281001,2.5062650155193555,0,1,5.103800000000004,2,4,ok,False,11.578940927227714,1.3440591895059377,1.3440591895059377,8.94463332270598,14.213248531749448,18.18,0.5,1.0,6.344096193399618e-08,1.5148546027691035e-08,12.923000116733652,2.1296974064289715,2.714196543365607,0.7846511379710712,True,0.5402747846862729,8.184377443420868e-09
99866-00-9,O=C(O)C1=CC=C(OCCC)C=C1C(=O)O,188.4188494539752,209.07527933333336,0.53268,-0.6628,197.92000000000004,4.051803041856798,-8.131850308342,-0.5363363993354999,7.595513909006501,2.4730868016073764,0,1,1.8718,2,3,ok,False,13.224495810554531,1.0217333980983092,1.0217333980983092,11.22193514848012,15.227056472628941,18.18,0.5,1.0,4.661202302408065e-08,8.381868450990225e-09,14.24622920865284,0.533923269801139,2.714196543365607,0.19671503565437215,True,0.9620423511197065,8.063712431366728e-09
876478-22-7,O=C(O)C1=C(Br)C=C(OC)C(OC)=C1C(=O)O,165.25497300964557,221.57238933333332,0.53369,-0.64531,209.78400000000005,4.214686984818683,-8.130217625239,-0.465314684355,7.664902940884,2.4097883644157854,2,1,1.8627,2,4,ok,False,3.2866899808938417,2.894775868929186,2.894775868929186,-2.3869664655230034,8.960346427310686,18.18,0.5,1.0,5.256747533341881e-08,2.6879362878507423e-08,6.181465849823027,3.097587316684184,2.714196543365607,1.1412538728102468,False,0.271862079429927,7.307479485902617e-09
1807075-41-7,O=C(O)C1=CC=CC(=C1C(=O)O)CC(=O)C,164.56085176573083,199.804649,0.53382,-0.6564,191.91200000000003,5.798154848742831,-8.7187998838705,-0.6293993362065,8.089400547663999,2.700720162864347,1,0,1.2145,2,3,ok,False,3.5255157072745984,2.860805852734119,2.860805852734119,-2.0815607308456725,9.13259214539487,18.18,0.5,1.0,5.8770793951443186e-08,2.9799863372206336e-08,6.386321560008717,3.22281628478773,2.714196543365607,1.1873923768215526,False,0.24416753839818187,7.276159284193764e-09
2547742-09-4,O=C(O)C=1C=CC=C(C#CCC(N)C)C1C(=O)O,160.26953708633434,249.29522800000004,0.53641,-0.65251,223.27200000000005,5.250409611639839,-8.088312092262,-0.718924793021,7.369387299241,2.6314067372153978,1,0,1.1718,3,3,ok,False,-0.7097575608561595,3.7040951445563497,3.7040951445563497,-7.96965063949629,6.550135517783971,18.18,0.5,1.0,8.263489251864032e-08,5.482585829654378e-08,2.99433758370019,3.9303310876659254,2.714196543365607,1.4480642889598223,False,0.12283783784447926,6.734689891115242e-09
2167961-00-2,O=C(O)C1=CC=C(OCCBr)C=C1C(=O)O,188.726703994942,215.227751,0.53261,-0.66197,201.49600000000004,4.968414562010703,-8.210219097286,-0.517560543651,7.692658553635,2.4755465529131,0,1,1.8567,2,3,ok,False,13.022194675890722,1.0519958828468403,1.0519958828468403,10.960320633626496,15.084068718154947,18.18,0.5,1.0,3.762483926411406e-08,6.921562207792627e-09,14.074190558737563,0.6857141294846067,2.714196543365607,0.2526398212247078,True,0.9381674016996292,6.493584032187158e-09
1804038-62-7,N#CCCC1=CC=C(C(=O)O)C(=C1)C(=O)O,187.2203026923808,199.972497,0.53208,-0.66515,190.60800000000003,6.4747565375078,-8.795808103562,-0.7074960113,8.088312092262,2.7914597035008786,0,1,1.53918,2,3,ok,False,12.29297774668117,1.1885445045481011,1.1885445045481011,9.96347332374389,14.62248216961845,18.18,0.5,1.0,3.854326177915929e-08,8.01662780458329e-09,13.481522251229272,1.3288435221877495,2.714196543365607,0.48959001345568803,True,0.7868651585435146,6.308005108437778e-09
344309-11-1,O=C(O)C1=CC(Br)=CC(F)=C1C(=O)O,183.63818122920912,171.13244233333333,0.53826,-0.64418,163.84000000000003,1.7479114680097505,-8.7732226539705,-0.9793377479495,7.793884906021,3.0508672998115776,1,1,1.9846000000000004,2,2,ok,False,13.03133529097011,1.047881782684147,1.047881782684147,10.977524736853555,15.085145845086666,18.18,0.5,1.0,3.512014594179994e-08,6.422352725162359e-09,14.079217073654258,0.887568517458079,2.714196543365607,0.3270096705515264,True,0.8985837873461342,5.771022035449159e-09
862190-14-5,O=C(O)C1=CC=C(SC2=NN=C(S2)N)C=C1C(=O)O,190.50675157956724,270.4660236666667,0.53315,-0.65964,224.56800000000004,6.7025408383686855,-8.028991272853,-0.903962211361,7.125029061492,2.799906402571964,0,1,1.6679,3,7,ok,False,12.005589783553281,1.2393084050215115,1.2393084050215115,9.57658994397334,14.434589623133222,18.18,0.5,1.0,3.6103167427582714e-08,7.81459402028152e-09,13.244898188574792,1.5285846925600903,2.714196543365607,0.563181283351221,True,0.728204649807546,5.690623701927247e-09
2865961-61-9,O=C(O)C1=CC(F)=C(Cl)C(F)=C1C(=O)O,183.3875562912281,161.17032433333335,0.5398,-0.64074,164.20000000000005,3.289808325723552,-9.090235289803,-1.061788244651,8.028447045152001,3.20932495613654,1,2,2.0146,2,2,ok,False,12.74337143785868,1.0992849168038945,1.0992849168038945,10.588812592174937,14.897930283542424,18.18,0.5,1.0,3.323775527834642e-08,6.3658801631513905e-09,13.842656354662575,1.114446795194856,2.714196543365607,0.41059915057328183,True,0.8448538184974319,5.378238163935507e-09
104825-39-0,O=C(O)C1=CC=C(C(=C1C(=O)O)N(=O)=O)CS(=O)(=O)C=2C=CC=CC2,173.54753054025412,325.865962,0.53822,-0.64005,285.4080000000001,8.383201069400638,-8.991730075922,-1.850918411101,7.140811664820999,4.11588457066838,1,1,1.9651,2,6,ok,False,10.703279409906337,1.5091426774953576,1.5091426774953576,7.74541411448309,13.661144705329583,18.18,0.5,1.0,6.264759720530931e-08,1.6789956755551674e-08,12.212422087401695,2.896768251764767,2.714196543365607,1.0672654708242943,False,0.3201212063007016,5.3748212103238165e-09
56306-44-6,O=C(O)C=1C=C2C(=CC1C(=O)O)C3C=CC2C3,186.87882450202576,225.518995,0.53061,-0.66787,196.16000000000005,2.628512046767144,-8.071985261232001,-0.680828853951,7.391156407281001,2.591331813093443,0,2,2.2237,2,2,ok,False,13.228256614270276,1.0061824609877992,1.0061824609877992,11.25617522885831,15.20033799968224,18.18,0.5,1.0,3.009340203487148e-08,5.260064885152212e-09,14.234439075258075,0.5300051611503569,2.714196543365607,0.1952714745164143,True,0.9625868830792695,5.063269462593383e-09
2519098-50-9,O=C(O)C1=CC=C(C#COCC)C=C1C(=O)O,187.3472249989905,233.93234966666668,0.53274,-0.66253,203.7680000000001,4.593318510619528,-7.779462871944499,-0.8721248908525001,6.907337981091999,2.709074430057988,0,1,1.4285,2,3,ok,False,12.931859108729363,1.060520681810397,1.060520681810397,10.853276767521123,15.010441449937602,18.18,0.5,1.0,2.9780851498999083e-08,5.484865328902376e-09,13.99237979053976,0.804213563445891,2.714196543365607,0.2962989417297928,True,0.9159504012598978,5.023864598864633e-09
209324-65-2,O=C(O)C1=CC=C(C(NC(=O)C)=C1C(=O)O)N(=O)=O,176.13414896229574,225.185437,0.53741,-0.6488,210.00000000000009,9.056427894595087,-8.7563515952395,-1.8087407642735,6.947610830966001,4.016530980244906,1,1,0.9496,3,5,ok,False,9.119232060732466,1.7895909262941954,1.7895909262941954,5.611698298136169,12.626765823328764,18.18,0.5,1.0,4.5853873908291406e-08,1.4435115478434679e-08,10.908822987026662,2.882809446581464,2.714196543365607,1.0621225841687858,False,0.3236461842502405,4.6718700438069686e-09
4371-39-5,O=C(O)C=1C=CC=CC1C=2C=CC=C(C(=O)O)C2C(=O)O,160.58904870927984,275.2905973333333,0.53513,-0.65282,237.72000000000008,5.099527635967865,-8.595532309594,-0.6985162542335,7.897016055360501,2.734556258377798,1,0,2.4482,3,3,ok,False,-0.39931610133609396,3.580815435589924,3.580815435589924,-7.41758539037745,6.618953187705262,18.18,0.5,1.0,4.959426684668599e-08,3.13136045454091e-08,3.18149933425383,3.835609385570401,2.714196543365607,1.4131656732619078,False,0.13573684647347184,4.250409932711205e-09
515878-62-3,O=C(O)C1=CC=C(OCC=C(C)C)C=C1C(=O)O,188.50376347018693,245.82779566666667,0.53237,-0.66273,224.99200000000005,4.337996645918483,-8.131306080641,-0.488716475498,7.642589605143,2.430615560540583,0,1,2.428,2,3,ok,False,13.072649881798466,1.028234000014892,1.028234000014892,11.057348274089719,15.087951489507212,18.18,0.5,1.0,2.4710733354206712e-08,4.38850805461355e-09,14.100883881813358,0.5532978099408549,2.714196543365607,0.20385325863497156,True,0.959295468375485,4.209875889720094e-09
1804039-27-7,O=C(O)C1=CC=CC(=C1C(=O)O)CC(=O)CCl,164.62286853423018,213.08461133333333,0.53371,-0.6559,207.5600000000001,6.804796068950193,-8.791726395804499,-0.6533453550505001,8.138381040753998,2.740390869267229,1,0,1.4334,2,3,ok,False,3.390582154691943,2.8450550880529293,2.8450550880529293,-2.1856233519242307,8.966787661308118,18.18,0.5,1.0,3.8497535012991426e-08,1.916620037638212e-08,6.235637242744872,3.34787109857407,2.714196543365607,1.233466716608041,False,0.21839713769709043,4.185843302730752e-09
692256-96-5,O=C(O)C1=CC(Cl)=C(C=C1C(=O)O)S(=O)(=O)O,186.42052608407607,204.217757,0.53863,-0.6444,196.8400000000001,8.104322625611594,-9.22465953195,-1.2677784294795,7.956881102470501,3.458995206685477,0,2,0.9831,3,4,ok,False,11.724107480601253,1.282952664759033,1.282952664759033,9.209566463803858,14.238648497398648,18.18,0.5,1.0,2.9503541331772227e-08,6.571659713432156e-09,13.007060145360287,1.8347994675813155,2.714196543365607,0.6760009594980038,True,0.6331947151658268,4.161140200413413e-09
7717-76-2,O=C(O)C1=CC=C(OC2=CC=C(C(=O)O)C(=C2)C(=O)O)C=C1C(=O)O,190.7913684305582,310.066145,0.53315,-0.66018,275.12800000000004,1.2404259308801957,-8.2447775562995,-0.8147088683970001,7.4300686879025,2.761559069194475,0,1,2.2717,4,5,ok,False,11.96143038306221,1.2370801544897296,1.2370801544897296,9.536797834273093,14.386062931851326,18.18,0.5,1.0,2.8021179664344707e-08,6.0092132082474866e-09,13.19851053755194,1.6743703818343518,2.714196543365607,0.6168935650320041,True,0.6834801461445587,4.1071779217868045e-09
138518-30-6,O=C(O)C1=CC=C(OCC=C)C=C1C(=O)O,187.9875026216913,209.9275463333333,0.53238,-0.6623,191.92800000000005,3.586779726997464,-8.1756606382725,-0.5017779403220001,7.6738826979505,2.453058746434524,0,1,1.6478,2,3,ok,False,13.145277241240208,1.0129807463312743,1.0129807463312743,11.159871461398406,15.13068302108201,18.18,0.5,1.0,2.3302616975215062e-08,4.0701009888272435e-09,14.158257987571483,0.4700465082989644,2.714196543365607,0.17318071878321167,True,0.9704537228252376,3.949844656882079e-09
2618027-83-9,O=C(O)C1=CC=C(C#CC=2C=CC=C(O)C2)C=C1C(=O)O,186.60432429078995,319.41801133333337,0.53303,-0.66182,241.1920000000001,0.3894736704836413,-7.6363309865815,-1.17553183416,6.4607991524215,3.004617716001263,0,1,2.1884,3,3,ok,False,12.223501017197618,1.181516178529604,1.181516178529604,9.907771860128197,14.53923017426704,18.18,0.5,1.0,2.319917463677152e-08,4.725584050692763e-09,13.405017195727222,1.2832829356409559,2.714196543365607,0.4728039827394679,True,0.7996800201849202,3.778955149043526e-09
1804397-98-5,O=C(O)C1=CC=CC(=C1C(=O)O)C(Cl)C(=O)C,165.60398237039664,216.12976433333336,0.53639,-0.65041,207.13600000000005,4.165891718467968,-8.8788028279645,-0.7692658553635,8.109536972601001,2.869622200155003,1,0,1.9519,2,3,ok,False,4.664568835481631,2.572264975338743,2.572264975338743,-0.37697787487611656,9.706115545839378,18.18,0.5,1.0,2.5373483074148295e-08,1.1281574718936444e-08,7.236833810820373,2.886748762161031,2.714196543365607,1.0635739586424566,False,0.3226492156703915,3.639991234591761e-09
706807-33-2,O=C(O)C=1C(OC)=C(C(=O)O)C(C(=O)O)=C(C(=O)O)C1OC,158.53176069041172,245.07303766666664,0.53598,-0.64281,245.7040000000001,3.1805423279686127,-8.924790068699,-0.7572928459415,8.1674972227575,2.869383576426983,2,2,0.4965999999999997,4,6,ok,False,-1.7894832774906995,3.890563093601012,3.890563093601012,-9.41484682052942,5.8358802655480195,18.18,0.5,1.0,7.15138454041159e-08,4.9612402663761286e-08,2.1010798161103126,4.41682365903611,2.714196543365607,1.6273042826733701,False,0.07078421689066475,3.511775070618672e-09
119401-50-2,O=C(O)C1=CC=C(C=C1C(=O)O)S(=O)(=O)C=2C=CC=C(C(=O)O)C2C(=O)O,188.76111672774772,333.542912,0.53606,-0.65065,300.1840000000001,7.267784882617261,-9.2711910003855,-1.189681754386,8.081509245999502,3.3851925259409468,0,1,1.3122,4,6,ok,False,12.548432292055619,1.1218850976056227,1.1218850976056227,10.349577905956394,14.747286678154843,18.18,0.5,1.0,2.3091244826459175e-08,4.465605109305769e-09,13.67031738966124,1.4106975609281103,2.714196543365607,0.5197477553260913,True,0.7632743619554309,3.4084818905502725e-09
1784432-89-8,O=C(O)C1=CC=2ON=CC2C=C1C(=O)O,185.09294923978237,177.794619,0.53373,-0.65706,161.33600000000004,3.4178597776971484,-8.826284854817999,-0.8764787124605001,7.949806142357499,2.960563413644099,0,2,1.2242,2,4,ok,False,12.848445721668586,1.0607316328770005,1.0607316328770005,10.769449923967302,14.92744151936987,18.18,0.5,1.0,1.9241927064767634e-08,3.499898282387112e-09,13.909177354545587,0.9243609221215132,2.714196543365607,0.34056521233915676,True,0.8904888798587877,3.1166205011025942e-09
1391133-39-3,O=C(O)C1=CC=C(C=C1C(=O)O)C(N)CC,188.39836680518937,214.55528666666663,0.53164,-0.6672,201.50400000000005,0.49211882711394,-8.320969434439501,-0.635657954768,7.685311479671501,2.6095615773445178,0,1,1.4928,3,3,ok,False,11.978164902153116,1.2190724694285626,1.2190724694285626,9.588826767528827,14.367503036777405,18.18,0.5,1.0,1.9262081208084102e-08,4.026679942581851e-09,13.197237371581679,1.3740310496362147,2.714196543365607,0.5062385968307271,True,0.7739271611043039,3.1163569766380133e-09
114202-92-5,O=C(O)C1=CC(C=2C=CC=CC2)=C(C=C1C(=O)O)C=3C=CC=CC3,185.5280394253484,360.70674966666667,0.53172,-0.6661,281.4800000000001,1.8454311935154883,-7.863546051749,-0.8536211490185001,7.0099249027305,2.710050573314185,0,2,4.4170000000000025,2,2,ok,False,13.096811804068247,1.0147383394256542,1.0147383394256542,11.107961205061985,15.08566240307451,18.18,0.5,1.0,1.8765078701316292e-08,3.2628224447479603e-09,14.1115501434939,0.6819273503811925,2.714196543365607,0.25124464624643644,True,0.9388271718354317,3.0632263680038967e-09
2080747-16-4,O=C(O)C1=CC=C(Cl)C(=C1C(=O)O)N(=O)=O,172.54636497420435,188.46528666666669,0.53886,-0.63683,178.19200000000004,5.6889968825795645,-9.2238431903985,-1.853095321905,7.370747868493499,4.161672906009696,1,1,1.6446,2,4,ok,False,11.419365277707174,1.3355383934352103,1.3355383934352103,8.801758126603676,14.036972428810671,18.18,0.5,1.0,2.7170923947533404e-08,6.284958270505702e-09,12.754903671142383,2.366400321131063,2.714196543365607,0.8718603400020265,True,0.46760074671841234,2.9388511803825275e-09
671215-11-5,O=C(O)C1=CC=2C=C(CC2C=C1C(=O)O)S(=O)(=O)S,186.62293660288248,273.681411,0.53243,-0.66409,226.12800000000004,6.488759661137096,-8.410494891254,-1.382882588241,7.027612303013001,3.411907142869831,0,2,1.2396,3,4,ok,False,12.080498913231613,1.2012735571115292,1.2012735571115292,9.726046005712696,14.43495182075053,18.18,0.5,1.0,1.967395485895734e-08,4.05519439284068e-09,13.281772470343142,1.5854226127713242,2.714196543365607,0.584122257707026,True,0.7109175552509847,2.8829088838257975e-09
62155-83-3,O=C(O)C1=CC=C(C=C1C(=O)O)S(=O)(=O)OC2=CC=CC(=C2)C,183.8983644234304,300.58441366666665,0.53697,-0.64946,270.2080000000001,9.101251374399018,-8.4232842422275,-1.1621982554855,7.261085986742,3.1634894174827437,0,1,2.1591200000000006,2,5,ok,False,10.584940235477234,1.4789126538980706,1.4789126538980706,7.686324697556465,13.483555773398002,18.18,0.5,1.0,2.2042168177536518e-08,5.6117335087190365e-09,12.063852889375305,2.299801671856385,2.714196543365607,0.847323189427037,True,0.487747908599847,2.7371112824973912e-09
89-08-7,O=C(O)C1=CC=C(C=C1C(=O)O)S(=O)(=O)O,187.00570715352623,186.43785666666668,0.53725,-0.64986,181.72800000000004,7.500861459859127,-9.4366362214895,-1.1360753258375,8.300560895652001,3.3667071077550745,0,1,0.3297,3,4,ok,False,11.826686276893634,1.2452083304635269,1.2452083304635269,9.386122795935872,14.267249757851395,18.18,0.5,1.0,1.8589971511942065e-08,3.96545600969986e-09,13.07189460735716,1.7105160285016017,2.714196543365607,0.6302108197295689,True,0.6722226443706867,2.665669324976071e-09
22803-05-0,O=C(O)C1=CC=C(C=C1C(=O)O)C=2C=CC(C(=O)O)=C(C2)C(=O)O,189.31960836536464,313.2182956666667,0.53254,-0.6636,265.83200000000005,4.30511465700973,-8.358249031958,-1.2304988319610002,7.127750199996999,3.2248634919139665,0,1,2.1464,4,4,ok,False,12.571435285325556,1.1061528720653824,1.1061528720653824,10.403415494681864,14.739455075969248,18.18,0.5,1.0,1.672464585966224e-08,3.159612274318494e-09,13.67758815739094,1.1266834329499908,2.714196543365607,0.41510753364710357,True,0.8417146105860541,2.659491815080908e-09
7717-74-0,O=C(O)C1=CC=C(OC2=CC=C(C(=O)O)C(=C2)C(=O)O)C=C1,189.6605479692716,285.83664666666664,0.53274,-0.66014,247.00800000000007,2.646561678858061,-8.1430069762125,-0.7611024398485,7.381904536364001,2.6850511308643106,0,1,2.5735,3,4,ok,False,12.33445467398478,1.1493190188389577,1.1493190188389577,10.08183079031351,14.58707855765605,18.18,0.5,1.0,1.6840854694374202e-08,3.306374375867492e-09,13.483773692823737,1.2911273597581734,2.714196543365607,0.47569412867838007,True,0.7974908609129491,2.636803347511081e-09
2581670-73-5,O=C(O)C1=CC=C(C#CCC(N)CC)C=C1C(=O)O,188.45115855122955,271.106365,0.53274,-0.66279,240.52000000000007,1.966318583037856,-8.0940264831225,-0.946411972039,7.1476145110835,2.8586295236973243,0,1,1.5619,3,3,ok,False,12.364850630582998,1.143281374862774,1.143281374862774,10.124060311656525,14.605640949509471,18.18,0.5,1.0,1.65962031146626e-08,3.239875485122415e-09,13.508132005445772,1.2491356521911345,2.714196543365607,0.4602229913100563,True,0.8091222978394045,2.621455497235804e-09
1780976-68-2,O=C(O)C1=CC=2N=C(OC2C=C1C(=O)O)CC,186.4924522062984,213.80247066666664,0.53247,-0.66662,194.32000000000005,2.799753065897062,-8.491040591002,-0.645454053386,7.845586537615999,2.659951999340763,0,2,1.7866,2,4,ok,False,13.102814058494943,1.0079098195473286,1.0079098195473286,11.127347112517914,15.078281004471972,18.18,0.5,1.0,1.570252708456454e-08,2.6982049062536934e-09,14.110723878042272,0.5671925290492654,2.714196543365607,0.20897253385561607,True,0.9572702639704527,2.5829113228558438e-09
744958-76-7,O=C(O)C=1C=CC=C(NC=2C=CC=CC2)C1C(=O)O,161.87212181579343,269.61457966666666,0.53286,-0.6555,222.46400000000008,2.7395262619657434,-7.144077031027,-0.568173719844,6.575903311183,2.261241111284303,1,0,2.826600000000001,3,3,ok,False,-1.1336268726016314,3.643338567994919,3.643338567994919,-8.274439249357407,6.007185504154145,18.18,0.5,1.0,2.6893240173169168e-08,1.6964998678641725e-08,2.5097116953932876,3.7253882081067244,2.714196543365607,1.3725565369290607,False,0.15199442338481373,2.578585191884276e-09
2408642-17-9,O=C(O)C1=CC=C(Br)C(F)=C1C(=O)O,183.79460686040056,172.52943266666668,0.53774,-0.64285,163.58400000000003,2.414856281437883,-8.8164887562,-0.973623357089,7.842865399111,3.0552065575941265,1,1,1.9846000000000004,2,2,ok,False,12.851374833171958,1.0534980867264627,1.0534980867264627,10.786556525406237,14.91619314093768,18.18,0.5,1.0,1.577236564511889e-08,2.8331459535850924e-09,13.90487291989842,0.9427410536213998,2.714196543365607,0.347337062205672,True,0.8863502993564996,2.511159764080802e-09
346712-17-2,O=C(O)C1=CC=2N=C(SC2C=C1C(=O)O)C,185.74865198851012,223.0035806666667,0.53243,-0.66561,186.52000000000004,2.935262313661251,-8.4385226178555,-0.8144367545465,7.624085863309001,2.8074597624666078,0,2,2.00112,2,4,ok,False,12.99874352757518,1.0242797334337181,1.0242797334337181,10.991192139950805,15.006294915199554,18.18,0.5,1.0,1.4565000439257185e-08,2.537982185780008e-09,14.023023261008898,0.7180241387821739,2.714196543365607,0.26454389993873584,True,0.9324092278459822,2.366438010129995e-09
4961-06-2,O=C(O)C1=CC(O)=C(C(=O)O)C(C(=O)O)=C1C(=O)O,164.84956805848188,210.820223,0.54239,-0.64433,201.23200000000008,5.691484496157395,-8.5773006816105,-1.3646509602575,7.212649721353,3.426008688478922,2,1,0.1849999999999999,5,5,ok,False,0.6080996447037936,3.361463864590264,3.361463864590264,-5.980248465225949,7.196447754633536,18.18,0.5,1.0,3.803724834430368e-08,2.2366298631806454e-08,3.9695635092940575,4.099630075711834,2.714196543365607,1.5104396495282126,False,0.10213825575946311,2.2844547300479774e-09
607735-04-6,O=C(O)C1=CC=C(OCC2=CC=C(F)C=C2)C=C1C(=O)O,187.38021278643376,271.277649,0.5327,-0.66215,241.04000000000005,3.204638255716236,-8.180286573731,-0.5591939627775,7.621092610953499,2.5054977004949066,0,1,2.801100000000001,2,3,ok,False,13.080852837465393,1.0071700718243428,1.0071700718243428,11.106835770383062,15.054869904547724,18.18,0.5,1.0,1.354397260179896e-08,2.31589451976335e-09,14.088022909289736,0.45551687442506966,2.714196543365607,0.16782751991137243,True,0.9722268894125441,2.2515749251570794e-09
2617119-31-8,O=C(O)C1=CC=C(C#CCCC(O)CC)C=C1C(=O)O,188.3466939689546,279.52161466666666,0.53257,-0.66287,253.94400000000007,1.9099006623382275,-8.1533473025315,-0.937704328823,7.2156429737085,2.863473846512826,0,1,1.9856,3,3,ok,False,12.333628482765326,1.1432295492468365,1.1432295492468365,10.092939740179567,14.574317225351084,18.18,0.5,1.0,1.418039433783431e-08,2.7558353679813395e-09,13.476858032012162,1.2399313165156274,2.714196543365607,0.4568318088630793,True,0.8116425041515609,2.2367531190978127e-09
2589350-65-0,O=C(O)C1=CC=C(C#CCC(=O)O)C=C1C(=O)O,187.6330400401284,229.110176,0.53306,-0.66255,206.08800000000005,1.3688571510570413,-8.303282034157,-0.9646436000225,7.3386384341345,2.926102925345022,0,1,0.9092,3,3,ok,False,12.275655078860458,1.1510821631539272,1.1510821631539272,10.019575495832303,14.531734661888613,18.18,0.5,1.0,1.3201148495747833e-08,2.5779529279924056e-09,13.426737242014385,1.1878935787048572,2.714196543365607,0.43765938086114714,True,0.8256818627929027,2.128568975777187e-09
67193-42-4,O=C(O)C1=CC(OC)=C(C=C1C(=O)O)S(=O)(=O)C(F)(F)F,185.15793895092096,227.9912653333333,0.53791,-0.64736,230.83200000000005,8.857897279828887,-8.6747174400895,-0.944235061235,7.7304823788545,2.9921886723337656,0,2,1.3851,2,5,ok,False,10.80178145064486,1.4262971441346355,1.4262971441346355,8.00629041688864,13.59727248440108,18.18,0.5,1.0,1.661121888648027e-08,4.045657711783896e-09,12.228078594779495,2.1808243350828675,2.714196543365607,0.8034879936803113,True,0.5243515325269641,2.1213468212534167e-09
165730-64-3,O=C(O)C=1C=C(F)C=C(F)C1C(=O)O,183.36066662462775,143.99890660000003,0.53777,-0.64651,148.90400000000002,1.6192773758686312,-8.977035927995,-0.904506439062,8.072529488933,3.0239864619202788,1,1,1.3612000000000002,2,2,ok,False,12.866599877844669,1.0447044988290977,1.0447044988290977,10.81901668565267,14.914183070036668,18.18,0.5,1.0,1.3135019301294262e-08,2.32766176574757e-09,13.911304376673767,0.8632158965409829,2.714196543365607,0.3180373575564996,True,0.9037994768838177,2.103739486245117e-09
94617-43-3,O=C(O)C1=CC=CC(=C1C(=O)O)S(=O)(=O)N,161.45698664886476,192.235111,0.53695,-0.65502,184.14400000000003,5.165218111561215,-9.3462944231235,-0.8416481395965,8.504646283526998,3.051102015327933,1,0,-0.2695999999999997,3,4,ok,False,0.7735000252344513,3.274109510135934,3.274109510135934,-5.6436366960720585,7.190636746540961,18.18,0.5,1.0,2.2613689071283414e-08,1.2755173193166475e-08,4.047609535370386,3.6440179225794522,2.714196543365607,1.3425770257819523,False,0.16488400205589954,2.1031240030054157e-09
87998-51-4,O=C(O)C1=C(OC)C2=C(OC)C=3C(OC)=C(C(=O)O)C(C(=O)O)=C(OC)C3C(OC)=C2C(OC)=C1C(=O)O,160.3799067614314,528.846942,0.53264,-0.64936,433.9680000000001,4.1558599278609,-7.008020105777,-1.520027968893,5.487992136884,3.3130333530860505,2,2,2.8374000000000006,4,10,ok,False,-0.0952272518496109,3.4748505642829906,3.4748505642829906,-6.905809209502956,6.715354705803734,18.18,0.5,1.0,3.273568195897313e-08,1.9809728355256665e-08,3.3796233124333797,4.113062095993315,2.714196543365607,1.5153884511595144,False,0.10062020888847711,1.993259005129914e-09
5680-10-4,O=C(O)C=1C=C(C(=CC1C(=O)O)C)C,186.6203740777804,186.930024,0.53042,-0.67232,172.17600000000004,2.7613085412535847,-8.454305221184502,-0.593752421791,7.860552799393502,2.6037401312578186,0,2,1.69984,2,2,ok,False,13.062486006434098,1.0057867361680388,1.0057867361680388,11.091180227416652,15.033791785451543,18.18,0.5,1.0,1.1671977285670151e-08,1.9847718621803223e-09,14.068272742602137,0.5301128684029142,2.714196543365607,0.1953111574394585,True,0.9625719636174942,1.9104857487116633e-09
2865961-60-8,O=C(O)C1=CC=C(Cl)C(F)=C1C(=O)O,183.74717634378715,162.311311,0.53801,-0.64273,159.11200000000005,2.4802209841060536,-8.915538197782,-0.948588882843,7.966949314939001,3.053270430636111,1,1,1.8755,2,2,ok,False,12.79509730411401,1.0540958835569887,1.0540958835569887,10.729107336090387,14.861087272137635,18.18,0.5,1.0,1.1827632873858792e-08,2.1086222162794616e-09,13.849193187670998,0.9421545870616607,2.714196543365607,0.3471209884798497,True,0.8864833098661636,1.8692584015447425e-09
13629-83-9,O=C(O)C=1C=CC=C(C1)C=2C=CC(C(=O)O)=C(C2)C(=O)O,189.4202735763778,284.96476133333334,0.53234,-0.66411,238.44000000000003,4.211437031465626,-8.187361533844,-0.928452457906,7.258909075937999,2.8619336550047323,0,1,2.4482,3,3,ok,False,12.29126374246079,1.145196003568521,1.145196003568521,10.046720820227286,14.535806664694295,18.18,0.5,1.0,1.2114233383655728e-08,2.34794043199613e-09,13.43645974602931,1.3945076145286168,2.714196543365607,0.5137828422695674,True,0.7679944219009893,1.803205154728827e-09
937635-61-5,O=C(O)C=1C=C2C=C(Cl)C(Cl)=CC2=CC1C(=O)O,184.7847841786423,264.577085,0.53245,-0.66639,213.3520000000001,1.988708774556999,-8.0151134664775,-0.948588882843,7.0665245836345,2.842555730765206,0,2,3.543000000000001,2,2,ok,False,12.968114855866657,1.021675773983583,1.021675773983583,10.96566713498175,14.970562576751565,18.18,0.5,1.0,1.1307648623027327e-08,1.951469509946388e-09,13.98979062985024,0.8029614056773525,2.714196543365607,0.29583760529061737,True,0.9162006494260692,1.7879376323480536e-09
250207-95-5,O=C(O)C=1C=C(C=C(C1C(=O)O)N(=O)=O)C(C)(C)C,174.16115636372905,245.306361,0.53768,-0.64896,228.38400000000004,5.531707335895492,-9.0045194268955,-1.846564589493,7.1579548374025,4.112418526150202,1,1,2.2887000000000004,2,4,ok,False,11.676756437048777,1.2655551886373348,1.2655551886373348,9.196313846871806,14.157199027225747,18.18,0.5,1.0,1.56743702690219e-08,3.381682173755463e-09,12.942311625686111,2.18530536937124,2.714196543365607,0.8051389552878357,True,0.5229608170501623,1.768487272591126e-09
1344425-17-7,O=C(O)C1=CC=C(C=C1C(=O)O)C(N)CC,188.45094855432183,214.477695,0.53151,-0.66681,201.48000000000005,0.8787238815464161,-8.3285886222535,-0.6639577952200001,7.6646308270335,2.6376316386041,0,1,1.4928,3,3,ok,False,11.97547629917886,1.1938604744217305,1.1938604744217305,9.635552766746365,14.315399831611355,18.18,0.5,1.0,9.780750676153514e-09,1.9645110761195995e-09,13.169336773600591,1.3205101951129872,2.714196543365607,0.4865197394568755,True,0.7892268711015561,1.5504449298502223e-09
58848-24-1,O=C(O)C=1C=C2C(=CC1C(=O)O)C(C)(C)CCC2(C)C,186.89315860290924,286.355829,0.53022,-0.6727,261.0160000000001,2.877500071242397,-8.433896682397,-0.5232749345115,7.9106217478855,2.5355441687057296,0,2,3.432000000000002,2,2,ok,False,13.01543337618617,1.0062094588022465,1.0062094588022465,11.043299076030227,14.987567676342113,18.18,0.5,1.0,9.03088845122025e-09,1.5254306012481928e-09,14.021642834988416,0.4737883945301551,2.714196543365607,0.17455935373886258,True,0.9699885923888495,1.4796502816916108e-09
1344446-34-9,O=C(O)C1=CC=C(C=C1C(=O)O)CC(N)C,189.32136268467133,214.95737466666665,0.53169,-0.66682,201.67200000000005,1.944509858550478,-8.3030099203065,-0.654705924303,7.6483039960035,2.622825700792509,0,1,0.9727,3,3,ok,False,12.145705941526176,1.1628963228622027,1.1628963228622027,9.866471030962195,14.424940852090156,18.18,0.5,1.0,9.604266841587988e-09,1.878086252917387e-09,13.308602264388378,1.342051582499345,2.714196543365607,0.4944563008083414,True,0.7831061425165379,1.470740880835474e-09
143092-15-3,O=C(O)C=1C=C2C(=CC1C(=O)O)CCOC2,185.6629968689596,202.305916,0.53113,-0.66982,187.35200000000003,1.9020111172125151,-8.5800218201155,-0.5902149417345001,7.989806878381,2.6312664232200205,0,2,1.1557,2,3,ok,False,12.963673544670256,1.0155357909553104,1.0155357909553104,10.97325996938645,14.95408711995406,18.18,0.5,1.0,9.069313479146392e-09,1.5463007469883464e-09,13.979209335625566,0.6265024088799626,2.714196543365607,0.23082426009691207,True,0.9481146558515477,1.4660704005738473e-09
2474496-05-2,O=C(O)C1=CC=C(C#CC(O)C(C)C)C=C1C(=O)O,188.34193256809004,263.5504643333333,0.53299,-0.66122,236.76000000000005,2.7814451028197555,-8.263553411984,-0.9842357972585,7.2793176147255005,2.9371436233795603,0,1,1.4514,3,3,ok,False,12.323093395349039,1.1308100806756707,1.1308100806756707,10.106746363869892,14.539440426828186,18.18,0.5,1.0,9.462527386642333e-09,1.7985767249152136e-09,13.45390347602471,1.3054415705927576,2.714196543365607,0.4809679585598501,True,0.7934774346523609,1.4271300457111686e-09
1780827-63-5,O=C(O)C1=CC=2N=C(SC2C=C1C(=O)O)C(C)C,185.76123753930375,257.96909066666666,0.53243,-0.666,220.01600000000005,3.0830141387933985,-8.416481395965,-0.8019195174235,7.6145618785415,2.7900132914882447,0,2,2.8161000000000014,2,4,ok,False,12.901943852029492,1.0243272313184315,1.0243272313184315,10.894299370261738,14.909588333797245,18.18,0.5,1.0,8.461601508286193e-09,1.452406657207506e-09,13.926271083347924,0.7192437601286397,2.714196543365607,0.26499324888122383,True,0.9321873903005946,1.3539151714374753e-09
10210-28-3,O=C(O)C=1C=C2C=C3C=CC=CC3=CC2=CC1C(=O)O,184.74518753493743,333.67565866666666,0.53101,-0.67405,226.4000000000001,3.391101422841847,-7.083667756216,-1.2405670444295,5.8431007117865,2.964730903769228,0,2,3.389400000000002,2,2,ok,False,12.690518130426993,1.0600789616290232,1.0600789616290232,10.612801544865489,14.768234715988497,18.18,0.5,1.0,8.020818744197237e-09,1.4227145922893174e-09,13.750597092056015,0.9342203010000751,2.714196543365607,0.3441977344211193,True,0.8882766156556028,1.2637641030825955e-09
99807-59-7,O=C(O)C=1C=C(C(=O)O)C(=CC1Cl)C(=O)O,185.7889923986136,191.11426733333332,0.53578,-0.65062,182.39200000000005,2.8873728283683766,-8.9974444667825,-1.197845169901,7.7995992968815,3.331707399937382,0,2,1.4346,3,3,ok,False,12.277565064231869,1.1337369336117782,1.1337369336117782,10.055481506409905,14.499648622053833,18.18,0.5,1.0,8.154282415162833e-09,1.54758649060801e-09,13.411301997843648,1.3189902274952376,2.714196543365607,0.48595973298959705,True,0.7896567970038151,1.2220621912598958e-09
328265-76-5,O=C(O)C1=CC=C(C=C1C(=O)O)C(=O)C2=CC=C(C=C2)NC(=O)C=CC=3C=CC=CC3,186.73813277659036,480.4549083333333,0.53437,-0.65778,359.6720000000001,10.949694192533414,-7.724767987994,-1.3902296622045,6.3345383257895005,3.2789754315982123,0,1,3.965900000000002,3,4,ok,False,10.37214568379062,1.4911057760047852,1.4911057760047852,7.449632065681592,13.29465930189965,18.18,0.5,1.0,1.2620065233709694e-08,3.188442320165686e-09,11.863251459795405,2.670179359942918,2.714196543365607,0.9837826101686404,True,0.3799072161620293,1.2113122457473476e-09
859322-15-9,O=C(O)C=1C=C(C(C(=O)O)=C(C(=O)O)C1OC)C,162.6853900910657,215.5701273333333,0.53402,-0.64857,208.8640000000001,1.476836920583989,-8.569409379946,-1.0258692163849998,7.543540163561,3.051265365628595,2,1,1.09822,3,4,ok,False,1.5695867685000593,3.052419682366079,3.052419682366079,-4.413045874638647,7.552219411638766,18.18,0.5,1.0,1.0381264073649045e-08,5.339977231928569e-09,4.622006450866138,3.389475064930495,2.714196543365607,1.2487949972582095,False,0.2102434896994435,1.122695448156237e-09
138455-20-6,O=C(O)C1=CC=C(C=C1C(=O)O)C(=O)C2=CC=C(OC3=CC=C(N)C=C3)C=C2,188.98150885551772,399.56251,0.53337,-0.65904,322.21600000000007,7.177771797709928,-7.2216294784195005,-1.258254444712,5.9633750337075,3.014586158984109,0,1,3.688500000000001,3,5,ok,False,11.688277237373754,1.2333725740083064,1.2333725740083064,9.27091141279801,14.105643061949497,18.18,0.5,1.0,7.1907249744854375e-09,1.4795666776894597e-09,12.92164981138206,1.5923266183105063,2.714196543365607,0.5866659222607437,True,0.7088035265362979,1.048722078891883e-09
67389-70-2,O=C(O)C1=CC=C(C=C1C(=O)O)N(CC=C)CC=C,188.98919231704767,284.42766,0.53103,-0.66518,239.71200000000005,6.406173819839733,-7.13482516011,-0.373340202886,6.761484957224,2.084325687135641,0,1,2.2614,2,3,ok,False,11.946801759283987,1.1829054387960138,1.1829054387960138,9.62834970212725,14.265253816440724,18.18,0.5,1.0,6.274869329520246e-09,1.2337295903609135e-09,13.129707198080002,1.2218245563086483,2.714196543365607,0.45016067804492316,True,0.8165683688267174,1.0074245591742654e-09
425420-61-7,O=C(O)C1=CC=2C=CC=CC2C(C=3C=CC(=CC3)C=4C=CC=CC4)=C1C(=O)O,166.6444767379747,441.483471,0.53426,-0.65761,325.41600000000005,3.060336193949939,-7.646399199050001,-0.8264097639685001,6.819989435081501,2.631547028303745,1,2,5.570200000000004,2,2,ok,False,4.413846711028567,2.509341787228991,2.509341787228991,-0.5043728168416264,9.332066238898761,18.18,0.5,1.0,6.53232243086253e-09,2.727497759781458e-09,6.9231884982575576,2.782004177578351,2.714196543365607,1.0249825807119561,False,0.349731594776388,9.538921412773949e-10
2613587-61-2,O=C(O)C1=CC=C(C#CCC(N)C)C=C1C(=O)O,188.50774146526845,255.576693,0.5329,-0.66253,223.43200000000004,2.433793294427446,-8.027902817451,-0.953486932152,7.0744158852990005,2.8506014893010674,0,1,1.1718000000000002,3,3,ok,False,12.227112729080098,1.1338760712054632,1.1338760712054632,10.004756466585615,14.44946899157458,18.18,0.5,1.0,6.314922710087581e-09,1.1903466997321216e-09,13.360988800285561,1.2879603285610066,2.714196543365607,0.47452728937747973,True,0.7983755738214158,9.50343729445061e-10
2645887-49-4,O=C(O)C1=CC=C(C#CCO)C=C1C(=O)O,187.6006998979002,211.86522666666667,0.53307,-0.66151,186.90400000000005,2.1949385822842515,-8.3645076505195,-1.01226352386,7.3522441266595,2.9896938996441684,0,1,0.4268,3,3,ok,False,12.232537724175536,1.1322634536483804,1.1322634536483804,10.013342134013774,14.451733314337298,18.18,0.5,1.0,6.193490481273587e-09,1.1651861417066241e-09,13.364801177823917,1.2367523992001384,2.714196543365607,0.4556605903220862,True,0.8125103929209965,9.46725849824149e-10
100047-06-1,O=C(O)C=1C=C2SC=CC2=C(C=3C=CC(=CC3)C)C1C(=O)O,166.20563812357506,335.6893136666667,0.53436,-0.65579,261.6000000000001,3.96759727164943,-7.701910424552,-0.7850484586925001,6.916861965859501,2.6033652052550527,1,2,4.273120000000003,2,3,ok,False,3.966767700357747,2.583264582464238,2.583264582464238,-1.0963378438100602,9.029873244525554,18.18,0.5,1.0,6.147071985764996e-09,2.6379189948205896e-09,6.550032282821984,2.8619430116924978,2.714196543365607,1.0544346976964627,False,0.32895558684999837,8.677581910039648e-10
1784874-74-3,O=C(O)C1=CC=2N=COC2C=C1C(=O)O,184.93403223785265,176.962029,0.53272,-0.66428,160.88800000000003,1.860306141472419,-8.7013845974385,-0.6873595863630001,8.0140250110755,2.749820384483576,0,2,1.2242,2,4,ok,False,12.869048853960807,1.0168791860949256,1.0168791860949256,10.87600227258635,14.862095435335265,18.18,0.5,1.0,5.501510330333226e-09,9.265749330256334e-10,13.885928040055733,0.743326903184524,2.714196543365607,0.27386627729722096,True,0.9277409463182111,8.596215051999343e-10
263745-24-0,O=C(O)C1=CC(F)=C(F)C(F)=C1C(=O)O,183.8414221919976,143.11948470000002,0.53873,-0.64028,154.16800000000003,3.542658244877708,-9.207788473219,-0.9036900975105,8.3040983757085,3.0780583954004124,1,2,1.5003000000000002,2,2,ok,False,12.48099432568018,1.0844225473428282,1.0844225473428282,10.355565188865056,14.606423462495306,18.18,0.5,1.0,5.439850001363116e-09,9.767503789116483e-10,13.56541687302301,1.0423941660129532,2.714196543365607,0.3840525729652515,True,0.8628655629234333,8.428042655352761e-10
25809-28-3,O=C(O)C1=CC=CC(=C1C(=O)O)CCC,166.4467269185733,199.20712766666668,0.53492,-0.65973,188.7680000000001,3.4986215699901013,-8.572674746152,-0.613344619027,7.959330127125,2.6504413823052366,1,0,2.0355,2,2,ok,False,4.2903492358535065,2.5221853635677127,2.5221853635677127,-0.6530432390732726,9.233741710780286,18.18,0.5,1.0,5.809261916637435e-09,2.4303094121076927e-09,6.81253459942122,2.800842161664404,2.714196543365607,1.0319231186520326,False,0.3447742848729872,8.379081895795198e-10
2707039-96-9,O=CC(C1=CC=C(C(=O)O)C(=C1)C(=O)O)C,186.7744148586536,201.208292,0.53176,-0.66639,192.5360000000001,5.328417296909092,-8.770229401615,-0.6549780381535001,8.1152513634615,2.7366538417602317,0,1,1.3854,2,3,ok,False,12.392215456326293,1.0987838743084475,1.0987838743084475,10.23863863588835,14.545792276764235,18.18,0.5,1.0,5.248565952581266e-09,9.539708617856938e-10,13.49099933063474,1.0081020495402098,2.714196543365607,0.3714182202480304,True,0.8711409459943257,8.310430789870114e-10
499793-28-1,O=C(O)C1=CC(OC2=CC=C(C(=O)O)C(=C2)C(=O)O)=CC(=C1)C(=O)O,190.2251980457164,308.0568786666667,0.5333,-0.65993,275.02400000000006,3.379372807193666,-8.399066109532999,-1.004644336046,7.394421773486999,2.989745948133502,0,1,2.2717,4,5,ok,False,12.195125264643915,1.1331616000138023,1.1331616000138023,9.974169339953079,14.41608118933475,18.18,0.5,1.0,5.238652313939191e-09,9.819099284228832e-10,13.328286864657716,1.185237358520268,2.714196543365607,0.43668074127401707,True,0.8263886712716724,8.114392410578494e-10
1344447-66-0,O=C(O)C1=CC=CC(=C1C(=O)O)C(N)(C(=O)O)C,159.1058599605497,218.040253,0.5334,-0.66356,210.74400000000009,4.61263270920198,-8.600430358903001,-0.5200095683054999,8.0804207905975,2.573579601281759,1,0,0.3414999999999999,4,4,ok,False,-2.9621968562506673,3.9131878723962354,3.9131878723962354,-10.63190415088621,4.707510438384875,18.18,0.5,1.0,1.5958724834385563e-08,1.0651529935659745e-08,0.9509910161455681,4.411941201024538,2.714196543365607,1.6255054232563886,False,0.07119961406345925,7.583848206043568e-10
328265-77-6,O=C(O)C1=CC=C(C=C1C(=O)O)C(=O)C2=CC=C(C=C2)NC(=O)C=3C=CC=CC3,186.7613383837821,421.324732,0.53427,-0.65773,332.36000000000007,10.551212508048543,-7.966405087238001,-1.340977055264,6.625428031974001,3.2687458805870957,0,1,3.566300000000002,3,4,ok,False,10.44131837475314,1.4538743112760093,1.4538743112760093,7.591777086604186,13.290859662902093,18.18,0.5,1.0,7.278342208362419e-09,1.7659154709537995e-09,11.895192686029148,2.519421982526246,2.714196543365607,0.9282385937321104,True,0.4224742051729636,7.460537349938461e-10
100047-07-2,O=C(O)C=1C=C2SC=CC2=C(C=3C=CC(OC)=CC3)C1C(=O)O,166.1048647761014,341.5523313333333,0.53434,-0.65612,270.68800000000005,4.395103403789267,-7.5492545544215,-0.7796061816825,6.769648372739001,2.561799274566597,1,2,3.9733000000000023,2,4,ok,False,3.704655587368169,2.6171676129189927,2.6171676129189927,-1.4248986754577215,8.83420985019406,18.18,0.5,1.0,5.264915453613616e-09,2.27950853011334e-09,6.321823200287161,2.9138166188362353,2.714196543365607,1.0735466545186514,False,0.31584540195525695,7.199722879540848e-10
1547162-78-6,O=C(O)C1=CC(OC(C)C)=CC(=C1C(=O)O)N(=O)=O,173.67241164766796,234.16785066666668,0.53794,-0.65033,221.01600000000005,4.7202534624742345,-8.383283506204,-1.88302784546,6.500255660744,4.053577054123195,1,1,1.7784,2,5,ok,False,11.535421135922649,1.254669628902925,1.254669628902925,9.07631385077668,13.994528421068617,18.18,0.5,1.0,6.190669401647262e-09,1.2905475444959653e-09,12.790090764825575,2.102180261963156,2.714196543365607,0.7745129095759772,True,0.5488828506154935,7.083594150777708e-10
5840-66-4,O=C(O)C1=CC=C(OCC=2C=CC=CC2)C=C1C(=O)O,187.41931679128277,274.0281346666667,0.5326,-0.66221,235.46400000000008,3.788552426719208,-8.167225108907001,-0.561098759731,7.606126349176001,2.504022220327996,0,1,2.662,2,3,ok,False,12.860437151876761,1.011469234988547,1.011469234988547,10.877993879828928,14.842880423924594,18.18,0.5,1.0,4.368814962965597e-09,7.274093159070673e-10,13.871906386865309,0.5023460478450568,2.714196543365607,0.1850809400936555,True,0.9663251044048085,7.029138831389271e-10
2620557-98-2,O=C(C#CC1=CC=C(C(=O)O)C(=C1)C(=O)O)N,186.27069790613328,224.858433,0.53382,-0.65862,192.99200000000005,6.618053494797394,-8.649410851993,-1.323017541131,7.326393310862,3.3935295252489257,0,1,-0.0801999999999997,3,3,ok,False,11.754881133776275,1.2057697391809459,1.2057697391809459,9.391615871333366,14.118146396219183,18.18,0.5,1.0,4.641961149805459e-09,9.228409026545466e-10,12.96065087295722,1.5956328556826076,2.714196543365607,0.5878840497320879,True,0.7077901298978834,6.531776823649415e-10
65616-07-1,O=C(O)C1=C(Cl)C(Cl)=C(Cl)C(=C1C(=O)O)C,166.5893232091739,211.713,0.53604,-0.63595,200.44800000000004,3.523850614030056,-8.732133462545,-0.7485852027255,7.983548259819501,2.8146640906020104,2,2,3.3516200000000005,2,2,ok,False,4.826129370465349,2.4099691837071813,2.4099691837071813,0.10267656654788038,9.549582174382817,18.18,0.5,1.0,4.500134585419236e-09,1.7866534221647678e-09,7.23609855417253,2.7315738475571076,2.714196543365607,1.0064023750358007,False,0.36318398024681886,6.488839011834004e-10
35157-38-1,O=C(O)C1=CC=CC(=C1C(=O)O)CCC=2C=CC=CC2,167.5146176221336,280.9485256666666,0.53415,-0.66072,243.64000000000007,2.238452744643049,-8.159878034943501,-0.574704452256,7.585173582687501,2.514541374498805,1,0,2.8682000000000016,2,2,ok,False,4.54818322268894,2.4533352124174783,2.4533352124174783,-0.260265435653241,9.35663188103112,18.18,0.5,1.0,4.1995470259569705e-09,1.6942128616242643e-09,7.001518435106418,2.681969682867332,2.714196543365607,0.9881265560605594,True,0.3766668795405559,6.381538718654873e-10
91827-38-2,O=C(O)C1=CC=2C=CC=CC2C(C=3C=CC=CC3)=C1C(=O)O,166.7743441721107,332.594225,0.53425,-0.65826,253.72000000000008,3.1266871701531,-7.745448640632,-0.8411039118955,6.9043447287365005,2.669655399391137,1,2,3.9032000000000022,2,2,ok,False,4.526305313851675,2.4592824766715964,2.4592824766715964,-0.2937997682351199,9.34641039593847,18.18,0.5,1.0,4.326628742186311e-09,1.7510922807011897e-09,6.9855877905232715,2.7504903043858304,2.714196543365607,1.013371824936163,False,0.35810735774260927,6.270790298053825e-10
84185-83-1,O=C(O)C=1C(O)=CC=C(C=2C=CC(=CC2)C)C1C(=O)O,162.07376168238153,278.7897786666666,0.53217,-0.65101,235.25600000000009,3.961257984529662,-7.658644322322499,-0.4963356633119999,7.162308659010499,2.321308035309072,2,0,2.7640200000000004,3,3,ok,False,-1.3308973604510133,3.5194712259146725,3.5194712259146725,-8.228934207868804,5.567139486966777,18.18,0.5,1.0,6.5112990019311e-09,3.812801321855158e-09,2.1885738654636593,3.65461729830657,2.714196543365607,1.3464821872386736,False,0.16316158004611073,6.221026880757871e-10
86528-18-9,O=C(O)C=1C=CC=C(OC(C)(C)C)C1C(=O)O,166.3246559009706,222.16629133333333,0.53562,-0.65773,213.92000000000004,4.039023442615802,-8.377841229193999,-0.6661347060239999,7.711706523169999,2.6516018364758764,1,0,2.2603,2,3,ok,False,4.100347848852152,2.5307299760191344,2.5307299760191344,-0.8597917587412658,9.060487456445571,18.18,0.5,1.0,4.179709198825684e-09,1.7391866081192176e-09,6.631077824871287,2.8295150213946862,2.714196543365607,1.0424871508701004,False,0.3373010379361896,5.866294480833331e-10
25437-78-9,O=C(O)C1=CC=C(OC)C(OS(=O)(=O)C)=C1C(=O)O,166.73865417286996,230.4431363333333,0.53599,-0.64693,223.29600000000005,3.337465496450862,-8.317976182084001,-0.598106243399,7.719869938685001,2.574412731348044,1,1,0.4299999999999999,2,6,ok,False,4.178356929396586,2.5129587126688975,2.5129587126688975,-0.7469516420705906,9.103665500863762,18.18,0.5,1.0,3.94609935298682e-09,1.627979190048342e-09,6.691315642065484,2.785178668778662,2.714196543365607,1.026152168525363,False,0.348893600472125,5.679915211096599e-10
110300-56-6,O=C(O)C1=CC=C(OCC2=CC=C(C=C)C=C2)C=C1C(=O)O,187.57433255625332,319.17263966666667,0.53234,-0.66253,263.72800000000007,3.57731441307582,-7.8012319799845,-0.5080365588835,7.293195421101,2.366724722995236,0,1,3.305000000000001,2,3,ok,False,12.763427828391874,1.0209332437258556,1.0209332437258556,10.762435440069545,14.764420216714203,18.18,0.5,1.0,3.4107990394419146e-09,5.694921672958144e-10,13.78436107211773,0.47821635933567536,2.714196543365607,0.17619076278930282,True,0.9694337072818295,5.520849030095453e-10
136682-13-8,O=C(O)C1=CC(Br)=CC(C=2C=CC=CC2)=C1C(=O)O,166.86776628598705,277.66820533333333,0.5361,-0.65111,230.17600000000004,3.087819583460148,-8.2703562582465,-0.7801504093835,7.490205848862999,2.733959272736448,1,1,3.512500000000002,2,2,ok,False,4.754307033910079,2.408144676812563,2.408144676812563,0.03443019779560785,9.47418387002455,18.18,0.5,1.0,3.6745132509053506e-09,1.449985838694472e-09,7.162451710722642,2.7139112254623727,2.714196543365607,0.9998948794242879,True,0.3679567886336458,5.335321327702814e-10
1583-67-1,O=C(O)C=1C=CC=C(F)C1C(=O)O,184.02536886364527,145.66907923333335,0.53604,-0.64923,144.00000000000003,1.953368887332856,-8.899211366752,-0.792395532656,8.106815834096,2.8965516861012635,1,0,1.2221,2,2,ok,False,12.724049509089859,1.0281584841354507,1.0281584841354507,10.70889590978508,14.739203108394639,18.18,0.5,1.0,3.460444002097341e-09,5.820901845488291e-10,13.75220799322531,0.8697534499870112,2.714196543365607,0.32044600900880815,True,0.902410606464651,5.252843564558295e-10
37951-15-8,O=C(O)C1=CC=C(OC=2C=CC=CC2)C=C1C(=O)O,186.8044728682783,254.87760866666667,0.53329,-0.66074,219.08800000000005,3.109274682301324,-8.300560895652,-0.539329651691,7.761231243960999,2.517115597792798,0,1,2.8753,2,3,ok,False,12.83414372841652,1.00629673384138,1.00629673384138,10.861838372327126,14.806449084505912,18.18,0.5,1.0,3.1371639746743034e-09,5.151695700827395e-10,13.840440462257899,0.4578302261375674,2.714196543365607,0.1686798353850445,True,0.9719480845882736,5.007180768800831e-10
937648-30-1,O=C(O)C=1C=C2C=C(F)C(F)=CC2=CC1C(=O)O,184.9216780610448,226.096589,0.53203,-0.66789,193.23200000000008,1.8254001999561629,-8.0548420886505,-0.8057291113305001,7.249112977319999,2.707563057561761,0,2,2.5144,2,2,ok,False,12.774630117098827,1.0171683180111961,1.0171683180111961,10.781016847581698,14.768243386615955,18.18,0.5,1.0,3.204961427083339e-09,5.322851811348716e-10,13.791798435110023,0.724404927986918,2.714196543365607,0.2668947942467921,True,0.9312450439866703,4.956879369193963e-10
2248293-20-9,O=C(O)C1=CC=C(C=C1C(=O)O)CC(NC(=O)OC(C)(C)C)C,189.0325879198413,301.7061273333333,0.53124,-0.66734,296.22400000000005,2.2574491467140514,-8.532946123979,-0.648175191891,7.884770932088,2.6726517911155243,0,1,2.5387000000000004,3,4,ok,False,12.020656186184342,1.1452886490455119,1.1452886490455119,9.775931682152605,14.265380690216078,18.18,0.5,1.0,3.0397701755903863e-09,5.676575404389052e-10,13.165944835229853,1.3033369619651949,2.714196543365607,0.48019255095987096,True,0.7940690267999629,4.507592706919821e-10
2639455-09-5,O=C(O)C=1C=C2C(=CC1C(=O)O)C(NC(=O)OC(C)(C)C)CC2,189.6959887211028,297.87495066666673,0.53206,-0.66626,286.2320000000001,3.320740653830106,-8.617301417634001,-0.6043648619605,8.012936555673502,2.6531824001526303,0,2,2.5950000000000006,3,4,ok,False,12.047357143159541,1.140211336214626,1.140211336214626,9.812583989414584,14.282130296904498,18.18,0.5,1.0,2.995130597172207e-09,5.566278359342314e-10,13.187568479374168,1.2707110647734503,2.714196543365607,0.4681720886718716,True,0.8031730333607173,4.470684674403083e-10
3001791-62-1,O=C(O)C1=CC=CC(=C1C(=O)O)CC(CC)CCC(O)C,161.76101912730792,288.406375,0.53493,-0.65805,280.92800000000005,4.373040249071577,-8.5185240899025,-0.588854372482,7.9296697174205,2.6149999121302194,1,0,2.8127000000000013,3,3,ok,False,-0.7237372335080483,3.3792340615580203,3.3792340615580203,-7.346914289492776,5.89943982247668,18.18,0.5,1.0,4.6768081883229745e-09,2.6062439869353923e-09,2.655496828049972,3.611863126418045,2.714196543365607,1.3307301327336194,False,0.17018951203368712,4.4355539237726565e-10
2623094-09-5,O=C(O)C1=CC=C(C#CCN)C=C1C(=O)O,186.46411903604127,219.75972033333332,0.53324,-0.66181,190.39200000000005,0.406421197773935,-8.215117146595,-0.958384981461,7.256732165134,2.899140390552572,0,1,0.3932,3,3,ok,False,11.737760383733873,1.1824212561472638,1.1824212561472638,9.420257307130626,14.05526346033712,18.18,0.5,1.0,2.1631721036127075e-09,4.1341606807768444e-10,12.920181639881136,1.2894238517407488,2.714196543365607,0.4750664998422928,True,0.7979668854905104,3.298923322556827e-10
144907-46-0,N#CC1=CC=C(C=C1)C(=O)NC2=CC=C(C(=O)O)C(=C2)C(=O)O,187.3752922081238,316.531085,0.53338,-0.66119,259.40000000000003,4.7123488591147416,-8.2017835679205,-1.202198991509,6.9995845764115,3.158576305945304,0,1,2.20698,3,4,ok,False,11.983025712558693,1.1419140176853024,1.1419140176853024,9.744915364454066,14.22113606066332,18.18,0.5,1.0,2.249832405349581e-09,4.1566533754505243e-10,13.124939730243995,1.4136621130512448,2.714196543365607,0.5208399946226083,True,0.7624073393884577,3.169063040737286e-10
1005516-41-5,O=C(O)C1=CC=CC(=C1C(=O)O)N2CCCC(O)C2,162.06417487063263,247.145996,0.53536,-0.66258,232.0480000000001,4.291261033775503,-7.602588869119501,-0.6522568996485001,6.950331969471001,2.4510512219221874,1,0,1.0440999999999998,3,4,ok,False,-1.1458054872846848,3.4182087690285177,3.4182087690285177,-7.845371566219572,5.553760591650202,18.18,0.5,1.0,3.314620312464972e-09,1.8515786455565126e-09,2.272403281743833,3.613680505532355,2.714196543365607,1.3313997154573731,False,0.1698864166955421,3.1455806132358115e-10
220596-15-6,O=C(O)C1=C(F)C(F)=C(SSC2=C(F)C(F)=C(C(=O)O)C(C(=O)O)=C2F)C(F)=C1C(=O)O,177.36569909985175,351.70810200000005,0.53804,-0.63045,334.33600000000007,4.661840628979074,-8.9288717764565,-1.712684575047,7.2161872014095,3.9232186756499807,2,2,4.1134,4,6,ok,False,9.005489899628397,1.6478561721433418,1.6478561721433418,5.775751150525412,12.235228648731383,18.18,0.5,1.0,2.1662954899949193e-09,5.770016510077017e-10,10.65334607177174,2.1379129067973563,2.714196543365607,0.7876780007045259,True,0.5377096046835418,3.102593296651022e-10
339100-35-5,O=C(O)C1=CC=C(OC2=CC=CC(=C2)NC(=O)C=CC=3C=CC=CC3)C=C1C(=O)O,189.58620128770124,451.48448033333335,0.53263,-0.66151,348.8560000000001,4.11000197688517,-7.672522128698,-0.919200586989,6.753321541709,2.732644179880544,0,1,4.527200000000003,3,4,ok,False,11.989503890590154,1.1385142254508922,1.1385142254508922,9.75805701281989,14.220950768360417,18.18,0.5,1.0,2.094965220793977e-09,3.8519814536198435e-10,13.128018116041046,1.3279033208259485,2.714196543365607,0.4892436121001565,True,0.7871320055951356,3.0320178871030534e-10
29016-73-7,O=C(O)C1=CC=C(Br)C(C(=O)O)=C1C(=O)O,162.74323767922365,199.7937796666667,0.53646,-0.63396,186.48800000000008,3.0820119159406247,-8.8630202246355,-0.9733512432385,7.889668981397,3.065851174559473,2,0,1.5437000000000003,3,3,ok,False,1.2529461477093111,2.9869802943145602,2.9869802943145602,-4.601427651678078,7.1073199470967,18.18,0.5,1.0,2.700220835520312e-09,1.3110811111035187e-09,4.239926442023871,3.338662770951012,2.714196543365607,1.2300740633952272,False,0.22023013714908832,2.8873957291190703e-10
13124-84-0,O=C(O)C=1C=C(C(=O)O)C(=CC1Br)C(=O)O,185.9298257817201,200.97979366666664,0.53593,-0.65122,187.00800000000004,3.048617819602844,-8.873088437104,-1.163558824738,7.709529612366,3.2665510518652088,0,2,1.5437,3,3,ok,False,12.037335774108392,1.1290174293794184,1.1290174293794184,9.824502274606738,14.250169273610046,18.18,0.5,1.0,2.0074309910080995e-09,3.6562674198360316e-10,13.16635320348781,1.326002561187242,2.714196543365607,0.48854330922660344,True,0.7876711764440134,2.8799364599761643e-10
81452-61-1,O=C(O)C1=CC=2SC=CC2C=C1C(=O)O,185.61771954872685,214.66586533333336,0.53184,-0.66947,174.26400000000004,2.3446467388500127,-7.8942949168554994,-0.7507621135295001,7.143532803325999,2.615547975919277,0,2,2.2977,2,3,ok,False,12.720588609464425,1.0101263785833499,1.0101263785833499,10.740777287607187,14.700399931321662,18.18,0.5,1.0,1.8211564554597569e-09,2.9603696534784575e-10,13.730714988047774,0.5504083653842761,2.714196543365607,0.2027886914562823,True,0.9597108350511344,2.841098832199848e-10
65726-17-2,O=C(O)C=1C=C(C(=O)O)C(C(=O)O)=C(C(=O)O)C1OC,161.3693903672199,224.4627966666667,0.53554,-0.6395,220.33600000000004,4.727678564581141,-9.0671056125105,-1.1711780125520002,7.895927599958501,3.318877049600032,2,1,0.4880000000000002,4,5,ok,False,-0.15308514159221076,3.276598329323273,3.276598329323273,-6.575099858869937,6.268929575685515,18.18,0.5,1.0,4.521801689414694e-09,2.441143796539756e-09,3.1235131877310622,3.981526015816236,2.714196543365607,1.466926197938171,False,0.1162662487373604,2.8382263185215556e-10
1005516-45-9,O=C(O)C1=CC=CC(=C1C(=O)O)N2CCC(O)(C=3C=CC=CC3)CC2,161.9616954336064,344.479631,0.53493,-0.66124,303.1600000000001,5.129550920889664,-7.6216368386545,-0.6427329148809999,6.9789039237735,2.446652374396876,1,0,2.5710000000000006,3,4,ok,False,-1.313872931173572,3.442722936714458,3.442722936714458,-8.061485895883877,5.433740033536733,18.18,0.5,1.0,3.169201083171617e-09,1.7809579773976283e-09,2.128850005540886,3.6955663810250585,2.714196543365607,1.3615691870429367,False,0.15662973244279543,2.7895097149165266e-10
16110-99-9,O=C(O)C=1C(Cl)=CC=C(Cl)C1C(=O)O,169.08616068195494,177.21918466666668,0.53628,-0.63631,169.79200000000003,0.7527087218838374,-8.655941584405,-0.7164757683665,7.939465816038499,2.7659986537470336,2,0,2.3898,2,2,ok,False,6.202769518404058,2.1148758964901746,2.1148758964901746,2.057688929511457,10.34785010729666,18.18,0.5,1.0,1.8203086386918941e-09,6.195092135205027e-10,8.317645414894233,2.4884767464629034,2.714196543365607,0.916837342728758,True,0.43145558170729664,2.6729070809251833e-10
927673-21-0,O=C(O)C1=CC=CC(=C1C(=O)O)CNC(=O)N,159.83082685153994,207.3515393333333,0.53435,-0.65709,198.68800000000005,7.186081003579072,-8.536211490185,-0.607902342017,7.928309148168,2.6365904827131046,1,0,0.2513000000000002,4,3,ok,False,-3.0994547154061554,3.8342345590131797,3.8342345590131797,-10.614416359350804,4.415506928538493,18.18,0.5,1.0,6.724450601494588e-09,4.2935164941298946e-09,0.7347798436070243,4.552663678588217,2.714196543365607,1.6773522498643036,False,0.05999400909722257,2.5758526760790405e-10
632-58-6,O=C(O)C=1C(Cl)=C(Cl)C(Cl)=C(Cl)C1C(=O)O,167.8580076710036,209.50301133333332,0.53853,-0.6275,199.18400000000003,2.563406620105363,-8.8733605509545,-0.945323516637,7.9280370343175,3.0400512889214357,2,2,3.6966,2,2,ok,False,6.222033964988197,2.1046413520041827,2.1046413520041827,2.0970127146863122,10.34705521529008,18.18,0.5,1.0,1.6167489255443916e-09,5.459313743430362e-10,8.326675316992379,2.450797782900678,2.714196543365607,0.9029551632475686,True,0.44249415359530125,2.4157144141104137e-10
2365462-88-8,O=C(O)C=1C=C2C(=CC1C(=O)O)CC3N(C(=O)CC3)C2,187.2938826273106,256.75815600000004,0.53168,-0.66806,232.59200000000004,5.870349882247225,-8.394712287925,-0.608990797419,7.785721490506,2.6030557780639443,0,2,1.1301,2,3,ok,False,12.152582345597795,1.10226049638413,1.10226049638413,9.992191471103657,14.312973220091932,18.18,0.5,1.0,1.5917318379207829e-09,2.813850833300306e-10,13.254842841981924,1.0641372066447645,2.714196543365607,0.39206343005847066,True,0.8575174646683993,2.4129262325267413e-10
82520-82-9,O=C(O)C1=CC=2SC=3C=C(C(=O)O)C(=CC3SC2C=C1C(=O)O)C(=O)O,189.8394730742197,367.7922683333333,0.53438,-0.65823,291.9200000000001,3.267762465357603,-7.8616412547955,-1.1273676826215,6.734273572174,2.999665844094807,0,2,3.0952,4,6,ok,False,12.006137655957186,1.1251240213458715,1.1251240213458715,9.800935095978403,14.21134021593597,18.18,0.5,1.0,1.499361021904285e-09,2.7014772868980253e-10,13.131261677303058,1.1804719991622767,2.714196543365607,0.4349250248836033,True,0.8276542557921741,2.235889173427047e-10
444149-79-5,O=C(O)C1=CC=C(OC2=CC=CC(=C2)NC(=O)COC3=CC=C(C=C3C)C)C=C1C(=O)O,190.42025820358535,445.2919816666667,0.53303,-0.66054,380.3040000000001,3.4381799981967203,-7.4779607255905,-0.5564728242725,6.921487901318,2.331584024544493,0,1,4.509640000000003,3,5,ok,False,11.554793305544196,1.1994302171477793,1.1994302171477793,9.203953277965493,13.9056333331229,18.18,0.5,1.0,1.4208317917955294e-09,2.72538019392798e-10,12.754223522691976,1.2616938533615103,2.714196543365607,0.4648498490079898,True,0.805666509419895,2.1957475476840722e-10
306765-81-1,O=C(O)C1=CC=CC(C2=CC=C(Cl)C=C2)=C1C(=O)O,168.21514122303194,266.7747286666667,0.53465,-0.65462,225.33600000000004,1.94063456374455,-8.114707135760499,-0.6272224254025001,7.4874847103579985,2.551635676351237,1,0,3.4034000000000013,2,2,ok,False,4.907699673173994,2.314667780668419,2.314667780668419,0.371034186888636,9.444365159459352,18.18,0.5,1.0,1.3406167848655247e-09,4.955326524319679e-10,7.222367453842413,2.5766601805775777,2.714196543365607,0.9493270437160443,True,0.40607320167892996,2.012225307095016e-10
1095282-49-7,O=C(O)C=1C=CC=C(N=NC2=CC=CC(C(=O)O)=C2C(=O)O)C1C(=O)O,166.81080808912202,345.02908899999994,0.53556,-0.65752,283.9600000000001,4.544673168666808,-8.5092722189855,-1.6792145714355,6.83005764755,3.799574924371943,1,0,2.8948,4,6,ok,False,3.618045801661262,2.5567489087589443,2.5567489087589443,-1.3930899770183531,8.629181580340877,18.18,0.5,1.0,1.918662855377694e-09,7.904676986481761e-10,6.174794710420207,3.293651130956596,2.714196543365607,1.2134902827900829,False,0.22933793456088175,1.812842293450662e-10
62268-16-0,O=C(O)C=1C(Cl)=CC(Cl)=C(Cl)C1C(=O)O,168.8601184568113,193.70494566666665,0.5374,-0.63167,184.52000000000004,1.2750610534401872,-8.7666919215585,-0.8645057030385,7.902186218520001,2.9346298960484347,2,1,3.043200000000001,2,2,ok,False,6.52376756980036,2.036999535155319,2.036999535155319,2.5313218443711034,10.516213295229617,18.18,0.5,1.0,1.2029966255691288e-09,3.9026888555705944e-10,8.56076710495568,2.3945877101617965,2.714196543365607,0.8822455087178414,True,0.4591597282379872,1.7919575543212153e-10
36468-98-1,O=C(O)C1=CC=C(SC)C=C1C(=O)O,186.4737737765544,202.297985,0.53271,-0.66226,174.02400000000003,2.9788028232832064,-7.6112965123355005,-0.6859990171105,6.925297495225,2.485276378034061,0,1,1.8049,2,3,ok,False,12.642757855614589,1.0094702931130588,1.0094702931130588,10.664232437649902,14.621283273579275,18.18,0.5,1.0,1.1115581823352785e-09,1.7835448331357388e-10,13.652228148727648,0.454546647103572,2.714196543365607,0.16747005599673104,True,0.9723434243844937,1.7342180905944747e-10
84029-87-8,O=C(O)C=1C=C(C(=CC1C(=O)O)C(C)C)C,186.03439854865996,221.2753943333333,0.53072,-0.67171,205.3040000000001,2.8839448642441137,-8.433896682397,-0.580146729266,7.853749953131,2.586438934020065,0,2,2.514820000000001,2,2,ok,False,12.658293903504513,1.006367526067902,1.006367526067902,10.685849797200751,14.630738009808274,18.18,0.5,1.0,1.0912589081786078e-09,1.744797092565815e-10,13.664661429572414,0.5270750063178634,2.714196543365607,0.19419190832226532,True,0.9629916892747613,1.6802250996116464e-10
2639440-92-7,O=C(O)C1=CC=C(C=C1C(=O)O)CC(NC(=O)OCC=2C=CC=CC2)C,162.88121978853678,347.05054766666666,0.53207,-0.66358,318.0800000000001,1.975373172339849,-8.417025623666,-0.640011776376,7.777013847289999,2.63693520663924,0,1,2.940400000000001,3,4,ok,False,-0.12580139488397535,3.1732149316644533,3.1732149316644533,-6.345188376151032,6.093585586383082,18.18,0.5,1.0,1.5480595768619916e-09,7.872820235393728e-10,3.047413536780478,3.4317965731606925,2.714196543365607,1.2643876441258968,False,0.20216398285079945,1.5916006950555646e-10
2961389-74-0,O=C(O)C1=CC=2OC3(CNCC3)CCC2C=C1C(=O)O,190.8263836537575,263.0130743333333,0.53123,-0.66655,238.84800000000007,4.8137020680553135,-7.972391591949001,-0.4683079367105,7.504083655238501,2.3735545806241523,0,2,1.1401,3,4,ok,False,11.497171993839478,1.1994382101416943,1.1994382101416943,9.146316300280573,13.848027687398384,18.18,0.5,1.0,1.058967568509539e-09,2.0165040890240742e-10,12.696610203981173,1.3371193215461603,2.714196543365607,0.49263909233637543,True,0.7845121061138199,1.5819718698674062e-10
2559494-98-1,O=C(O)C=1C=CC=C(C#CCC(C)(C)CO)C1C(=O)O,162.14178021958665,276.0829453333333,0.53683,-0.65361,252.8400000000001,4.849113660247612,-8.1353877883985,-0.7406939010610001,7.3946938873375,2.663559417005331,1,0,1.8431,3,3,ok,False,-0.6880889047399741,3.2709500909385034,3.2709500909385034,-7.099033278207456,5.7228554687275075,18.18,0.5,1.0,1.5975908601220641e-09,8.381592765955964e-10,2.5828611861985293,3.567705600215419,2.714196543365607,1.314461035968847,False,0.17767347647696694,1.489186725141593e-10
1092449-37-0,O=C(O)C1=CC=C(F)C(F)=C1C(=O)O,183.9258585877241,144.2565383,0.53766,-0.64263,149.16800000000003,2.574850560712213,-9.0028867437925,-0.7872253694965,8.215661374296,2.916572714725024,1,1,1.3612000000000002,2,2,ok,False,12.469139477573243,1.0343591958019658,1.0343591958019658,10.441832706723577,14.49644624842291,18.18,0.5,1.0,9.593220587206866e-10,1.571514807969116e-10,13.503498673375208,0.8712986759625314,2.714196543365607,0.32101532149256956,True,0.9020811135493584,1.4176338279320863e-10
2595725-80-5,O=C(O)C1=CC=C(C#CCCCC#C)C=C1C(=O)O,184.59733464668344,266.849125,0.533,-0.66194,234.44000000000003,3.378792356745232,-8.1636876288505,-0.9548475014045,7.208840127446,2.883531936196259,0,1,2.238,2,2,ok,False,12.401808486389715,1.0448841420117894,1.0448841420117894,10.353873200029572,14.449743772749859,18.18,0.5,1.0,9.362096454863867e-10,1.548332091652631e-10,13.446692628401504,0.8605734774455918,2.714196543365607,0.31706380274822676,True,0.9043584741296942,1.4002472478530112e-10
88687-92-7,O=C(O)C=1C=CC=C(N=NC2=CC=CC(C(=O)O)=C2C(=O)O)C1C(=O)O,167.02173083538142,344.93935933333336,0.53557,-0.65693,284.10400000000004,4.619583028802492,-8.5016530311715,-1.680030912987,6.8216221181845,3.799194903452258,1,0,2.8948,4,6,ok,False,3.6617514671432403,2.527771015159615,2.527771015159615,-1.2925886837338556,8.616091618020336,18.18,0.5,1.0,1.4138440295462095e-09,5.714722100124693e-10,6.189522482302856,3.2709890214723574,2.714196543365607,1.2051408102584669,False,0.23401633168121252,1.3373383024487357e-10
330635-68-2,O=C(O)C1=CC=C(OC2=CC=C(C=C2)NC(=O)C=3SC=CC3)C=C1C(=O)O,190.74610803472228,384.5656753333333,0.53336,-0.66081,312.38400000000007,7.995585012993108,-7.839327919054501,-0.612800391326,7.226527527728501,2.471396971125585,0,1,4.189100000000002,3,5,ok,False,10.773160386051586,1.316326543315959,1.316326543315959,8.193207769258203,13.35311300284497,18.18,0.5,1.0,9.464166343387786e-10,1.9723516524105563e-10,12.089486929367546,1.7662107612305449,2.714196543365607,0.6507306059127322,True,0.6547837035493027,1.291463719666971e-10
1822789-72-9,O=C(O)C=1C=C2C(=CC1C(=O)O)C(N)CC2,188.35031379704503,211.16430266666663,0.53132,-0.66975,191.16800000000003,1.2199381869586672,-8.256478451871,-0.5744323384055,7.682046113465501,2.537897593751933,0,2,1.029,3,3,ok,False,11.498182632190286,1.1917135052006558,1.1917135052006558,9.162467082107014,13.833898182273558,18.18,0.5,1.0,8.379331789376886e-10,1.5762551145895393e-10,12.689896137390942,1.347698773744139,2.714196543365607,0.4965369133043663,True,0.7814931406848596,1.2318325600211523e-10
202597-63-5,O=C(O)C=1C=CC2=C(OC=3C=CC=CC32)C1C(=O)O,184.0090414748283,267.93741933333337,0.53506,-0.65144,208.28800000000004,3.299370176260918,-7.992255903035501,-1.059611333847,6.932644569188501,2.9547274368537937,1,1,2.982400000000001,2,3,ok,False,12.318410972405362,1.054612470473482,1.054612470473482,10.251408512630526,14.385413432180197,18.18,0.5,1.0,8.089224991428764e-10,1.3454644882825422e-10,13.373023442878843,0.9229957437693066,2.714196543365607,0.3400622353695841,True,0.8907937819476274,1.1985313999934349e-10
2538750-81-9,O=C(O)C1=CC=C(C#CC(O)C)C=C1C(=O)O,187.07342794132668,229.31386066666667,0.53292,-0.66171,203.43200000000004,1.9327225434603903,-8.3204252067385,-0.988317505016,7.3321077017225,2.954562807816012,0,1,0.8152999999999999,3,3,ok,False,11.849072515012132,1.1316622581033302,1.1316622581033302,9.631055246466333,14.06708978355793,18.18,0.5,1.0,7.889812179459777e-10,1.4073177993986837e-10,12.980734773115461,1.1982265228750304,2.714196543365607,0.4414663800983359,True,0.8229230642462351,1.1581142758494332e-10
1782406-14-7,O=C(O)C1=CC=2N=C(SC2C=C1C(=O)O)C(C)(C)C,185.17808012023747,276.248076,0.5323,-0.66585,236.33600000000007,3.168516114839879,-8.4015151341875,-0.7812388647855,7.620276269402,2.7664013752440977,0,2,2.990200000000001,2,4,ok,False,12.498415226133982,1.0225737274213964,1.0225737274213964,10.494207548851167,14.502622903416798,18.18,0.5,1.0,7.464766099984607e-10,1.2015324407671395e-10,13.520988953555378,0.7276202060785064,2.714196543365607,0.26807940930329843,True,0.9306550651186503,1.118212251904313e-10
1824583-06-3,O=C(O)C=1C(Cl)=CC=C(SC)C1C(=O)O,167.42688908259788,213.4995236666667,0.53558,-0.64375,188.92000000000004,3.467915330569649,-7.6336098480765,-0.7020537342900001,6.931556113786501,2.506049371085394,2,0,2.4583000000000004,2,3,ok,False,4.083492743913473,2.414933440591586,2.414933440591586,-0.6496898247074334,8.816675312534379,18.18,0.5,1.0,7.50444747256319e-10,2.8530172622537e-10,6.498426184505059,2.695384053608034,2.714196543365607,0.9930688550158399,True,0.3729966834986165,1.0641659767849327e-10
2733084-51-8,O=C(O)C1=CC=C(SC2=CC=C(C=C2)C(=O)OCC)C=C1C(=O)O,185.86479130121248,346.957834,0.5332,-0.66209,290.6240000000001,3.803118271892159,-7.679052861110001,-0.8906286326865,6.788424228423501,2.7045835098822826,0,1,3.4109000000000016,2,5,ok,False,12.455718102654323,1.0277990823358476,1.0277990823358476,10.441268917932744,14.470167287375903,18.18,0.5,1.0,6.980325587356107e-10,1.1274648523179876e-10,13.483517184990172,0.7021642799122118,2.714196543365607,0.25870060207265877,True,0.9352644069274761,1.0544777464347572e-10
2534423-97-5,O=C(O)C1=CC=C(C#CC(C)(C)CO)C=C1C(=O)O,188.5791431642062,264.889093,0.53288,-0.66229,237.08800000000005,4.199623317632189,-8.1903547861995,-0.9521263628995,7.238228423299999,2.8869274590923704,0,1,1.453,3,3,ok,False,11.855138619015277,1.1295130297339875,1.1295130297339875,9.641333760667942,14.06894347736261,18.18,0.5,1.0,7.596431058150358e-10,1.3511691984031834e-10,12.984651648749264,1.3853020817271529,2.714196543365607,0.5103912187616954,True,0.7706667758461964,1.041301209756071e-10
1824411-98-4,O=C(O)C=1C=C2C(=CC1C(=O)O)CN(C(=O)OC(C)(C)C)C2,186.2852334665183,280.2550306666667,0.53197,-0.66659,269.12800000000004,3.379533797730095,-8.2703562582465,-0.613888846728,7.656467411518499,2.5772267693100943,0,2,2.3337000000000003,2,4,ok,False,12.569528333313132,1.0078593169027625,1.0078593169027625,10.594160370700576,14.544896295925687,18.18,0.5,1.0,6.687682255894127e-10,1.0581457081147117e-10,13.577387650215893,0.5340017526060427,2.714196543365607,0.19674395132191858,True,0.9620314059017864,1.0179694032265373e-10
42760-51-0,O=C(O)C1=CC=C(C(=C1C(=O)O)N(=O)=O)C,172.6061529913601,192.453904,0.53695,-0.64579,178.86400000000003,4.813653947886158,-9.1117322839925,-1.7232970152165,7.388435268775999,3.9723519136334704,1,1,1.29962,2,4,ok,False,10.855591655412873,1.301302941635852,1.301302941635852,8.305084756830574,13.406098553995172,18.18,0.5,1.0,9.120150853036741e-10,1.8772612264491395e-10,12.156894597048725,2.147254517236907,2.714196543365607,0.7911197597261356,True,0.5347956999713698,1.0039512316279797e-10
19617-71-1,O=C(O)C1=CC=CC(C=2C=CC=CC2OC)=C1C(=O)O,167.4517111991227,272.967023,0.5346,-0.65664,235.75200000000007,3.674912890124064,-7.746537096033999,-0.6201474652895,7.1263896307445,2.4557108920445,1,0,2.7586000000000004,2,3,ok,False,3.896605018277458,2.4356485239280206,2.4356485239280206,-0.8771783676196065,8.670388404174522,18.18,0.5,1.0,6.411744877863935e-10,2.449174627443643e-10,6.332253542205478,2.7180814653052243,2.714196543365607,1.0014313340532075,False,0.3668270788270162,8.984235741223972e-11
669704-09-0,O=C(O)C1=CC=C(OC2=CC=CC(=C2)NC(=O)C3=CC=C(C=C3)C)C=C1C(=O)O,190.5243012508521,414.3369,0.53308,-0.66098,338.24000000000007,9.274236465068162,-7.823273201875,-0.5442277010000001,7.279045500875,2.4046789977888428,0,1,4.436020000000003,3,4,ok,False,10.098473695789561,1.4193326279302323,1.4193326279302323,7.316632862963717,12.880314528615406,18.18,0.5,1.0,7.416480948988218e-10,1.656679133123731e-10,11.517806323719794,2.1432282150329507,2.714196543365607,0.7896363364958623,True,0.5360512301103406,8.880648872091087e-11
304449-33-0,O=C(O)C1=CC=C(OC=2C=CC=CC2NC(=O)CCCCCCCCCCC)C=C1C(=O)O,190.5539725848153,466.9686630000001,0.53261,-0.66107,434.5360000000001,7.213659846430243,-8.25049194716,-0.57143908605,7.679052861110001,2.533726117086005,0,1,6.7347000000000055,3,4,ok,False,11.053020584606532,1.2552443014998562,1.2552443014998562,8.592786961867677,13.513254207345387,18.18,0.5,1.0,6.157352292978516e-10,1.2109556657659582e-10,12.308264886106388,1.5830003880638999,2.714196543365607,0.5832298298121689,True,0.7116585591249247,8.617869642631657e-11
142671-47-4,O=C(O)C1=CC=2N=C(OC2C=C1C(=O)O)C,185.31075730471125,196.998094,0.53241,-0.66699,177.11200000000005,2.693426006037664,-8.4972992095635,-0.6522568996485001,7.845042309915001,2.667747785433093,0,2,1.53262,2,4,ok,False,12.529819778322151,1.0096214622710893,1.0096214622710893,10.550998074252151,14.508641482392152,18.18,0.5,1.0,5.590419567008882e-10,8.822733679828696e-11,13.539441240593241,0.5933266943121165,2.714196543365607,0.21860122685750336,True,0.9533373063132268,8.411041160646872e-11
858242-85-0,O=C(O)C1=CC(Br)=C(OC)C=C1C(=O)O,186.8295515286604,201.40108333333333,0.53431,-0.65811,184.13600000000005,4.914608494071526,-8.2012393402195,-0.6549780381535001,7.546261302066,2.598392207526753,0,2,1.8541,2,3,ok,False,12.280050859392784,1.050422628829121,1.050422628829121,10.221260338341821,14.338841380443746,18.18,0.5,1.0,5.549806193090411e-10,9.11100618399342e-11,13.330473488221905,0.8366775364955995,2.714196543365607,0.30825974579501836,True,0.9093510453270711,8.285102997395825e-11
53624-86-5,O=C(O)C1=CC=C(C=C1C(=O)O)C(=O)OC2=CC=C(OC(=O)C3=CC=C(C(=O)O)C(=C3)C(=O)O)C=C2,188.2579073233604,444.4034676666667,0.53483,-0.65505,393.82400000000007,4.248168406501796,-8.6850577664085,-1.200022080705,7.4850356857035,3.2636719344720637,0,1,2.9178000000000006,4,8,ok,False,12.08041964196074,1.0840554916288054,1.0840554916288054,9.955709921125418,14.205129362796061,18.18,0.5,1.0,5.721417606011154e-10,9.700544671069154e-11,13.164475133589544,1.0921259692265626,2.714196543365607,0.4023754182047277,True,0.8505211691836069,8.250518595355543e-11
475-60-5,O=C(O)C1=C(O)C=C(C(C(=O)O)=C1C(=O)O)C,160.15188289850138,200.5928103333333,0.53402,-0.65243,191.48000000000005,4.416647740085233,-8.3879094416625,-0.56055453203,7.827354909632501,2.55753726555604,2,1,0.79522,4,4,ok,False,-3.1657444074526833,3.6862600527028695,3.6862600527028695,-10.390681348399028,4.059192533493662,18.18,0.5,1.0,1.5495360733188083e-09,9.15463931404209e-10,0.5205156452501862,4.234161366380045,2.714196543365607,1.5600054376053694,False,0.08771898158321452,8.030356373894297e-11
723736-54-7,O=C(O)C1=CC=C(OC2=CC=CC(=C2)NC(=O)C=3OC=C(Br)C3)C=C1C(=O)O,189.34758714021063,387.945666,0.53327,-0.66091,323.56000000000006,2.54624662788191,-7.8387836913535,-0.6517126719474999,7.187071019406,2.507576740948412,0,1,4.483100000000002,3,5,ok,False,11.629125177926388,1.1567037310535175,1.1567037310535175,9.362027524278389,13.896222831574388,18.18,0.5,1.0,5.449278462325476e-10,9.846816143607947e-11,12.785828908979905,1.2741452242273117,2.714196543365607,0.4694373468795926,True,0.8022207796563953,7.899320523858347e-11
90772-02-4,O=C(O)C1=CC=2OCCOC2C=C1C(=O)O,187.17801134841503,194.38232166666668,0.53092,-0.67134,179.01600000000005,4.046500071666872,-7.9329350836265,-0.5401459932425,7.392789090384,2.427808437974335,0,2,0.8542000000000001,2,4,ok,False,12.473588221285665,1.0156147791653456,1.0156147791653456,10.483019831954987,14.464156610616342,18.18,0.5,1.0,4.950747963061897e-10,7.836843505567356e-11,13.48920300045101,0.5666716343679642,2.714196543365607,0.20878061898394826,True,0.95734701431683,7.502578731723148e-11
39155-66-3,O=C(O)C1=CC=2C=CC=CC2C(C(=O)O)=C1C(=O)O,162.7325091860346,257.43123833333334,0.53414,-0.65086,209.98400000000004,4.582236662373519,-8.001235660102001,-1.057978650744,6.9432570093580015,2.955002379258945,2,1,1.9344,3,3,ok,False,0.44130768133812737,3.0175749823134277,3.0175749823134277,-5.473030604645282,6.355645967321537,18.18,0.5,1.0,7.509731801712517e-10,3.567552929050048e-10,3.458882663651555,3.391155278679517,2.714196543365607,1.2494140437134595,False,0.20991859786461364,7.488957086739816e-11
2920146-85-4,O=C(O)C1=CC=C(O[Si](C)(C)C)C=C1C(=O)O,187.146938943348,238.511525,0.53252,-0.66253,226.97600000000008,4.212466701352071,-8.154979985634501,-0.51157403894,7.643405946694501,2.456665234866614,0,1,2.2967,2,3,ok,False,12.445506423552,1.0173016069592795,1.0173016069592795,10.451631912497092,14.439380934606909,18.18,0.5,1.0,4.4366489565990043e-10,7.016433987941567e-11,13.46280803051128,0.6141313652524744,2.714196543365607,0.22626635744327886,True,0.9500919928368116,6.66625775021134e-11
1344583-93-2,O=C(O)C1=CC=C(C=C1C(=O)O)CC(N)C,188.9153675347032,214.408885,0.53144,-0.66735,201.3760000000001,2.694156378163673,-8.42464481148,-0.6530732412,7.771571570280001,2.650846238072521,0,1,0.9727,3,3,ok,False,11.739506407146632,1.133775149038647,1.133775149038647,9.517347948464352,13.961664865828912,18.18,0.5,1.0,4.6326421890383896e-10,8.173575161393242e-11,12.873281556185278,1.2675526175060607,2.714196543365607,0.4670084119753148,True,0.8040475603764164,6.571943168071511e-11
294890-67-8,O=C(O)C1=CC=C(OC2=CC=CC(=C2)NC(=O)C=3C=CC(=CC3)C=4C=CC=CC4)C=C1C(=O)O,190.3452075715656,507.1276423333333,0.53332,-0.66034,392.3760000000001,9.184069177657582,-7.712794978572001,-0.6416444594790001,7.071150519093001,2.4676556571523305,0,1,5.794600000000004,3,4,ok,False,10.177774290606308,1.3936631890237052,1.3936631890237052,7.4462446335406085,12.909303947672008,18.18,0.5,1.0,5.282507381435714e-10,1.1492389542768581e-10,11.571437479630013,2.0890512537092847,2.714196543365607,0.7696757476224837,True,0.5529980761061565,6.355269307013536e-11
2604139-92-4,O=C(O)C=1C=CC=C(C#CC2CC2)C1C(=O)O,167.90486119854666,237.6478153333333,0.5357,-0.65275,203.12800000000004,2.957453020759586,-7.9138871140915,-0.69116918027,7.2227179338214995,2.5629892551387723,1,0,1.8445,2,2,ok,False,4.505085765250121,2.309061978695677,2.309061978695677,-0.020592551064199327,9.030764081564442,18.18,0.5,1.0,4.156853527895787e-10,1.4898532153700266e-10,6.8141477439457985,2.5884227818379286,2.714196543365607,0.9536607760277674,True,0.40273807120140287,6.000206103313328e-11
1785552-19-3,O=C(O)C1=CC=2N=C(OC2C=C1C(=O)O)C(C)(C)C,185.3991468203889,248.67821866666665,0.53231,-0.66744,227.03200000000007,2.877216538601153,-8.4831492893375,-0.6440934841335,7.839055805204,2.656779168180404,0,2,2.521700000000001,2,4,ok,False,12.475840295917559,1.0094148309884834,1.0094148309884834,10.497423581719545,14.454257010115573,18.18,0.5,1.0,3.965725900766788e-10,6.206600229417461e-11,13.485255126906042,0.5954809633833286,2.714196543365607,0.21939493101149243,True,0.953005946332952,5.914926925146304e-11
343217-37-8,O=C(O)C1=CC(F)=CC(=C1C(=O)O)C(F)(F)F,168.74411380445304,159.89096166666664,0.53834,-0.64326,175.56000000000003,2.2314164873460984,-9.1813934297205,-0.907227577567,8.2741658521535,3.075242738885651,1,1,2.2409000000000003,2,2,ok,False,6.68397001869425,1.9497786740237764,1.9497786740237764,2.862474039783386,10.505465997605114,18.18,0.5,1.0,3.8133427017927673e-10,1.1517342989692162e-10,8.633748692718026,2.3123289599924552,2.714196543365607,0.8519386577381624,True,0.48393751756039505,5.573674375323243e-11
329203-92-1,O=C(O)C1=CC(OC2=CC=C(OC)C=C2)=C(OC3=CC=C(OC)C=C3)C=C1C(=O)O,187.1946774790042,406.133943,0.53291,-0.66126,350.1840000000001,4.124093110006126,-7.408571693713,-0.6555222658545,6.7530494278585005,2.407416533946316,0,2,4.684800000000004,2,6,ok,False,12.411763115379095,1.0179317945232629,1.0179317945232629,10.416653459395274,14.406872771362917,18.18,0.5,1.0,3.687744336435784e-10,5.810307193968132e-11,13.429694909902357,0.5913497352600192,2.714196543365607,0.2178728495935467,True,0.9536404373890284,5.5409438938203875e-11
42297-17-6,O=C(O)C1=CC=C(C=C1C(=O)O)[Si](C2=CC=C(C(=O)O)C(=C2)C(=O)O)(C)C,190.9319657360725,368.8077913333333,0.53191,-0.66637,330.12000000000006,6.445756384630124,-8.686418335661001,-0.823416511613,7.863001824048001,2.875395454756124,0,1,1.3019999999999994,4,4,ok,False,11.604653378095872,1.1524104480090187,1.1524104480090187,9.345970404590528,13.863336351601216,18.18,0.5,1.0,4.1363085864252253e-10,7.397969335088038e-11,12.75706382610489,1.4764807022289126,2.714196543365607,0.5439844457240649,True,0.7438476198245195,5.502961881440021e-11
22179-20-0,O=C(O)C1=CC=C(C=C1C(=O)O)S(=O)(=O)N,186.30338436632076,193.958432,0.53646,-0.65168,185.16800000000003,9.03406064402935,-9.312280191811,-1.0555296260895,8.2567505657215,3.2546544662016523,0,1,-0.2695999999999997,3,4,ok,False,10.49678344121195,1.3344946507276154,1.3344946507276154,7.881221988224464,13.112344894199435,18.18,0.5,1.0,4.3371061516188643e-10,8.992810470110372e-11,11.831278091939565,2.0434507486529117,2.714196543365607,0.7528750096037741,True,0.5673262294743551,5.10185725638522e-11
103204-95-1,O=C(O)C1=CC(OC)=C(C=C1C(=O)O)C,186.587160154526,194.452231,0.53143,-0.66615,180.90400000000005,3.400348983560364,-8.019467288085501,-0.5232749345115,7.496192353574001,2.433850454989566,0,2,1.40002,2,3,ok,False,12.427606723349118,1.012338189974873,1.012338189974873,10.4434603308239,14.411753115874337,18.18,0.5,1.0,3.283342226702563e-10,5.1307510410046844e-11,13.439944913323991,0.464190322687155,2.714196543365607,0.17102310583284377,True,0.9711747063462592,4.9828556355834886e-11
1812208-96-0,O=C(O)C1=CC=C(C=C1C(=O)O)CN(C)CC(=O)O,189.08779595897863,236.33318,0.53194,-0.66644,229.88000000000005,2.4879841016373074,-7.891845892201,-0.6778356015955,7.214010290605501,2.545028283393055,0,1,0.5994000000000002,3,4,ok,False,11.590638556092424,1.149123363522048,1.149123363522048,9.338398149795681,13.842878962389166,18.18,0.5,1.0,3.4282396659009027e-10,6.08716599313415e-11,12.739761919614471,1.2830482615904664,2.714196543365607,0.472717521038283,True,0.7997453978166218,4.868182988754882e-11
71295-20-0,O=C(O)C1=C(O)C=C(OC)C(=C1C(=O)O)CCCC,163.42583791480794,253.2663883333333,0.53755,-0.65844,237.2800000000001,3.306177281998048,-7.8142934448084995,-0.456607041139,7.3576864036695,2.324364993808705,2,1,2.1398,3,4,ok,False,-1.210813300092605,3.2481505033127878,3.2481505033127878,-7.577071302951318,5.1554447027661086,18.18,0.5,1.0,4.5703404170936447e-10,2.3094133507339437e-10,2.037337203220183,3.427434809974952,2.714196543365607,1.2627806259472014,False,0.2029866817434727,4.6878015283955797e-11
63196-15-6,O=C(O)C1=CC=C(OC2=CC=C(C=C2)C)C=C1C(=O)O,186.6732607705051,273.1227463333333,0.53315,-0.66083,235.36800000000005,3.758531022886468,-8.177021207525,-0.5363363993354999,7.6406848081895,2.484155631693437,0,1,3.183720000000001,2,3,ok,False,12.4285984430202,1.0102202803913307,1.0102202803913307,10.448603077001236,14.408593809039163,18.18,0.5,1.0,3.043587085594569e-10,4.737767825405696e-11,13.43881872341153,0.5266552137273057,2.714196543365607,0.19403724281302512,True,0.9630495144817631,4.562705003984274e-11
90273-39-5,O=C(O)C1=CC(Cl)=C(OC)C=C1C(=O)O,186.72255287663967,191.02114266666663,0.53457,-0.6582,179.14400000000003,5.068373472821434,-8.2366141407845,-0.6362021824690001,7.6004119583155,2.589559287640318,0,2,1.745,2,3,ok,False,12.140339666076416,1.0551640372061513,1.0551640372061513,10.072256155370479,14.208423176782354,18.18,0.5,1.0,2.863500641159442e-10,4.649154987268614e-11,13.195503703282567,0.8731166514522904,2.714196543365607,0.3216851239408126,True,0.9016928671406957,4.1921098902517014e-11
2520422-38-0,O=C(O)C1=CC=C(C#CC(O)CCCCC)C=C1C(=O)O,186.8907828035568,295.0352166666667,0.53296,-0.66182,270.36800000000005,2.099460704562007,-8.332670330011,-0.9891338465675,7.3435364834435,2.9582488390433324,0,1,2.3757,3,3,ok,False,11.693960762544116,1.1272134880647564,1.1272134880647564,9.484662923049424,13.903258602038807,18.18,0.5,1.0,2.8661927605256956e-10,4.971389558310475e-11,12.821174250608872,1.2137432216708284,2.714196543365607,0.44718324641508284,True,0.8187529771100557,4.070340001240546e-11
2522108-69-4,O=C(O)C1=CC=C(C#CC=CCO)C=C1C(=O)O,187.2305778607282,267.25721766666663,0.53296,-0.66186,214.69600000000003,3.494756934323187,-7.800687752283499,-1.1632867108875,6.637401041395999,3.026517370098588,0,1,0.983,3,3,ok,False,11.737781664729864,1.1202737915808183,1.1202737915808183,9.542085380407329,13.9334779490524,18.18,0.5,1.0,2.8794062968278736e-10,4.96409045156858e-11,12.858055456310682,1.3645016738526512,2.714196543365607,0.5027276588307299,True,0.7766735962240404,3.8554779830011895e-11
82520-81-8,O=C(O)C1=CC(Br)=C(S)C=C1C(=O)O,186.6394644772027,205.33360033333332,0.53436,-0.65689,176.50400000000005,0.7752465736783363,-8.118516729667501,-0.891444974238,7.227071755429501,2.8081708834859658,0,2,2.1342,3,3,ok,False,11.406426403144144,1.1710272778536366,1.1710272778536366,9.111255113637037,13.70159769265125,18.18,0.5,1.0,2.627803892376425e-10,4.725559250175079e-11,12.577453680997781,1.2508766243347915,2.714196543365607,0.46086442317242915,True,0.8086443975873202,3.821297013121015e-11
1779992-55-0,O=C(O)C1=CC=2C=NN(C2C=C1C(=O)O)C,185.6814509059499,209.567225,0.53128,-0.66781,181.04000000000005,2.5299353292129823,-7.8872199567425,-0.5442277010000001,7.3429922557425,2.4203113366236004,0,2,0.9697,2,4,ok,False,12.262153097220917,1.0317061790553348,1.0317061790553348,10.240046143645028,14.284260050796806,18.18,0.5,1.0,2.476050187921679e-10,3.917533405582572e-11,13.293859276276251,0.5014533024917112,2.714196543365607,0.18475202310511693,True,0.9664426595385384,3.786071403322288e-11
1344546-03-7,O=C(O)C1=CC=CC(=C1C(=O)O)CC(N)CC(=O)O,160.5238504235691,234.019942,0.53394,-0.65909,229.34400000000005,6.005167104252804,-8.575395884656999,-0.5621872151330001,8.013208669523998,2.604931069095934,1,0,0.4274999999999998,4,4,ok,False,-3.238484987775532,3.6329727959794624,3.6329727959794624,-10.358980824709061,3.8820108491579957,18.18,0.5,1.0,8.036754260701294e-10,4.6041182161855165e-10,0.39448780820393026,4.302968732093928,2.714196543365607,1.585356352550004,False,0.08099606023467908,3.729154363657453e-11
3062824-86-3,O=C(O)C1=CC(F)=C(OC)C=C1C(=O)O,186.4434699497388,173.50962866666669,0.53352,-0.66092,169.40800000000004,4.477991318660633,-8.263553411984,-0.6375627517215,7.6259906602625,2.597363165307499,0,2,1.2307,2,3,ok,False,12.247354575267961,1.0329757632255054,1.0329757632255054,10.222759282443196,14.271949868092726,18.18,0.5,1.0,2.3727762555002367e-10,3.755071886395784e-11,13.280330338493467,0.7590630484751335,2.714196543365607,0.2796639949787477,True,0.9247684010269704,3.472571824123559e-11
22895-22-3,O=C(O)C1=CC=C(OCC)C=C1C(=O)O,186.83991934522783,192.49594833333333,0.53285,-0.66198,180.58400000000003,3.8600037422261657,-8.142734862362,-0.479464604581,7.663270257780999,2.425280629123961,0,1,1.4817,2,3,ok,False,12.360541233576486,1.0138406726271387,1.0138406726271387,10.373450029165431,14.34763243798754,18.18,0.5,1.0,2.2851963852948083e-10,3.546412858531414e-11,13.374381906203624,0.5399586180334255,2.714196543365607,0.1989386580545402,True,0.9611963334627653,3.4087990365656e-11
2644109-09-9,O=C(O)C=1C=CC=C(C#CC(OC)(C)C)C1C(=O)O,167.90819380090082,258.60878933333333,0.5357,-0.65258,236.51200000000009,3.159663319089552,-8.320969434439501,-0.7104892636555,7.610480170784001,2.6794382346768906,1,0,1.8595,2,3,ok,False,4.768610528246531,2.2325403222615314,2.2325403222615314,0.39291190258048303,9.144309153912578,18.18,0.5,1.0,2.3144830194641175e-10,7.911819387678794e-11,7.001150850508062,2.5653145505479613,2.714196543365607,0.9451469374310558,True,0.4093017035709163,3.238321153722334e-11
2587035-40-1,O=C(O)C1=CC=C(C#CCCCN)C=C1C(=O)O,186.03469003189824,253.38941366666663,0.53275,-0.66267,223.87200000000004,0.4645631711618991,-8.137292585352,-0.94151392273,7.195778662622001,2.8636486569320807,0,1,1.1734,3,3,ok,False,11.312988428813542,1.1811171693801583,1.1811171693801583,8.998041315306537,13.627935542320547,18.18,0.5,1.0,2.2255839900232034e-10,4.021329376723423e-11,12.4941055981937,1.297172849253379,2.714196543365607,0.4779214874560569,True,0.7957987528368246,3.200168902742585e-11
223387-87-9,O=C(O)C1=CC=C(OC(C)C)C=C1C(=O)O,187.0311012155784,210.23592466666665,0.5326,-0.66245,197.94400000000005,4.3475302253118375,-8.090489003065999,-0.52245859296,7.568030410105999,2.450534097776273,0,1,1.8702,2,3,ok,False,12.315266310367498,1.0198122798199882,1.0198122798199882,10.316470970928638,14.314061649806359,18.18,0.5,1.0,2.1727495925874284e-10,3.387844460872774e-11,13.335078590187486,0.6482428370285814,2.714196543365607,0.23883415466470218,True,0.9445546301433779,3.2000041717229746e-11
1344454-40-5,O=C(O)C1=CC=CC(=C1C(=O)O)C(N)C,162.85466588231364,194.83717966666669,0.53441,-0.65644,184.2800000000001,4.489972750474105,-8.4804281508325,-0.549125750309,7.9313024005235,2.569970212213765,1,0,1.1027,3,3,ok,False,-0.91333854568094,3.1694234548421027,3.1694234548421027,-7.125294368927972,5.298617277566092,18.18,0.5,1.0,3.1649619899287004e-10,1.5470916984681194e-10,2.2560849091611628,3.451281986775104,2.714196543365607,1.2715667165707574,False,0.19851672714136387,3.0712358056746484e-11
54451-50-2,O=C(O)C1=CC=C(N=NC2=CC=C(N)C=3C=CC=CC23)C=C1C(=O)O,188.4830824950733,400.1893883333334,0.53336,-0.66083,284.85600000000005,7.927654306918282,-6.740804304586,-1.269683226433,5.471121078153,2.9321189189562475,0,1,4.233800000000001,3,5,ok,False,10.851986305802365,1.2565444621363087,1.2565444621363087,8.389204415041947,13.314768196562783,18.18,0.5,1.0,2.335238040680352e-10,4.4938766591938486e-11,12.108530767938674,1.6869427734742501,2.714196543365607,0.6215256509694169,True,0.6795706109062847,3.053906506625857e-11
1344454-49-4,O=C(O)C1=CC=CC(=C1C(=O)O)C(N)CO,160.54493195244947,200.08966266666667,0.53429,-0.65867,192.44800000000004,3.1746614465167777,-8.483421403188,-0.612800391326,7.870621011862,2.628167803096165,1,0,0.0751,4,4,ok,False,-2.8770807118166086,3.5367303692952214,3.5367303692952214,-9.808944858664287,4.05478343503107,18.18,0.5,1.0,5.465018500002629e-10,3.0196611442605877e-10,0.6596496574786128,4.125946427489621,2.714196543365607,1.520135466082881,False,0.09918070047889073,2.994921074966538e-11
1010100-11-4,O=C(O)C1=CC=C(C=C1C(=O)O)NCC=2C=CC=CC2,190.68787801461588,288.644406,0.53085,-0.6654,238.99200000000005,6.04235653863623,-7.3538768097625,-0.3752449998395,6.978631809923,2.140080089292046,0,1,2.695100000000001,3,3,ok,False,10.493064078241563,1.3081035380985744,1.3081035380985744,7.929228255518939,13.056899900964186,18.18,0.5,1.0,1.9418715701213917e-10,3.873838182995847e-11,11.801167616340138,1.4597988704380511,2.714196543365607,0.5378383057801329,True,0.7488099670842822,2.9007686422989554e-11
99865-99-3,O=C(O)C1=CC(OCC)=C(C=C1C(=O)O)C,186.7155886267944,211.32374566666667,0.53146,-0.66653,197.68800000000005,3.7381121732767735,-7.9998750908495,-0.5129346081924999,7.486940482656999,2.419811174536872,0,2,1.79012,2,3,ok,False,12.331766684968134,1.0137889177601294,1.0137889177601294,10.34477691823244,14.318756451703827,18.18,0.5,1.0,1.901712524573908e-10,2.938762729011395e-11,13.345555602728263,0.5284698684934341,2.714196543365607,0.19470582179657883,True,0.9627992451956542,2.8294385373012917e-11
2520512-63-2,O=C(O)C=1C=CC=C(C#CC(=C)C)C1C(=O)O,167.73454922897844,250.819888,0.53722,-0.65209,204.89600000000004,3.5439578171868806,-7.79334067832,-0.8185184623039999,6.974822216016,2.658279865816834,1,0,2.0106,2,2,ok,False,4.537085439048919,2.262983619304018,2.262983619304018,0.10171904760894357,8.972451830488895,18.18,0.5,1.0,2.0565242492806184e-10,7.106611839806954e-11,6.800069058352937,2.611442967685485,2.714196543365607,0.9621421757642107,True,0.39624698352125076,2.8159735045799118e-11
2558873-26-8,O=C(O)C=1C=CC=C(C#CC2COCC2)C1C(=O)O,168.63071263256387,253.80789833333333,0.53636,-0.6531,226.4240000000001,2.243844945623472,-8.1800144598805,-0.725455525433,7.454558934447499,2.6596944352012684,1,0,1.471,2,3,ok,False,5.20161878094391,2.1536581382904605,2.1536581382904605,0.9805263948830243,9.422711167004795,18.18,0.5,1.0,1.9451577589145672e-10,6.388916082929474e-11,7.35527691923437,2.463337340887441,2.714196543365607,0.9075751521785154,True,0.4388082906466962,2.803509345435468e-11
3002680-36-3,O=C(O)C=1C=C2C(=CC1C(=O)O)C(NCC3C4CCCCC34)CC2,189.1463710254557,334.2830823333333,0.53128,-0.66805,306.6160000000001,2.468873234898868,-7.9525272808625,-0.5711669721995001,7.381360308663,2.46070374164007,0,2,3.0961000000000016,3,3,ok,False,11.390915874743783,1.1636410123199374,1.1636410123199374,9.110221399662976,13.67161034982459,18.18,0.5,1.0,1.8757464554315971e-10,3.3260545567717003e-11,12.55455688706372,1.271799451284028,2.714196543365607,0.4685730863495225,True,0.8028713920107476,2.6703940518989852e-11
34240-10-3,O=C(O)C=1C=C(C(=O)O)C(=CC1C(=O)O)C,186.96029061909843,194.771365,0.53431,-0.65752,183.25600000000009,4.5726500522126114,-8.8858777880775,-1.0136240931125,7.872253694965001,3.1122008160879044,0,2,1.08962,3,3,ok,False,11.578507096451524,1.1335375903355212,1.1335375903355212,9.356814244271584,13.800199948631464,18.18,0.5,1.0,1.8653949327786464e-10,3.2217234204170676e-11,12.712044686787046,1.4037509320201298,2.714196543365607,0.517188386910064,True,0.7653027073389674,2.4655936559425404e-11
4445-49-2,O=C(O)C1=CC=CC(C=2C=CC=CC2)=C1C(=O)O,168.77443829935794,251.570177,0.53447,-0.65586,209.73600000000005,2.2767742488002627,-8.1783817767775,-0.618786896037,7.559594880740499,2.559336111221877,1,0,2.750000000000001,2,2,ok,False,4.942418450438431,2.1872015587324607,2.1872015587324607,0.6555821683929404,9.229254732483923,18.18,0.5,1.0,1.6831560601740864e-10,5.596047600771281e-11,7.129620009170893,2.464520228994716,2.714196543365607,0.9080109673777375,True,0.4384612165181053,2.4536498387274005e-11
1344440-61-4,O=C(O)C1=CC=C(C=C1C(=O)O)CCC(N)C,189.7693688649027,231.588394,0.5317,-0.66698,218.12800000000004,4.055659263301098,-8.0951149385245,-0.6152494159805001,7.479865522543999,2.5358225679178643,0,1,1.3628000000000002,3,3,ok,False,11.50985085949254,1.1413081608990878,1.1413081608990878,9.272927968868682,13.746773750116397,18.18,0.5,1.0,1.6669779182251743e-10,2.89138560058489e-11,12.651159020391628,1.2670601191629474,2.714196543365607,0.4668269592561603,True,0.8041838153407987,2.3252055038998038e-11
2107-46-2,O=C(O)C1=CC=C2OCOC2=C1C(=O)O,185.21931474473055,175.04140500000003,0.53338,-0.65478,163.16000000000005,2.367627998651815,-7.868171987207501,-0.63674641017,7.231425577037501,2.5006700330200737,1,1,0.8116999999999999,2,4,ok,False,12.241335002915541,1.0229711885669708,1.0229711885669708,10.236348316102145,14.246321689728937,18.18,0.5,1.0,1.5461172870014334e-10,2.399608749529677e-11,13.264306191482511,0.5319346655687816,2.714196543365607,0.19598236791989349,True,0.962319186609787,2.3091895400291268e-11
104941-69-7,O=C(O)C=1C=CC=CC1NS(=O)(=O)C2=CC=C(C(=O)O)C(=C2)C(=O)O,189.03305517675653,322.890683,0.53627,-0.65086,283.21600000000007,9.171786099773588,-8.175388524421999,-1.1393406920435,7.036047832378499,3.082845030444662,0,1,1.582,4,5,ok,False,10.879715273855066,1.2471408423186399,1.2471408423186399,8.435364139261585,13.324066408448546,18.18,0.5,1.0,1.9935237620258322e-10,3.793811484575951e-11,12.126856116173705,1.919314295997943,2.714196543365607,0.7071390245077798,True,0.6065030025561684,2.3009580565273892e-11
2419694-45-2,O=C(O)C1=CC=C(C=C1C(=O)O)NS(=O)(=O)C=2C(=CC(=CC2C)C)C,189.61749232643027,353.98214433333334,0.53322,-0.6598,305.80000000000007,8.628142535331692,-8.259743818077,-0.706951783599,7.552792034478,2.6613214572203097,0,1,2.809060000000001,3,4,ok,False,10.440865143159218,1.3136201078923402,1.3136201078923402,7.866217042322612,13.015513243995825,18.18,0.5,1.0,1.7812434324893404e-10,3.5613857053796974e-11,11.754485251051559,1.8597847109980754,2.714196543365607,0.6852063515974934,True,0.6253100049671677,2.2269701131209786e-11
105553-71-7,O=C(O)C1=CC=C(OC2=CC=C(C=C2)C(=O)C3=CC=C(C(=O)O)C(=C3)C(=O)O)C=C1C(=O)O,188.44074978322075,437.3948423333334,0.53327,-0.65997,365.63200000000006,5.302563223574048,-8.123686892827001,-1.292540789875,6.831146102952001,3.244892673799196,0,1,3.502700000000001,4,6,ok,False,11.92780751043351,1.073078073220011,1.073078073220011,9.824613134322654,14.031001886544367,18.18,0.5,1.0,1.5633863677883743e-10,2.5458985371325058e-11,13.00088558365352,1.1919921627083747,2.714196543365607,0.4391694351029948,True,0.8245893346766201,2.0993207808882734e-11
248595-23-5,O=C(O)C=1C(O)=CC=C(C1C(=O)O)CCC,163.4026703457103,207.14756033333333,0.53173,-0.65911,197.54400000000004,4.0679514574291575,-7.9802828936134995,-0.474022327571,7.506260566042499,2.380522103652177,2,0,1.7411,3,3,ok,False,-1.281951748372805,3.190879886102067,3.190879886102067,-7.535961404126126,4.972057907380516,18.18,0.5,1.0,1.9756486555222355e-10,9.617667625145659e-11,1.9089281377292622,3.4158391755755906,2.714196543365607,1.2585084097631138,False,0.2051849692895813,1.9734008363029123e-11
868946-72-9,O=C(O)C1=CC=2OCCCOC2C=C1C(=O)O,186.4800961992601,210.62599466666663,0.53103,-0.66989,195.92800000000005,3.7866073548758656,-7.996881838494,-0.5744323384055,7.4224495000885,2.474500726419304,0,2,1.2443000000000002,2,4,ok,False,12.291936815856017,1.0109607542131143,1.0109607542131143,10.310490147814864,14.27338348389717,18.18,0.5,1.0,1.3179739426463884e-10,2.0142670474941773e-11,13.302897570069131,0.5516986997184437,2.714196543365607,0.2032640934080391,True,0.9595255919961337,1.932740781185155e-11
1822826-56-1,O=C(O)C=1C(OCC=2C=CC=CC2)=CC=C(C(=O)C)C1C(=O)O,166.678257600366,309.90676833333333,0.5331,-0.65001,271.26400000000007,8.081653453347279,-8.2948465047915,-0.735251624051,7.559594880740501,2.696661444923134,2,0,2.864600000000001,2,4,ok,False,3.1338126428075324,2.4919755978410794,2.4919755978410794,-1.7503697793136528,8.017995064928717,18.18,0.5,1.0,2.2089467736815163e-10,8.419513596817863e-11,5.625788240648612,3.3390222097453766,2.714196543365607,1.2302064925648255,False,0.2201583950149042,1.853626600281584e-11
108604-58-6,O=C(O)C=1C=2OC(=CC2C=C(C1C(=O)O)CC)C,167.95111863079606,243.46379466666667,0.53424,-0.66162,214.87200000000004,3.5838274358568105,-7.8061300292935005,-0.708584466702,7.097545562591501,2.5537124879633786,2,1,2.700020000000001,2,3,ok,False,4.274346238170659,2.280097364952295,2.280097364952295,-0.19456247838051954,8.743254954721838,18.18,0.5,1.0,1.3248552987974698e-10,4.567183233250332e-11,6.554443603122953,2.603349309960663,2.714196543365607,0.9591602039005277,True,0.39852370508116775,1.8201307838995095e-11
2520521-48-4,O=C(O)C1=CC=C(C#CC(N)CCC)C=C1C(=O)O,187.78831621838071,269.5146306666666,0.53288,-0.66168,240.57600000000005,3.5601419114973494,-8.199334543266,-0.9695416493315,7.2297928939344995,2.907008951311423,0,1,1.5619,3,3,ok,False,11.621634419366625,1.117728847142134,1.117728847142134,9.430926134486567,13.812342704246683,18.18,0.5,1.0,1.3515272127836133e-10,2.2849773042920976e-11,12.739363266508759,1.321139736897544,2.714196543365607,0.486751683523747,True,0.7890487275591067,1.8029584344531175e-11
27229-61-4,O=C(O)C1=CC=CC(=C1C(=O)O)N(C)C,168.80721181544186,199.708726,0.53336,-0.65736,183.50400000000005,3.508918930382974,-7.4170072230785,-0.4938866386575,6.923120584421,2.259900030936925,1,0,1.1489999999999998,2,3,ok,False,3.8467759645548263,2.3438000094252827,2.3438000094252827,-0.7469876408833667,8.44053956999302,18.18,0.5,1.0,1.236118463086834e-10,4.373545567502758e-11,6.190575973980109,2.58189781552894,2.714196543365607,0.9512567620940905,True,0.4045866188121503,1.7694780133768077e-11
1344511-89-2,O=C(O)C1=CC=CC(=C1C(=O)O)C(N)(C)CO,160.97353139485597,217.53211166666668,0.53291,-0.67097,208.8400000000001,3.2973365645623742,-8.4325361131445,-0.4449061455675,7.987629967577001,2.4665946399828,1,0,0.2492000000000002,4,4,ok,False,-3.3463955300835817,3.560329608346955,3.560329608346955,-10.32451333553521,3.6317222753680465,18.18,0.5,1.0,3.0734541356589937e-10,1.6865047115444765e-10,0.21393407826337318,4.104172940934488,2.714196543365607,1.5121133917020277,False,0.10162284575063152,1.7138740815899764e-11
167490-20-2,O=C(O)C=1C=C2C(=CC1C(=O)O)CCCC2,185.56039216844192,215.67358033333332,0.53034,-0.67309,194.65600000000003,2.9095221652360714,-8.405596841945,-0.530622008475,7.87497483347,2.5351194458171453,0,2,1.9618,2,2,ok,False,12.27747820447671,1.0096355648726796,1.0096355648726796,10.298628859815505,14.256327549137914,18.18,0.5,1.0,1.1382948423040261e-10,1.7317055324371236e-11,13.28711376934939,0.52687657334332,2.714196543365607,0.19411879903508847,True,0.9630190281485029,1.6676653788869847e-11
92724-35-1,O=C(O)C1=CC=CC(C2=CC=C(C=C2)C)=C1C(=O)O,168.66414158664622,270.879895,0.53441,-0.65665,226.74400000000009,2.807031089959639,-7.915791911045,-0.6021879511565,7.3136039598885,2.480171927916932,1,0,3.058420000000001,2,2,ok,False,4.520690000561528,2.2308312335722706,2.2308312335722706,0.14834112717281656,8.893038873950239,18.18,0.5,1.0,1.097054158356495e-10,3.6846224569236564e-11,6.751521234133799,2.4935974975882305,2.714196543365607,0.9187239972298272,True,0.42996400500633,1.5842550285151587e-11
1451010-90-4,O=C(O)C1=CC=C(O)C(=C1C(=O)O)N(=O)=O,172.8304414618674,184.354578,0.53668,-0.64412,170.67200000000005,6.945757459053692,-8.726691185535,-1.7616650681370003,6.965026117397999,3.9484997992023527,1,1,0.6967999999999999,3,5,ok,False,7.816301881707112,1.7279478293795558,1.7279478293795558,4.42958636895902,11.203017394455204,18.18,0.5,1.0,1.6177535539459133e-10,4.245430910610496e-11,9.544249711086668,2.710095723300898,2.714196543365607,0.9984891219190694,True,0.36899192206990045,1.5665297117211346e-11
294890-18-9,O=C(O)C1=CC=C(OC2=CC=CC(=C2)NC(=O)C=3C=CC=CC3)C=C1C(=O)O,190.24026346087877,395.350827,0.53306,-0.66049,321.46400000000006,5.578151871363848,-7.818919380266999,-0.6299435639075001,7.188975816359499,2.4823871603171392,0,1,4.127600000000003,3,4,ok,False,11.191249491630131,1.1785271022613037,1.1785271022613037,8.881378816393623,13.50112016686664,18.18,0.5,1.0,1.0466828050295688e-10,1.8552384258197743e-11,12.369776593891435,1.3018304860877032,2.714196543365607,0.47963751529704324,True,0.7944921717705143,1.4739724060816627e-11
75293-73-1,O=C(O)C1=CC=C(OC2=CC=C(OC)C=C2)C=C1C(=O)O,187.14253085655565,278.4138686666667,0.53319,-0.66071,244.39200000000005,4.8720109451847495,-7.76068701626,-0.5782419323125001,7.1824450839475,2.4204061150691825,0,1,2.883900000000001,2,4,ok,False,12.104119222927007,1.03353433633017,1.03353433633017,10.078429146934367,14.129809298919648,18.18,0.5,1.0,9.923641114699254e-11,1.5407365237797985e-11,13.137653559257178,0.7422058697144649,2.714196543365607,0.2734532513972362,True,0.9279506924904655,1.4297275241868166e-11
2501557-17-9,O=C(O)C=1C=CC=C(C#CC(C(=O)O)(C)C)C1C(=O)O,162.9429499109571,259.57287033333336,0.53648,-0.65414,238.84800000000007,6.359801758702861,-8.2719889413495,-0.7322583716955,7.539730569654,2.6883079217974863,1,0,1.5453,3,3,ok,False,-0.8993130270248297,3.1172166338007226,3.1172166338007226,-7.008945361283429,5.210319307233769,18.18,0.5,1.0,1.681749176957709e-10,7.96871314378649e-11,2.217903606775893,3.5936140977437523,2.714196543365607,1.3240065854949716,False,0.17325453963880041,1.3806157272403862e-11
39155-65-2,O=C(O)C1=C2C=CC=CC2=C(C(=O)O)C(C(=O)O)=C1C(=O)O,162.0987635875073,280.69683000000003,0.53508,-0.64087,237.48000000000005,5.70064445304213,-8.1353877883985,-1.250091029197,6.8852967592015,3.198381119804829,2,2,1.6326,4,4,ok,False,-0.9018892934289386,3.141812426069365,3.141812426069365,-7.059728494705305,5.255949907847428,18.18,0.5,1.0,2.292714358952345e-10,1.1027041456701289e-10,2.2399231326404263,3.948043876745145,2.714196543365607,1.4545902677517841,False,0.1205328623013194,1.329120869491517e-11
98589-66-3,O=C(O)C1=CC=C(OC)C(=C1C(=O)O)N(=O)=O,173.08295746637077,201.587475,0.53652,-0.64326,187.36800000000005,6.950261498677586,-8.578661250863,-1.726834495273,6.85182675559,3.874997367927547,1,1,0.9997999999999998,2,5,ok,False,9.895658841980516,1.3927499427213135,1.3927499427213135,7.1659191147765195,12.625398569184513,18.18,0.5,1.0,1.420717233585343e-10,2.9963202275668944e-11,11.28840878470183,2.4705451923675055,2.714196543365607,0.9102307636513406,True,0.43669509824177266,1.3084783561411356e-11
1344574-24-8,O=C(O)C=1C=C2C(=CC1C(=O)O)C(N)CC2,187.5078293705727,211.19686133333332,0.53088,-0.67071,191.00000000000009,0.9820657462716028,-8.273621624452499,-0.5727996553025,7.700821969149999,2.540610917003843,0,2,1.029,3,3,ok,False,11.03447744781025,1.199669774895436,1.199669774895436,8.683167895673922,13.385786999946578,18.18,0.5,1.0,9.26692982801687e-11,1.66752789102292e-11,12.234147222705687,1.3464559424820361,2.714196543365607,0.4960790130593966,True,0.7818484249605651,1.3037540551740827e-11
2639420-64-5,O=C(O)C=1C=C2C(=CC1C(=O)O)C(NC(=O)OCC3C=4C=CC=CC4C=5C=CC=CC53)CC2,189.41638340015467,468.0648416666666,0.53198,-0.6659,384.8880000000001,2.927172183182944,-7.4888452796105,-0.605181203512,6.8836640760985,2.3793020688271214,0,2,4.609000000000004,3,4,ok,False,11.198358684579565,1.1730839019133474,1.1730839019133474,8.899156485985687,13.497560883173444,18.18,0.5,1.0,8.985154444858269e-11,1.5799178875248146e-11,12.371442586492913,1.2516066964776764,2.714196543365607,0.4611334059565497,True,0.8084438773946405,1.2772749429557107e-11
1344553-85-0,O=C(O)C1=CC=CC(=C1C(=O)O)C(N)(C)CCO,161.01034353708363,233.8993713333333,0.53347,-0.65157,225.25600000000009,3.188193949558276,-8.538660514839501,-0.4778319214779999,8.060828593361501,2.5213641163739355,1,0,0.6393,4,4,ok,False,-3.212239068931586,3.507991255160839,3.507991255160839,-10.08777558712829,3.6632974492651176,18.18,0.5,1.0,2.1784104489680247e-10,1.1684702175103633e-10,0.29575218622925314,4.081238709058189,2.714196543365607,1.5036636602585338,False,0.1042457274139346,1.218080277858862e-11
1822662-75-8,O=C(O)C=1C(F)=CC=C(SC)C1C(=O)O,168.390173722461,190.803888,0.53648,-0.64892,179.40000000000003,2.9954668868141408,-8.194980721658,-0.7055912143465001,7.4893895073115,2.6444138307485665,2,0,1.944,2,3,ok,False,4.829923769775608,2.168761105001588,2.168761105001588,0.5792301129012047,9.080617426650011,18.18,0.5,1.0,8.504617873173768e-11,2.761348235406448e-11,6.9986848747771955,2.490941481470486,2.714196543365607,0.9177454328276888,True,0.4307373895898119,1.1894159306674067e-11
705966-93-4,O=C(O)C1=CC=C(Cl)C(C(=O)O)=C1C(=O)O,163.95170137734544,189.636058,0.53667,-0.63642,181.76000000000005,3.194121084116881,-8.990641620520002,-0.9586570953115,8.031984525208502,3.081073694370593,2,0,1.4346,3,3,ok,False,1.3638743747335482,2.7269021894797176,2.7269021894797176,-3.9807557060101164,6.708504455477213,18.18,0.5,1.0,1.0758134000912706e-10,4.414851652423765e-11,4.090776564213266,3.128975121824453,2.714196543365607,1.1528181809356075,False,0.26474458226569125,1.1688080564859265e-11
441772-77-6,O=C(O)C=1C=C(C(=CC1C(=O)O)C(C)(C)C)C(C)(C)C,184.8735036597111,292.518685,0.5318,-0.67172,269.6720000000001,2.7506014924012527,-8.4847819724405,-0.6310320193094999,7.853749953130999,2.645171581349395,0,2,3.6780000000000026,2,2,ok,False,12.216059360222088,1.0105593982359256,1.0105593982359256,10.235399335441205,14.196719385002972,18.18,0.5,1.0,7.954223714805142e-11,1.2016462474459698e-11,13.226618758458013,0.6154867048822078,2.714196543365607,0.2267657095012742,True,0.9498770849651581,1.1414162346832988e-11
2617464-26-1,O=C(O)C=1C=CC=C(C#CC(C)(C)C)C1C(=O)O,168.49421990794755,255.801951,0.53554,-0.6529,227.56800000000004,2.939378968421731,-8.14708868397,-0.6859990171105,7.4610896668595,2.6143446138150024,1,0,2.4806,2,2,ok,False,4.787432934055277,2.1693687239390966,2.1693687239390966,0.5355483659470321,9.03931750216352,18.18,0.5,1.0,7.569511547880755e-11,2.4521493436496268e-11,6.956801657994373,2.480494566814211,2.714196543365607,0.9138964430845508,True,0.43378480507928274,1.0637051250603445e-11
343779-22-6,O=C(O)C1=CC=2OC=CC2C=C1C(=O)O,185.10311888379331,189.52746166666668,0.53168,-0.67031,165.15200000000004,2.604303795642897,-8.118788843518,-0.6206916929905,7.498097150527501,2.546596773644016,0,2,1.8292,2,3,ok,False,12.178583599438891,1.0139750589060919,1.0139750589060919,10.191229002761071,14.165938196116711,18.18,0.5,1.0,7.190053965867291e-11,1.087469859449134e-11,13.192558658344982,0.5288503504013577,2.714196543365607,0.1948460039469296,True,0.9627466698853108,1.0469579857853007e-11
313229-50-4,O=C(O)C1=CC=CC(=C1C(=O)O)CCCC,168.36943283489632,215.80494266666665,0.53459,-0.66378,205.54400000000004,3.14705006950954,-8.555531573570502,-0.5839563231730001,7.971575250397501,2.619627752073084,1,0,2.4256,2,2,ok,False,4.700146269836991,2.1801686256596504,2.1801686256596504,0.42709428331988875,8.973198256354094,18.18,0.5,1.0,7.167916711219447e-11,2.3308354995328092e-11,6.8803148954966415,2.502490598915794,2.714196543365607,0.9220005106235611,True,0.42737862818664274,9.961492783190602e-12
2999387-63-0,O=C(O)C1=CC=C(C(=C1C(=O)O)CCCCCC)CC,167.96856354048154,285.9993896666667,0.53389,-0.66267,272.52000000000004,3.988638401760681,-8.3873652139615,-0.5249076176145,7.862457596347,2.5255655134264656,1,1,3.768200000000003,2,2,ok,False,4.067636265731488,2.280537463049339,2.280537463049339,-0.4021350272395612,8.537407558702537,18.18,0.5,1.0,7.400084300373266e-11,2.5188638191762846e-11,6.348173728780827,2.637102019801579,2.714196543365607,0.9715958213297146,True,0.389069051814616,9.800119577770594e-12
81722-04-5,O=C(O)C=1C(OC)=CC=C(C1C(=O)O)C,168.50827188229238,190.1220316666667,0.53153,-0.65809,181.20800000000008,3.687839462341061,-7.8828661351345,-0.487083792395,7.3957823427394995,2.3681085564303315,2,0,1.40002,2,3,ok,False,3.9212415362291413,2.2995367597943575,2.2995367597943575,-0.5857676940937324,8.428250766552015,18.18,0.5,1.0,6.8972792269364e-11,2.3636457890440127e-11,6.220778296023498,2.587097525506815,2.714196543365607,0.9531725076544423,True,0.40311321363735414,9.528168499219315e-12
1780884-15-2,O=C(O)C1=CC=2N=NN(C2C=C1C(=O)O)C,184.7941116549021,198.5952,0.53296,-0.66276,177.03200000000004,6.10942720801222,-8.502197258872501,-0.8182463484535,7.683950910419001,2.8263672572254595,0,2,0.3646999999999999,2,5,ok,False,11.239632181903046,1.1592529794297282,1.1592529794297282,8.967538093250027,13.511726270556064,18.18,0.5,1.0,6.89278494814034e-11,1.1907785810568934e-11,12.398885161332775,1.315975715446799,2.714196543365607,0.4848490868000987,True,0.7905086839761385,9.413208090182583e-12
596790-80-6,O=C(O)C1=CC=C(OC2=CC=CC(=C2)NC(=O)C=3SC=CC3)C=C1C(=O)O,189.83953107459703,385.328579,0.53349,-0.66086,312.82400000000007,8.612013405702525,-7.875519061171,-0.676475032343,7.199044028828,2.539802600269863,0,1,4.1891000000000025,3,5,ok,False,10.216604178774151,1.3219056814475973,1.3219056814475973,7.625716652177983,12.80749170537032,18.18,0.5,1.0,7.646646356888349e-11,1.5097792980555146e-11,11.53850986022175,1.8750554463082156,2.714196543365607,0.6908325968108208,True,0.6204875885859682,9.36799315947482e-12
36528-51-5,O=C(O)C=1C=CC2=CC(C(=O)O)=C(C=C2C1)C(=O)O,186.0776487354537,261.8937876666667,0.53265,-0.66526,210.52800000000005,3.1168206701701653,-8.019739401936,-1.2024711053595,6.817268296576501,3.1188873219050794,0,2,1.9344,3,3,ok,False,11.492221475683712,1.1206538794034921,1.1206538794034921,9.295780232917775,13.688662718449649,18.18,0.5,1.0,7.091473726401487e-11,1.185045493357551e-11,12.612875355087205,1.3326710118466107,2.714196543365607,0.4910001875524081,True,0.785777831072668,9.311824774929362e-12
339252-13-0,O=C(O)C1=CC=C(OC2=CC=C(C=C2)NC(=O)C=CC=CC)C=C1C(=O)O,189.48530690843936,398.6494923333333,0.5332,-0.66062,322.28800000000007,10.17649819977383,-7.642589605143,-0.668311616828,6.974277988315,2.4759222114849617,0,1,3.946100000000002,3,4,ok,False,9.383903916329848,1.456209237812689,1.456209237812689,6.5297862562624545,12.23802157639724,18.18,0.5,1.0,8.639366576470603e-11,1.88412813040271e-11,10.840113154142536,2.4133717403102777,2.714196543365607,0.8891661682383891,True,0.453565097652422,8.545747594557804e-12
2528842-36-4,O=C(O)C=1C=CC=C(C#CCCCO)C1C(=O)O,163.27206328632377,241.52102133333327,0.53677,-0.65324,219.96800000000005,4.997275055467729,-8.161238604196,-0.741238128762,7.420000475434,2.6702859468557825,1,0,1.207,3,3,ok,False,-0.7144191265230067,3.0265198662498656,3.0265198662498656,-6.646289062867725,5.217450809821711,18.18,0.5,1.0,7.364385493866586e-11,3.326327283439872e-11,2.312100739726859,3.3941451931896074,2.714196543365607,1.2505156273542606,False,0.20934130216127075,6.963376849298651e-12
93305-72-7,O=C(O)C1=CC=C(C=C1C(=O)O)C(C(=O)O)(C)C,188.6786115838424,223.36292666666668,0.53215,-0.66505,216.6320000000001,4.164109280506457,-8.8178493254525,-0.6495357611435,8.168313564308999,2.7432645573726435,0,1,1.4452,3,3,ok,False,11.429954045798087,1.1211841594024614,1.1211841594024614,9.232473473332448,13.627434618263727,18.18,0.5,1.0,5.017646611802574e-11,8.326299715425127e-12,12.551138205200548,1.3259762552923522,2.714196543365607,0.48853361726271305,True,0.7876786355633403,6.558448399137493e-12
62155-89-9,O=C(O)C1=CC=C(C=C1C(=O)O)S(=O)(=O)NC=2C=CC=C(OC)C2,187.3651097624277,315.81244466666664,0.53685,-0.65133,282.61600000000004,10.549080160848147,-7.862185482496501,-1.0664141801095002,6.795771302387001,2.932702131511052,0,1,1.8924,3,5,ok,False,9.43392225886749,1.4411625845147336,1.4411625845147336,6.609295497351951,12.258549020383029,18.18,0.5,1.0,7.008512995533771e-11,1.5057555519762985e-11,10.875084843382224,2.4789657486606744,2.714196543365607,0.9133331757864351,True,0.4342314943393436,6.538464834444313e-12
705971-88-6,O=C(O)C1=CC(OC)=C(OC)C(C(=O)O)=C1C(=O)O,163.2231306898212,222.807008,0.53439,-0.64572,217.3040000000001,6.144889981928074,-8.2001508848175,-0.739605445659,7.4605454391584995,2.6780630149646614,2,1,0.7984,3,5,ok,False,-0.9004770271764873,3.0563789940484707,3.0563789940484707,-6.89086977861625,5.0899157242632755,18.18,0.5,1.0,7.448339545907635e-11,3.3982799894262726e-11,2.1559019668719834,3.52113959466728,2.714196543365607,1.2973045755562944,False,0.18581584771447116,6.3145427700636695e-12
53656-45-4,O=C(O)C1=CC=C(SC=2C=CC=CC2)C=C1C(=O)O,185.5277628101565,284.4015373333333,0.53267,-0.66205,228.80800000000005,3.284911607638781,-7.787354173609,-0.7094008082535,7.0779533653555,2.5499901417540327,0,1,3.2342000000000013,2,3,ok,False,12.136235858100436,1.0087942860962607,1.0087942860962607,10.15903538954197,14.113436326658903,18.18,0.5,1.0,4.386313131309979e-11,6.530191806760718e-12,13.145030144196697,0.5588866653828434,2.714196543365607,0.20591237828702827,True,0.9584863979890995,6.25910002304001e-12
2830605-80-4,O=C(O)C1=CC(Br)=C(O)C=C1C(=O)O,187.16851445447583,182.17053066666668,0.53461,-0.65656,166.66400000000004,1.1884199299910785,-8.4134881436095,-0.6620529982665,7.751435145343001,2.656457980796254,0,2,1.5510999999999997,3,3,ok,False,11.105319006131005,1.168507559390304,1.168507559390304,8.81508627406321,13.3955517381988,18.18,0.5,1.0,4.515088335584289e-11,7.79094488373713e-12,12.27382656552131,1.2789025466188955,2.714196543365607,0.47119010218510365,True,0.8008992561687088,6.2397619622364755e-12
330634-73-6,O=C(O)C1=CC=C(C=C1)NC(=O)C2=CC=C(C(=O)O)C(=C2)C(=O)O,189.1690965951581,320.2972876666667,0.53448,-0.65764,269.5040000000001,8.038823561939894,-8.074162172035999,-1.155939636924,6.918222535111999,3.0786368525794834,0,1,2.0335,4,4,ok,False,11.125111046052478,1.168492760585174,1.168492760585174,8.834907319109753,13.415314772995202,18.18,0.5,1.0,5.048248463914522e-11,8.731694076648353e-12,12.293603806637652,1.5806128284787444,2.714196543365607,0.5823501736977318,True,0.7123886036579863,6.22035935083223e-12
2582382-14-5,O=C(O)C=1C=CC=C(C#CC(N)C(C)C)C1C(=O)O,164.27269857110167,267.1939806666667,0.53613,-0.65136,239.9120000000001,1.747813522661957,-8.10355046789,-0.7099450359545,7.393605431935501,2.6265163765965505,1,0,1.4178000000000002,3,3,ok,False,-0.03704713224361811,2.900741453238068,2.900741453238068,-5.722395909052609,5.648301644565373,18.18,0.5,1.0,5.5008326230925087e-11,2.3663124839435002e-11,2.86369432099445,3.210991664939608,2.714196543365607,1.1830357948057715,False,0.24670211266275985,5.837742890091245e-12
1390722-01-6,O=C(O)C1=CC=C(C=C1C(=O)O)C(N)CC(=O)O,191.0482953067603,217.72923133333333,0.53168,-0.66609,213.1920000000001,5.267635873900169,-8.70220093899,-0.6925297495225,8.0096711894675,2.7548248430515887,0,1,0.5575000000000001,4,4,ok,False,11.36348022594014,1.1276386856019183,1.1276386856019183,9.153349014586295,13.573611437293986,18.18,0.5,1.0,4.3389392465506975e-11,7.218990783222684e-12,12.491118911542058,1.3371206139724592,2.714196543365607,0.49263956850907636,True,0.7845117380500091,5.663383006313024e-12
443905-30-4,O=C(O)C1=CC=C(OC2=CC=CC(=C2)NC(=O)COC3=CC=CC(=C3)C)C=C1C(=O)O,189.7828552743837,428.493866,0.53269,-0.6616,363.8320000000001,8.830060879744828,-7.750618803791501,-0.6479030780405001,7.102715725751001,2.4826831216081424,0,1,4.201220000000003,3,5,ok,False,9.955757579807374,1.3420109668915816,1.3420109668915816,7.325464417842099,12.586050741772649,18.18,0.5,1.0,3.992770061976944e-11,7.891935001795134e-12,11.297768546698956,1.950461938311826,2.714196543365607,0.7186148486849264,True,0.5966603229791647,4.708804487101659e-12
861589-57-3,O=C(O)C1=CC=CC(=C1C(=O)O)S(=O)(=O)C,167.81416159889514,199.15822033333333,0.53737,-0.6476,189.46400000000008,8.107409932894722,-9.3310560474955,-0.8253213085665,8.505734738929,3.0318368772606847,1,0,0.4865000000000001,2,4,ok,False,4.488600221649089,2.1997792182077864,2.1997792182077864,0.17711218002215112,8.800088263276027,18.18,0.5,1.0,5.5453335193677005e-11,1.8093263376230244e-11,6.688379439856876,3.1649216245487386,2.714196543365607,1.166062064401656,False,0.2567375972557054,4.6452209657280045e-12
293761-62-3,O=C(O)C1=CC=C(C(=O)C2=CC=C(OC3=CC=C(C(=O)O)C(=C3)C(=O)O)C=C2)C(=C1)C(=O)O,190.1341070993284,437.0786123333333,0.53302,-0.66054,364.9120000000001,5.554354985954714,-8.133482991445,-1.010630840757,7.122852150688,2.934737939499121,0,1,3.502700000000001,4,6,ok,False,11.497781367060254,1.101247609145401,1.101247609145401,9.339375715074425,13.656187019046083,18.18,0.5,1.0,3.471286100985038e-11,5.61356419544914e-12,12.599028976205656,1.2777182839372894,2.714196543365607,0.47075378054712175,True,0.8012284858031813,4.497747540278667e-12
2595194-30-0,O=C(O)C1=CC=C(C#CCC(O)C)C=C1C(=O)O,186.544949947954,246.93137,0.53297,-0.66197,220.61600000000004,1.8893008865715384,-8.2006951125185,-0.9564801845075,7.244214928011001,2.893821492520462,0,1,1.2054,3,3,ok,False,11.296861546700717,1.1295967362905943,1.1295967362905943,9.082892626517163,13.51083046688427,18.18,0.5,1.0,3.1575359213068406e-11,5.227165584729506e-12,12.42645828299131,1.2061468292068442,2.714196543365607,0.4443844835610986,True,0.8207985515648761,4.290449940735747e-12
2733858-31-4,O=C(O)C1=CC=C(SC2=CC=C(OC)C=C2)C=C1C(=O)O,186.0290258411457,309.3357256666667,0.53263,-0.66216,254.39200000000005,4.543077948924055,-7.7484418929875005,-0.738516990257,7.009924902730501,2.5688032356033608,0,1,3.2428000000000017,2,4,ok,False,11.932511644106668,1.031203801242942,1.031203801242942,9.911389332949701,13.953633955263635,18.18,0.5,1.0,3.00855276830204e-11,4.542079500355332e-12,12.96371544534961,0.7866902776549531,2.714196543365607,0.28984278223251153,True,0.919423129818529,4.17609295010128e-12
296779-99-2,O=C(O)C=1C=CC=C(C=C)C1C(=O)O,169.54676614377118,186.987582,0.53445,-0.65865,166.30400000000003,2.1923411185305994,-8.285866747725,-0.5738881107045001,7.711978637020501,2.544588744536238,1,0,1.726,2,2,ok,False,5.139322560442683,2.0671690203579045,2.0671690203579045,1.0877457305842446,9.190899390301123,18.18,0.5,1.0,2.8701487483742096e-11,8.677671673296451e-12,7.206491580800588,2.348364618287816,2.714196543365607,0.8652153890726871,True,0.47302943144956494,4.104794097925415e-12
858932-53-3,O=C(O)C1=CC2=CC=C(C=C2C=C1C(=O)O)N(C)C,187.50800186767452,301.62724,0.53022,-0.67332,227.92800000000005,6.478590548105352,-6.8461123647295,-0.5227307068105,6.323381657919,2.1467883464293744,0,2,2.3022,2,3,ok,False,11.201846607898696,1.1423227051340796,1.1423227051340796,8.962935247113533,13.44075796868386,18.18,0.5,1.0,2.9461308658761993e-11,4.9249520019127355e-12,12.344169313032776,1.2370684768905338,2.714196543365607,0.4557770438232772,True,0.8124241575603008,4.001149981178871e-12
669704-10-3,O=C(O)C1=CC=C(OC2=CC=CC(=C2)NC(=O)C3=CC=C(F)C=C3)C=C1C(=O)O,190.03020812060635,392.7358793333333,0.53326,-0.66072,326.9200000000001,7.432294825960552,-7.833069300493,-0.6125282774755,7.220541023017501,2.4696251368702504,0,1,4.266700000000003,3,4,ok,False,10.473329473878383,1.2530702914002854,1.2530702914002854,8.017356832636713,12.929302115120054,18.18,0.5,1.0,2.8913390881153093e-11,5.29985946945749e-12,11.726399765278668,1.6035236691650598,2.714196543365607,0.5907912870512644,True,0.7053689040607162,3.738356065647038e-12
3005636-86-9,O=C(O)C1=CC=C(C(=C1C(=O)O)CCCC)CCCC,168.7172058585601,285.96132900000003,0.53315,-0.66152,272.1840000000001,3.4559490577842724,-8.363691308968,-0.4808251738335,7.882866135134501,2.480870234047578,1,1,3.768200000000003,2,2,ok,False,4.3056803203142975,2.1899504546689523,2.1899504546689523,0.013456301236034918,8.59790433939256,18.18,0.5,1.0,2.6232970129385043e-11,8.386605436659838e-12,6.495630774983249,2.498906092574685,2.714196543365607,0.9206798596375922,True,0.428419936686028,3.592988970184506e-12
1344469-51-7,O=C(O)C1=CC=CC(=C1C(=O)O)C(N)(C)CO,161.66390344562603,217.58799033333327,0.53294,-0.67103,208.87200000000004,2.9024418616055,-8.373487407586,-0.4364706162019999,7.937016791384,2.4447271065736444,1,0,0.2492000000000002,4,4,ok,False,-3.406080979618892,3.4313619316585577,3.4313619316585577,-10.131426783591454,3.319264824353671,18.18,0.5,1.0,6.111585258101168e-11,3.1170488399394677e-11,0.02528095203966574,4.00997676971443,2.714196543365607,1.4774083990034317,False,0.11273271935994815,3.5139339210414795e-12
1804200-45-0,O=C(O)C1=CC=CC(C(=O)C(Cl)C)=C1C(=O)O,169.4983371145173,218.291455,0.5362,-0.65726,207.5600000000001,3.706574878509808,-9.1242495211155,-1.1741712649075,7.950078256208,3.3351077583158752,1,0,1.893,2,3,ok,False,7.4632650155422775,1.7097361158924458,1.7097361158924458,4.112243805325684,10.81428622575887,18.18,0.5,1.0,2.6812649799379563e-11,6.695328535781974e-12,9.173001131434724,2.2382521263424033,2.714196543365607,0.8246462960884063,True,0.5065959612804469,3.391826395672876e-12
1391002-69-9,O=C(O)C1=CC=C(C=C1C(=O)O)C(N)C=C,188.1319508929864,215.3274123333333,0.53189,-0.66554,196.18400000000003,2.94670925101205,-8.433896682397,-0.7099450359545,7.7239516464425,2.706187363587858,0,1,1.2688,3,3,ok,False,11.333482990998954,1.1185368658101267,1.1185368658101267,9.141191018630794,13.525774963367114,18.18,0.5,1.0,2.5502840939394067e-11,4.1618563285832815e-12,12.45201985680908,1.2392359327469387,2.714196543365607,0.45657560642615974,True,0.811832464688558,3.3787300809134384e-12
53812-59-2,O=C(O)C=1C=C(C(=O)O)C(C(=O)O)=C(C1C(=O)O)C(F)(F)F,168.3258975925949,214.61532166666663,0.53988,-0.63676,225.15200000000004,6.444553540005701,-9.580584448404,-1.420978527311,8.159605921093,3.708340484794216,1,2,1.4982000000000002,4,4,ok,False,3.2150967670344244,2.3792414320414945,2.3792414320414945,-1.4481307502924077,7.878324284361256,18.18,0.5,1.0,4.0178644048716844e-11,1.4081367720834537e-11,5.594338199075919,3.2563609874612274,2.714196543365607,1.19975135751346,False,0.23706917095618685,3.3382581715074537e-12
770744-13-3,O=C(O)C1=CC(OC=2C=CC=CC2)=C(OC3=CC=C(N)C=C3)C=C1C(=O)O,190.22420951607376,376.0870003333334,0.5337,-0.65688,310.5280000000001,5.829192319695757,-7.248024521917999,-0.640011776376,6.608012745541999,2.354002596513615,0,2,4.249800000000003,3,5,ok,False,10.759583974681048,1.203658455405495,1.203658455405495,8.400456752399167,13.118711196962929,18.18,0.5,1.0,2.3477322275903493e-11,4.115764679327343e-12,11.963242430086543,1.3324305323836714,2.714196543365607,0.49091158694478915,True,0.7858461951303054,3.234358013301094e-12
294667-39-3,O=C(O)C1=CC=C(OC2=CC=CC(=C2)NC(=O)C(C=3C=CC=CC3)C=4C=CC=CC4)C=C1C(=O)O,189.9930870175473,504.60853133333336,0.53333,-0.66039,409.6160000000001,5.287331544361485,-7.935656222131501,-0.5412344486445001,7.394421773487,2.429455528961636,0,1,5.645900000000004,3,4,ok,False,10.974138319525398,1.1695264303082515,1.1695264303082515,8.681908637153532,13.266368001897265,18.18,0.5,1.0,2.2158811501961274e-11,3.769929397557124e-12,12.14366474983365,1.2791874992790626,2.714196543365607,0.4712950881931596,True,0.8008200129036319,3.0190349087974773e-12
24913-62-0,O=C(O)C1=CC=CC(=C1C(=O)O)C(F)(F)F,169.02918528342695,161.48979566666665,0.53699,-0.646,170.47200000000004,2.9913793540773126,-9.263843926422,-0.7815109786359999,8.482332947786,2.974097921813816,1,0,2.1018,2,2,ok,False,6.098516033183677,1.906922347519334,1.906922347519334,2.36101691073121,9.836015155636144,18.18,0.5,1.0,2.0865796230446794e-11,5.7810005245180316e-12,8.005438380703012,2.2963230804906587,2.714196543365607,0.8460415610297755,True,0.4888075999874962,2.8257969919161156e-12
723736-52-5,O=C(O)C1=CC=C(OC2=CC=CC(=C2)NC(=O)C=3OC=CC3)C=C1C(=O)O,189.9855346086287,365.701427,0.53339,-0.66049,303.78400000000005,5.8825887787605895,-7.794701247572499,-0.608990797419,7.1857104501535,2.4570305357052344,0,1,3.720600000000002,3,5,ok,False,10.865793354541573,1.1818674542255574,1.1818674542255574,8.54937570975944,13.182210999323706,18.18,0.5,1.0,1.899074809823191e-11,3.2546196119385486e-12,12.04766080876713,1.3141069246759767,2.714196543365607,0.48416056231745197,True,0.7910362769705919,2.574522180783342e-12
89939-48-0,O=C(O)C1=CC=C(N)C(=C1C(=O)O)N(=O)=O,171.62004918531045,205.64097833333332,0.5354,-0.65471,172.86400000000003,6.442391562921334,-7.984908829071999,-1.81772052134,6.167188307731999,3.8952735584985207,1,1,0.5734,3,5,ok,False,7.152276938037239,1.7540287875908398,1.7540287875908398,3.714443686512736,10.590110189561742,18.18,0.5,1.0,2.4798568332750095e-11,6.342458391058641e-12,8.906305725628078,2.6456616454760016,2.714196543365607,0.9747494712359253,True,0.3866882246593236,2.452553975214096e-12
844882-64-0,O=C(O)C=1C=C(C(=O)O)C(C(=O)O)=C(C1)S(=O)(=O)O,167.523300336307,213.1185553333333,0.53948,-0.63628,208.9120000000001,6.18568673309601,-9.619768842876,-1.378528766633,8.241240076243,3.6694280590135273,1,1,0.0279000000000001,4,5,ok,False,2.736097904195347,2.4358511317568863,2.4358511317568863,-2.0380825857492804,7.5102783941399744,18.18,0.5,1.0,2.964519237822884e-11,1.056873402868797e-11,5.171949035952233,3.323918369424323,2.714196543365607,1.2246417369991416,False,0.22318653351701226,2.3587991115261555e-12
37390-38-8,O=C(O)C1=CC=C(C=C1C(=O)O)NC(=O)C=2C=CC=CC2,188.4970256065636,293.090353,0.53289,-0.66191,241.29600000000005,7.056266034525626,-8.1168840465645,-0.905594894464,7.2112891521005,2.822141940376609,0,1,2.3353,3,3,ok,False,10.712250614031337,1.2028917565489228,1.2028917565489228,8.354626093895325,13.069875134167349,18.18,0.5,1.0,1.750057397062477e-11,3.047452422640135e-12,11.91514237058026,1.4951254781912324,2.714196543365607,0.5508537993852409,True,0.7382742519558331,2.249855657695637e-12
7717-75-1,O=C(O)C=1C=CC=C(OC2=CC=C(C(=O)O)C(=C2)C(=O)O)C1,189.2634972925746,282.04557300000005,0.53296,-0.66018,246.97600000000008,5.401488942874917,-8.3226021175425,-0.6666789337250001,7.6559231838174995,2.6387142307501503,0,1,2.5735,3,4,ok,False,11.085886321383404,1.1455532876663281,1.1455532876663281,8.84064313518595,13.331129507580858,18.18,0.5,1.0,1.6874371609971978e-11,2.7962480595294858e-12,12.231439609049731,1.2755130340700576,2.714196543365607,0.4699412933775311,True,0.8018411009625007,2.242146622617379e-12
2496412-96-3,O=C(O)C=1C=CC=C(C#CC=2C=CC=CC2N)C1C(=O)O,165.0041498965669,325.955955,0.5354,-0.65742,243.39200000000005,1.913199911143632,-7.070606291392001,-0.7191969068715,6.351409384520501,2.3884869559647104,1,0,2.065,3,3,ok,False,-0.6452556615309479,2.9283835528123743,2.9283835528123743,-6.384781957962649,5.094270634900753,18.18,0.5,1.0,2.0656414299595422e-11,8.786728368853795e-12,2.2831278912814263,3.179769271435958,2.714196543365607,1.1715324298118222,False,0.2534754679261057,2.227220084834803e-12
108347-31-5,O=C(O)C1=CC=C2C(=O)C(Cl)CC2=C1C(=O)O,175.4075111544167,218.24189866666663,0.53473,-0.65343,197.40800000000004,6.073009249128475,-9.0170366640185,-1.55104894785,7.4659877161685,3.7397742182831295,1,1,1.4292,2,3,ok,False,10.27577008336683,1.2725578472503036,1.2725578472503036,7.781602534512411,12.769937632221248,18.18,0.5,1.0,1.9983124813427832e-11,3.691368336366977e-12,11.548327930617134,2.044999962714237,2.714196543365607,0.7534457914305773,True,0.5668386630533299,2.0924102926236514e-12
113678-62-9,O=C(O)C=1C=C(C(=O)O)C(C(=O)O)=C(C(=O)O)C1O,167.13104223170208,211.804799,0.53607,-0.64324,201.10400000000004,2.137511826867865,-8.6436964611325,-1.20818549622,7.435510964912499,3.2633795632749067,2,1,0.1850000000000001,5,5,ok,False,0.2707055406163317,2.819060631267436,2.819060631267436,-5.254551766902592,5.795962848135256,18.18,0.5,1.0,3.282037723535083e-11,1.3570528402063938e-11,3.0897661718837677,3.742610976469122,2.714196543365607,1.378901975841543,False,0.14936375208517907,2.0269450399107593e-12
1344436-42-5,O=C(O)C1=CC=C(C=C1C(=O)O)CCC(N)C,188.8830945885265,231.125506,0.53191,-0.6668,217.92800000000005,3.829092084293612,-8.358793259659,-0.6168820990835,7.7419111605755,2.6015135821950137,0,1,1.3628000000000002,3,3,ok,False,11.20812745295955,1.1215182817178622,1.1215182817178622,9.009992012789294,13.406262893129806,18.18,0.5,1.0,1.3480281642823052e-11,2.1769264991620585e-12,12.329645734677412,1.2514205180034934,2.714196543365607,0.4610648116336227,True,0.8084950192011493,1.7600342317395192e-12
2620962-27-6,O=C(O)C1=CC=C(C#CC(N)C(C)C)C=C1C(=O)O,185.3363235432384,271.7298243333334,0.53266,-0.66275,240.82400000000007,0.6533715099390239,-8.1043668094415,-0.962738803069,7.1416280063725,2.87792937811452,0,1,1.4178000000000002,3,3,ok,False,10.850022578480187,1.1725252876725112,1.1725252876725112,8.551915243679598,13.148129913280776,18.18,0.5,1.0,1.2121575474476e-11,2.0421256703902002e-12,12.0225478661527,1.2958511072400012,2.714196543365607,0.47743451387390845,True,0.7961690709202369,1.6258772976969317e-12
125592-10-1,O=C(O)C1=CC=C2C(C(=O)C(Br)C2)=C1C(=O)O,178.49761208514823,227.92435866666665,0.53724,-0.64993,201.5840000000001,7.067271859777294,-9.041799024414,-1.294717700679,7.747081323735001,3.447865510356364,1,1,1.5853000000000002,2,3,ok,False,9.873047606337847,1.3244668643137705,1.3244668643137705,7.2771402535661585,12.468954959109535,18.18,0.5,1.0,1.471130881831561e-11,2.8106372257939543e-12,11.197514470651617,2.029736491811262,2.714196543365607,0.7478222226657125,True,0.5716444471797726,1.6066851631618747e-12
346419-81-6,O=C(O)C=1C=CC=2C=NN=CC2C1C(=O)O,178.33240258970707,205.985738,0.5379,-0.64589,174.57600000000005,6.055824490521501,-8.7269632993855,-1.39322291456,7.333740384825501,3.491334695213973,1,1,1.0262,2,4,ok,False,10.341204278413471,1.2510251849236966,1.2510251849236966,7.889239972210465,12.793168584616478,18.18,0.5,1.0,1.3182021447770598e-11,2.3734975746577097e-12,11.592229463337167,1.8542213522884332,2.714196543365607,0.6831566257870171,True,0.6270663169031815,1.4883403823192441e-12
883843-62-7,O=C(O)C=1C=2C=CC=CC2C=3C=4C=CC=CC4C=CC3C1C(=O)O,170.00597130059532,393.8886483333333,0.53317,-0.65256,268.73600000000005,1.85497539067234,-7.338366320283999,-1.0446450720695,6.293721248214499,2.7914677673508823,2,2,4.542600000000002,2,2,ok,False,6.132533715166019,1.8723636206702263,1.8723636206702263,2.4627684526893603,9.802298977642678,18.18,0.5,1.0,1.0321276296743506e-11,2.7676673661931524e-12,8.004897335836246,2.2191154171667336,2.714196543365607,0.8175956979206185,True,0.5124958194065774,1.4184179546820036e-12
1391103-19-7,O=C(O)C1=CC=C(C=C1C(=O)O)C2NCC2,187.03390018464356,208.52198533333333,0.53249,-0.66531,192.88800000000003,1.162996895954585,-7.999330863148501,-0.6734817799875,7.325849083161001,2.566858745282952,0,1,1.1174,3,3,ok,False,10.742579673513717,1.1844622116703905,1.1844622116703905,8.421076397591094,13.06408294943634,18.18,0.5,1.0,1.0329644788383895e-11,1.752281925455368e-12,11.927041885184106,1.3122977450635491,2.714196543365607,0.4834940005620589,True,0.7915466611564088,1.3870129074989198e-12
1060796-14-6,O=C(O)C1=CC=CC(=C1C(=O)O)N2C=NN=C2,167.9314458200467,204.0547483333333,0.5365,-0.64522,187.78400000000005,7.779598772430362,-8.970777309433501,-0.7978378096659999,8.172939499767502,2.918957167975303,1,0,0.6637,2,5,ok,False,4.157977574805762,2.1846770455566666,2.1846770455566666,-0.12391075233667603,8.439865901948199,18.18,0.5,1.0,1.4934324739847173e-11,4.707808022721647e-12,6.3426546203624286,3.064894826113945,2.714196543365607,1.1292088753136027,False,0.2793994825718697,1.315359125596125e-12
109803-50-1,O=C(O)C1=CC(Cl)=C(O)C=C1C(=O)O,186.86968861219916,172.231932,0.53473,-0.65685,162.30400000000003,1.2716092992739554,-8.431175543892,-0.6484473057415,7.7827282381505,2.6481571940117568,0,2,1.442,3,3,ok,False,10.854787517021796,1.1656996046374355,1.1656996046374355,8.570058275139843,13.13951675890375,18.18,0.5,1.0,9.54038916726237e-12,1.590215306409418e-12,12.020487121659231,1.2744747391227247,2.714196543365607,0.4695587510926436,True,0.8021293332383646,1.275558343435628e-12
2667597-92-2,O=C(O)C1=CC(F)=C2OCOC2=C1C(=O)O,183.92681708744237,173.28084133333334,0.53421,-0.65408,168.54400000000004,2.3934900208691072,-8.043413306929502,-0.7289930054895001,7.314420301440001,2.6302532989189333,1,2,0.9508,2,4,ok,False,11.813464387114145,1.0178416760879117,1.0178416760879117,9.818531360017955,13.808397414210335,18.18,0.5,1.0,7.589802428300222e-12,1.0995837546152108e-12,12.831306063202057,0.7235098624803126,2.714196543365607,0.2665650224368643,True,0.9314088830343034,1.024162076688819e-12
10311-26-9,O=C(O)C=1C(F)=C(C(=O)O)C(C(=O)O)=C(F)C1C(=O)O,178.2126002936714,197.5532683333333,0.5387,-0.6293,204.94400000000005,4.519272641697998,-9.215951888734,-1.5616613880194998,7.654290500714499,3.7938509105582834,2,2,0.7576,4,4,ok,False,8.641755854990649,1.4910349254565034,1.4910349254565034,5.719381101404538,11.56413060857676,18.18,0.5,1.0,8.344330617911665e-12,1.7742610442248963e-12,10.132790780447152,2.0154776918998856,2.714196543365607,0.7425688080055878,True,0.5761377862675773,1.0222188302805318e-12
2151858-37-4,O=C(O)C1=CC(=CC(F)=C1C(=O)O)C,183.31756019025585,164.62064233333334,0.5354,-0.6521,160.83200000000005,2.6987215584420707,-8.6910442711195,-0.741238128762,7.9498061423575,2.7978025400230395,1,1,1.53052,2,2,ok,False,11.777062928451649,1.0229501178977902,1.0229501178977902,9.772117539390978,13.78200831751232,18.18,0.5,1.0,7.491330735585123e-12,1.0904812809495745e-12,12.80001304634944,0.8382791699552079,2.714196543365607,0.3088498406661961,True,0.9090199625183322,9.91269253135725e-13
858789-91-0,O=C(O)C1=C2OCOCC2=CC(=C1C(=O)O)C,168.7559937137243,207.25301366666667,0.5314,-0.65599,195.35200000000003,4.056615546240487,-8.034705663713499,-0.573615996854,7.461089666859499,2.482988582115074,2,1,1.25792,2,4,ok,False,4.112641542919556,2.1596378141614543,2.1596378141614543,-0.12017079248770024,8.345453878326813,18.18,0.5,1.0,7.636690132659795e-12,2.347777503142831e-12,6.272279357081011,2.532129965001782,2.714196543365607,0.9329206358290979,True,0.41880874766327547,9.832697558832607e-13
213612-01-2,O=C(O)C1=CC=C(C=C1C(=O)O)C(=O)N,186.21843276965336,181.39013866666667,0.53386,-0.65876,170.41600000000005,6.778235971844001,-9.061935449351,-1.0021953113915,8.0597401379595,3.141749182839236,0,1,0.1819,3,3,ok,False,10.581814719379128,1.2004006508954275,1.2004006508954275,8.229072676605652,12.934556762152605,18.18,0.5,1.0,7.586522779953899e-12,1.2962323863823528e-12,11.782215370274557,1.5700014397456368,2.714196543365607,0.5784405862512938,True,0.7156289219340137,9.27621385242757e-13
910480-65-8,O=C(O)C1=CC=C2C(=C1C(=O)O)N(C(C3=COC=C3)=C2C4CCCC4)C,168.44840530526616,376.9202813333333,0.53301,-0.65748,311.5680000000001,5.552346405799984,-7.1095185720135,-0.6473588503395,6.462159721674,2.327749155735163,1,1,4.492300000000003,2,4,ok,False,3.2159968461210457,2.2904101277628115,2.2904101277628115,-1.2731245141198482,7.70511820636194,18.18,0.5,1.0,7.30963421275825e-12,2.38123199300073e-12,5.506406973883857,2.7508975505346545,2.714196543365607,1.0135218679202715,False,0.35799846627001025,8.524774013273411e-13
89939-50-4,O=C(O)C1=CC(N)=CC(=C1C(=O)O)N(=O)=O,173.05331023844084,194.3977173333333,0.537,-0.65512,174.27200000000005,7.183190825809934,-7.799871410732,-1.809557105825,5.990314304907,3.853767586918482,1,1,0.5734,3,5,ok,False,7.25632446189235,1.700165141465681,1.700165141465681,3.9240620168491693,10.588586906935532,18.18,0.5,1.0,9.138980453996166e-12,2.219818808744687e-12,8.956489603358031,2.713081782707041,2.714196543365607,0.999589285211754,True,0.3681816902643493,8.172966410842133e-13
723735-73-7,O=C(O)C1=CC=C(OC2=CC=C(C=C2)NC(=O)C3=CC=C(C(=C3)C)C)C=C1C(=O)O,189.9382198410158,432.8733546666666,0.53344,-0.66086,354.75200000000007,7.182180021414112,-7.7223189633395,-0.5308941223255,7.191424841014,2.367942644999806,0,1,4.744440000000004,3,4,ok,False,10.212935741875324,1.2503658086474387,1.2503658086474387,7.762263789426044,12.663607694324604,18.18,0.5,1.0,6.365226023413964e-12,1.1288939408280242e-12,11.463301550522763,1.5825806625077785,2.714196543365607,0.5830751890006376,True,0.711786924267202,8.035319459658601e-13
2083629-97-2,O=C(O)C1=CC=C(C=C1C(=O)O)CN(CC=2C=CC=C(C2)C)CCC(=O)O,188.38311557275065,368.1123023333334,0.53167,-0.66668,334.9440000000001,2.7086484489501403,-7.744904412931,-0.6713048691835001,7.073599543747499,2.5034135111225173,0,1,2.8683200000000006,3,4,ok,False,10.94075680177778,1.140336900836317,1.140336900836317,8.705737545896577,13.175776057658984,18.18,0.5,1.0,5.732233891646032e-12,9.252564594426e-13,12.081093702614098,1.2367155642030945,2.714196543365607,0.45564701908785343,True,0.8125204417615045,7.517897871689868e-13
405902-91-2,O=C(O)C1=CC=C(OC2=CC=C(C=C2)NC(=O)CC=3C=CC=CC3)C=C1C(=O)O,189.6300989845967,405.0949546666666,0.53326,-0.66024,338.2320000000001,8.11057257966415,-7.8164703556125,-0.579602501565,7.2368678540475,2.4352399699963505,0,1,4.0565000000000015,3,4,ok,False,9.926082919156757,1.2886609270672182,1.2886609270672182,7.400353913821013,12.451811924492501,18.18,0.5,1.0,5.48998663088445e-12,1.0005670620613523e-12,11.214743846223975,1.7498997041093767,2.714196543365607,0.6447210716507283,True,0.6599011286690454,6.602753335633571e-13
1421750-77-7,O=C(O)C=1C=CC2=CC=CN=C2C1C(=O)O,180.49869949091388,219.082126,0.53711,-0.65984,177.63200000000003,5.27681609306218,-8.3356635823665,-1.250635256898,7.0850283254685,3.24265201260177,1,1,1.6312,2,3,ok,False,10.665077218398476,1.1795698243226178,1.1795698243226178,8.353162845475907,12.976991591321045,18.18,0.5,1.0,5.423726882124159e-12,9.045948750312021e-13,11.844647042721094,1.5735037477030431,2.714196543365607,0.5797309526272908,True,0.7145602378743467,6.463875290822108e-13
89939-55-9,O=C(O)C1=CC=C(NO)C(=C1C(=O)O)N(=O)=O,172.96504162858287,198.85899666666668,0.53664,-0.6426,183.64800000000005,7.952186931278716,-8.2894042277815,-1.6400301769635,6.649374050818,3.706877776939199,1,1,0.7922999999999998,4,6,ok,False,4.847264163659812,2.049817195112692,2.049817195112692,0.8296962863480228,8.864832040971601,18.18,0.5,1.0,7.48051564178718e-12,2.1819207667650427e-12,6.897081358772503,3.056437530402082,2.714196543365607,1.1260929271585085,False,0.28136985064793263,6.139267202703027e-13
1803746-96-4,O=C(O)C1=CC=CC(=C1C(=O)O)CCCCl,170.5112401627053,212.59103566666667,0.53513,-0.65922,204.39200000000005,1.719146442278842,-8.648866624292001,-0.610079252821,8.038787371471,2.666076200110411,1,0,2.2544000000000004,2,2,ok,False,5.944520680328215,1.8653419264625941,1.8653419264625941,2.2885176856089684,9.600523675047462,18.18,0.5,1.0,4.3226597772445505e-12,1.1350502886063992e-12,7.809862606790809,2.167750460672194,2.714196543365607,0.7986711448627006,True,0.528413796015946,5.997762316715024e-13
1803844-35-0,O=CCCC=1C=CC=C(C(=O)O)C1C(=O)O,167.95805082112474,199.1950833333333,0.53416,-0.66224,191.86400000000003,6.21737912628786,-8.5522662073645,-0.5771534769105,7.975112730454001,2.6126998635818395,1,0,1.2145,2,3,ok,False,3.5955940073405106,2.2197534613583434,2.2197534613583434,-0.7550428314799653,7.9462308461609865,18.18,0.5,1.0,5.3956726978670996e-12,1.6933189408853753e-12,5.815347468698854,2.787919901821279,2.714196543365607,1.0271621296681246,False,0.3481708259007003,5.895642541613603e-13
2439732-48-4,O=C(O)C1=CC=C(C#CC(NC)C)C=C1C(=O)O,186.60207741735852,253.91498666666664,0.53295,-0.66198,223.88000000000005,2.5303146227297506,-8.073617944335,-0.967092624677,7.106525319658,2.875330907727588,0,1,1.0424,3,3,ok,False,11.061464535629584,1.117173562534519,1.117173562534519,8.87184458858162,13.251084482677548,18.18,0.5,1.0,4.5687394693218125e-12,7.192689139543105e-13,12.178638098164104,1.2231306096069225,2.714196543365607,0.45064187138424366,True,0.8162144956495151,5.870777138395921e-13
2517324-04-6,O=C(O)C1=CC=C(C#CCON)C=C1C(=O)O,186.8216205067205,225.342048,0.53309,-0.66139,199.97600000000008,4.190910169640957,-8.334303013114,-1.0032837667935,7.331019246320501,2.9733425852095863,0,1,0.3248,3,4,ok,False,11.055422661198376,1.118915678737136,1.118915678737136,8.8623882291364,13.248457093260352,18.18,0.5,1.0,4.737658099120492e-12,7.47555041455896e-13,12.174338339935511,1.3893395646658644,2.714196543365607,0.5118787613453673,True,0.7694957365099043,5.752404172067967e-13
22895-28-9,O=C(O)C=1C=CC=C(N=N(=O)C=2C=CC=C(C(=O)O)C2C(=O)O)C1C(=O)O,171.42780835634724,351.0494343333333,0.5371,-0.65306,291.85600000000005,4.3124409514798,-8.414848712862,-1.69254815011,6.722300562752,3.799274905665397,1,0,2.4051,4,6,ok,False,5.204809882678721,1.9802943773898793,1.9802943773898793,1.323504224207388,9.086115541150054,18.18,0.5,1.0,5.065115489980917e-12,1.4163449775192182e-12,7.1851042600686,2.650750041023946,2.714196543365607,0.976624204869487,True,0.3852761852709789,5.456839899663148e-13
62155-87-7,O=C(O)C1=CC=C(C=C1C(=O)O)S(=O)(=O)NC=2C=CC=CC2,186.38630266903223,291.874176,0.53665,-0.6515,257.0880000000001,9.159376379426712,-8.3432827701805,-1.0658699524085,7.277412817771999,3.04133340975249,0,1,1.8838,3,4,ok,False,9.605195507234031,1.332256732197097,1.332256732197097,6.994020293966697,12.216370720501365,18.18,0.5,1.0,4.8258441754435275e-12,9.06984502306329e-13,10.937452239431128,2.044036396085283,2.714196543365607,0.7530907815359146,True,0.567141909517035,5.143889225403691e-13
65190-26-3,O=C(O)C=1C=C2C=CC=C(C2=CC1C(=O)O)S(=O)(=O)O,184.99281805509588,268.5967283333334,0.53344,-0.66077,225.17600000000004,8.459610446113935,-8.32124154829,-1.24628143529,7.074960113,3.234558731756469,0,2,1.4829,3,4,ok,False,9.75437478160509,1.3084422319420321,1.3084422319420321,7.189875131147503,12.318874432062678,18.18,0.5,1.0,4.502664715031451e-12,8.29994094937078e-13,11.062817013547122,1.9460121305066598,2.714196543365607,0.7169753919491778,True,0.598066269469426,4.963914720406708e-13
113845-03-7,O=C(O)C=1C=CC(=CC1C(=O)O)C=2C=CC(=CC2)C3=CC=C(C(=O)O)C(=C3)C(=O)O,188.9629761728402,431.5867796666666,0.5322,-0.66518,336.92800000000005,4.305880757754446,-7.737829452818,-1.164103052439,6.573726400379001,3.013678905300289,0,1,3.8134000000000015,4,4,ok,False,11.296941678988686,1.0780922815386016,1.0780922815386016,9.183919635162411,13.409963722814961,18.18,0.5,1.0,3.7376304689878384e-12,5.656290556522961e-13,12.375033960527288,1.0838745856894483,2.714196543365607,0.3993353349221507,True,0.8525966449690233,4.822534351461446e-13
2607327-61-5,O=C(O)C1=CC=C(C#CCC(O)CN)C=C1C(=O)O,189.83485516852244,258.2108063333333,0.53272,-0.66276,232.55200000000005,4.186219825809438,-8.1321224221925,-0.943690833534,7.1884315886585,2.864685614549778,0,1,0.1442000000000001,4,4,ok,False,11.220063516552518,1.0889893115477256,1.0889893115477256,9.085683686369908,13.354443346735128,18.18,0.5,1.0,3.683983274310354e-12,5.629880104750617e-13,12.309052828100244,1.1238032319515172,2.714196543365607,0.41404637210170486,True,0.8424555327640274,4.74292364304528e-13
1344514-16-4,O=C(O)C1=CC=C(C=C1C(=O)O)C(N)CCO,189.9879404130184,219.1940903333333,0.53158,-0.66677,210.3280000000001,2.330328463972408,-8.3792017984465,-0.6903528387185001,7.688848959728,2.6745492643749067,0,1,0.4651999999999999,4,4,ok,False,10.859892089302242,1.1415567554768202,1.1415567554768202,8.622481962259277,13.097302216345208,18.18,0.5,1.0,3.682470413776684e-12,5.899173943324029e-13,12.001448844779063,1.3262259790006756,2.714196543365607,0.4886256237568388,True,0.787607822502057,4.646235544062311e-13
67532-48-3,O=C(O)C1=CC=C(OC2=CC=C(OC3=CC=C(C(=O)O)C(=C3)C(=O)O)C=C2)C=C1,188.22206023905565,388.4245736666667,0.53334,-0.66058,327.16800000000006,2.8246983007039885,-8.177021207525,-0.6054533173625,7.5715678901625,2.546759795963558,0,1,4.365800000000002,3,5,ok,False,10.926519814789383,1.1304683008821805,1.1304683008821805,8.710842659396121,13.142196970182646,18.18,0.5,1.0,3.4758498111813298e-12,5.507938326743904e-13,12.056988115671563,1.236250688181708,2.714196543365607,0.45547574334788427,True,0.8126472480911062,4.4760109238839655e-13
66918-88-5,O=C(O)C1=CC=C(C=C1C(=O)O)CN,188.0740097548627,179.31776766666667,0.53171,-0.66688,167.93600000000004,3.382208376194465,-8.522605797659999,-0.6484473057415,7.874158491918499,2.670387417008853,0,1,0.5417000000000001,3,3,ok,False,11.04030275851361,1.1134876611273097,1.1134876611273097,8.857907045474342,13.222698471552878,18.18,0.5,1.0,3.4177529973638923e-12,5.332789745785843e-13,12.15379041964092,1.2463129543150033,2.714196543365607,0.4591830158215343,True,0.8098963179666681,4.319006779602358e-13
195384-92-0,O=C(O)C1=CC=C(C=C1C(=O)O)CCC(=O)CCCCCCCCC,184.79135794369896,348.663112,0.53144,-0.66649,343.63200000000006,6.332303799566158,-8.57158629075,-0.6691279583795,7.9024583323705,2.7013998759184314,0,1,4.725400000000005,2,3,ok,False,10.833212534589322,1.1425331172083086,1.1425331172083086,8.593888773716756,13.072536295461887,18.18,0.5,1.0,3.258007571667443e-12,5.211329048374006e-13,11.97574565179763,1.2980899593736193,2.714196543365607,0.4782593812325714,True,0.79554168168622,4.145829474963705e-13
90829-94-0,O=C(O)C=1C=C2C(=O)OC3(C4=CC=C(O)C=C4OC5=CC(O)=CC=C53)C2=CC1C(=O)O,188.9382845186644,408.502414,0.53539,-0.65012,331.2320000000001,7.678215561574187,-7.802048321536,-1.1665520770935,6.6354962444425,3.0305115905108635,0,2,3.0622000000000016,4,7,ok,False,10.789719597672029,1.1500000729053113,1.1500000729053113,8.535760872559182,13.043678322784876,18.18,0.5,1.0,3.4163053505172752e-12,5.505279570106951e-13,11.93971967057734,1.4969934540839858,2.714196543365607,0.5515420236397884,True,0.7377143389995707,4.06132367906929e-13
119252-37-8,O=C(O)C1=CC=C(C=C1C(=O)O)C=2C=CC(N)=CC2,189.4265379801512,287.2826733333334,0.53224,-0.66533,222.15200000000004,4.9673480741739855,-7.0110133581325,-0.8035522005265,6.207461157606,2.459436850271449,0,1,2.3322000000000003,3,3,ok,False,10.788689140436025,1.1463078375841749,1.1463078375841749,8.541967063575052,13.035411217296998,18.18,0.5,1.0,2.9074677667010393e-12,4.655792596389888e-13,11.9349969780202,1.2602808003796753,2.714196543365607,0.464329233437504,True,0.8060563409264611,3.7528311443585403e-13
1344461-24-0,O=C(O)C1=CC=C(C=C1C(=O)O)C(N)(C)CCO,190.0036782914989,235.817716,0.53147,-0.66779,226.9840000000001,2.199805409576038,-8.565055558337999,-0.6092629112695,7.955792647068499,2.6448690631974623,0,1,0.6393,4,4,ok,False,10.77687437346815,1.1487680210269033,1.1487680210269033,8.525330425664068,13.028418321272232,18.18,0.5,1.0,2.999921519649158e-12,4.817043472411115e-13,11.925642394495053,1.3642798474833593,2.714196543365607,0.5026459306412832,True,0.7767374160674159,3.741577899845022e-13
874374-20-6,O=C(O)C1=CC(OC=2C=CC=CC2OC)=C(OC=3C=CC=CC3OC)C=C1C(=O)O,186.2487624725825,407.12604166666665,0.53317,-0.65757,349.9120000000001,5.523299528361648,-7.5732005732655,-0.655794379705,6.9174061935605,2.447317536414587,0,2,4.684800000000004,2,6,ok,False,11.400797138905192,1.0571493940807883,1.0571493940807883,9.328822400228507,13.472771877581877,18.18,0.5,1.0,2.8754079458964703e-12,4.2454228885455413e-13,12.45794653298598,0.9782449275337545,2.714196543365607,0.36041786654135577,True,0.8781823328419353,3.7282553761634705e-13
2616679-38-8,O=C(O)C1=CC=C(C#CC(N)CC)C=C1C(=O)O,186.70094029959276,253.42281366666668,0.53299,-0.66194,223.5600000000001,3.061991139765104,-8.1685856781595,-0.963827258471,7.2047584196885,2.8939542864208203,0,1,1.1718,3,3,ok,False,11.026717251529325,1.1121907633317634,1.1121907633317634,8.846863411460959,13.206571091597691,18.18,0.5,1.0,2.9661055743269012e-12,4.610093283484347e-13,12.138908014861089,1.2600075194260114,2.714196543365607,0.4642285476731175,True,0.8061317047121136,3.716342357497102e-13
1344476-10-3,O=C(O)C=1C=C2C(=CC1C(=O)O)C(N)CC2,188.1198051599052,209.75825,0.5315,-0.66892,191.11200000000005,3.024179943389613,-8.495122298759501,-0.579058273864,7.916064024895501,2.600432260452338,0,2,1.029,3,3,ok,False,10.96043583006991,1.120997308027205,1.120997308027205,8.763321479570235,13.157550180569585,18.18,0.5,1.0,2.8623834504893623e-12,4.481049193353893e-13,12.081433138097115,1.2327306052892593,2.714196543365607,0.45417882809646193,True,0.8136065302700275,3.6458108861739663e-13
1061606-45-8,O=C(O)C=1C=CC=C(OC(C=2C=CC=3C=CC=CC3C2)C)C1C(=O)O,170.18517277952932,365.24975466666666,0.53625,-0.65602,296.20000000000005,2.6048753866548013,-7.4306129156035,-0.7268160946855,6.703796820918,2.481565664783687,1,0,4.3762000000000025,2,3,ok,False,5.0081956612154155,1.979455439815842,1.979455439815842,1.1285342901744726,8.887857032256358,18.18,0.5,1.0,2.4776446582745217e-12,6.830205935406403e-13,6.987651101031258,2.2658786243416276,2.714196543365607,0.8348248139509954,True,0.4981109328743369,3.402200250209116e-13
2440660-75-1,O=C(O)C=1C=CC=C(C#CC(Cl)C)C1C(=O)O,170.92559212998466,237.681996,0.536,-0.65004,210.3760000000001,1.4957627151390025,-8.3933517186725,-0.7542995935860001,7.6390521250865,2.738544100774712,1,0,2.0618,2,2,ok,False,6.384422586360727,1.778446203940702,1.778446203940702,2.898732078194975,9.870113094526479,18.18,0.5,1.0,2.3614849316330145e-12,5.843563692848521e-13,8.16286879030143,2.099736613735175,2.714196543365607,0.7736125885458167,True,0.5496484223972217,3.2119055649518724e-13
36439-94-8,O=C(O)C1=CC=CC2=CC(C(=O)O)=C(C=C21)C(=O)O,186.2604777167588,258.2197213333333,0.53261,-0.66613,210.16000000000005,4.5538155221747845,-8.0640939595675,-1.134170528884,6.929923430683501,3.0522728874928937,0,2,1.9344,3,3,ok,False,10.896528980694313,1.1276232468796974,1.1276232468796974,8.686428028679988,13.106629932708639,18.18,0.5,1.0,2.553938684620826e-12,4.013051791587035e-13,12.02415222757401,1.3952000473348034,2.714196543365607,0.5140379574740573,True,0.767793070399281,3.0811933567339454e-13
42200-15-7,O=C(O)C1=CC=2C=C(C(=O)O)C(=CC2C=C1C(=O)O)C(=O)O,184.5509803531571,287.58272199999993,0.53303,-0.66326,238.49600000000007,0.0043840620433565,-8.1952528355085,-1.188049071283,7.007203764225499,3.141279946913628,0,2,1.6326,4,4,ok,False,9.668387620346179,1.3073016717285382,1.3073016717285382,7.10612342682924,12.230651813863119,18.18,0.5,1.0,2.7257871762654945e-12,4.971740380266579e-13,10.975689292074717,2.072908853727799,2.714196543365607,0.7637283522428296,True,0.5580643525948714,2.774551076583248e-13
24063-26-1,O=C(O)C1=C(Br)C(Br)=C(C(=O)O)C(C(=O)O)=C1Br,165.21344437196598,250.6797163333333,0.53909,-0.6251,225.36800000000005,2.838789266571226,-8.7737668816715,-0.9972972620825,7.776469619589,3.0693135565287863,2,2,3.0687000000000006,3,3,ok,False,1.524480904801834,2.483364086213258,2.483364086213258,-3.3428232646763743,6.391785074280042,18.18,0.5,1.0,2.4546031716740193e-12,8.487765975499819e-13,4.007844991015093,2.9039090787316946,2.714196543365607,1.0698963882441777,False,0.31832631275740403,2.701879246528608e-13
2870646-24-3,O=C(O)C=1C=C2C(=CC1C(=O)O)CNC2,186.57602906749173,191.577055,0.53118,-0.66987,174.63200000000003,1.147418367466723,-8.397161312579499,-0.576337135359,7.820824177220499,2.574014981365191,0,2,0.6861999999999999,3,3,ok,False,10.466172725444876,1.184770432114474,1.184770432114474,8.14406534855255,12.788280102337202,18.18,0.5,1.0,2.0623309785877153e-12,3.391000705425439e-13,11.65094315755935,1.308758622328443,2.714196543365607,0.48219007040130585,True,0.7925439922913678,2.687517236940722e-13
1812209-09-8,O=C(O)C1=CC=C(C=C1C(=O)O)CN(CC(=O)O)CC2=CC=C(C=C2)C,188.5579132418715,351.23613933333337,0.53168,-0.66674,317.9440000000001,3.5757950682330777,-7.7810955550475,-0.7061354420475,7.074960113,2.5453532192249333,0,1,2.4782200000000003,3,4,ok,False,10.904240436899068,1.121755282402427,1.121755282402427,8.705640483922753,13.102840389875382,18.18,0.5,1.0,2.07790616261375e-12,3.235349735652758e-13,12.025995719301495,1.225091446800611,2.714196543365607,0.45136430882101714,True,0.8156827884206408,2.639019093893225e-13
669704-08-9,O=C(O)C1=CC=C(OC2=CC=C(C=C2)NC(=O)C=3C=CC=CC3OCC)C=C1C(=O)O,188.938947604125,438.475935,0.53323,-0.6608,361.5440000000001,9.7265182084855,-7.6695288763425,-0.587221689379,7.0823071869635,2.4064873248519563,0,1,4.526300000000003,3,5,ok,False,8.956585760291073,1.4093466968620967,1.4093466968620967,6.194316992710874,11.718854527871272,18.18,0.5,1.0,2.6141636550006868e-12,5.136226382758093e-13,10.36593245715317,2.2538389880086362,2.714196543365607,0.830389012732981,True,0.50180388022473,2.5773783285806403e-13
727656-48-6,O=C(O)C1=CC=C(OC2=CC=C(C=C2)NC(=O)C3=CC=C(OC)C=C3)C=C1C(=O)O,188.6825559674774,421.85085733333335,0.53297,-0.66075,346.4720000000001,10.24610039429636,-7.6395963527875,-0.5994668126515,7.040129540135999,2.410543778246386,0,1,4.136200000000002,3,5,ok,False,8.664617680663238,1.4541144372155386,1.4541144372155386,5.814605754321052,11.514629607005423,18.18,0.5,1.0,2.8367490776008512e-12,5.759595299622169e-13,10.118732117878777,2.4363464752624493,2.714196543365607,0.8976308223579773,True,0.4467567154604552,2.5731378784406766e-13
1344625-62-2,O=C(O)C1=CC=CC(=C1C(=O)O)C(N)C(O)C,162.1774855203022,216.6960733333333,0.53355,-0.66204,209.12800000000004,3.511116057609033,-8.624376377747,-0.5613708735815,8.063005504165499,2.616206590758801,1,0,0.4636000000000001,4,4,ok,False,-3.109373127148112,3.188356257005325,3.188356257005325,-9.358436560761483,3.1396903064652575,18.18,0.5,1.0,4.127628503594888e-12,1.850900240431588e-12,0.07898312985721301,3.866502055069259,2.714196543365607,1.4245475569999775,False,0.13142279078035504,2.4325047505354946e-13
294667-38-2,O=C(O)C1=CC=C(OC2=CC=C(C=C2)NC(=O)C(C=3C=CC=CC3)C=4C=CC=CC4)C=C1C(=O)O,189.602827376871,504.5740233333333,0.53276,-0.66119,409.8400000000001,6.28837747356184,-7.852661497729001,-0.556200710422,7.296460787307001,2.422714439810195,0,1,5.645900000000004,3,4,ok,False,10.4027286372993,1.189790338123862,1.189790338123862,8.070782425422797,12.734674849175802,18.18,0.5,1.0,1.7390117451328247e-12,2.862270226597772e-13,11.592518975423161,1.3549088824324405,2.714196543365607,0.4991933564075473,True,0.779428744019579,2.230935687761737e-13
1388735-09-8,O=C(O)C1=CC=C(C=C1C(=O)O)C2NCC2,187.6764417056577,208.09589866666667,0.53207,-0.66581,192.73600000000005,2.603255980498268,-8.113618680358499,-0.690624952569,7.422993727789499,2.610628164003164,0,1,1.1174,3,3,ok,False,10.835315556292084,1.1261772779378616,1.1261772779378616,8.628048651326521,13.042582461257647,18.18,0.5,1.0,1.633138632475944e-12,2.541293832180837e-13,11.961492834229945,1.2302233611808298,2.714196543365607,0.4532550762353235,True,0.8142888167867395,2.0693471477139727e-13
2550644-45-4,O=C(O)C1=CC=C(C#CCCO)C=C1C(=O)O,186.16223741464896,229.5954323333333,0.53315,-0.66208,203.5600000000001,2.496751972062904,-8.2208315374555,-0.9613782338165,7.259453303638999,2.9035580489710844,0,1,0.8169,3,3,ok,False,10.890701906641626,1.1175196280430155,1.1175196280430155,8.700403683660717,13.081000129622534,18.18,0.5,1.0,1.5828283169222775e-12,2.4426381057439885e-13,12.00822153468464,1.2258580088160052,2.714196543365607,0.4516467356840488,True,0.8154747876308944,1.9919097905407094e-13
2961389-69-3,O=C(O)C1=CC=2OC3(CCNCC3)CCC2C=C1C(=O)O,189.5973047684504,280.44981,0.53105,-0.66696,254.85600000000005,5.34939830728653,-7.8344298697455,-0.460960862747,7.3734690069985,2.333145610953555,0,2,1.5302,3,4,ok,False,10.445976320123794,1.178996716813178,1.178996716813178,8.135185217278996,12.756767422968592,18.18,0.5,1.0,1.4352350812389329e-12,2.332438798100469e-13,11.624973036936971,1.277594911446087,2.714196543365607,0.4707083260307552,True,0.8012627740720814,1.8688963817193333e-13
671215-10-4,O=C(O)C=1C(F)=C2C(F)=CC(=C(F)C2=C(F)C1C(=O)O)S(=O)(=O)S,178.06420675812862,293.39629933333333,0.53825,-0.63411,255.5360000000001,6.571038801437714,-8.264097639685001,-1.660982943452,6.603114696233002,3.72957419011517,2,2,2.4111,3,4,ok,False,8.861956188743584,1.412205285483336,1.412205285483336,6.094084690419139,11.629827687068028,18.18,0.5,1.0,1.797170323051905e-12,3.51312570805842e-13,10.27416147422692,2.2244023479020454,2.714196543365607,0.8195435784999504,True,0.510864098062824,1.7947297962285846e-13
176796-64-8,O=C(O)C1=CC=C(C=C1C(=O)O)C(N)C(=O)O,189.34761836663955,202.44308433333333,0.53263,-0.66404,195.99200000000005,2.7760466674751707,-8.636349387169,-0.764639919905,7.871709467264,2.806842666108895,0,1,0.1674000000000002,4,4,ok,False,10.89163179552066,1.1144453145633575,1.1144453145633575,8.707359116237068,13.07590447480425,18.18,0.5,1.0,1.388607234627619e-12,2.1317929878052424e-13,12.006077110084018,1.2153206300984718,2.714196543365607,0.44776441598126593,True,0.818327241030124,1.7445042741580289e-13
82297-95-8,O=C(O)C1=CC(O)=C(O)C(O)=C1C(=O)O,179.3844153968164,173.83875633333332,0.53806,-0.66144,162.28800000000004,6.050811291884751,-7.857559547038001,-0.5646362397875,7.292923307250501,2.431582606973957,1,2,0.1997999999999998,5,5,ok,False,1.7186141298625568,2.420703637307061,2.420703637307061,-3.0258778165043925,6.463106076229506,18.18,0.5,1.0,1.2191534419637613e-12,4.055597191240094e-13,4.139317767169618,2.5017138298739816,2.714196543365607,0.921714323153567,True,0.4276041932050481,1.7341903649248796e-13
2476585-29-0,O=C(O)C1=CC=C(C#CCC(N)CO)C=C1C(=O)O,188.6938443760487,258.59942433333333,0.53255,-0.66274,232.34400000000005,2.5784928330325063,-8.220015195904,-0.948044655142,7.271970540762,2.889633592477192,0,1,0.1442000000000002,4,4,ok,False,10.846603951005505,1.1197733513018533,1.1197733513018533,8.651888511606156,13.041319390404855,18.18,0.5,1.0,1.321391341671956e-12,2.0364172399732736e-13,11.96637730230736,1.2404484794906518,2.714196543365607,0.45702234885042414,True,0.8115011885876617,1.652555010698717e-13
2639625-50-4,O=C(O)C1=CC(F)=C(O)C=C1C(=O)O,185.8280393360363,155.3995623,0.53341,-0.66059,152.72800000000004,0.7225209339527817,-8.424100583779001,-0.630759905459,7.793340678320002,2.630146103700102,0,2,0.9277,3,3,ok,False,10.287419611272025,1.1988352038046701,1.1988352038046701,7.9377457884161355,12.637093434127914,18.18,0.5,1.0,1.2742319669310202e-12,2.1009679482504121e-13,11.486254815076695,1.353550474123804,2.714196543365607,0.4986928737464973,True,0.7798181072505219,1.6383728487986488e-13
1391300-19-8,O=C(O)C1=CC=C(C=C1C(=O)O)CC(N)C,187.82351470897905,215.43821233333333,0.53198,-0.66656,201.42400000000004,2.697908163744645,-8.221647879007001,-0.6223243760935,7.599323502913501,2.573118686781801,0,1,0.9727,3,3,ok,False,10.78501397721481,1.1281282719767918,1.1281282719767918,8.57392319419889,12.996104760230729,18.18,0.5,1.0,1.2953856784408009e-12,2.0104906107535033e-13,11.913142249191601,1.2349061986345005,2.714196543365607,0.45498038882004294,True,0.8130138334943863,1.6345566786531758e-13
201730-11-2,O=C(O)C1=CC=C(C=C1C(=O)O)C(N)C(=O)O,189.1025801889332,202.4670923333333,0.53223,-0.66463,195.76000000000005,2.574404770039086,-8.631995565561,-0.782599434038,7.849396131523001,2.822975090100241,0,1,0.1674000000000002,4,4,ok,False,10.831539229945303,1.120716290332826,1.120716290332826,8.63497566400563,13.028102795884976,18.18,0.5,1.0,1.2520192066109711e-12,1.9291949564786844e-13,11.952255520278129,1.244595841217015,2.714196543365607,0.4585503744226697,True,0.8103666771704243,1.5633553064955729e-13
312317-46-7,O=C(O)C1=CC=C(OC2=CC=C(C=C2)NC(=O)C=3C=CC=C(C3)NC(=O)C(C)(C)C)C=C1C(=O)O,190.62937164203217,497.2702586666667,0.53325,-0.6609,419.0160000000001,7.7285159985601375,-7.794429133722,-0.5962014464455,7.1982276872765,2.445139435408695,0,1,5.112200000000003,4,5,ok,False,9.442270403769273,1.3213479447272656,1.3213479447272656,6.852476021057811,12.032064786480735,18.18,0.5,1.0,1.3632992270336759e-12,2.480654242533705e-13,10.76361834849654,1.8509137582574424,2.714196543365607,0.6819379984775558,True,0.6281103359442727,1.5581245696394307e-13
15908-31-3,O=C(O)C1=CC=2OC(=C(C2C=C1C(=O)O)C)C,185.48622100125525,228.7586253333333,0.53116,-0.67274,198.14400000000003,3.981074294709909,-7.679052861110001,-0.5692621752460001,7.1097906858640005,2.392289166622236,0,2,2.446040000000001,2,3,ok,False,11.49906389083705,1.0231339012936262,1.0231339012936262,9.493758292939583,13.504369488734516,18.18,0.5,1.0,1.120758498259567e-12,1.573337037520022e-13,12.522197792130676,0.6680929808904368,2.714196543365607,0.24614760582592177,True,0.9412103328092387,1.4808410767053218e-13
2549261-62-1,O=C(O)C1=CC=C(C#CCCN)C=C1C(=O)O,185.8809087962541,236.797004,0.53268,-0.66247,207.27200000000005,1.9429781702324915,-8.140013723857,-0.9461398581885,7.1938738656685,2.869044844896181,0,1,0.7833000000000001,3,3,ok,False,10.754589117525784,1.1281655501307577,1.1281655501307577,8.543425270670681,12.965752964380886,18.18,0.5,1.0,1.070005860967062e-12,1.6548704197364866e-13,11.882754667656542,1.221972688193867,2.714196543365607,0.4502152547429817,True,0.816528244014132,1.3512484378983632e-13
2588231-51-8,O=C(O)C1=CC=C(C#CCOCCO)C=C1C(=O)O,186.65481766736383,249.66105566666667,0.53308,-0.66164,229.32000000000005,3.987450828536949,-8.282057153818,-0.977432950996,7.304624202822,2.934379463628845,0,1,0.4434,3,4,ok,False,10.859984785237813,1.1143812206347965,1.1143812206347965,8.67583772774583,13.044131842729797,18.18,0.5,1.0,1.1304902506782074e-12,1.728810432979082e-13,11.97436600587261,1.3794180608005757,2.714196543365607,0.5082233503584437,True,0.7723704598011065,1.3352821090290035e-13
1005516-40-4,O=C(O)C1=CC=CC(=C1C(=O)O)N2CCC(CCO)CC2,166.73084802474415,288.61782466666665,0.5314,-0.6675,265.02400000000006,4.200500926080126,-6.99876823486,-0.368442153577,6.630326081283,2.0464977228160484,1,0,1.6817999999999995,3,4,ok,False,-1.5450878759825581,2.885286344266884,2.885286344266884,-7.200145195830887,4.10996944386577,18.18,0.5,1.0,1.1938638396149452e-12,4.731834699302514e-13,1.340198468284326,3.062009287784045,2.714196543365607,1.128145747318339,False,0.28007080656501543,1.3252487607659825e-13
39521-06-7,O=C(O)C=1C(N)=CC=C(C1C(=O)O)C,165.7446314665676,186.96806433333336,0.53293,-0.66829,166.12000000000003,3.5568633822512776,-7.2945559903534996,-0.525723959166,6.768832031187499,2.258764075067748,2,0,0.9736200000000002,3,3,ok,False,-1.2596874074844528,2.8461186597981047,2.8461186597981047,-6.837977476416145,4.3186026614472395,18.18,0.5,1.0,1.2268165592364016e-12,4.798858997307494e-13,1.586431252313652,3.089192374084152,2.714196543365607,1.1381608976089659,False,0.27378552657029664,1.313858137514438e-13
2590155-61-4,O=C(O)C=1C=CC=C(C#CCC(O)C(C)C)C1C(=O)O,164.59644274459583,275.633278,0.53615,-0.65304,253.1200000000001,4.724902731273946,-8.149809822475,-0.7077681251504999,7.4420416973245,2.63559014747484,1,0,1.8415,3,3,ok,False,-0.7247307822726281,2.769260056776952,2.769260056776952,-6.1523807573808,4.702919192835544,18.18,0.5,1.0,1.2157617351639275e-12,4.626414800273467e-13,2.044529274504324,3.169414433881988,2.714196543365607,1.1677173643261332,False,0.25574770624010307,1.1831949732852036e-13
917766-59-7,O=C(O)C1=CC(Cl)=C(C=C1C(=O)O)P(=O)(O)O,186.765787866096,206.447756,0.53649,-0.64903,201.40000000000003,4.10315870275572,-9.029826014992,-1.1273676826215,7.9024583323705,3.263812964006225,0,2,0.5393999999999999,4,3,ok,False,11.099142785209404,1.0761895354198676,1.0761895354198676,8.98985005524757,13.208435515171237,18.18,0.5,1.0,9.3288128600182e-13,1.3728471934018417e-13,12.175332320629272,1.0824988097297037,2.714196543365607,0.3988284534425808,True,0.8529416535670249,1.1709585552350162e-13
113006-47-6,O=C(O)C1=CC=C(OC2=CC=CC(N)=C2)C=C1C(=O)O,189.1124162743025,272.757933,0.53293,-0.66147,231.32000000000005,4.169239722059646,-7.323127944656001,-0.597562015698,6.725565928958001,2.3320464816918625,0,1,2.4575000000000005,3,4,ok,False,10.489271760215118,1.1610970762529698,1.1610970762529698,8.21356330820454,12.764980212225696,18.18,0.5,1.0,8.673526959984924e-13,1.3752778307850037e-13,11.650368836468088,1.269117646083365,2.714196543365607,0.46758502039415967,True,0.8036143803452264,1.1051930417888177e-13
2510871-92-6,O=C(O)C1=CC=C(C#CC=2C=CC=CC2O)C=C1C(=O)O,186.4407398375797,322.43662666666665,0.53332,-0.66163,240.7040000000001,4.135384373912538,-7.517961461614001,-1.1665520770935,6.351409384520501,2.9686629706080487,0,1,2.1884,3,3,ok,False,10.807886063543293,1.117233932803911,1.117233932803911,8.618147792941585,12.997624334145002,18.18,0.5,1.0,9.201762979301357e-13,1.4054413650643097e-13,11.925119996347204,1.3884875446627862,2.714196543365607,0.5115648489261798,True,0.7697429933984185,1.0818286433905612e-13
3002026-76-5,O=C(O)C1=CC=C(C(=C1C(=O)O)CC)CC,169.41809867826035,219.59366666666665,0.53417,-0.66204,205.0240000000001,3.93581170916496,-8.4390668455565,-0.5287172115215,7.910349634035,2.5416433727645558,1,1,2.2078,2,2,ok,False,4.467144543640703,2.0102551933700306,2.0102551933700306,0.5271167649008413,8.407172322380566,18.18,0.5,1.0,7.736936977127651e-13,2.119523039789902e-13,6.4773997370107335,2.3947286371935648,2.714196543365607,0.8822974309090006,True,0.45911766243935587,9.731104635146977e-14
201730-10-1,O=C(O)C1=CC=C(C=C1C(=O)O)C(N)C(=O)O,189.4308525292656,202.51384466666664,0.53274,-0.66311,195.97600000000008,3.447903074333732,-8.650771421245501,-0.789674394151,7.861097027094502,2.834274175928128,0,1,0.1674000000000002,4,4,ok,False,10.943598046252076,1.0941184689936543,1.0941184689936543,8.799165252204409,13.088030840299743,18.18,0.5,1.0,7.696618749547687e-13,1.1474685018078207e-13,12.03771651524573,1.1367775334459265,2.714196543365607,0.41882653495546823,True,0.8391081592158978,9.628501823101845e-14
149967-37-3,O=C(O)C1=CC=2C=CC=C(OC)C2C=C1C(=O)O,185.6106284068815,257.72294266666665,0.53165,-0.66959,207.72800000000004,4.556181047763576,-7.426259093995499,-0.6816451955025,6.744613898492999,2.4366892218377547,0,2,2.2448,2,3,ok,False,11.419790207595316,1.0261448138341938,1.0261448138341938,9.408583329557738,13.430997085632894,18.18,0.5,1.0,7.460095359632614e-13,1.0425144385233564e-13,12.44593502142951,0.7998488633917742,2.714196543365607,0.2946908415114112,True,0.9168213075514414,9.557994506682404e-14
2551177-31-0,O=C(O)C=1C=CC=C(C#CCNN)C1C(=O)O,162.47944558969823,227.22842766666668,0.53581,-0.65409,202.8640000000001,2.823215765753656,-8.209674869585001,-0.7104892636555,7.499185605929501,2.6525989735817417,1,0,-0.1022,4,4,ok,False,-2.9085720591020703,3.096782116451831,3.096782116451831,-8.978153475315382,3.161009357111242,18.18,0.5,1.0,1.570218081249328e-12,6.713912312658547e-13,0.1882100573497607,3.8191909132564463,2.714196543365607,1.407116563681363,False,0.13807240965561846,9.270060512252915e-14
2512635-26-4,O=C(O)C=1C=CC=C(C#CC2=CC=C(C#C)C=C2)C1C(=O)O,170.93785479581533,351.621697,0.53596,-0.65064,254.9120000000001,1.8529291486724475,-7.588438948893501,-1.0348489734515,6.553589975442001,2.836654981098582,1,0,2.4641,2,2,ok,False,6.572001195812326,1.7094349233153117,1.7094349233153117,3.2215703121993258,9.922432079425326,18.18,0.5,1.0,7.051212038858726e-13,1.6398317717537403e-13,8.281436119127637,2.05750391225654,2.714196543365607,0.7580526610299315,True,0.562905319214877,9.230700269377364e-14
2383895-38-1,O=C(O)C1=CC=C(C=C1C(=O)O)NC(=O)OCC2C=3C=CC=CC3C=4C=CC=CC42,188.9492815938384,430.851489,0.53282,-0.66204,344.8800000000001,4.414533549538389,-7.491838531966001,-0.690624952569,6.801213579397,2.4610574235813343,0,1,4.444000000000003,3,4,ok,False,10.652395878823716,1.1326622478811297,1.1326622478811297,8.432418666328523,12.87237309131891,18.18,0.5,1.0,6.833894824341092e-13,1.0524568833401466e-13,11.785058126704847,1.2586257903586244,2.714196543365607,0.4637194728713076,True,0.8065126072233306,8.488197449728024e-14
114026-06-1,O=C(O)C1=CC=C(OC=2C=CC=CC2N)C=C1C(=O)O,188.21166165951345,271.59708033333334,0.53302,-0.6609,230.66400000000004,2.871810615273925,-7.341087458789,-0.539873879392,6.801213579397,2.2830319504320853,0,1,2.4575,3,4,ok,False,10.183806656278888,1.1944424755755854,1.1944424755755854,7.842742422545877,12.524870890011899,18.18,0.5,1.0,5.673092816521483e-13,9.182384916726672e-14,11.378249131854473,1.2276292230893153,2.714196543365607,0.4522993097497109,True,0.8149938876380066,7.483587581071665e-14
1344594-19-9,O=C(O)C1=CC=CC(=C1C(=O)O)C(N)CCO,162.93624913096954,216.157551,0.53451,-0.65467,209.22400000000005,6.551092310447166,-8.405868955795501,-0.5548401411695,7.851028814626002,2.556808458365602,1,0,0.4651999999999999,4,4,ok,False,-3.634753693390312,3.1913604065030734,3.1913604065030734,-9.889705151823442,2.6201977650428185,18.18,0.5,1.0,1.3526704984847312e-12,5.943774946933245e-13,-0.4433932868872388,3.9978413102432127,2.714196543365607,1.4729372933641292,False,0.11422966291387122,6.789554086240974e-14
2474245-38-8,O=C(O)C1=CC=C(C#CCCC(O)C)C=C1C(=O)O,186.4317337070844,263.107965,0.53274,-0.66265,237.1440000000001,3.015106507239836,-8.168313564309,-0.938792784225,7.229520780084001,2.8680803529879557,0,1,1.5955,3,3,ok,False,10.769195416887404,1.1113805604942235,1.1113805604942235,8.590929545200787,12.947461288574022,18.18,0.5,1.0,5.475298851230753e-13,8.240674822911818e-14,11.880575977381628,1.2486034385583005,2.714196543365607,0.4600269061613463,True,0.8092683149779686,6.668917028219217e-14
39519-77-2,O=C(O)C1=CC=C(C=C1C(=O)O)N(C)C,186.1634745131228,214.2883003333333,0.53056,-0.66616,183.94400000000005,6.753950113822281,-7.112783938219501,-0.3703469505305,6.7424369876890005,2.076298525311012,0,1,1.1489999999999998,2,3,ok,False,10.250530662664339,1.1837725294178303,1.1837725294178303,7.93037913911751,12.570682186211169,18.18,0.5,1.0,5.363084480154605e-13,8.594346670645607e-14,11.434303192082169,1.3877483259451702,2.714196543365607,0.5112924962406593,True,0.7699574566905748,6.617281304447401e-14
2566985-63-3,O=C(O)C=1C=CC=C(C#CC=2C=CC=C(C#C)C2)C1C(=O)O,171.00428971824073,340.6843583333333,0.536,-0.65119,254.89600000000007,1.9155910550010409,-7.738917908219999,-0.866954727693,6.871963180527,2.694318998805977,1,0,2.4641,2,2,ok,False,6.111392230050682,1.76236226225026,1.76236226225026,2.657225668327639,9.565558791773725,18.18,0.5,1.0,4.957475646767553e-13,1.1810571380406976e-13,7.873754492300942,2.0688396113458674,2.714196543365607,0.7622291084272415,True,0.5593425438892539,6.606155040702454e-14
2604870-42-8,O=C(O)C=1C=CC=C(C#CC(C)CC)C1C(=O)O,169.77090692038436,254.18725200000003,0.53622,-0.65377,227.57600000000005,3.3753190234405994,-8.140013723857,-0.7115777190575,7.428436004799501,2.6368495004081263,1,0,2.4806,2,2,ok,False,5.024549517046021,1.9157716467907784,1.9157716467907784,1.2697060867331054,8.779392947358936,18.18,0.5,1.0,5.095168150638108e-13,1.3201746463533265e-13,6.940321163836799,2.2893860828804073,2.714196543365607,0.8434857411031722,True,0.49092289732435984,6.481039623619372e-14
62155-85-5,O=C(O)C1=CC=C(C=C1C(=O)O)S(=O)(=O)NC2=CC=CC(=C2)C,186.07491798687275,310.402777,0.53626,-0.65161,273.56800000000004,8.025870067475552,-8.18518462304,-1.0979793867674998,7.087205236272499,3.039884240685188,0,1,2.19222,3,4,ok,False,9.709204999745133,1.2588548454971158,1.2588548454971158,7.241894840807051,12.176515158683214,18.18,0.5,1.0,5.160566889080184e-13,8.788239493995807e-14,10.968059845242248,1.7589114221578632,2.714196543365607,0.6480412873773728,True,0.6570747382318046,5.774530165035702e-14
2494739-65-8,O=C(O)C=1C=CC=C(C#CCC(O)CC)C1C(=O)O,164.7171997208768,258.1655686666666,0.53642,-0.65361,236.36800000000005,5.566664556985629,-8.159878034943501,-0.7211017038249999,7.438776331118501,2.6506980990433067,1,0,1.5955,3,3,ok,False,-0.8421835592425637,2.748721625912121,2.748721625912121,-6.2295789495567,4.545211831071573,18.18,0.5,1.0,6.13587845322437e-13,2.288726537805118e-13,1.9065380666695573,3.220822534259169,2.714196543365607,1.1866578130209189,False,0.244593711543368,5.598081185895564e-14
4841-80-9,O=C(O)C=1C(F)=C(F)C(=C(F)C1C(=O)O)C2=C(F)C(F)=C(C(=O)O)C(C(=O)O)=C2F,180.7367993074124,297.00559733333336,0.5381,-0.63179,296.5680000000001,4.94728016186672,-9.041254796713,-1.4936329253945,7.5476218713184995,3.676120147829541,2,2,2.9810000000000008,4,4,ok,False,9.360522431737389,1.305060049677835,1.305060049677835,6.802651736706778,11.918393126767999,18.18,0.5,1.0,4.631587641247204e-13,8.16103587434884e-14,10.665582481415223,1.7292235818828101,2.714196543365607,0.6371033026733468,True,0.6663763897677776,5.438321622713898e-14
134331-63-8,O=C(O)C=1C=CC2=CC(=CN=C2C1C(=O)O)C,180.86666832924936,239.9150473333333,0.53651,-0.67014,194.70400000000004,6.014991517866006,-8.2175661712495,-1.154851181522,7.0627149897275,3.1093640038673547,1,1,1.93962,2,3,ok,False,10.097677452794963,1.2022838396010456,1.2022838396010456,7.741244427982383,12.454110477607543,18.18,0.5,1.0,4.722902058260405e-13,7.669251267626822e-14,11.29996129239601,1.6083967919494868,2.714196543365607,0.5925867070610417,True,0.7038718255463272,5.398169890317975e-14
856806-24-1,O=C(O)C1=CC=C(C=C1C(=O)O)C(O)(C)C,186.4866223629768,207.000797,0.53186,-0.66653,197.52800000000005,1.9564214729960412,-8.738664194957,-0.628038766954,8.110625428003,2.704326724106726,0,1,1.3104,3,3,ok,False,10.563779523301921,1.1345762115209403,1.1345762115209403,8.34005101100498,12.787508035598862,18.18,0.5,1.0,4.2288364515708814e-13,6.467434896319822e-14,11.698355734822862,1.2125065602971627,2.714196543365607,0.4467276193615858,True,0.8190865149073926,5.297388709617057e-14
1133-27-3,O=CC1=CC=CC(C(=O)O)=C1C(=O)O,177.69157722813137,170.92329266666664,0.5369,-0.64722,158.32000000000005,3.37975892779352,-9.188196275983,-1.198933625303,7.9892626506800015,3.3761710029963323,1,0,0.8955,2,3,ok,False,10.621927978551,1.1270693227285655,1.1270693227285655,8.41291269792306,12.83094325917894,18.18,0.5,1.0,4.3521979472785786e-13,6.615461061110875e-14,11.748997301279566,1.319285936469345,2.714196543365607,0.4860686819803509,True,0.78957317558074,5.223390597952046e-14
1812208-91-5,O=C(O)C1=CC=C(C=C1C(=O)O)CNCC(=O)O,190.4459398954804,218.18355133333336,0.532,-0.66689,212.9120000000001,4.209427240136121,-8.333214557712001,-0.694978774177,7.638235783535001,2.667771627764636,0,1,0.2571999999999999,4,4,ok,False,10.789143728611556,1.1030441154370412,1.1030441154370412,8.627216988996114,12.951070468226998,18.18,0.5,1.0,4.22321081141337e-13,6.279178241595146e-14,11.892187844048598,1.2049048458526506,2.714196543365607,0.4439268957135164,True,0.8211322579819492,5.156035807792148e-14
40513-55-1,O=C(O)C1=CC=C(C=C1C(=O)O)C(=O)C2=CC=C(N)C(N)=C2,189.43447192324277,320.48890766666665,0.53298,-0.6604,253.97600000000008,6.993668297109894,-7.018088318245499,-1.188593298984,5.829495019261499,2.888312921789951,0,1,1.4784,4,5,ok,False,10.563372878116716,1.134226025092926,1.134226025092926,8.340330718606559,12.786415037626874,18.18,0.5,1.0,4.150436586201128e-13,6.343452031803661e-14,11.697598903209641,1.4340178001225092,2.714196543365607,0.5283397046642486,True,0.7564318441066475,4.798389118419304e-14
1219463-88-3,O=C(O)C1=CC=C(C#CC(O)(C)C)C=C1C(=O)O,186.21545236947935,247.05735166666668,0.53329,-0.66144,220.08800000000005,3.578744809287189,-8.2790639014625,-0.982331000305,7.2967329011575,2.9387616584155967,0,1,1.2054,3,3,ok,False,10.718207823174875,1.1121523730250344,1.1121523730250344,8.538429226725052,12.897986419624699,18.18,0.5,1.0,4.0662276582778594e-13,6.091570564554852e-14,11.83036019619991,1.3353294678352212,2.714196543365607,0.4919796508838712,True,0.7850216539866455,4.782014799963214e-14
1005516-43-7,O=C(O)C1=CC=CC(=C1C(=O)O)N2CCC(OC)CC2,171.45825553884697,268.2236233333333,0.53262,-0.65963,248.6800000000001,3.871995852270506,-7.1731932130305,-0.433749477697,6.7394437353335,2.146526455760561,1,0,1.6982,2,4,ok,False,4.2884947644764395,2.002663041011049,2.002663041011049,0.36334733092532234,8.213642198027557,18.18,0.5,1.0,3.331360415492891e-13,8.954942264385663e-14,6.291157805487488,2.226974554085797,2.714196543365607,0.8204912645435566,True,0.5100707103179132,4.567653761651097e-14
2517761-41-8,O=C(O)C=1C=CC=C(C#CC(O)C(C)C)C1C(=O)O,165.040924225949,259.3163646666667,0.53638,-0.6515,236.5600000000001,3.753781525342145,-8.314166588176999,-0.7336189409480001,7.5805476472289985,2.699752933119806,1,0,1.4514,3,3,ok,False,-0.2547631439545732,2.646640018064105,2.646640018064105,-5.442082259402657,4.93255597149351,18.18,0.5,1.0,4.2061315378456624e-13,1.5004220460447593e-13,2.3918768741095318,3.0252371099423883,2.714196543365607,1.1145976577625032,False,0.2887113327435544,4.331888485913932e-14
84638-34-6,O=C(O)C1=CC(O)=C(C(=O)O)C(O)=C1C(=O)O,178.7794450454173,192.4352913333333,0.53985,-0.65193,181.49600000000004,5.398175617743462,-8.329404963805,-0.7409660149115,7.588438948893501,2.710426684777469,1,2,0.1923999999999999,5,5,ok,False,2.5004221227705816,2.247729159467185,2.247729159467185,-1.905046076785589,6.905890322326752,18.18,0.5,1.0,3.0508907570072127e-13,9.190261579354718e-14,4.7481512822377665,2.3554621855786153,2.714196543365607,0.8678303681935425,True,0.4708905697444565,4.327607511202931e-14
104941-70-0,O=C(O)C1=CC=C(C=C1)NS(=O)(=O)C2=CC=C(C(=O)O)C(=C2)C(=O)O,188.69778564367604,322.4174473333333,0.53708,-0.65099,284.72800000000007,5.956434242900697,-8.3285886222535,-1.060155561548,7.2684330607055,3.031895479144389,0,1,1.582,4,5,ok,False,10.916762293096458,1.0809352407566486,1.0809352407566486,8.798168151593295,13.03535643459962,18.18,0.5,1.0,3.435857399311903e-13,4.987765244945874e-14,11.997697533853106,1.23668550793785,2.714196543365607,0.455635945363175,True,0.8125286411876899,4.0527021170390565e-14
140188-81-4,O=C(O)C1=C(F)C(F)=C(Br)C(F)=C1C(=O)O,178.9874508032391,169.442331,0.53824,-0.63327,173.71200000000005,2.683187136597073,-9.0388057720585,-1.071584343269,7.9672214287895,3.207516861359621,2,2,2.2628000000000004,2,2,ok,False,10.855828298917123,1.0865530084452826,1.0865530084452826,8.726223535070723,12.985433062763523,18.18,0.5,1.0,2.9905751742171886e-13,4.353210556868966e-14,11.942381307362405,0.9682588522993927,2.714196543365607,0.3567386653211011,True,0.8805025320669962,3.8330129179439036e-14
2620457-58-9,O=C(O)C1=CC=C(C#CCNC)C=C1C(=O)O,186.0852098699724,236.159527,0.53311,-0.66174,207.34400000000005,2.6805289962990515,-8.074162172035999,-0.9630109169195,7.111151255116499,2.871212216902968,0,1,0.6539000000000001,3,3,ok,False,10.660014181366058,1.1147236000314653,1.1147236000314653,8.475196072587554,12.844832290144563,18.18,0.5,1.0,3.1323016422305424e-13,4.681556032235117e-14,11.774737781397524,1.2299142541088461,2.714196543365607,0.4531411909410772,True,0.8143728762557162,3.8125322513236105e-14
2541881-22-3,O=C(O)C1=CC=C(C#CC2=CC=C(O)C=C2)C=C1C(=O)O,186.46530963934475,326.46371600000003,0.53319,-0.66205,241.06400000000005,3.454952192143909,-7.3408153449385,-1.1202927225085,6.22052262243,2.8771838828652343,0,1,2.1884,3,3,ok,False,10.68605531855176,1.1097710833985561,1.1097710833985561,8.510943964006593,12.861166673096928,18.18,0.5,1.0,2.9399711914831545e-13,4.3696802171488125e-14,11.795826401950317,1.292190980309306,2.714196543365607,0.47608600175541727,True,0.7971934706207568,3.4834805378117246e-14
294892-14-1,O=C(O)C1=CC=C(OC2=CC=C(C=C2)NC(=O)C(C)C)C=C1C(=O)O,189.10484134971512,341.77177266666666,0.53338,-0.66074,300.3280000000001,8.043499130353654,-7.795789702974501,-0.5336152608304999,7.262174442144001,2.3883682361180214,0,1,3.469800000000001,3,4,ok,False,9.475668415570969,1.2779463442274759,1.2779463442274759,6.970939606710489,11.980397224431448,18.18,0.5,1.0,2.9572283631491155e-13,5.061922905166958e-14,10.753614759798445,1.7300538073116183,2.714196543365607,0.6374091852487401,True,0.6661166527904504,3.371831142273126e-14
1391038-53-1,O=C(O)C1=CC=C(C=C1C(=O)O)C(N)C,187.1164135198718,197.09004666666667,0.53144,-0.66747,184.89600000000004,2.78646961045693,-8.451311968829001,-0.6751144630904999,7.776197505738501,2.6777759745612566,0,1,1.1027,3,3,ok,False,10.623638608034772,1.1164780594515633,1.1164780594515633,8.435381821980538,12.811895394089007,18.18,0.5,1.0,2.6794966596106494e-13,4.0000610021460914e-14,11.740116667486335,1.2122642728056447,2.714196543365607,0.4466383526162905,True,0.819151837919145,3.276657321696668e-14
52060-72-7,O=C(O)C=1C=C(C(=O)O)C(=CC1OC)C(=O)O,187.0186580267648,203.651753,0.53548,-0.65402,191.90400000000005,4.188746520141796,-8.385460417008,-0.8560701736730001,7.529390243334999,2.8357504691065065,0,2,0.7898000000000001,3,4,ok,False,10.665856377498674,1.11171864177124,1.11171864177124,8.486927878685258,12.84478487631209,18.18,0.5,1.0,2.8226106158256916e-13,4.1995909265506595e-14,11.777575019269914,1.3536145259496222,2.714196543365607,0.498716472562867,True,0.7797997523574649,3.274839964526861e-14
1005516-38-0,O=C(O)C1=CC=CC(=C1C(=O)O)N2CCC(O)CC2,167.28233935012454,253.81399666666667,0.53162,-0.66561,231.7040000000001,3.3439434235644594,-7.084756211617999,-0.398374677132,6.686381534485999,2.093705227908035,1,0,1.0440999999999998,3,4,ok,False,-1.206335160138087,2.7586839680555806,2.7586839680555806,-6.61325638225507,4.200586061978896,18.18,0.5,1.0,2.825856291106918e-13,1.0433306117117875e-13,1.5523488079174936,2.924248536299035,2.714196543365607,1.0773901187984578,False,0.31324505605229486,3.26818155946734e-14
2552003-47-9,O=C(O)C1=CC=C(C#CCC(O)(C)C)C=C1C(=O)O,185.8200086686199,263.97510600000004,0.53269,-0.66229,236.95200000000008,2.4849242141361176,-8.202599909472,-0.947500427441,7.255099482030999,2.885016821028397,0,1,1.5955,3,3,ok,False,10.600340314168974,1.117707656354227,1.117707656354227,8.409673562470019,12.79100706586793,18.18,0.5,1.0,2.436810063028569e-13,3.63570719009032e-14,11.718047970523202,1.2274273717214033,2.714196543365607,0.45222494101307487,True,0.8150487127563301,2.963278465242049e-14
1073323-68-8,O=C(O)C=1C(F)=CC=C(C1C(=O)O)C,169.95284110750944,163.38810366666667,0.53403,-0.65041,160.79200000000003,3.391717886263537,-8.572674746152,-0.6468146226385,7.9258601235135,2.68106498527132,2,0,1.53052,2,2,ok,False,5.200987573421283,1.8625909538895866,1.8625909538895866,1.550376385867589,8.851598760974978,18.18,0.5,1.0,2.29866333682322e-13,5.709365383302793e-14,7.06357852731087,2.2535798566329985,2.714196543365607,0.8302935401422908,True,0.5018834473696604,2.865435980865008e-14
2555640-49-6,O=C(O)C=1C=CC=C(C#CC=2C=CC=CC2O)C1C(=O)O,165.18475840108366,314.1597263333333,0.53584,-0.65051,240.8400000000001,4.163110006953936,-7.5144239815575,-0.7804225232340001,6.7340014583235,2.5543682669167915,1,0,2.1884,3,3,ok,False,-0.8003181252678555,2.701243494017968,2.701243494017968,-6.09465808701621,4.494021836480499,18.18,0.5,1.0,2.764681105762351e-13,9.991052361922798e-14,1.9009253687501126,3.0677691172686723,2.714196543365607,1.1302678594766151,False,0.2787317486167343,2.7848234953600945e-14
159113-89-0,O=C(O)C=1C=C2C=C3C=C(C(=O)O)C(=CC3=CC2=CC1C(=O)O)C(=O)O,184.9697685323048,394.16636666666665,0.53201,-0.66898,282.58400000000006,4.548705602696222,-7.383809333317499,-1.558123907963,5.825685425354499,3.431277362811416,0,2,2.7858,4,4,ok,False,10.729465800780957,1.0974402746029768,1.0974402746029768,8.578522387375376,12.880409214186539,18.18,0.5,1.0,2.1683185082422982e-13,3.169974175335464e-14,11.826906075383935,1.1511034437374499,2.714196543365607,0.42410467530478846,True,0.8353831679486685,2.6481430689072076e-14
2559074-07-4,O=C(O)C=1C=CC=C(C#CCCCCC)C1C(=O)O,170.20890617046638,269.4273093333333,0.53594,-0.65342,244.78400000000005,3.165425780207143,-8.1315781944915,-0.6914412941204999,7.440136900371,2.615733888328903,1,0,3.014800000000001,2,2,ok,False,5.1641240181101455,1.863628444282524,1.863628444282524,1.5114793867519878,8.816768649468303,18.18,0.5,1.0,2.0464654184499216e-13,5.0754812740806e-14,7.0277524623926695,2.2190922401660687,2.714196543365607,0.8175871587451038,True,0.5125029754937872,2.6011992550293056e-14
405903-64-2,O=C(O)C1=CC=C(OC2=CC=C(C=C2)NC(=O)CC3=CC=C(Cl)C=C3)C=C1C(=O)O,189.0749042382424,419.66916,0.53301,-0.66141,353.8080000000001,6.807614180459995,-7.826538568080999,-0.6054533173625,7.2210852507185,2.4614889828752093,0,1,4.709900000000003,3,4,ok,False,10.010874014812124,1.1958147276484612,1.1958147276484612,7.667120216438567,12.354627813185681,18.18,0.5,1.0,2.0906983182523683e-13,3.3283630485421886e-14,11.206688742460585,1.4383493258102087,2.714196543365607,0.5299355823460942,True,0.7551554012548322,2.5134313334436327e-14
1388089-72-2,O=C(O)C1=CC=C(C=C1C(=O)O)C2NCC2,187.9626973541886,208.285398,0.53148,-0.66693,193.0720000000001,3.5438631280002904,-8.214572918894,-0.6136167328775001,7.600956186016499,2.563392375258858,0,1,1.1174,3,3,ok,False,10.577071868196738,1.1157201958184515,1.1157201958184515,8.390300467568597,12.763843268824878,18.18,0.5,1.0,1.8998740051389367e-13,2.8172906559935378e-14,11.692792064015189,1.2317926624916489,2.714196543365607,0.4538332588708644,True,0.8138618646255863,2.292885426479142e-14
1010100-15-8,O=C(O)C1=CC=C(C=C1C(=O)O)NCC=2C=CC=C(Cl)C2,188.8899783928446,307.662666,0.53135,-0.66525,254.24800000000005,4.856090017699424,-7.3005424950645,-0.3986467909825,6.901895704082,2.147146168382489,0,1,3.3485000000000014,3,3,ok,False,9.700871880515866,1.2344383634517329,1.2344383634517329,7.281417147015905,12.120326614015827,18.18,0.5,1.0,1.746829223563523e-13,2.861792800555e-14,10.9353102439676,1.3053628247840527,2.714196543365607,0.480938945992983,True,0.7934995788442989,2.270831381980039e-14
19617-59-5,O=C(O)C1=CC=CC(C2=CC=C(OC)C=C2)=C1C(=O)O,168.97043840235185,276.64308966666664,0.5343,-0.6589,235.76000000000005,6.972425301141634,-7.5976908198105,-0.5825957539205,7.015095065890001,2.3847534423923715,1,0,2.7586000000000004,2,3,ok,False,3.012801943320655,2.165246529740072,2.165246529740072,-1.231003272620221,7.256607159261531,18.18,0.5,1.0,2.314695352328723e-13,6.684193295013712e-14,5.178048473060727,2.8736711616217563,2.714196543365607,1.0587557369955238,False,0.32596550678515274,2.1788164548590645e-14
1344417-23-7,O=C(O)C1=CC=CC(=C1C(=O)O)CCC(N)C,165.29815076347617,228.59011633333333,0.53467,-0.66063,217.75200000000004,3.796455901232096,-8.3922632632705,-0.595385104894,7.796878158376501,2.590069433847287,1,0,1.3628000000000002,3,3,ok,False,-0.5968258889806464,2.659253988194363,2.659253988194363,-5.8088679315861,4.615216153624807,18.18,0.5,1.0,2.099918849878749e-13,7.434830883510058e-14,2.0624280992137165,3.0224307372133317,2.714196543365607,1.1135636969994493,False,0.28937724175819324,2.1514708540087714e-14
945681-55-0,O=C(O)C=1C=C2C(=CC1C(=O)O)C3C=4C=CC=CC4C2C5=CC(C(=O)O)=C(C=C53)C(=O)O,190.0590800128043,433.699933,0.53216,-0.66286,348.8400000000001,4.88565374233582,-7.9432754099455005,-0.8696758661980001,7.0735995437475,2.744999547802073,0,2,3.466600000000001,4,4,ok,False,10.72258548489524,1.092461340618845,1.092461340618845,8.58140060277996,12.863770367010522,18.18,0.5,1.0,1.6211380595393397e-13,2.3473773292871738e-14,11.815046825514086,1.2107840817946203,2.714196543365607,0.44609300116978506,True,0.8195507409998294,1.9237948296235037e-14
2578667-52-2,O=C(O)C=1C=CC=C(C#CC(C)CCC)C1C(=O)O,170.27992423697944,270.78865,0.53622,-0.65307,244.90400000000005,3.24908467110354,-8.126952259032999,-0.702597961991,7.424354297041999,2.6251763448521723,1,0,2.870700000000001,2,2,ok,False,5.181374807036796,1.843730982582437,1.843730982582437,1.567728483994574,8.795021130079018,18.18,0.5,1.0,1.227317288845593e-13,2.9849091900107496e-14,7.025105789619234,2.205203975715976,2.714196543365607,0.8124702616345979,True,0.5167955557836346,1.542587803815284e-14
84185-82-0,O=C(O)C=1C(O)=CC=C(C=2C=CC(=CC2)NC(=O)C)C1C(=O)O,163.97644888830757,315.7261766666667,0.53207,-0.6529,266.27200000000005,4.9969445334123925,-7.478232839441,-0.5107576973885,6.967475142052501,2.290068084073201,2,0,2.414,4,4,ok,False,-4.09176606468513,3.151845458081124,3.151845458081124,-10.269269647360282,2.0857375179900215,18.18,0.5,1.0,2.507366341551776e-13,1.0554536853115584e-13,-0.939920606604006,3.790437414008764,2.714196543365607,1.3965228211913558,False,0.1422348107681413,1.5012225520482686e-14
1344395-08-9,O=C(O)C1=CC=CC(=C1C(=O)O)C(N)CC,165.4305184287372,211.664342,0.53338,-0.66986,200.13600000000005,4.528308347495784,-8.336479923918,-0.491981841704,7.844498082214001,2.483961890556405,1,0,1.4928,3,3,ok,False,-1.0549739531369813,2.699887244891559,2.699887244891559,-6.34665571544351,4.236707809169547,18.18,0.5,1.0,1.3401439729200936e-13,4.780012452414368e-14,1.6449132917545777,3.0830013720849223,2.714196543365607,1.1358799272001123,False,0.2752093470258856,1.3155041058045604e-14
1804397-57-6,N#CCCC=1C=CC=C(C(=O)O)C1C(=O)O,169.73309459337435,199.09751533333332,0.53481,-0.65726,190.33600000000004,4.085902457230226,-8.7601611891465,-0.6198753514390001,8.140285837707498,2.7021497542246604,1,0,1.53918,2,3,ok,False,4.959242252120886,1.8703760482504381,1.8703760482504381,1.2933725600036765,8.625111944238094,18.18,0.5,1.0,1.1017709816576998e-13,2.71328652738332e-14,6.829618300371324,2.315983512307171,2.714196543365607,0.8532851159832916,True,0.4828276655223661,1.3100497999097759e-14
1344418-88-7,O=C(O)C1=CC=C(C=C1C(=O)O)C(N)C(O)C,190.3058375225367,218.51282,0.53147,-0.66715,209.61600000000004,4.9899242429119095,-8.505734738929,-0.6506242165455001,7.8551105223835,2.668291842698942,0,1,0.4636000000000001,4,4,ok,False,10.55242400226479,1.104718379063988,1.104718379063988,8.387215766239905,12.717632238289674,18.18,0.5,1.0,9.39408963967018e-14,1.3627090992102746e-14,11.657142381328777,1.2582432805320465,2.714196543365607,0.46357854356848577,True,0.8066180119709462,1.0991857044997105e-14
2639425-20-8,O=C(O)C1=CC=C(C=C1C(=O)O)CC(NC(=O)OCC2C=3C=CC=CC3C=4C=CC=CC42)C,188.75255372214227,472.733164,0.53243,-0.66568,395.4000000000001,4.684549793736854,-7.4828587748995,-0.6359300686185,6.846928706281,2.4067262532310933,0,1,4.552700000000003,3,4,ok,False,10.288815856780532,1.1395481497860755,1.1395481497860755,8.05534252455057,12.522289189010495,18.18,0.5,1.0,8.950344070640156e-14,1.3381747248614812e-14,11.428364006566607,1.2427490295294121,2.714196543365607,0.45786994776303186,True,0.8108721444149752,1.0850886087503488e-14
18959-88-1,O=C(O)C1=CC=C(OC2=CC=C(OC3=CC=C(C(=O)O)C(=C3)C(=O)O)C=C2)C=C1C(=O)O,187.7381999650501,413.1078933333333,0.53315,-0.66064,354.8160000000001,0.3931307161746586,-8.3155271574295,-0.611167708223,7.7043594492065,2.5857399875298475,0,1,4.064000000000002,4,6,ok,False,9.328991616947473,1.2710984762735178,1.2710984762735178,6.8376843826476374,11.820298851247308,18.18,0.5,1.0,9.4301597363802e-14,1.5740676010785302e-14,10.600090093220992,1.8772290928177022,2.714196543365607,0.6916334402555593,True,0.6198010028054458,9.756086776320355e-15
94035-95-7,O=C(O)C=1C(OC)=CC(OC)=C(OC)C1C(=O)O,169.6522904921045,222.36052200000003,0.53112,-0.65476,215.20800000000008,7.093723700567988,-7.742727502127001,-0.362999876567,7.379727625560001,2.225787307858931,2,1,1.1088,2,5,ok,False,2.8414771211561334,2.1564981666258185,2.1564981666258185,-1.3851816181571275,7.068135860469394,18.18,0.5,1.0,1.0322114703270792e-13,2.9275903736641104e-14,4.997975287781951,2.860595782147024,2.714196543365607,1.053938333662411,False,0.3293000258292125,9.640555856649453e-15
332933-35-4,O=C(O)C1=CC=C(OC2=CC=C(C=C2)NC(=O)COC=3C=CC=CC3Cl)C=C1C(=O)O,188.9545984611517,424.43301966666667,0.53324,-0.66062,361.9520000000001,7.35493207718467,-7.853477839280499,-0.5379690824385,7.315508756841999,2.406407530240761,0,1,4.5462000000000025,3,5,ok,False,9.620678924753442,1.2285635719062338,1.2285635719062338,7.212738571099338,12.028619278407545,18.18,0.5,1.0,8.284557743739057e-14,1.3336415990043602e-14,10.849242496659675,1.5628909033187521,2.714196543365607,0.5758208288706924,True,0.7177961765101625,9.57282840600229e-15
52060-74-9,O=C(O)C1=CC(OC)=C(C(=O)O)C(C(=O)O)=C1C(=O)O,163.43259306716806,224.279337,0.53833,-0.64399,219.40800000000004,3.133944393252695,-8.4390668455565,-1.0299509241425,7.409115921414,3.0254047336380365,2,1,0.4879999999999998,4,5,ok,False,-1.4697522106353649,2.762501880024852,2.762501880024852,-6.884156402708264,3.9446519814375343,18.18,0.5,1.0,1.5041703964482317e-13,5.500406374251776e-14,1.292749669389487,3.5994576106492326,2.714196543365607,1.3261595294001447,False,0.1722688230734766,9.475485325182022e-15
1217498-02-6,O=C(O)C1=CC=C2C(=C1C(=O)O)C3C=CC4C=CC2C43,170.27443724553848,270.87117399999994,0.5337,-0.65753,230.06400000000005,3.5581455858354083,-8.29947244025,-0.596473560296,7.702998879953999,2.5684105787220024,1,1,2.6358000000000006,2,2,ok,False,4.908579469837999,1.8645632196944717,1.8645632196944717,1.2541027123387902,8.563056227337208,18.18,0.5,1.0,7.573017263066329e-14,1.847395631171935e-14,6.773142689532471,2.2236758288902236,2.714196543365607,0.8192759048071231,True,0.5110882473959276,9.441821953825577e-15
63018-89-3,O=C(O)C1=CC=C2C=CC=3C=CC=CC3C2=C1C(=O)O,170.74786281650867,311.841512,0.53438,-0.65313,225.1920000000001,2.7388143054979097,-7.603677324521501,-0.9309014825605,6.672775841961,2.728963070970148,1,1,3.389400000000002,2,2,ok,False,5.824772478053053,1.740108255283237,1.740108255283237,2.4142229684970786,9.235321987609028,18.18,0.5,1.0,7.475012497897583e-14,1.701401129181309e-14,7.56488073333629,2.10486712989853,2.714196543365607,0.7755028408106704,True,0.5480412856440551,9.324380622327716e-15
2630498-66-5,O=C(O)C=1C=CC=C(C#CC(C)C)C1C(=O)O,170.5956672209862,237.558352,0.5358,-0.65272,210.74400000000009,3.039511399879921,-8.148177139371999,-0.695523001878,7.452654137493999,2.6235965987898435,1,0,2.0905,2,2,ok,False,5.348470347925836,1.8034536330172652,1.8034536330172652,1.8137661794240807,8.883174516427593,18.18,0.5,1.0,7.219757842680453e-14,1.7021274337906534e-14,7.151923980943102,2.1512395490156018,2.714196543365607,0.7925879775633573,True,0.5335536226789239,9.081762585601833e-15
116751-33-8,O=C(O)C1=C(F)C(F)=C(OC(=O)C=2C=CC=CC2)C(F)=C1C(=O)O,180.03999108325854,269.750107,0.53803,-0.63497,254.1200000000001,3.622666303981088,-8.848326076708501,-1.023692305581,7.824633771127501,3.1137798199537534,2,2,2.719500000000001,2,4,ok,False,10.65897171011236,1.0852277031360456,1.0852277031360456,8.531964496940585,12.785978923284134,18.18,0.5,1.0,7.280860820665321e-14,1.0330697869282623e-14,11.744199413248404,1.0658939567833874,2.714196543365607,0.39271067505733304,True,0.8570820068942745,8.854255262423156e-15
2610957-45-2,O=C(O)C=1C=CC=C(C#CC=2C=NC=CC2)C1C(=O)O,171.32100068966554,295.3483493333334,0.53592,-0.65073,228.46400000000008,2.18384499907846,-7.8496682453735005,-0.884914241826,6.9647540035475,2.7385364647061605,1,0,1.8778,2,3,ok,False,6.249743318712966,1.6788212394830004,1.6788212394830004,2.959314152845392,9.54017248458054,18.18,0.5,1.0,6.59929078520936e-14,1.4461403478442223e-14,7.9285645581959665,1.9991903562349165,2.714196543365607,0.7365680135145696,True,0.581274345321973,8.406042839368406e-15
1804038-87-6,O=C(O)C1=CC=CC(C(=O)C(Br)C)=C1C(=O)O,171.19342183444638,229.614483,0.53576,-0.65753,211.51200000000009,5.707451124626473,-9.085337240494,-1.2231517579975,7.862185482496501,3.378988757915876,1,0,2.0491,2,3,ok,False,7.4567462725984015,1.5194312567317976,1.5194312567317976,4.478715732419646,10.434776812777157,18.18,0.5,1.0,7.538149116746625e-14,1.4983934123803516e-14,8.976177529330199,2.2070145825875866,2.714196543365607,0.813137349239597,True,0.5162354347168722,7.735237746170684e-15
1344902-26-6,O=C(O)C1=CC=C2C(=O)CCC2=C1C(=O)O,175.8867159129789,202.562256,0.5342,-0.65595,181.88000000000005,4.479006858668559,-8.883972991124,-1.35512697549,7.528846015634,3.4812495802348526,1,1,1.2119,2,3,ok,False,9.897925672066572,1.1869263279847273,1.1869263279847273,7.571592816914131,12.224258527219014,18.18,0.5,1.0,6.860412891036243e-14,1.0635690209311429e-14,11.0848520000513,1.6540455045290443,2.714196543365607,0.6094052063296882,True,0.6897854267339398,7.33634410963987e-15
1803862-23-8,O=C(O)C1=CC=CC(=C1C(=O)O)CCC(=O)OC,171.11989475841918,220.061413,0.53484,-0.65954,217.29600000000005,2.47098572031487,-8.678254920146,-0.611167708223,8.067087211922999,2.6742419692982264,1,0,1.1886,2,4,ok,False,5.876028530412731,1.7243034752984332,1.7243034752984332,2.4964558204105516,9.255601240414912,18.18,0.5,1.0,5.6138942407722654e-14,1.2601186439838642e-14,7.600332005711165,2.048398125967865,2.714196543365607,0.7546977874446222,True,0.5657693739282859,7.129365362821114e-15
2251-54-9,O=C(O)C=1C(F)=CC(F)=C(F)C1C(=O)O,178.933550138803,142.96994456666667,0.53684,-0.63726,154.63200000000003,1.4186176546201588,-8.971865764835501,-0.8884517218825,8.083414042953,3.0069553663293065,2,1,1.5003000000000002,2,2,ok,False,10.664275181207367,1.0792221159780517,1.0792221159780517,8.549038702571277,12.779511659843457,18.18,0.5,1.0,5.5411254749973006e-14,7.783013559779737e-15,11.743497297185419,0.8471160917296917,2.714196543365607,0.3121056556498546,True,0.9071840386096206,7.0606256737144215e-15
1344389-47-4,O=C(O)C1=CC=CC(=C1C(=O)O)CC(N)C,165.67161313836897,212.9258686666667,0.53495,-0.65876,200.84800000000004,3.6000850059408323,-8.241240076243,-0.6190590098875,7.622181066355501,2.5748830686470963,1,0,0.9727,3,3,ok,False,-0.5542436114138596,2.599186734564212,2.599186734564212,-5.6485560002539845,4.540068777426265,18.18,0.5,1.0,6.804062426221636e-14,2.3096026334526167e-14,2.0449431231503525,2.9670453858284933,2.714196543365607,1.0931578971614757,False,0.302705713464345,6.991299129784044e-15
2574407-01-3,O=C(O)C1=CC=C(C#CCC(O)CC)C=C1C(=O)O,186.4009610782744,263.16513933333334,0.53294,-0.66209,236.95200000000008,4.179546121291162,-8.184640395339,-0.945323516637,7.239316878702001,2.8785948464010938,0,1,1.5955,3,3,ok,False,10.421840489307254,1.1128075934139952,1.1128075934139952,8.240777684493132,12.602903294121376,18.18,0.5,1.0,5.811399535134341e-14,8.423354290957921e-15,11.53464808272125,1.3702998202269954,2.714196543365607,0.5048638882016341,True,0.775003645623081,6.528130283867211e-15
1344445-95-9,O=C(O)C1=CC=C(C=C1C(=O)O)C(N)CCO,189.62708154174115,219.436421,0.53156,-0.66724,210.6080000000001,2.635915129513847,-8.33756837932,-0.639467548675,7.698100830645,2.617112188622792,0,1,0.4651999999999999,4,4,ok,False,10.322099907797774,1.1248591464314475,1.1248591464314475,8.117416493111671,12.526783322483878,18.18,0.5,1.0,5.4227126762661017e-14,7.935919705487394e-15,11.446959054229222,1.2596158035670448,2.714196543365607,0.4640842265627233,True,0.8062397135474357,6.3982536300876065e-15
2733732-98-2,O=C(O)C1=CC=C(SC2=CC=C(C=C2)CC)C=C1C(=O)O,183.93704328334957,320.053338,0.53261,-0.662,262.0880000000001,3.7741624514586016,-7.755788966951,-0.7338910547985,7.0218979121525,2.5660678841170568,0,1,3.7966000000000015,2,3,ok,False,11.092291905409995,1.0192727080610369,1.0192727080610369,9.094554107185754,13.090029703634237,18.18,0.5,1.0,4.8752980655634605e-14,6.453644693502857e-15,12.111564613471032,0.7205694582803717,2.714196543365607,0.26548168003591394,True,0.9319458913859863,6.01444765657496e-15
1042969-21-0,O=C(O)C=1C=CC=C(C#CC=2C=CC=CC2)C1C(=O)O,171.0752213712945,306.0647466666667,0.53582,-0.65133,232.52800000000005,2.669095258697224,-7.679869202661499,-0.8008310620215,6.879038140639999,2.613820257605917,1,0,2.4828,2,2,ok,False,5.610080294456107,1.7533074290747663,1.7533074290747663,2.1736608796430494,9.046499709269163,18.18,0.5,1.0,4.5126207456294175e-14,1.02622694486035e-14,7.363387723530873,2.0797494686965337,2.714196543365607,0.7662486616085812,True,0.5559165914198375,5.7049658520995936e-15
1005840-39-0,O=C(O)C1=CC=CC(C=2C=CC=CC2O)=C1C(=O)O,166.12868529290847,255.0321693333333,0.5353,-0.65446,218.72000000000008,2.598514292821958,-7.8855872736395,-0.6881759279145,7.197411345725,2.553328269891904,1,0,2.455600000000001,3,3,ok,False,-0.2945576229803457,2.552874501638199,2.552874501638199,-5.2980997032418555,4.708984457281164,18.18,0.5,1.0,5.3231898267814986e-14,1.767461192308868e-14,2.2583168786578534,2.9066607746522184,2.714196543365607,1.0709102042580732,False,0.31763617162601415,5.6140960662253915e-15
4424-29-7,O=C(O)C=1C=C(C=C(C1C(=O)O)C(C)C)C,170.72872966158153,218.596901,0.53415,-0.66451,205.00800000000004,3.2446555656956875,-8.4276380638355,-0.5265403007175,7.901097763118001,2.536904129907537,1,1,2.514820000000001,2,2,ok,False,5.075217353305659,1.8240384260457574,1.8240384260457574,1.5001677318388476,8.650266974772471,18.18,0.5,1.0,4.372156543299596e-14,1.0338529196664276e-14,6.899255779351416,2.148315020009383,2.714196543365607,0.7915104841101409,True,0.5344650993909615,5.52558303465153e-15
2596911-31-6,O=C(O)C=1C=CC=C(C#CC2=CC=C(C=C2)CC)C1C(=O)O,170.5957653316484,344.5110036666667,0.53589,-0.65178,265.63200000000006,3.4328768023335767,-7.519049917016001,-0.767905286111,6.751144630905001,2.543036414309045,1,0,3.045200000000001,2,2,ok,False,4.9815211075310035,1.8332050455565985,1.8332050455565985,1.3885052419629615,8.574536973099045,18.18,0.5,1.0,3.9366480026072676e-14,9.339286838621472e-15,6.8147261530876015,2.171705573159195,2.714196543365607,0.8001283394408415,True,0.5271841506121036,4.923523999341458e-15
113665-36-4,O=C(O)C1=CC=C(O)C(C(=O)O)=C1C(=O)O,163.2416647317163,186.6115726666667,0.54134,-0.65324,172.49600000000004,3.7318410858448954,-8.4635570921015,-0.8487230997095,7.614833992392,2.8470273435191187,2,0,0.4867999999999999,4,4,ok,False,-2.35403188985444,2.8474337639047818,2.8474337639047818,-7.934899515471139,3.2268357357622595,18.18,0.5,1.0,7.508163198940941e-14,2.7966507847266915e-14,0.49340187405034186,3.6531864583074194,2.714196543365607,1.3459550183412523,False,0.1633933309909536,4.569540873349584e-15
2556783-50-5,O=C(O)C=1C=CC=C(C#CCCCCC#C)C1C(=O)O,171.01893572852816,279.19033600000006,0.53598,-0.653,251.00800000000007,2.792783833382025,-8.134027219146,-0.6990604819345,7.434966737211501,2.623530174804873,1,0,2.6281000000000008,2,2,ok,False,5.572924469189963,1.7502178631070013,1.7502178631070013,2.1425604924015857,9.00328844597834,18.18,0.5,1.0,3.474642554407194e-14,7.853907822103652e-15,7.323142332296964,2.0838885176010424,2.714196543365607,0.767773624461631,True,0.5546176406543353,4.355915826211756e-15
1193545-29-7,O=C(O)C1=CC=C(C(=C1C(=O)O)S(=O)(=O)O)C,165.73766674209355,206.612674,0.53705,-0.64684,197.13600000000005,6.65695308305534,-9.096221794514,-0.790218621852,8.306003172662,2.9418994332935524,1,1,0.6381200000000001,3,4,ok,False,0.17633919533852271,2.4832985630934985,2.4832985630934985,-4.690836551184802,5.043514941861847,18.18,0.5,1.0,4.623246808428868e-14,1.4897276236286058e-14,2.659637758432021,3.171067137765493,2.714196543365607,1.1683262752347943,False,0.25538417845489036,3.804528652819476e-15
1613510-57-8,O=C(O)C1=CC=C(OCCCC(=O)O)C=C1C(=O)O,188.63214036529337,230.74843633333333,0.53303,-0.66186,225.69600000000003,6.528865464228835,-8.159878034943501,-0.5232749345115,7.636603100432001,2.468281528428851,0,1,1.3266,3,4,ok,False,9.819992508043587,1.1752967518149529,1.1752967518149529,7.516453203339369,12.123531812747805,18.18,0.5,1.0,2.3765293674584708e-14,3.584929072904592e-15,10.99528925985854,1.3582469004377862,2.714196543365607,0.5004231929179154,True,0.7784711304061407,2.7907637878098757e-15
1344431-51-1,O=C(O)C1=CC=C(C=C1C(=O)O)C2CNCC2,186.1214701076232,226.41198933333337,0.53153,-0.66682,207.77600000000004,1.7662446517965738,-8.0189230603845,-0.6568828351070001,7.3620402252775,2.556003690315612,0,1,1.1599,3,3,ok,False,9.90148504348725,1.162348637536905,1.162348637536905,7.623323576435715,12.179646510538785,18.18,0.5,1.0,2.1366459120490004e-14,3.1820728876786943e-15,11.063833681024155,1.2448196004301089,2.714196543365607,0.45863281473585954,True,0.8103054053372231,2.5784508610630723e-15
1026350-89-9,O=C(O)C1=CC=C(C(=C1C(=O)O)CCCCCC)CCCCCC,170.36660747481818,351.7120356666667,0.53383,-0.66136,339.5200000000001,4.083845660648795,-8.359609601210499,-0.5259960730165,7.833613528193999,2.519718004778106,1,1,5.328600000000005,2,2,ok,False,4.618128772247242,1.861324123209208,1.861324123209208,0.9700005272015999,8.266257017292883,18.18,0.5,1.0,2.0980416090558944e-14,5.002063743577555e-15,6.47945289545645,2.2474172047902963,2.714196543365607,0.8280230148710956,True,0.5037767259385652,2.519923295675503e-15
2167532-99-0,O=C(O)C1=CC=C(OCCN)C=C1C(=O)O,188.33875560956787,204.3746723333333,0.53244,-0.66236,192.86400000000003,4.541751043375231,-8.151170391727499,-0.4963356633119999,7.654834728415499,2.442226502107108,0,1,0.4204999999999999,3,4,ok,False,10.156921997066974,1.128623116999161,1.128623116999161,7.944861335629282,12.368982658504665,18.18,0.5,1.0,2.147264875580029e-14,3.105349917003947e-15,11.285545114066135,1.242563843736565,2.714196543365607,0.45780171917682283,True,0.8109228052211293,2.5181990658900417e-15
302927-96-4,O=C(O)C1=CC=C(OC2=CC=C(C=C2)NC(=O)C=3C=CC=CC3)C=C1C(=O)O,188.3728896588587,394.47528933333336,0.53306,-0.6609,321.6400000000001,8.283273145924865,-7.796606044526,-0.592663966389,7.2039420781370005,2.44240759269953,0,1,4.127600000000002,3,4,ok,False,9.069413494075231,1.272731690650969,1.272731690650969,6.574905218416559,11.563921769733904,18.18,0.5,1.0,2.1571762053018308e-14,3.518283389772469e-15,10.342145184726201,1.7666218909574471,2.714196543365607,0.6508820797357711,True,0.6546546189564632,2.3032604719123493e-15
1344588-48-2,O=C(O)C1=CC=C(C=C1C(=O)O)C(N)CC,186.9153880428293,213.005387,0.5318,-0.66629,201.67200000000005,3.4122681283861622,-8.476346443075,-0.671032755333,7.805313687742,2.680050717592415,0,1,1.4928,3,3,ok,False,10.29707578169203,1.1082530154904136,1.1082530154904136,8.12493978557291,12.46921177781115,18.18,0.5,1.0,1.9529642973805007e-14,2.7691333770695003e-15,11.405328797182444,1.2449201081352583,2.714196543365607,0.45866984510692654,True,0.81027788130379,2.2437675258194835e-15
2578150-45-3,O=C(O)C=1C=CC=C(C#CC2=CC=C(C=C2)C)C1C(=O)O,170.88201353356692,327.339021,0.53577,-0.65166,249.11200000000005,3.384162154802869,-7.5117028430525,-0.7638235783535,6.747879264699001,2.537254108474466,1,0,2.791220000000001,2,2,ok,False,5.072152914048052,1.7943841828791893,1.7943841828791893,1.5552245411765075,8.589081286919598,18.18,0.5,1.0,1.6808049565694576e-14,3.849415006578988e-15,6.8665370969272415,2.1239290253925303,2.714196543365607,0.7825258751375668,True,0.5420772580029595,2.086680331681782e-15
378216-04-7,O=C(O)C1=CC=C(OC2=CC=C(C=C2)NC(=O)CC3=CC=C(OC)C=C3)C=C1C(=O)O,188.3075902140467,428.12945800000006,0.53329,-0.66048,364.2240000000001,8.80838393236807,-7.617010903196,-0.5428671317475,7.0741437714485,2.353062494074804,0,1,4.065100000000002,3,5,ok,False,8.644553937052397,1.3271734274374505,1.3271734274374505,6.043341818036411,11.245766056068383,18.18,0.5,1.0,1.9919578763633552e-14,3.3834284121203446e-15,9.971727364489848,1.9520259302134897,2.714196543365607,0.7191910751580927,True,0.5961661935275979,2.0170856375269106e-15
1344490-97-6,O=C(O)C1=CC=C(C=C1C(=O)O)C2CNCC2,186.79155940834696,226.43745766666663,0.53171,-0.66725,208.38400000000004,2.44083250961634,-8.0548420886505,-0.606813886615,7.448028202035499,2.5182599407098403,0,1,1.1599,3,3,ok,False,10.014443637529451,1.1422578248130877,1.1422578248130877,7.775659439836737,12.253227835222166,18.18,0.5,1.0,1.6453397417308327e-14,2.3979112210657086e-15,11.15670146234254,1.215190970649451,2.714196543365607,0.4477166451411852,True,0.8183622480855,1.9623600175807796e-15
73322-57-3,O=C(O)C1=CC=C(OC)C(C(=O)O)=C1C(=O)O,166.34686067425082,200.908179,0.53391,-0.64976,191.63200000000003,2.8672370829772693,-8.337024151619,-0.546948839505,7.790075312113999,2.532869482798452,2,0,0.7897999999999998,3,4,ok,False,-0.3954903833148755,2.5179009018894365,2.5179009018894365,-5.330485467659091,4.53950470102934,18.18,0.5,1.0,1.7825507233785047e-14,5.733932760592564e-15,2.122410518574561,2.8727955941855527,2.714196543365607,1.058433148921221,False,0.3261882107121949,1.8703412675217245e-15
1193544-66-9,O=C(O)C=1C=C(C=C(C1C(=O)O)S(=O)(=O)O)C,166.04478384012435,204.84034166666663,0.53748,-0.64234,197.72000000000008,3.8815335178251393,-9.0252000795335,-0.8264097639685001,8.198790315565,2.959406594541541,1,1,0.6381200000000001,3,4,ok,False,0.8750831341144227,2.3444164462303183,2.3444164462303183,-3.7198886652603855,5.470054933489231,18.18,0.5,1.0,1.543663620988653e-14,4.612717745629083e-15,3.219499580344741,2.819099083891698,2.714196543365607,1.038649574137329,False,0.34000568604307874,1.5683502616256998e-15
2625515-58-2,O=C(O)C=1C=CC=C(C#CC2=CC=CC(=C2)C)C1C(=O)O,171.0703730876742,324.6144356666667,0.53629,-0.65276,248.76000000000005,3.1316078346434124,-7.62463009101,-0.8057291113305001,6.8189009796795,2.6056602263429416,1,0,2.791220000000001,2,2,ok,False,5.41154258579425,1.7371233418111383,1.7371233418111383,2.0068433991405574,8.816241772447944,18.18,0.5,1.0,1.1015851056342364e-14,2.425966702280028e-15,7.148665927605388,2.0731024779928515,2.714196543365607,0.7637996898419899,True,0.5580035435333947,1.3536980163662795e-15
17013-02-4,O=C(O)C1=CC=C(C=C1C(=O)O)C(=O)NN,186.441467134118,193.60697,0.53379,-0.65927,183.06400000000005,8.708786977530224,-9.020574144075,-0.960017664564,8.060556479511,3.0894955299883646,0,1,-0.3135,4,4,ok,False,9.203911156282606,1.2434570071081879,1.2434570071081879,6.766780206026592,11.64104210653862,18.18,0.5,1.0,1.2609210782035762e-14,1.991984975711126e-15,10.447368163390793,1.7523347410551238,2.714196543365607,0.6456182199989934,True,0.6591376521159953,1.3129922999405696e-15
108604-57-5,O=C(O)C=1C=2OC(=CC2C=C(C1C(=O)O)C)C,170.93239884516075,226.667403,0.53407,-0.66152,197.97600000000008,3.4033156509498204,-7.803408890788501,-0.729809347041,7.073599543747501,2.5735063542998207,2,1,2.446040000000001,2,3,ok,False,5.177831204948847,1.7647826271106308,1.7647826271106308,1.7189208152700304,8.636741594627663,18.18,0.5,1.0,9.979165746820626e-15,2.229167723391192e-15,6.942613832059477,2.1064463416380854,2.714196543365607,0.7760846747767535,True,0.5475467556866271,1.2205735548241917e-15
373600-09-0,O=C(O)C1=CC(S)=C(S)C=C1C(=O)O,186.99457524182344,208.64197733333336,0.53351,-0.65936,175.39200000000005,0.984905112180864,-7.995249155391001,-0.8813767617695001,7.1138723936215005,2.7690434728578657,0,2,1.6604,4,4,ok,False,9.422868282291766,1.212952352662676,1.212952352662676,7.0455253561097955,11.800211208473737,18.18,0.5,1.0,1.1565893582601812e-14,1.7798954391947935e-15,10.635820634954442,1.67255148929159,2.714196543365607,0.6162234247110285,True,0.6840451811948888,1.2175288982119587e-15
2170725-07-0,O=C(O)C=1C=C(C=C(C1)C=2C=C(C(=O)O)C(C(=O)O)=C(C2)C(=O)O)C(=O)O,176.00273917006,334.848287,0.53656,-0.65304,293.4000000000001,2.7559303801075963,-8.445597577968499,-0.940425467328,7.505172110640499,2.9345572395980213,1,1,1.8446,5,5,ok,False,2.108723809550801,2.167367893169181,2.167367893169181,-2.1392392023092492,6.356686821410851,18.18,0.5,1.0,1.0381961260340063e-14,2.8499737478106098e-15,4.276091702719982,2.5203015432933418,2.714196543365607,0.928562653081919,True,0.42222007307661624,1.2033161240670334e-15
50919-66-9,O=C(O)C1=CC(=CC(OC)=C1C(=O)O)CC,184.34966614931707,207.515049,0.53508,-0.6615,197.44000000000003,4.811064725193375,-8.0053173678595,-0.596473560296,7.408843807563501,2.496705595823296,1,1,1.654,2,3,ok,False,10.738205206002133,1.0366920702341116,1.0366920702341116,8.706326085285006,12.77008432671926,18.18,0.5,1.0,9.245573032846788e-15,1.2117636021847281e-15,11.774897276236246,0.9327129634482967,2.714196543365607,0.3436423812889141,True,0.8886159969543709,1.076792521428402e-15
1021304-66-4,O=C(O)C1=CC=C2C(C(=O)C=CC2(C)C)=C1C(=O)O,172.1313096744477,259.8074086666668,0.53549,-0.66668,223.80000000000004,7.920914360097576,-8.89268063434,-1.1382522366415,7.7544283976985,3.243940400945635,1,1,2.1131,2,3,ok,False,6.430365622441172,1.6055047485323746,1.6055047485323746,3.283634138309681,9.577097106572662,18.18,0.5,1.0,1.1758508006682986e-14,2.3957924329391283e-15,8.035870370973546,2.608461946160747,2.714196543365607,0.9610438685940742,True,0.39708484039433944,9.513328558515999e-16
2476024-17-4,O=C(O)C=1C=CC=C(C#CCCCCCCC#C)C1C(=O)O,170.79368468587444,311.756922,0.53605,-0.65315,283.61600000000004,3.604994314836016,-8.1370204715015,-0.698788368084,7.4382321034175005,2.623994410372972,1,0,3.408300000000001,2,2,ok,False,5.2022323238278325,1.7516183945801171,1.7516183945801171,1.7691233557929333,8.635341291862732,18.18,0.5,1.0,7.104332064599231e-15,1.5667585501709222e-15,6.953850718407949,2.1253445867506167,2.714196543365607,0.7830474148770328,True,0.5416348278620379,8.486109976232034e-16
1389861-03-3,O=C(O)C1=CC=C(C=C1C(=O)O)C(N)CN,188.60946396657744,209.09525633333337,0.53156,-0.66684,196.92800000000005,1.9227427337010008,-8.272805282901,-0.6756586907915001,7.5971465921095005,2.635035618887477,0,1,0.0415000000000002,4,4,ok,False,9.821810745166756,1.1524550067318478,1.1524550067318478,7.563040438169469,12.080581052164042,18.18,0.5,1.0,7.568742083497937e-15,1.0993022685604021e-15,10.974265751898603,1.4130733160827358,2.714196543365607,0.5206230622969268,True,0.7625796072529968,8.383054922111199e-16
2519894-98-3,O=C(O)C=1C=CC=C(C#CC2=CC=C(C=C2C)C)C1C(=O)O,171.16377623601028,346.29832400000004,0.53567,-0.65253,265.24000000000007,3.394338281609539,-7.4322455987064995,-0.7670889445595,6.665156654146999,2.521661921875675,1,0,3.099640000000001,2,2,ok,False,5.117051105665919,1.7610082089917305,1.7610082089917305,1.6655384395627424,8.568563771769096,18.18,0.5,1.0,6.707664803674002e-15,1.48587585844772e-15,6.87805931465765,2.0815111309787437,2.714196543365607,0.7668977164040108,True,0.5553636761860173,8.252014791035802e-16
106321-13-5,O=C(O)C1=CC=C(C=C1C(=O)O)NC=2C=CC=CC2,188.23580303124004,285.1525863333334,0.53181,-0.66385,222.00000000000009,4.795892603051073,-7.081218731561501,-0.5232749345115,6.557943797050001,2.2045143152704987,0,1,2.826600000000001,3,3,ok,False,9.410031555001568,1.1982480146318768,1.1982480146318768,7.061508601776466,11.75855450822667,18.18,0.5,1.0,5.118854385625993e-15,7.683263961907905e-16,10.608279569633446,1.2735327082109849,2.714196543365607,0.46921167567025296,True,0.8023907289226578,6.164979770900472e-16
67614-42-0,O=C(O)C1=CC=C(C=C1C(=O)O)NC(=O)C,187.43236514630397,205.521697,0.53298,-0.66225,186.75200000000004,6.475269812139104,-8.169946247412,-0.754843821287,7.415102426124999,2.6854611437907328,0,1,1.0414,3,3,ok,False,9.712009235260602,1.1591629631090203,1.1591629631090203,7.440091575354192,11.983926895167013,18.18,0.5,1.0,5.1051672296170275e-15,7.412466492138589e-16,10.871172198369623,1.3644986610462149,2.714196543365607,0.5027265488129444,True,0.7766744630482192,5.757073432644655e-16
41819-13-0,O=C(O)C=1C(Br)=C(C(=O)O)C(C(=O)O)=C(Br)C1C(=O)O,165.17462151382404,249.79071733333333,0.5391,-0.6236,233.8400000000001,4.505593195129804,-8.822747374761502,-1.1534906122695,7.669256762492002,3.244294964168771,2,2,2.0044,4,4,ok,False,-0.3277218074252932,2.477873104713006,2.477873104713006,-5.184263850923231,4.528820236072645,18.18,0.5,1.0,8.534176117812902e-15,2.670102107550617e-15,2.150151297287713,3.379583018487744,2.714196543365607,1.2451504393624557,False,0.21216317294868664,5.664973352349142e-16
623904-16-5,O=C(O)C=1C=CC(=CC1)C2=CC(C(=O)O)=C(C=C2C3=CC=C(C=C3)C(=O)O)C(=O)O,187.13512481149752,420.0165406666667,0.53285,-0.66259,337.5920000000001,4.962400073553119,-8.141646406960001,-1.174987606459,6.966658800501001,3.114824187089288,0,2,3.8134000000000015,4,4,ok,False,10.421979990428042,1.0670995230067921,1.0670995230067921,8.330503357414859,12.513456623441225,18.18,0.5,1.0,5.019816456676394e-15,6.707919043913091e-16,11.489079513434834,1.1212448229854033,2.714196543365607,0.4131037694105447,True,0.843112629523763,5.655531263746092e-16
22481-10-3,O=C(O)C=1C(O)=C(C=C(C1C(=O)O)C)C,166.59024539856875,193.676718,0.53856,-0.66329,178.40000000000003,3.148252316762429,-7.822184746473,-0.6590597459109999,7.163125000562,2.5104792996754344,2,1,1.40544,3,3,ok,False,-0.49723506137685014,2.481263136302915,2.481263136302915,-5.3604214446974625,4.365951321943762,18.18,0.5,1.0,5.427420154968265e-15,1.6884418264167555e-15,1.9840280749260648,2.8419306710697816,2.714196543365607,1.0470614878706552,False,0.3340923726634195,5.640955358917314e-16
1344553-98-5,O=C(O)C1=CC=C(C=C1C(=O)O)C(N)(C(=O)O)C,188.58567856972155,219.65998366666668,0.53247,-0.6647,212.47200000000004,3.093754657370232,-8.523694253062,-0.7681773999615,7.755516853100499,2.783143936491645,0,1,0.3414999999999999,4,4,ok,False,10.195934005709105,1.0958182523604012,1.0958182523604012,8.048169697481095,12.343698313937116,18.18,0.5,1.0,4.884787405178493e-15,6.70033086404868e-16,11.291752258069506,1.1682575810449491,2.714196543365607,0.4304248282610766,True,0.8308836277152071,5.567195215212935e-16
1391277-41-0,O=C(O)C1=CC=C(C=C1C(=O)O)C(N)CN,188.76066260570192,209.617905,0.53176,-0.66703,197.0960000000001,2.0355470935352984,-8.3547115519015,-0.620963806841,7.733747745060499,2.6042596293948264,0,1,0.0415000000000002,4,4,ok,False,9.783778917517747,1.1492400294226874,1.1492400294226874,7.531309850257528,12.036247984777965,18.18,0.5,1.0,4.933447522121604e-15,7.098062422922794e-16,10.933018946940434,1.3889834106364494,2.714196543365607,0.5117475423920879,True,0.7695991014819799,5.462662462944387e-16
2601427-59-0,O=C(O)C=1C=CC=C(C#CC=2C=CN=CC2)C1C(=O)O,171.617119042571,294.542306,0.53609,-0.64984,228.36000000000004,2.9745408603682013,-8.079876562896501,-1.064509383156,7.015367179740501,2.979879462754493,1,0,1.8778,2,3,ok,False,6.881853209551281,1.5198991119603078,1.5198991119603078,3.9029056899746664,9.860800729127895,18.18,0.5,1.0,4.165082748214792e-15,7.904670897530409e-16,8.401752321511589,1.9307006449772341,2.714196543365607,0.7113341330039287,True,0.6029046331296578,4.765762707486254e-16
82520-79-4,O=C(O)C1=CC=C(S)C=C1C(=O)O,185.4354236529518,180.37899233333331,0.53283,-0.66101,157.56800000000004,1.685542319255141,-7.956064760918999,-0.7480409750245001,7.2080237858944995,2.627677811314364,0,1,1.3717,3,3,ok,False,9.69523601344626,1.157037470752533,1.157037470752533,7.42748424200798,11.962987784884541,18.18,0.5,1.0,4.072029134528722e-15,5.881023431254588e-16,10.852273484198793,1.2517852989192173,2.714196543365607,0.46119920901785616,True,0.8083948125574771,4.754188834355184e-16
4775-35-3,O=C(O)C1=C(OC)C=C(OC)C(=C1C(=O)O)C,171.3585937718206,217.4604063333333,0.53021,-0.66074,205.41600000000005,6.030833372760352,-7.679869202661499,-0.279733038314,7.400136164347499,2.140341286548762,2,1,1.40862,2,4,ok,False,3.506680458202144,1.956534007967776,1.956534007967776,-0.32805573194249993,7.341416648346788,18.18,0.5,1.0,4.410093381845773e-15,1.078356870321282e-15,5.46321446616992,2.48402913331996,2.714196543365607,0.9151986945793398,True,0.43275278448088395,4.666619382956262e-16
1192548-76-7,O=C(O)C1=CC(Br)=CC(Cl)=C1C(=O)O,178.31642088043654,188.0995303333333,0.53962,-0.64305,173.29600000000005,2.1667953802793654,-8.75118143208,-1.007365474551,7.743815957529,3.07436405549934,1,1,2.4989,2,2,ok,False,10.286419886289709,1.0799170350993472,1.0799170350993472,8.16982139120371,12.403018381375707,18.18,0.5,1.0,3.849712246001319e-15,5.184883932468219e-16,11.366336921389056,0.8955589792444961,2.714196543365607,0.3299536216098787,True,0.8968475449425284,4.650050425646084e-16
62384-68-3,O=C(O)C1=CC=C(OC(OC2=CC=C(C(=O)O)C(=C2)C(=O)O)(C)C)C=C1C(=O)O,188.93786892050525,360.32772100000005,0.53243,-0.66243,334.2000000000001,5.119919668315119,-8.7732226539705,-0.7619187814,8.0113038725705,2.837207389667621,0,1,2.6733,4,6,ok,False,10.308877610104613,1.0762123350939943,1.0762123350939943,8.199540193602632,12.418215026606594,18.18,0.5,1.0,3.67474038175896e-15,4.928734533485929e-16,11.385089945198608,1.1598666835412779,2.714196543365607,0.4273333434074165,True,0.8330898442509187,4.106078684855917e-16
142118-89-6,O=C(O)C1=CC=2N=C(N(C2C=C1C(=O)O)C)C,184.69444555767225,227.76826366666668,0.53042,-0.67628,197.22400000000005,7.478609179519947,-8.082869815252002,-0.4307562253415,7.652113589910502,2.3680329463039094,0,2,1.27812,2,4,ok,False,9.60634542906849,1.1668829514541936,1.1668829514541936,7.31929687004447,11.89339398809251,18.18,0.5,1.0,3.743376182398259e-15,5.445335902096441e-16,10.773228380522683,1.5388002222971082,2.714196543365607,0.5669450232181764,True,0.7251138083940335,3.94848825395391e-16
1344588-40-4,O=C(O)C1=CC=CC(=C1C(=O)O)C(N)CCO,164.02394420459385,216.58460533333331,0.53331,-0.66743,209.47200000000004,3.4330623778195464,-8.556347915122,-0.510485583538,8.045862331584,2.554339929783475,1,0,0.4651999999999999,4,4,ok,False,-3.3071411670799975,2.8498171675888293,2.8498171675888293,-8.89268017807805,2.2783978439180554,18.18,0.5,1.0,6.035783376061556e-15,2.1601636196542195e-15,-0.4573239994911682,3.6038570480726433,2.714196543365607,1.3277804280171457,False,0.17152935428253546,3.705314708239128e-16
99684-25-0,O=C(O)C1=CC(OC)=C(N)C=C1C(=O)O,187.19256732641023,198.0087563333333,0.53063,-0.67037,176.10400000000004,3.409948860320342,-7.3027194058685,-0.4340215915475,6.868697814321,2.178621147675816,0,2,0.6738,3,4,ok,False,9.089930070952656,1.2288460955825724,1.2288460955825724,6.68143598106815,11.498424160837162,18.18,0.5,1.0,2.995762259960217e-15,4.57363180970662e-16,10.318776166535228,1.2670786158727014,2.714196543365607,0.466833774057321,True,0.8041786985668646,3.6780172764538836e-16
2577934-20-2,O=C(O)C=1C=CC=C(C#CCCCCl)C1C(=O)O,179.6534519571836,250.105064,0.53602,-0.65282,226.48800000000008,1.30057956696236,-8.1816471429835,-0.7066796697485,7.474967473235001,2.6422306790232803,1,0,2.4535,2,2,ok,False,10.003049300331488,1.1091114563729845,1.1091114563729845,7.829230790999672,12.176867809663305,18.18,0.5,1.0,2.5720943255581277e-15,3.5360051740765315e-16,11.112160756704473,0.9332098035989785,2.714196543365607,0.34382543367393625,True,0.8885041782222656,3.141755371382548e-16
2866253-76-9,O=C(O)C1=CC(F)=C(C=C1C(=O)O)NC(C(=O)N)C,186.1094025885553,237.76227699999995,0.5331,-0.66189,220.1920000000001,10.10433262615597,-7.4240821831915005,-0.468580050561,6.9555021326305,2.2390230046750057,0,2,0.5078000000000003,4,4,ok,False,5.218314580869848,1.7301334770924057,1.7301334770924057,1.8273152773216776,8.609313884418018,18.18,0.5,1.0,3.6056261936205916e-15,7.772216147444092e-16,6.948448057962254,2.6016406640296545,2.714196543365607,0.9585306820867205,True,0.3990051046753188,3.1011539174701327e-16
1005516-39-1,O=C(O)C1=CC=CC(=C1C(=O)O)N2CCC(CO)CC2,168.31825849064236,271.63705566666664,0.53075,-0.66694,248.26400000000007,6.441216773250222,-7.0161835212920005,-0.3371490607695,6.679034460522501,2.023926526431533,1,0,1.2916999999999998,3,4,ok,False,-1.8081929076036953,2.630065461254704,2.630065461254704,-6.96302648864564,3.346640673438249,18.18,0.5,1.0,3.35063150922097e-15,1.0967074760246547e-15,0.8218725536510085,3.0525461944733308,2.714196543365607,1.124659229979038,False,0.28227926869037867,3.095777842995105e-16
488131-69-7,O=C(O)C=1C(OCCC)=CC=C(OCCC)C1C(=O)O,170.71925120812153,262.3680753333333,0.53141,-0.65595,256.6480000000001,5.951005084857515,-7.470069423926,-0.4971520048635,6.9729174190625,2.2758270850100266,2,0,2.6606000000000005,2,4,ok,False,3.55264732827497,1.938762244941712,1.938762244941712,-0.2472568463968079,7.352551502946748,18.18,0.5,1.0,3.032643771066107e-15,7.306059525066026e-16,5.491409573216682,2.516012395022023,2.714196543365607,0.9269823886453575,True,0.42345994558357014,3.0938235689147835e-16
1344454-69-8,O=C(O)C1=CC=C(C=C1C(=O)O)C(N)CO,188.1635424509793,201.54286666666667,0.53186,-0.66595,193.35200000000003,1.9885251645377788,-8.482877175487001,-0.6830057647550001,7.799871410732001,2.692781895052257,0,1,0.0751,4,4,ok,False,9.727851756472965,1.1458054124039403,1.1458054124039403,7.482114414870178,11.973589098075752,18.18,0.5,1.0,2.7926993543647776e-15,3.9712566912240033e-16,10.873657168876905,1.3848065586360168,2.714196543365607,0.510208651625079,True,0.7708103860209811,3.061085903150778e-16
610-35-5,O=C(O)C1=CC=C(O)C=C1C(=O)O,186.8990096392595,157.7776031,0.53324,-0.66097,147.14400000000003,2.963805116737604,-8.289948455482499,-0.5039548511259999,7.785993604356499,2.483072145175854,0,1,0.7886,3,3,ok,False,9.812149922589477,1.1340303792383761,1.1340303792383761,7.58949122190796,12.034808623270994,18.18,0.5,1.0,2.6461203877857053e-15,3.721104516811726e-16,10.946180301827853,1.2042728411192911,2.714196543365607,0.4436940442146431,True,0.8213019903116301,3.056150545815067e-16
72066-79-6,O=C(O)C1=CC=C(OC2=CC=C(C=C2)C(C3=CC=C(OC4=CC=CC(C(=O)O)=C4C(=O)O)C=C3)(C)C)C=C1C(=O)O,189.8979044553012,562.35103,0.53261,-0.66181,476.1200000000001,3.963998128152938,-7.7544283976985,-0.7284487777884999,7.02597961991,2.560468755505729,0,1,6.389900000000005,4,6,ok,False,10.033289995787914,1.1057401707425305,1.1057401707425305,7.866079084873384,12.200500906702445,18.18,0.5,1.0,2.6445490148575638e-15,3.6260883135742767e-16,11.139030166530445,1.216077755220264,2.714196543365607,0.4480433659797997,True,0.8181227784005027,2.966585445826981e-16
1780469-46-6,O=C(O)C1=CC=2C=NNC2C=C1C(=O)O,186.0144382467396,189.45640566666668,0.53161,-0.66652,164.22400000000005,1.990281688605912,-8.100285101684,-0.52245859296,7.577826508724,2.452936496300264,0,2,0.9593,3,3,ok,False,9.448272680219464,1.178230484555056,1.178230484555056,7.138983365004378,11.75756199543455,18.18,0.5,1.0,2.3396025860550485e-15,3.4119344961802063e-16,10.62650316477452,1.2581976592031174,2.714196543365607,0.4635617351582619,True,0.8066305822056751,2.7521707091014664e-16
1807074-67-4,O=C(O)C1=CC=CC(=C1C(=O)O)CCCBr,172.4769948789018,223.493966,0.53446,-0.66097,208.97600000000008,2.2014179725804,-8.6066889774645,-0.591575510987,8.015113466477501,2.639016588890901,1,0,2.4105000000000008,2,2,ok,False,6.347967022433922,1.5716432189681497,1.5716432189681497,3.2676029167097504,9.428331128158094,18.18,0.5,1.0,2.137585696220821e-15,4.1525430112215366e-16,7.919610241402072,1.8443740111421463,2.714196543365607,0.6795285388047545,True,0.6301741715357883,2.616825351863259e-16
706809-70-3,O=C(O)C=1C=C(C(O)=C(C(=O)O)C1C(=O)O)C,163.89239830970885,204.9543123333333,0.54098,-0.65598,189.01600000000005,3.892682955237943,-8.2850504061735,-0.7855926863935,7.49945771978,2.74275051567152,2,1,0.79522,4,4,ok,False,-2.76654056730883,2.759819255692878,2.759819255692878,-8.17568691230701,2.642605777689349,18.18,0.5,1.0,3.893610572680205e-15,1.340383455416416e-15,-0.006721311615952352,3.578873863757271,2.714196543365607,1.31857579455888,False,0.17575889709350148,2.355843178063658e-16
438461-42-8,O=C(O)C=1C=CC=C(SC)C1C(=O)O,172.82851804858078,192.6732376666667,0.53704,-0.65929,174.10400000000004,1.9420816203239244,-8.158517465691,-0.7523947966325001,7.4061226690585,2.680361941565085,1,0,1.8049,2,3,ok,False,6.702872695865241,1.5224522585213778,1.5224522585213778,3.718921100981677,9.686824290748806,18.18,0.5,1.0,1.8162771961463164e-15,3.409566607620078e-16,8.225324954386618,1.7837786515241962,2.714196543365607,0.6572031991877451,True,0.6492638833317105,2.2137084561415383e-16
597565-53-2,O=C(O)C1=CC=CC(C2=CC=C3OCCOC3=C2)=C1C(=O)O,170.5339949086189,293.49571366666663,0.53476,-0.65824,250.03200000000007,5.718888938421519,-7.510342273800001,-0.591031283286,6.919310990514001,2.371343534111653,1,0,2.5212000000000003,2,4,ok,False,3.7597178419376096,1.9011885278368004,1.9011885278368004,0.033456799556754735,7.485978884318465,18.18,0.5,1.0,2.1157970497086807e-15,4.971286627409135e-16,5.66090636977441,2.4549097378724416,2.714196543365607,0.9044701437974534,True,0.44128416718390623,2.19375007920873e-16
2167659-32-5,O=C(O)C=1C(F)=CC=C(Br)C1C(=O)O,173.56959289278254,170.39888566666664,0.53747,-0.63904,163.84000000000003,1.547381598055244,-8.637437842571,-0.8144367545465,7.8230010880245,2.854976382925288,2,0,1.9846000000000004,2,2,ok,False,7.7003049348842785,1.3930445862050287,1.3930445862050287,4.969987717063919,10.430622152704638,18.18,0.5,1.0,1.6135260596178866e-15,2.766590752421671e-16,9.093349521089307,1.6613023618450584,2.714196543365607,0.6120788731773423,True,0.6875363713973733,1.9021317670615244e-16
64819-48-3,O=C(O)C=1C=C2OC=3C=C(C(=O)O)C(=CC3C2=CC1C(=O)O)C(=O)O,185.3094092226461,323.0754176666666,0.53302,-0.66135,264.58400000000006,3.959079153035463,-8.311989677373,-1.2677784294795,7.044211247893501,3.2569990362126,0,2,2.3788,4,5,ok,False,10.07973721605729,1.0911780997143914,1.0911780997143914,7.941067439898227,12.218406992216352,18.18,0.5,1.0,1.6156796632544809e-15,2.170018694256034e-16,11.17091531577168,1.1274359808538787,2.714196543365607,0.41538479724679656,True,0.8415208152375004,1.826115900670954e-16
1344630-45-0,O=C(O)C1=CC=CC(=C1C(=O)O)CC(N)C,166.29753692421406,212.51750733333333,0.53435,-0.66037,201.17600000000004,4.830198524905576,-8.353350982649,-0.5899428278840001,7.763408154764999,2.57562473165946,1,0,0.9727,3,3,ok,False,-0.7694357674893215,2.4744475391906775,2.4744475391906775,-5.619263825936813,4.08039229095817,18.18,0.5,1.0,1.9189446940148097e-15,5.859660207108625e-16,1.705011771701356,2.939317053428283,2.714196543365607,1.082941860129085,False,0.30951055859855,1.8136267038998856e-16
170846-97-6,O=C(O)C1=CC=C(C=C1C(=O)O)C(N)(C(=O)O)C,188.12798305098403,219.82005666666663,0.53217,-0.66483,212.33600000000004,2.4520193208863588,-8.5272317331185,-0.7311699162935,7.796061816824999,2.7487596659650424,0,1,0.3414999999999999,4,4,ok,False,9.847158567468025,1.1208165439679258,1.1208165439679258,7.650398508014236,12.043918626921814,18.18,0.5,1.0,1.6274989531097217e-15,2.24551071160718e-16,10.967975111435951,1.2657615610175266,2.714196543365607,0.46634852737966453,True,0.8045429321299318,1.80660977204561e-16
2528101-78-0,O=C(O)C=1C=CC=C(C#CC(=O)C)C1C(=O)O,175.260533745725,229.679601,0.53672,-0.64668,197.14400000000003,5.793969256045461,-8.6643771137705,-1.3058743685495,7.358502745221001,3.3772466377505803,1,0,1.0235,2,3,ok,False,8.754779274224541,1.2615271254230085,1.2615271254230085,6.282231542875101,11.227327005573981,18.18,0.5,1.0,1.8072039164817166e-15,2.8108942603317596e-16,10.016306399647549,1.8342035290806593,2.714196543365607,0.6757813959950906,True,0.6333826765597473,1.7803717301353612e-16
1823508-88-8,O=C(O)C1=CC=CC(=C1C(=O)O)CC(N)C,166.30152896042688,212.51814466666667,0.53436,-0.66036,201.18400000000003,4.831588562781397,-8.353350982649,-0.5902149417345001,7.7631360409145,2.57587175537797,1,0,0.9727,3,3,ok,False,-0.7684741207613932,2.473562645983517,2.473562645983517,-5.616567820392687,4.079619578869901,18.18,0.5,1.0,1.8821741423614263e-15,5.743654134950127e-16,1.705088525222124,2.9387106839435075,2.714196543365607,1.0827184535057666,False,0.30966034311323287,1.778581910152395e-16
100303-99-9,O=C(O)C1=CC=C(OC2=C(F)C(F)=C(OC3=CC=C(C(=O)O)C(=C3)C(=O)O)C(F)=C2F)C=C1C(=O)O,188.7875082446165,404.4698743333333,0.53413,-0.65855,375.28800000000007,4.636124813893603,-8.571042063049,-0.7964772404135,7.774564822635499,2.8217147809115586,0,1,4.620400000000002,4,6,ok,False,10.220861801033987,1.0727993019653048,1.0727993019653048,8.118213806542279,12.323509795525695,18.18,0.5,1.0,1.5713198727984226e-15,2.0740301806721232e-16,11.293661102999291,1.11603603947885,2.714196543365607,0.41118468086138077,True,0.8444473900988403,1.7514093730548007e-16
769138-06-9,O=C(O)C1=CC=C(C=C1C(=O)O)NC(=S)N,188.6026688574713,227.8703646666667,0.53235,-0.66386,191.42400000000004,8.362571279815796,-7.583268785734,-0.770082196915,6.813186588819,2.560419846486929,0,1,0.7384999999999999,4,3,ok,False,8.348422050985386,1.3113644220149694,1.3113644220149694,5.778195013228862,10.91864908874191,18.18,0.5,1.0,1.6567397070949046e-15,2.675181002557207e-16,9.659786473000356,1.9049210004302128,2.714196543365607,0.7018360571884409,True,0.6110516125192721,1.6346736653935044e-16
77764-02-4,O=C(O)C=1C=CC=C(OCCCC)C1C(=O)O,183.7082579571242,221.1519933333333,0.53563,-0.66012,214.0720000000001,5.179450985384454,-8.024637451245,-0.6500799888445,7.3745574624005,2.5510250292665693,1,0,2.2619,2,3,ok,False,10.351505695927997,1.0535949596993308,1.0535949596993308,8.28649752062438,12.416513871231615,18.18,0.5,1.0,1.3414437444393554e-15,1.7348220591524373e-16,11.405100655627328,1.0762160486604324,2.714196543365607,0.3965136759499086,True,0.8545133997000168,1.4824286956409328e-16
338450-76-3,O=C(O)C1=CC=2N=CN(C2C=C1C(=O)O)C,184.4352328270028,207.7041093333333,0.53085,-0.6735,180.98400000000004,6.920758964882392,-8.185456736890501,-0.446810942521,7.738645794369501,2.407270188772205,0,2,0.9697,2,4,ok,False,9.753368872825344,1.129701271182286,1.129701271182286,7.539195068018947,11.96754267763174,18.18,0.5,1.0,1.374935161998881e-15,1.9072772847847532e-16,10.88307014400763,1.377439940591703,2.714196543365607,0.507494545285831,True,0.7729424267077236,1.4742155329060451e-16
2580116-81-8,O=C(O)C1=CC=C(C#CC(N)CO)C=C1C(=O)O,186.7707927108026,241.249872,0.53277,-0.66212,215.99200000000005,2.359442359965592,-8.291309024735002,-0.9777050648465,7.313603959888502,2.9368086740839257,0,1,-0.2459000000000002,4,4,ok,False,9.75317046837042,1.1289663278321092,1.1289663278321092,7.540437126061047,11.965903810679794,18.18,0.5,1.0,1.3174584763626805e-15,1.825199327885709e-16,10.88213679620253,1.2808169426470823,2.714196543365607,0.471895429156677,True,0.8003666882161804,1.4608287413942833e-16
129321-45-5,O=C(O)C1=C(F)C(F)=C(C(F)=C1C(=O)O)C,178.99208572891308,161.732122,0.53654,-0.64168,170.93600000000004,1.8566674958107063,-8.8793470556655,-0.8201511454070001,8.0591959102585,2.9184135241350337,2,2,1.8087200000000003,2,2,ok,False,10.229806658530752,1.066277195101469,1.066277195101469,8.139941758595484,12.31967155846602,18.18,0.5,1.0,1.1411917496340202e-15,1.4900353159124842e-16,11.29608385363222,0.7997515786405132,2.714196543365607,0.2946549985834188,True,0.916840674579743,1.3661249841888425e-16
1390653-46-9,O=C(O)C1=CC=C(C=C1C(=O)O)C(N)CN,188.1725568463957,209.50567966666668,0.53191,-0.66676,197.04000000000005,1.821018022975061,-8.3465481363865,-0.6430050287315,7.703543107655,2.6225616245393697,0,1,0.0415000000000002,4,4,ok,False,9.482195297670017,1.1607193797639859,1.1607193797639859,7.207227117174936,11.757163478165099,18.18,0.5,1.0,1.1478427740090515e-15,1.631604106050074e-16,10.642914677434003,1.4490058147336602,2.714196543365607,0.533861786198022,True,0.7520079323406916,1.2269792301892987e-16
62268-17-1,O=C(O)C1=CC(Cl)=C(SC)C(Cl)=C1C(=O)O,178.7934184851617,225.89385666666664,0.5403,-0.64374,204.42400000000004,4.297094839539849,-8.1713068166645,-1.184239477376,6.987067339288501,3.131723304274316,1,2,3.1117000000000017,2,3,ok,False,9.857247117625686,1.111960422647448,1.111960422647448,7.677844737002752,12.036649498248622,18.18,0.5,1.0,1.0574687536355819e-15,1.438254681292091e-16,10.969207540273134,1.3309373677050906,2.714196543365607,0.4903614555689938,True,0.7862705322903116,1.1308572738285648e-16
39155-64-1,O=C(O)C=1C=CC=2C(=CC=C(C(=O)O)C2C(=O)O)C1C(=O)O,178.27043252239164,284.1562146666667,0.53758,-0.65055,236.99200000000005,5.769288879922724,-8.1625991734485,-1.585335293013,6.5772638804355,3.611768817922824,1,1,1.6326000000000005,4,4,ok,False,7.280874400098887,1.438338707606557,1.438338707606557,4.461782335620148,10.099966464577626,18.18,0.5,1.0,1.1388737055992174e-15,2.0058178475903166e-16,8.719213107705444,2.0787732671811994,2.714196543365607,0.7658889966028466,True,0.5562230171807753,1.1156820551017344e-16
331675-79-7,O=C(O)C1=CC=C(OC2=CC=C(C=C2)NC(=O)C=3C=CC(=CC3)C=4C=CC=CC4)C=C1C(=O)O,188.0488283924587,505.67851,0.53315,-0.66086,393.1200000000001,7.154879077943945,-7.6983729444955,-0.607902342017,7.0904706024785,2.4326385723682127,0,1,5.794600000000004,3,4,ok,False,9.147024913985753,1.2008867788011588,1.2008867788011588,6.793330078025163,11.500719749946342,18.18,0.5,1.0,1.0250235396096677e-15,1.5049261476917154e-16,10.347911692786912,1.5017782349198419,2.714196543365607,0.553304895546597,True,0.7362788884991397,1.1080453512957483e-16
25641-98-9,O=C(O)C=1C=C(Cl)C=C(Cl)C1C(=O)O,177.6067080512451,177.93857633333332,0.5397,-0.6434,169.29600000000005,2.252488743590076,-8.8347203841835,-1.001923197541,7.8327971866425,3.088282341807877,1,1,2.3898,2,2,ok,False,9.968536663872719,1.0945009916063044,1.0945009916063044,7.823354139280986,12.11371918846445,18.18,0.5,1.0,8.650662435689803e-16,1.1546784227742e-16,11.063037655479024,0.9926300401320713,2.714196543365607,0.3657178189834436,True,0.8748091566298377,1.0101232572057692e-16
1005516-42-6,O=C(O)C1=CC=CC(=C1C(=O)O)N2CCCC(CO)C2,168.82287715424883,270.88730066666665,0.53082,-0.66638,247.9360000000001,9.20483718161272,-7.0257075060595,-0.3415028823775,6.684204623682,2.0300017714596907,1,0,1.2916999999999998,3,4,ok,False,-2.1629544938148904,2.6472004408045264,2.6472004408045264,-7.351372017650317,3.0254630300205365,18.18,0.5,1.0,1.723120383145637e-15,5.619959870649404e-16,0.4842459469896361,3.588632258132756,2.714196543365607,1.3221711106016103,False,0.17409808255994738,9.784242375439112e-17
778601-70-0,O=C(O)C1=CC=C(C=C1C(=O)O)NC(=O)OCC=2C=CC=CC2,187.34194666763497,306.922556,0.533,-0.66229,266.9920000000001,5.280222515197631,-8.1163398188635,-0.6840942201569999,7.4322455987064995,2.6051224440372898,0,1,2.831700000000001,3,4,ok,False,9.74988791283734,1.1212438912724418,1.1212438912724418,7.552290268057809,11.947485557616869,18.18,0.5,1.0,8.296746170693734e-16,1.1338024948105834e-16,10.871131804109782,1.2326532983578704,2.714196543365607,0.4541503456597063,True,0.8136275797052831,9.224929797165468e-17
77764-00-2,O=C(O)C=1C=CC=C(OCC)C1C(=O)O,183.5207806992117,188.305079,0.53575,-0.66004,180.37600000000003,5.1404590563489565,-8.0515767224445,-0.655250152004,7.3963265704404995,2.5623812543847597,1,0,1.4817,2,3,ok,False,10.28982225550307,1.0534811057703237,1.0534811057703237,8.225037229799804,12.354607281206336,18.18,0.5,1.0,8.312028098907992e-16,1.0672716670046914e-16,11.343303361273394,1.078543878320388,2.714196543365607,0.39737132557946314,True,0.8539317807647624,9.113771951650926e-17
1344454-58-5,O=C(O)C1=CC=C(C=C1C(=O)O)C(N)C,186.1527256585576,196.464794,0.53207,-0.66665,184.72000000000008,3.1111733011839764,-8.55525945972,-0.6266781977015,7.928581262018499,2.658356405724453,0,1,1.1027,3,3,ok,False,9.81071347527335,1.1134178292811931,1.1134178292811931,7.628454630137444,11.992972320409255,18.18,0.5,1.0,8.20655500102179e-16,1.1134712794573782e-16,10.924131304554543,1.2200519879506335,2.714196543365607,0.44950760508955906,True,0.8170482837482362,9.097597978836035e-17
1344491-15-1,O=C(O)C1=CC=2OCC(N)C2C=C1C(=O)O,187.45975492180403,199.4946463333333,0.53291,-0.6622,183.38400000000004,4.005518629341274,-8.07633908284,-0.500145257219,7.576193825621001,2.4272109890631017,0,2,0.4751999999999999,3,4,ok,False,9.695794379212234,1.1276755610918758,1.1276755610918758,7.48559089322616,11.905997865198309,18.18,0.5,1.0,8.127792165733253e-16,1.1167484895606764e-16,10.82346994030411,1.239773513701578,2.714196543365607,0.45677366907418476,True,0.8116856171731698,9.064486869762628e-17
1400887-47-9,O=C(O)C=1C(O)=CC(O)=C(O)C1C(=O)O,174.94064504161304,170.59398833333333,0.53968,-0.65975,162.12800000000004,2.251221721643605,-7.556057400684,-0.759197642895,6.796859757789,2.5432136642414034,2,1,0.1997999999999998,5,5,ok,False,-0.15799254873323143,2.36751930003998,2.36751930003998,-4.79824510951507,4.482260012048608,18.18,0.5,1.0,8.82382422617718e-16,2.5484271691274346e-16,2.2095267513067487,2.824511617175445,2.714196543365607,1.0406437308600531,False,0.3385987927931876,8.628943629879099e-17
137071-78-4,O=C(O)C1=CC(Cl)=C(C(=O)O)C(C(=O)O)=C1Cl,167.8006324109917,204.05906966666663,0.53797,-0.6303,197.36000000000004,2.2478380969278016,-8.825196399416,-1.06668629396,7.758510105456001,3.1529682210087366,2,1,2.088,3,3,ok,False,2.5765359699572894,2.0209010485449928,2.0209010485449928,-1.3843573015101276,6.537429241424706,18.18,0.5,1.0,8.033357889960714e-16,1.9777275342153307e-16,4.597437018502282,2.4783714279179163,2.714196543365607,0.9131142083191709,True,0.43440519238298353,8.591351099819344e-17
61415-58-5,O=C(O)C=1C=CC2=CC=3C=CC=CC3C=C2C1C(=O)O,178.4353026451153,330.93609333333336,0.53597,-0.65593,225.7680000000001,3.90450255474369,-7.055367915764,-1.38778063755,5.667587278214,3.1444931499931195,1,1,3.389400000000001,2,2,ok,False,9.890994993760426,1.1027023858395342,1.1027023858395342,7.729738031848548,12.052251955672304,18.18,0.5,1.0,7.906576580283966e-16,1.0618666189138559e-16,10.99369737959996,1.2524008414634606,2.714196543365607,0.46142599530042955,True,0.8082256827401079,8.582278730505811e-17
62268-15-9,O=C(O)C1=CC(Cl)=C(Cl)C(Cl)=C1C(=O)O,177.04437196018074,194.738511,0.54032,-0.63887,184.08000000000004,3.559856419857408,-8.9686003986295,-1.1121293069935,7.856471091635999,3.2336754699580017,1,2,3.043200000000001,2,2,ok,False,9.730402176235764,1.1224948062055446,1.1224948062055446,7.530352783239628,11.930451569231899,18.18,0.5,1.0,7.746383747628921e-16,1.0587086760871975e-16,10.852896982441308,1.3313434110949172,2.714196543365607,0.49051105541680845,True,0.7861551646920781,8.323092936102627e-17
114571-71-0,O=C(O)C=1C=C(Br)C=C(Br)C1C(=O)O,177.51844510480382,198.466241,0.53889,-0.64175,178.26400000000004,1.916222596672944,-8.711997037608,-0.980698317202,7.731298720406,3.037922431880298,1,1,2.6080000000000005,2,2,ok,False,9.889138702024988,1.100631447701387,1.100631447701387,7.73194070427809,12.046336699771887,18.18,0.5,1.0,6.907101207572361e-16,9.240674799419182e-17,10.989770149726375,0.9836847569596424,2.714196543365607,0.3624220800678908,True,0.8769110087384259,8.103249459782427e-17
2476480-11-0,O=C(O)C=1C=CC=C(C#CC(C)(C)CO)C1C(=O)O,167.01252698298353,260.7042663333333,0.53572,-0.65376,236.16000000000005,2.6830294314449854,-8.1930759247045,-0.6957951157285,7.497280808976,2.6346895089901308,1,0,1.4529999999999998,3,3,ok,False,0.07731370277819494,2.3337639718178567,2.3337639718178567,-4.496779630401954,4.651407035958344,18.18,0.5,1.0,7.862855665207957e-16,2.2347305657795364e-16,2.4110776745960516,2.738374785444562,2.714196543365607,1.008908066049253,False,0.3613546164614376,8.07530206491916e-17
330971-87-4,O=C(O)C1=CC=C(OC2=CC=C(C=C2)NC(=O)C)C=C1C(=O)O,188.0858683295561,308.170491,0.53323,-0.66062,266.6960000000001,5.929606945658371,-7.809123281649001,-0.540418107093,7.268705174556,2.397773734390532,0,1,2.8337000000000003,3,4,ok,False,9.439649302214098,1.1567127400450288,1.1567127400450288,7.1725339912671995,11.706764613160997,18.18,0.5,1.0,6.831871301879515e-16,9.604213956075938e-17,10.596362042259127,1.2538527617766602,2.714196543365607,0.46196093088449713,True,0.8078265562065027,7.758539085207256e-17
343982-49-0,O=C(O)C1=CC=C(OC2=CC=C(O)C=C2)C=C1C(=O)O,186.6484039261757,261.3140936666667,0.53308,-0.66093,227.60000000000005,2.897477145725225,-7.858103774739,-0.5401459932425,7.3179577814965,2.4095041701298947,0,1,2.5809,3,4,ok,False,9.456077214918253,1.153347163059602,1.153347163059602,7.195558313649988,11.716596116186517,18.18,0.5,1.0,6.347249634920992e-16,8.887448785023825e-17,10.609424377977854,1.1993846529857097,2.714196543365607,0.44189307363072217,True,0.8226129434356192,7.310930404681766e-17
855764-12-4,O=C(O)C1=CC=C2N=CC=CC2=C1C(=O)O,177.9797954064036,219.2359603333333,0.5361,-0.65254,178.39200000000005,4.3392694615568645,-8.3601538289115,-1.1997499668545,7.160403862057,3.190873110823621,1,1,1.6312,2,3,ok,False,9.681186900405745,1.126818345178663,1.126818345178663,7.472663526736542,11.889710274074947,18.18,0.5,1.0,6.967288795505995e-16,9.544179602435827e-17,10.808005245584408,1.4062186630415332,2.714196543365607,0.5180975808398239,True,0.7645826854067972,7.297314470435163e-17
141573-91-3,O=C(O)C1=CC=C(C=C1C(=O)O)C2CCC(C(=O)O)C(C(=O)O)C2,188.3138100241487,292.9714676666667,0.5314,-0.66762,284.2320000000001,2.4567203503858552,-8.649410851993,-0.629127222356,8.020283629637,2.6835481378431183,0,1,1.7521,4,4,ok,False,9.702426466156084,1.1230861902067173,1.1230861902067173,7.501217981816617,11.903634950495551,18.18,0.5,1.0,6.549327372843403e-16,8.933862855686283e-17,10.8255126563628,1.267949241355015,2.714196543365607,0.46715454135195256,True,0.8039378084205914,7.182270124930556e-17
88330-43-2,O=C(O)C1=CC=2C=CN(C2C=C1C(=O)O)C,184.38474702794872,223.44776766666664,0.52953,-0.68004,185.03200000000004,5.821112224480816,-7.4594569837565,-0.3959256524775,7.063531331279,2.184000943281484,0,2,1.5746999999999998,2,3,ok,False,9.768468102121671,1.1113525279975387,1.1113525279975387,7.590257173118953,11.94667903112439,18.18,0.5,1.0,5.346272684046355e-16,7.195371980299859e-17,10.87982063011921,1.1938754326173133,2.714196543365607,0.439863294180202,True,0.8240865505058051,5.929609274851436e-17
138370-78-2,O=C(O)C1=CC=CC(=C1)S(=O)(=O)C2=CC=C(C(=O)O)C(C(=O)O)=C2C(=O)O,173.19605426866968,333.763909,0.53788,-0.64049,300.38400000000007,8.33843980190539,-9.2418027045315,-1.271315909536,7.9704867949955,3.4667162068083868,1,1,1.3122,4,6,ok,False,3.2431887782964726,1.941031113413655,1.941031113413655,-0.5611622968659726,7.047539853458918,18.18,0.5,1.0,9.110343439311338e-16,2.1582061382003794e-16,5.184219891710128,3.0878964716460855,2.714196543365607,1.1376834441831136,False,0.27408318626374484,5.91528014971932e-17
35301-69-0,O=C(O)C=1C=C(C=C(C1C(=O)O)CC)CC,172.08654766223395,218.42746466666668,0.53393,-0.66389,205.57600000000005,3.1124827469401333,-8.44097164251,-0.53334314698,7.90762849553,2.546222485868721,1,1,2.2078,2,2,ok,False,5.597779674473589,1.627722444048895,1.627722444048895,2.4075023073102413,8.788057041636936,18.18,0.5,1.0,4.598274953757476e-16,9.044414689808926e-17,7.225502118522484,1.9205836029023537,2.714196543365607,0.7076066792572169,True,0.6061018652728757,5.481836613794587e-17
1780805-27-7,O=C(O)C1=CC=2N=C(N(C2C=C1C(=O)O)C)C3CC3,184.27418494761827,261.6161856666667,0.52999,-0.67693,222.96800000000005,7.633540859260531,-7.867899873357,-0.4084428896005,7.459456983756501,2.295671443615734,0,2,1.8471,2,4,ok,False,9.18293134360809,1.1797061822507424,1.1797061822507424,6.870749714057389,11.49511297315879,18.18,0.5,1.0,4.1272799092656404e-16,5.87445810192081e-17,10.362637525858831,1.5943704205372018,2.714196543365607,0.5874189267665121,True,0.7081771565139958,4.1601570346788845e-17
2592108-14-8,O=C(O)C1=CC=C(C#CCCCCO)C=C1C(=O)O,185.5494948451569,262.75337533333334,0.5325,-0.66303,237.52800000000005,4.455641240046151,-8.148177139371999,-0.930085141009,7.218091998362999,2.8544539904063084,0,1,1.5971,3,3,ok,False,9.680916736764994,1.1163524483370277,1.1163524483370277,7.492906143971307,11.86892732955868,18.18,0.5,1.0,3.779036238893359e-16,5.0835045211221805e-17,10.79726918510202,1.3535941562234513,2.714196543365607,0.49870896768035555,True,0.7798055896177261,3.9641452404180584e-17
1344470-12-7,O=C(O)C1=CC=CC(=C1C(=O)O)C(N)C(O)C,164.46936790608228,216.4408513333333,0.53549,-0.65677,209.3040000000001,5.148104735725566,-8.6007024727535,-0.6261339700005,7.974568502753001,2.6689378463531583,1,0,0.4636000000000001,4,4,ok,False,-3.163506034477205,2.7323605595011418,2.7323605595011418,-8.518834323877154,2.1918222549227444,18.18,0.5,1.0,6.511812954626181e-16,2.1608922530045904e-16,-0.43114547497606326,3.600974820782543,2.714196543365607,1.326718519918727,False,0.17201354915824943,3.717027457878855e-17
2586119-39-1,N#CC=1C=CC=CC1C#CC2=CC=CC(C(=O)O)=C2C(=O)O,171.2063398042878,328.75857233333335,0.53608,-0.65054,250.24000000000007,6.148212694759348,-7.8991929661645,-1.1485925629605,6.750600403204,3.0316719288476115,1,0,2.35448,2,3,ok,False,5.84101192092338,1.5922322099056134,1.5922322099056134,2.7202941344837583,8.961729707363002,18.18,0.5,1.0,3.706575802881736e-16,7.109510178325558e-17,7.433244130828994,2.2474755317871935,2.714196543365607,0.8280445044706752,True,0.5037587977366665,3.5814782999298766e-17
2920140-58-3,O=C(O)C1=CC=C(O[Si](C)(C)C(C)(C)C)C=C1C(=O)O,183.57446335976107,292.786709,0.53234,-0.66261,277.15200000000004,4.504661395710004,-8.0298076144045,-0.5172884298004999,7.512519184604001,2.4310370793653924,0,1,3.4670000000000014,2,3,ok,False,10.293481601755111,1.036218368399831,1.036218368399831,8.262530919572585,12.324432283937638,18.18,0.5,1.0,2.901357485228709e-16,3.6090667161165347e-17,11.329699970154943,0.9044657101055129,2.714196543365607,0.3332351565756452,True,0.8948978783873136,3.229746147210956e-17
1807075-29-1,O=C(O)C1=CC=CC(C(=O)CCCl)=C1C(=O)O,172.50230250690487,216.989333,0.53587,-0.66005,206.8400000000001,3.778298147314476,-9.0886026067,-1.0081818161025,8.0804207905975,3.1540763260488864,1,0,1.8946,2,3,ok,False,7.561052248570572,1.3745915835333011,1.3745915835333011,4.866902251393421,10.255202245747723,18.18,0.5,1.0,3.010049014750899e-16,4.9695481062086454e-17,8.935643832103873,1.8334433706610116,2.714196543365607,0.6755013284290531,True,0.6336224258911256,3.148817126638571e-17
28889-41-0,O=C(O)C1=C(F)C(F)=C(OC)C(F)=C1C(=O)O,179.731522203902,170.770766,0.53699,-0.64083,179.75200000000004,2.030243044563877,-8.5125375851915,-0.7741639046725,7.738373680519,2.786206382710446,2,2,1.5089,2,3,ok,False,10.132861923121748,1.0546423240602156,1.0546423240602156,8.065800951392106,12.19992289485139,18.18,0.5,1.0,2.652496910898044e-16,3.353893592544817e-17,11.187504247181964,0.791796298025158,2.714196543365607,0.2917240094349725,True,0.9184177764799979,3.080275495815523e-17
1423617-03-1,O=C(O)C=1C(Br)=CC=C(OC)C1C(=O)O,171.3939483983319,197.37480033333333,0.53399,-0.64166,183.88000000000005,4.207719144619802,-8.019195174235001,-0.6182426683360001,7.400952505899001,2.5201260386691,2,0,1.8541,2,3,ok,False,4.888835393731062,1.7013405517159133,1.7013405517159133,1.5542691869303669,8.223401600531759,18.18,0.5,1.0,2.614431979673402e-16,5.331737547029395e-17,6.590175945446975,2.088587484800366,2.714196543365607,0.7695048797794558,True,0.5531435317765355,2.949216137269402e-17
1344492-48-3,O=C(O)C1=CC=C(C=C1C(=O)O)C(N)C(O)C,188.647833113456,218.61658866666664,0.53189,-0.66579,209.95200000000008,3.3155199531898463,-8.6159408483815,-0.650896330396,7.9650445179855005,2.695348127184481,0,1,0.4636000000000001,4,4,ok,False,9.82040051823316,1.0928146230843219,1.0928146230843219,7.678523215209176,11.962277821257146,18.18,0.5,1.0,2.591289210568558e-16,3.393968425800411e-17,10.913215141317483,1.1585363626565137,2.714196543365607,0.42684320908460344,True,0.8334386997042753,2.8286646316364606e-17
2557465-51-5,O=C(O)C1=CC=C(C#CC(O)C(=O)O)C=C1C(=O)O,186.67087541296533,234.129741,0.53302,-0.6613,215.32000000000005,3.301250120787578,-8.411583346656,-1.010086613056,7.4014967336,2.9983079107083483,0,1,-0.1200000000000001,4,4,ok,False,9.80201907389281,1.0939336807467666,1.0939336807467666,7.657948458153809,11.94608968963181,18.18,0.5,1.0,2.4159927555900065e-16,3.164471591447655e-17,10.895952754639577,1.1753230817283526,2.714196543365607,0.43302799298054906,True,0.8290181396652416,2.6234043517654415e-17
2639442-25-2,O=C(O)C1=CC(O)=C(C=C1C(=O)O)NC(=O)OC(C)(C)C,189.52236462530303,259.88563700000003,0.53367,-0.65935,254.20000000000007,6.170112744512859,-8.280424470715001,-0.5551122550200001,7.725312215695001,2.52632861469369,0,2,2.1356,4,5,ok,False,9.234195521111777,1.1642737557079574,1.1642737557079574,6.952260891778996,11.516130150444559,18.18,0.5,1.0,2.4683545306280356e-16,3.4419853509670865e-17,10.398469276819736,1.4230408140521533,2.714196543365607,0.5242954190368178,True,0.7596589575944488,2.6147350037710198e-17
13133-05-6,O=C(O)C=1C=C(OC)C=C(OC)C1C(=O)O,182.3377970765532,196.51356733333333,0.53576,-0.66181,189.36000000000004,3.298583686978397,-7.931574514374001,-0.633481043964,7.29809347041,2.512991133055993,1,1,1.1002,2,4,ok,False,10.286751808103991,1.0335292637424767,1.0335292637424767,8.261071674200538,12.312431942007445,18.18,0.5,1.0,2.312582150106379e-16,2.859999021999646e-17,11.320281071846468,0.8548696362439895,2.714196543365607,0.31496231852979595,True,0.9055604346927816,2.5899019575829294e-17
2616551-92-7,O=C(O)C=1C=C2C(=CC1C(=O)O)CC(O)C2,185.87682749129945,203.39811566666663,0.53091,-0.67054,187.40800000000004,2.758954533876918,-8.447502374922,-0.5839563231730001,7.863546051748999,2.5932081302319627,0,2,0.5425,3,3,ok,False,9.526249044705459,1.1266306412199227,1.1266306412199227,7.318093564035143,11.734404525375774,18.18,0.5,1.0,2.238826399604694e-16,3.0168177798607704e-17,10.652879685925381,1.2182523930499771,2.714196543365607,0.44884457465977856,True,0.8175350911306507,2.4663543985830423e-17
958781-11-8,O=C(O)C1=CC=CC(C(=O)C)=C1C(=O)O,171.8405787618705,186.67268166666668,0.53564,-0.665,174.46400000000006,6.895470018062583,-9.088058378999,-0.9461398581885,8.1419185208105,3.091566625416005,1,0,1.2856,2,3,ok,False,6.025187727502673,1.558486849918402,1.558486849918402,2.970609631283325,9.07976582372202,18.18,0.5,1.0,2.3321627745220903e-16,4.349703861829253e-17,7.583674577421075,2.3365612266566322,2.714196543365607,0.8608666282358807,True,0.4765935005106081,2.0730405896937143e-17
1015443-55-6,O=C(O)C1=CC(OC)=CC(=C1C(=O)O)CC,171.7988640926514,207.963704,0.53349,-0.66624,197.48800000000008,4.328897145925276,-8.040964282275,-0.477287693777,7.563676588498001,2.3983249375659432,1,1,1.654,2,3,ok,False,4.68751489365409,1.716427944200469,1.716427944200469,1.3233779409630446,8.051651846345134,18.18,0.5,1.0,1.7883532442340903e-16,3.6597612426871686e-17,6.403942837854559,2.076965580932994,2.714196543365607,0.7652229850523479,True,0.556790508372272,2.0377203228369263e-17
1344425-44-0,O=C(O)C1=CC=C(C=C1C(=O)O)C(N)CO,188.4605038744089,202.6438263333333,0.53207,-0.66611,193.59200000000004,2.8120217388917887,-8.4085900943005,-0.6634135675189999,7.7451765267815,2.65653242877947,0,1,0.0751,4,4,ok,False,9.624859073216461,1.1108496304367752,1.1108496304367752,7.447633805320753,11.80208434111217,18.18,0.5,1.0,1.7965172858552652e-16,2.3795142038176173e-17,10.735708703653236,1.206973345726135,2.714196543365607,0.4446889996512509,True,0.820576360957871,1.9525731062162264e-17
1344479-36-2,O=C(O)C1=CC=C(C=C1C(=O)O)C(N)(C(=O)O)C,187.2570999188465,219.07552866666663,0.53209,-0.66458,212.77600000000004,2.421823137638255,-8.739752650359002,-0.7442313811175,7.995521269241501,2.8123855243597524,0,1,0.3414999999999999,4,4,ok,False,9.510756327646762,1.1246560831404953,1.1246560831404953,7.306470909697507,11.715041745596018,18.18,0.5,1.0,1.776038526828311e-16,2.381243940846697e-17,10.635412410787257,1.2822154933790413,2.714196543365607,0.47241070161746374,True,0.7999773445700032,1.9049412045719506e-17
99059-17-3,O=C(O)C1=CC=CC(=C1C(=O)O)CC,172.25294483447115,182.755439,0.53472,-0.66133,171.80000000000004,3.041161401504366,-8.607505319016,-0.5929360802395001,8.014569238776499,2.640445151174988,1,0,1.6454,2,2,ok,False,5.9450568040037535,1.558327117357177,1.558327117357177,2.890791777851564,8.999321830155942,18.18,0.5,1.0,1.5142222961661069e-16,2.8067940417723993e-17,7.50338392136093,1.8690860427537122,2.714196543365607,0.6886332706164466,True,0.6223729415727056,1.7468726641666316e-17
1344389-78-1,O=C(O)C1=CC=C(C=C1C(=O)O)C(N)(C)CCO,188.31288092729716,235.84112666666667,0.53152,-0.66711,226.60000000000005,2.791467232478289,-8.51716352065,-0.6587876320605,7.858375888589499,2.678609446488372,0,1,0.6393,4,4,ok,False,9.614715027716434,1.1102652156397743,1.1102652156397743,7.43863519177488,11.790794863657988,18.18,0.5,1.0,1.607542035045044e-16,2.12478209526587e-17,10.724980243356208,1.2084419129980286,2.714196543365607,0.44523006852685737,True,0.8201813423877057,1.742706631176523e-17
60803-96-5,O=C(O)C1=CC=C2C(=C1C(=O)O)C3C=CC4C=CC2C43,172.57739491647646,270.6036153333333,0.5329,-0.6611,230.13600000000005,2.8758115950110503,-8.317159840532499,-0.6076302281665,7.709529612365999,2.582903295506757,1,1,2.6358000000000006,2,2,ok,False,5.964048607209603,1.5539605558258296,1.5539605558258296,2.9183418843951325,9.009755330024072,18.18,0.5,1.0,1.3851135303847102e-16,2.5571002075418452e-17,7.518009163035432,1.833602247412485,2.714196543365607,0.6755598638921027,True,0.6335723178477489,1.6201079054612466e-17
37950-94-0,O=C(O)C=1C=C(C(=O)O)C(C(=O)O)=C(Cl)C1C(=O)O,177.3198026804771,215.83143933333332,0.54059,-0.63595,208.9120000000001,5.269701108222363,-9.1677877371955,-1.4141756810485,7.753612056147,3.6105091721825,1,2,1.1328,4,4,ok,False,6.769768294917074,1.4582911900229367,1.4582911900229367,3.9115700835000617,9.627966506334086,18.18,0.5,1.0,1.577466530670731e-16,2.7378838341079824e-17,8.22805948494001,2.1337541906294204,2.714196543365607,0.7861457917795307,True,0.5390078167103952,1.4757407878292294e-17
1344509-94-9,O=C(O)C1=CC=C(C=C1C(=O)O)C(N)C,185.74652414651345,196.6598876666667,0.53163,-0.66655,184.99200000000005,3.3578826691830668,-8.5462797026535,-0.669944299931,7.8763354027225,2.6960121846910905,0,1,1.1027,3,3,ok,False,9.585635427744696,1.110569587891458,1.110569587891458,7.408959033151948,11.762311822337445,18.18,0.5,1.0,1.3179125519334787e-16,1.7376169488673967e-17,10.696205015636155,1.251700758029554,2.714196543365607,0.461168061351019,True,0.8084180377413615,1.4047208841495125e-17
1344509-94-9,O=C(O)C1=CC=C(C=C1C(=O)O)C(N)C,185.74652414651345,196.6598876666667,0.53163,-0.66655,184.99200000000005,3.3578826691830668,-8.5462797026535,-0.669944299931,7.8763354027225,2.6960121846910905,0,1,1.1027,3,3,ok,False,9.585635427744696,1.110569587891458,1.110569587891458,7.408959033151948,11.762311822337445,18.18,0.5,1.0,1.3179125519334787e-16,1.7376169488673967e-17,10.696205015636155,1.251700758029554,2.714196543365607,0.461168061351019,True,0.8084180377413615,1.4047208841495125e-17
4961-03-9,O=C(O)C=1C=C(C(=O)O)C(=CC1O)C(=O)O,186.9252035027146,185.9663623333333,0.53483,-0.65359,174.05600000000004,3.600695057902016,-8.485054086290999,-0.966004169275,7.519049917015999,2.9698732930327,0,2,0.4868,4,4,ok,False,9.787330699333769,1.085071116723009,1.085071116723009,7.660630389892014,11.914031008775524,18.18,0.5,1.0,1.2480648899647344e-16,1.6065278245571912e-17,10.872401816056778,1.1277971053861506,2.714196543365607,0.4155178474981332,True,0.841427788734044,1.3517771549568716e-17
61415-82-5,O=C(O)C=1C=C2C=C3C=CC=C(N)C3=CC2=CC1C(=O)O,185.60289934581857,355.37842300000005,0.53117,-0.67314,238.24000000000007,4.332521996481956,-6.64502022921,-1.1798856557680002,5.465134573442,2.8008986460419663,0,2,2.9716000000000005,3,3,ok,False,9.553925310509324,1.1126348840212723,1.1126348840212723,7.373201009884731,11.734649611133918,18.18,0.5,1.0,1.1799520152655015e-16,1.556222059324923e-17,10.666560194530597,1.3422057303400643,2.714196543365607,0.4945130939838747,True,0.7830621592542338,1.2186186060540447e-17
2639436-60-3,O=C(O)C1=CC(O)=C(C=C1C(=O)O)NC(=O)OCC2C=3C=CC=CC3C=4C=CC=CC42,189.5260712141877,430.020143,0.5336,-0.65906,353.31200000000007,5.705091826605423,-7.496736581275001,-0.570350630648,6.926385950627001,2.3489124252049702,0,2,4.149600000000002,4,5,ok,False,8.689806579951675,1.2165765760817062,1.2165765760817062,6.305360306396478,11.074252853506872,18.18,0.5,1.0,1.090157419319659e-16,1.5703878099948372e-17,9.906383156033382,1.4459575711866524,2.714196543365607,0.5327387122060303,True,0.7529092807868061,1.1823595565795803e-17
1344468-30-9,O=C(O)C1=CC=C(C=C1C(=O)O)CC(N)CC(=O)O,188.9435296180926,236.426032,0.53187,-0.6667,229.7920000000001,4.122993287649156,-8.513898154444,-0.653617468901,7.860280685543,2.673038854033901,0,1,0.4274999999999998,4,4,ok,False,9.782564890095415,1.0835276294306224,1.0835276294306224,7.658889760157333,11.906240020033497,18.18,0.5,1.0,1.0918082565308136e-16,1.400792186007444e-17,10.866092519526038,1.1434046538247369,2.714196543365607,0.42126818583554515,True,0.8373887295091802,1.1730075889471608e-17
63035-28-9,O=C(O)C1=CC(O)=C(OC)C=C1C(=O)O,187.25169166799537,183.21175466666668,0.53124,-0.67023,172.38400000000004,4.365885319153493,-7.875791175021501,-0.5450440425515,7.330747132470001,2.4182550727822387,0,2,0.7971999999999999,3,4,ok,False,9.416621781175444,1.1279476772900228,1.1279476772900228,7.205884957241391,11.627358605109496,18.18,0.5,1.0,1.0822872792513867e-16,1.4453273143685522e-17,10.544569458465466,1.2407801488845678,2.714196543365607,0.4571445468521594,True,0.8114105413659948,1.1727538186028462e-17
78324-74-0,O=C(O)C1=CC=C(Br)C(Br)=C1C(=O)O,174.7470287795245,199.20880033333333,0.53913,-0.64317,177.72800000000004,2.1710671707710936,-8.7394805365085,-0.9891338465675,7.750346689941,3.052958196613064,1,1,2.6080000000000005,2,2,ok,False,8.62411705173269,1.2242735218962417,1.2242735218962417,6.224585041590046,11.023649061875332,18.18,0.5,1.0,1.071882464006892e-16,1.5534678726430043e-17,9.848390573628931,1.4487933542001594,2.714196543365607,0.5337835086930197,True,0.7520707822324997,1.1683177981516814e-17
332368-63-5,O=C(O)C1=CC=C(OC=2C=CC=CC2NC(=O)C=3C=CC=CC3)C=C1C(=O)O,187.25624225777176,388.1655293333333,0.5336,-0.66017,321.4560000000001,6.730914183080928,-8.2806965845655,-0.5839563231730001,7.696740261392501,2.5524465067650444,0,1,4.127600000000003,3,4,ok,False,9.088632252207098,1.1673927544916487,1.1673927544916487,6.8005844975904575,11.37668000682374,18.18,0.5,1.0,1.0515001118301957e-16,1.4527391828762138e-17,10.256025006698748,1.3847845424257765,2.714196543365607,0.5102005401232448,True,0.7708167660842851,1.11979571890857e-17
2091808-05-6,O=C(O)C1=CC(OC)=CC(F)=C1C(=O)O,181.95430797486185,172.34940766666668,0.53456,-0.65626,169.48000000000005,4.4036364121030696,-8.300560895652,-0.7390612179580001,7.561499677694,2.701672004229561,1,1,1.2307,2,3,ok,False,10.081857215621522,1.0459524086105318,1.0459524086105318,8.031828165201958,12.131886266041086,18.18,0.5,1.0,1.0141632761085335e-16,1.2547700320879622e-17,11.127809624232054,1.0247911990892797,2.714196543365607,0.37756705629671805,True,0.8671382283321911,1.0880590625890822e-17
882175-90-8,O=C(O)C1=CC=C2C(C(=O)CCC2(C)C)=C1C(=O)O,171.65202140831798,254.5821753333333,0.53511,-0.6674,229.18400000000003,6.319565517501975,-8.8494145321105,-0.9548475014045,7.894567030706001,3.0439780182988554,1,1,2.3371000000000004,2,3,ok,False,5.9650033611910995,1.5479705443156666,1.5479705443156666,2.931036845203529,8.99896987717867,18.18,0.5,1.0,1.0698903120912993e-16,1.9605026058265035e-17,7.512973905506766,2.225106605841512,2.714196543365607,0.8198030504756214,True,0.5106468408168114,1.0011244620784305e-17
2441273-86-3,O=C(O)C=1C=CC=C(C#CCCCC=C)C1C(=O)O,172.48167659415225,271.42114066666664,0.53589,-0.65293,238.8640000000001,3.0171409562696936,-8.1364762438005,-0.6993325957850001,7.4371436480155,2.6243784423381946,1,0,2.790800000000001,2,2,ok,False,5.990365153606327,1.5380613857276524,1.5380613857276524,2.9758202315683606,9.004910075644293,18.18,0.5,1.0,7.892695041341094e-17,1.431015671350706e-17,7.52842653933398,1.8358105182407496,2.714196543365607,0.6763734640839024,True,0.6328758137355065,9.056552074743402e-18
2505738-63-4,O=C(O)C=1C=CC=C(C#CC(Br)C)C1C(=O)O,171.52767516283248,250.50585,0.53637,-0.65012,214.3760000000001,4.078338119871868,-8.3166156128315,-0.7981099235165,7.518505689315,2.7624578950915004,1,0,2.2179,2,2,ok,False,5.685991526505179,1.5762512773836983,1.5762512773836983,2.596595792247875,8.775387260762482,18.18,0.5,1.0,8.354218015214247e-17,1.5535152604081457e-17,7.262242803888877,2.0186122398232627,2.714196543365607,0.7437236793913904,True,0.5751497074515511,8.935038475452653e-18
2639416-45-6,O=C(O)C1=CC(O)=C(C=C1C(=O)O)NC(=O)OCC=2C=CC=CC2,189.30468154952152,304.27575833333333,0.5339,-0.65862,275.7680000000001,4.108190162346432,-8.365323992071001,-0.575248679957,7.790075312114001,2.5652460503017323,0,2,2.537300000000001,4,5,ok,False,9.608269582456584,1.099870724261609,1.099870724261609,7.452562575253846,11.763976589659322,18.18,0.5,1.0,8.053571628931916e-17,1.0444696560793221e-17,10.708140306718192,1.1938087088802367,2.714196543365607,0.43983871094313326,True,0.8241043723307497,8.607520103417638e-18
1344471-68-6,O=C(O)C1=CC=2OCC(N)C2C=C1C(=O)O,187.07165683260152,199.7588683333333,0.53278,-0.66236,183.28800000000004,4.143950968580588,-8.050760380893001,-0.4835463123385,7.567214068554501,2.4062485240373586,0,2,0.4751999999999999,3,4,ok,False,9.332075636059923,1.1312109475585286,1.1312109475585286,7.114942919927779,11.549208352192066,18.18,0.5,1.0,7.064588910256972e-17,9.406248310895638e-18,10.463286583618451,1.241737514228452,2.714196543365607,0.457497271987789,True,0.8111488086238745,7.629867111003329e-18
56962-06-2,O=C(O)C1=CC=C(Cl)C(Cl)=C1C(=O)O,176.85903829704296,179.18033533333332,0.53903,-0.64329,168.98400000000004,2.362879264795389,-8.86002697228,-0.9635551446205,7.8964718276595,3.055249474501404,1,1,2.3898,2,2,ok,False,9.467061666140841,1.1129567133267595,1.1129567133267595,7.285706591668323,11.64841674061336,18.18,0.5,1.0,6.268607509336551e-17,8.198347216710895e-18,10.580018379467601,1.0915711651705593,2.714196543365607,0.4021710099951014,True,0.8506610539057768,6.974014683652783e-18
1344436-52-7,O=C(O)C1=CC=C(C=C1C(=O)O)C(N)(C)CO,188.69304302910095,218.6325316666667,0.53142,-0.66753,209.61600000000004,5.323179818491951,-8.670091504631001,-0.6903528387185001,7.979738665912501,2.7450121480552383,0,1,0.2492000000000002,4,4,ok,False,9.689890699254946,1.0867434980461381,1.0867434980461381,7.559912582651441,11.81986881585845,18.18,0.5,1.0,6.557742500409652e-17,8.379643376395096e-18,10.776634197301084,1.1959239747422907,2.714196543365607,0.44061804502165625,True,0.8235390906328486,6.90096388602399e-18
1344481-31-7,O=C(O)C1=CC=CC(=C1C(=O)O)C(N)C=C,168.0152178230287,213.7346213333333,0.5354,-0.65895,195.08000000000004,1.9300071865151176,-8.3612422843135,-0.627494539253,7.7337477450605,2.6118446174736305,1,0,1.2688,3,3,ok,False,0.4308992260853355,2.2066099297423287,2.2066099297423287,-3.8939767641380882,4.755775216308759,18.18,0.5,1.0,6.686842637214518e-17,1.7354272322417348e-17,2.637509155827664,2.615686605301063,2.714196543365607,0.9637056725662203,True,0.39505565576475715,6.85590343265276e-18
1391046-76-6,O=C(O)C1=CC=C(C=C1C(=O)O)C(N)CO,188.7601648611173,201.7572543333333,0.53171,-0.66656,193.99200000000005,4.753827016204943,-8.530224985474,-0.7017816204395,7.8284433650345,2.7218037481214785,0,1,0.0751,4,4,ok,False,9.740763318064861,1.08031361272764,1.08031361272764,7.623387545110335,11.858139091019387,18.18,0.5,1.0,6.440691496478014e-17,8.179367491416584e-18,10.8210769307925,1.1584867275689095,2.714196543365607,0.4268249218726012,True,0.8334517107924729,6.81710782892149e-18
77856-04-3,O=C(O)C=1C=C(C=C)C=C(OC)C1C(=O)O,182.6792423940555,215.865636,0.53598,-0.65941,191.43200000000004,4.531733047080333,-7.8692604426095,-0.7055912143465001,7.163669228263,2.5660062809959494,1,1,1.7346,2,3,ok,False,10.084785082596206,1.0374899575201524,1.0374899575201524,8.051342131534717,12.118228033657694,18.18,0.5,1.0,5.924106165083758e-17,7.216875970224778e-18,11.122275040116358,0.9795834054723764,2.714196543365607,0.36091100619326993,True,0.8778700050033559,6.335478944089825e-18
59590-46-4,O=C(O)C1=CC=2C=CC=C(N)C2C=C1C(=O)O,186.8416398690403,253.680165,0.53146,-0.67076,194.88000000000005,3.763902221099799,-7.0278844168635,-0.672121210735,6.3557632061285005,2.3321387511683302,0,2,1.8184,3,3,ok,False,9.101326170071575,1.155576061828169,1.155576061828169,6.836438707491733,11.366213632651416,18.18,0.5,1.0,5.705914818924914e-17,7.738282292076398e-18,10.256902231899744,1.2529441277145552,2.714196543365607,0.46162615996883666,True,0.8080763667945356,6.253123039811588e-18
21872-44-6,O=C(O)C=1C=CC=C(OC(=O)C)C1C(=O)O,171.69812341045807,186.32191,0.53601,-0.65026,183.7680000000001,4.154579021994889,-8.9582600723105,-0.7542995935860001,8.2039604787245,2.8746425433251823,1,0,1.0083,2,4,ok,False,6.09390989540356,1.519105886576955,1.519105886576955,3.1165170690099404,9.07130272179718,18.18,0.5,1.0,5.895733693059078e-17,1.0515744599633565e-17,7.613015781980515,1.9975023672524237,2.714196543365607,0.7359461024055091,True,0.5818069044216655,6.11813281320165e-18
2621755-16-4,O=C(O)C=1C=CC=C(C#CCC(O)C(=O)O)C1C(=O)O,164.80206671695368,247.94621633333333,0.53671,-0.65276,231.1200000000001,4.763019615747976,-8.2284507252695,-0.741782356463,7.4866683688065,2.6869455669984363,1,0,0.2700999999999999,4,4,ok,False,-3.0373626723718914,2.6392557979631777,2.6392557979631777,-8.21020898236824,2.135483637624458,18.18,0.5,1.0,9.471233698928049e-17,2.954081486045123e-17,-0.39810687440871373,3.514329706014356,2.714196543365607,1.2947955867840664,False,0.18702824859040357,5.52496686528356e-18
76284-57-6,O=C(O)C1=CC=C(F)C(=C1C(=O)O)C(F)(F)F,172.40465155252005,160.699108,0.53841,-0.64261,174.91200000000003,3.596901052294878,-9.2390815660265,-0.8046406559285,8.434440910098001,2.990013124373782,1,1,2.2409000000000003,2,2,ok,False,6.955320991643367,1.4123196857192315,1.4123196857192315,4.187225272976745,9.723416710309989,18.18,0.5,1.0,5.1308502613256064e-17,8.492128262252999e-18,8.367640677362598,1.8485922788817581,2.714196543365607,0.6810826885032805,True,0.6288430172318451,5.340215559155002e-18
50276-60-3,O=C(O)C1=CC(OC)=C(OC)C(OC)=C1C(=O)O,173.40809383367525,218.9963266666667,0.53592,-0.65843,215.33600000000004,2.5178727807417114,-8.1130744526575,-0.6576991766585,7.455375275999,2.5795639793060934,1,2,1.1088,2,5,ok,False,6.411714652418167,1.4747673588478123,1.4747673588478123,3.5212237435011975,9.302205561335137,18.18,0.5,1.0,4.4431549590228625e-17,7.664136775041221e-18,7.886482011265979,1.7188958789793234,2.714196543365607,0.6332982344925878,True,0.6696054277965473,5.131947583942727e-18
1344460-88-3,O=C(O)C1=CC=CC(=C1C(=O)O)CC(N)C(=O)O,164.77727315094012,217.537232,0.53502,-0.65617,212.5600000000001,3.182272661165288,-8.690227929568,-0.6057254312129999,8.084502498355,2.672234590297883,1,0,0.0373999999999999,4,4,ok,False,-2.863722830713062,2.6125129532000813,2.6125129532000813,-7.984154128129597,2.256708466703473,18.18,0.5,1.0,8.164598704099172e-17,2.515594270257311e-17,-0.25120987751298074,3.457583671978381,2.714196543365607,1.2738884663418564,False,0.19734697113382274,4.964449098368794e-18
2553438-90-5,O=C(O)C=1C=CC=C(C#CC(O)(C)CC)C1C(=O)O,167.33512578554226,258.878227,0.53618,-0.65177,236.8160000000001,3.289236418988456,-8.3013772372035,-0.7208295899745,7.580547647229,2.684509741922551,1,0,1.5955,3,3,ok,False,0.1416242421028695,2.2316858617623274,2.2316858617623274,-4.232399671758526,4.515648155964265,18.18,0.5,1.0,4.91202119215596e-17,1.283899212213761e-17,2.373310103865197,2.680943822869632,2.714196543365607,0.9877485952234168,True,0.3769482807193624,4.839636006609211e-18
1344583-36-3,O=C(O)C1=CC=CC(=C1C(=O)O)CCC(N)C,167.074028510614,228.978678,0.53492,-0.66042,217.87200000000004,5.0391285417222695,-8.349541388742,-0.5951129910435,7.754428397698501,2.5793919896649578,1,0,1.3628000000000002,3,3,ok,False,-0.6898917346025648,2.3327449254984356,2.3327449254984356,-5.2619877736980705,3.882204304492941,18.18,0.5,1.0,5.0554361260547934e-17,1.3817608433514263e-17,1.6428531908958708,2.836555919948058,2.714196543365607,1.045081251349147,False,0.3354793676021525,4.635522539049534e-18
1824458-55-0,O=C(O)C1=CC=CC(=C1C(=O)O)CS,167.88441545347922,193.131325,0.53468,-0.65824,173.57600000000005,2.434674017194088,-8.2257295867645,-0.6359300686185,7.589799518145999,2.5866629171196287,1,0,1.5128,3,3,ok,False,0.17110844434987982,2.2230315685251454,2.2230315685251454,-4.18595336645499,4.52817025515475,18.18,0.5,1.0,4.182090506713683e-17,1.0865065509531193e-17,2.394140012875025,2.61446758343948,2.714196543365607,0.9632565444938402,True,0.3953977057912357,4.296021975740117e-18
2447566-58-5,O=C(O)C=1C=CC=C(C#CCOCC)C1C(=O)O,174.744807087114,239.996335,0.53634,-0.6518,220.4720000000001,1.7386782134713714,-8.363419195117501,-0.739605445659,7.623813749458501,2.717309877109401,1,0,1.471,2,3,ok,False,7.671089965868426,1.3198294452061277,1.3198294452061277,5.084271787528936,10.257908144207917,18.18,0.5,1.0,3.6782294609523333e-17,5.663686736843244e-18,8.990919411074554,1.465412666656482,2.714196543365607,0.5399066144411814,True,0.7471426469425695,4.231581900018585e-18
1344889-47-9,O=C(O)C1=CC=C2OCC(=O)C2=C1C(=O)O,176.45613562050832,193.102466,0.53695,-0.64662,173.70400000000004,3.7842745500293713,-8.524782708464,-1.163558824738,7.361223883726001,3.1877838232674485,1,1,0.6580999999999999,2,4,ok,False,9.216604161362714,1.1355218052510914,1.1355218052510914,6.9910223194106695,11.442186003314758,18.18,0.5,1.0,3.909043701742955e-17,5.182796566234474e-18,10.352125966613805,1.4043798886014662,2.714196543365607,0.5174201153686657,True,0.7651192493595402,3.9654574183405235e-18
1804397-67-8,O=C(O)C1=CC=CC(C(=O)CCBr)=C1C(=O)O,175.12624394811942,227.826743,0.53572,-0.66204,211.24000000000004,5.117181151767055,-9.112004397843,-1.1077754853855002,8.0042289124575,3.2621474849091694,1,0,2.0507,2,3,ok,False,8.469225997109229,1.2255612576457955,1.2255612576457955,6.067170071275855,10.871281922942602,18.18,0.5,1.0,3.990936162470826e-17,5.712539577788513e-18,9.694787254755024,1.6985954086043318,2.714196543365607,0.6258188681126502,True,0.6759411549046318,3.8613405996487854e-18
210173-64-1,O=C(O)C1=CC=C(OC)C(F)=C1C(=O)O,182.40389135491623,173.39366533333336,0.53559,-0.64743,169.06400000000005,4.204386313125853,-8.263553411984,-0.591031283286,7.672522128698,2.554690257342228,1,1,1.2307,2,3,ok,False,10.042321983979766,1.0324735155112015,1.0324735155112015,8.018711078586355,12.065932889373178,18.18,0.5,1.0,2.980247573564169e-17,3.579718843087068e-18,11.074795499490968,0.9128440266272968,2.714196543365607,0.33632200617843583,True,0.8930501936058993,3.196868605873592e-18
1243151-51-0,O=C(O)C=1C=C2C=CC(N)=CC2=CC1C(=O)O,187.43922864521124,260.5179626666667,0.53057,-0.67226,194.41600000000005,5.6002167868753086,-7.116865645977,-0.5336152608304999,6.5832503851465,2.222680844613037,0,2,1.8184,3,3,ok,False,8.669477182531633,1.1955610847767382,1.1955610847767382,6.326220515051588,11.012733850011678,18.18,0.5,1.0,2.806688958252641e-17,3.900638280481189e-18,9.865038267308371,1.2753778054992924,2.714196543365607,0.4698914706883468,True,0.801878648047661,3.1278385508752084e-18
2564768-54-1,O=C(O)C=1C=CC=C(C#CC=CC)C1C(=O)O,171.49994681609334,255.55473733333332,0.53638,-0.65327,204.92000000000004,4.803605696765712,-7.619187814000001,-0.767905286111,6.851282527889001,2.5667942601837046,1,0,2.0106,2,2,ok,False,4.832502629675455,1.6522011658560112,1.6522011658560112,1.5942478493825845,8.070757409968325,18.18,0.5,1.0,2.618610583295421e-17,5.0246037958183136e-18,6.484703795531466,2.128235221732216,2.714196543365607,0.7841124206477699,True,0.5407315747631907,2.716961923073942e-18
2639451-53-7,O=C(O)C1=CC=C(C=C1C(=O)O)NC(=O)OC(C)(C)C,186.89853448139797,260.5389553333334,0.53245,-0.66202,245.3040000000001,5.717844378784719,-8.054025747099,-0.654161696602,7.399864050497,2.56195681559645,0,1,2.4300000000000006,3,4,ok,False,9.18075136537592,1.1314739827309026,1.1314739827309026,6.963103109779256,11.398399620972585,18.18,0.5,1.0,2.3202977904712718e-17,3.044091275376964e-18,10.312225348106823,1.2351855841637014,2.714196543365607,0.455083323712464,True,0.8129376761123556,2.474656487278846e-18
706811-16-7,O=C(O)C1=CC(O)=C(C=C1C(=O)O)C,185.4321122513718,176.57671466666667,0.5312,-0.66596,164.25600000000003,2.4781998890323598,-8.13620412995,-0.5254518453155,7.610752284634501,2.464417492122315,0,2,1.09702,3,3,ok,False,8.924045567611238,1.1616674719218663,1.1616674719218663,6.647219160632686,11.20087197458979,18.18,0.5,1.0,2.2662302701458724e-17,3.051541692486073e-18,10.085713039533104,1.2455610908527588,2.714196543365607,0.45890600439283646,True,0.8101023179245376,2.472060998326334e-18
1389368-64-2,O=C(O)C1=CC=C(C=C1C(=O)O)C(N)CC(=O)O,188.2996215567169,218.33807666666667,0.53191,-0.6665,213.0240000000001,3.863259020567997,-8.661111747564501,-0.670488527632,7.990623219932501,2.724404633384246,0,1,0.5575000000000001,4,4,ok,False,9.59061414573946,1.0820267327919495,1.0820267327919495,7.469880719157694,11.711347572321227,18.18,0.5,1.0,2.2260542030948397e-17,2.7912844942990723e-18,10.672640878531409,1.1216473072196016,2.714196543365607,0.4132520579474166,True,0.8430093215935901,2.353078847913768e-18
169739-72-4,O=C(O)C1=CC=C(C=C1C(=O)O)NN,187.0265878025659,187.216898,0.5312,-0.66509,162.96000000000004,7.207310746041134,-7.3827208779155,-0.3485778424905,7.034143035425,2.124387420156434,0,1,0.3686000000000001,4,4,ok,False,5.978556332273553,1.5071921371962504,1.5071921371962504,3.0245140255869503,8.932598638960155,18.18,0.5,1.0,1.769830315855957e-17,3.081863511835894e-18,7.4857484694698035,1.8613280279187083,2.714196543365607,0.6857749607221367,True,0.6248227329513193,1.925618382048254e-18
2604213-85-4,N#CC1=CC=CC(C#CC2=CC=CC(C(=O)O)=C2C(=O)O)=C1,171.35816687631342,327.3379923333333,0.53677,-0.6512,249.95200000000008,6.823573645825185,-7.8659950764035,-0.958929209162,6.9070658672415,2.8188267689514124,1,0,2.35448,2,3,ok,False,4.880788327627658,1.6395063447532623,1.6395063447532623,1.6674149394863549,8.094161715768962,18.18,0.5,1.0,1.9364036583099632e-17,3.6722971551522646e-18,6.5202946723809205,2.3893440656715024,2.714196543365607,0.8803135762263969,True,0.4607258987719317,1.6919224073651351e-18
176796-67-1,O=C(O)C1=CC=C(C=C1C(=O)O)CC(N)C(=O)O,188.49868123604745,219.065402,0.53183,-0.66635,213.13600000000005,4.096998943128982,-8.622199466943,-0.6446377118345,7.9775617551085,2.691118976389704,0,1,0.0373999999999999,4,4,ok,False,9.546772837256192,1.082365926920326,1.082365926920326,7.425374602399041,11.668171072113344,18.18,0.5,1.0,1.6112202113241724e-17,2.012357693554223e-18,10.629138764176519,1.1328483825894184,2.714196543365607,0.4173789055027994,True,0.84012452779384,1.6906310570495426e-18
18245-63-1,O=C(O)C=1C=CC=C(SCC)C1C(=O)O,171.26335760826476,211.155993,0.53628,-0.65881,191.18400000000003,5.541439070313775,-8.164503970401999,-0.7121219467584999,7.452382023643499,2.643265180958965,1,0,2.195,2,3,ok,False,4.717604869050563,1.6551522088756287,1.6551522088756287,1.4735661507224136,7.9616435873787115,18.18,0.5,1.0,1.6458964270018396e-17,3.144403504251619e-18,6.372757077926192,2.2119091519221166,2.714196543365607,0.8149406708695262,True,0.5147220169106703,1.6184937136893728e-18
1423616-88-9,O=C(O)C=1C=C(Br)C=C(OC)C1C(=O)O,181.2098047945386,197.45543,0.53789,-0.65447,183.45600000000005,5.272829086932365,-8.2104912111365,-0.8236886254635,7.386802585672999,2.762237259403964,1,1,1.8541,2,3,ok,False,9.49575582210651,1.0876350772543575,1.0876350772543575,7.36403024236553,11.62748140184749,18.18,0.5,1.0,1.5302390982918483e-17,1.919217947665333e-18,10.583390899360868,1.278929664671168,2.714196543365607,0.47120009337470226,True,0.8008917152578786,1.5370857540593942e-18
62268-18-2,O=C(O)C1=CC(Cl)=C(Cl)C(SC)=C1C(=O)O,171.96597093395218,225.53362433333328,0.53896,-0.65183,204.38400000000004,5.517093849120205,-8.2904926831835,-1.0277740133385,7.262718669844999,2.988897759045516,1,2,3.111700000000001,2,3,ok,False,6.118435767896141,1.48508925602455,1.48508925602455,3.2077143122606393,9.029157223531643,18.18,0.5,1.0,1.3546876190387702e-17,2.3162183284069184e-18,7.6035250239206915,2.049564088622547,2.714196543365607,0.7551273667459192,True,0.5654025407516163,1.3095957278167334e-18
863962-12-3,O=C(O)C1=CC(OC2=CC=CC(N)=C2)=C(OC3=CC=CC(N)=C3)C=C1C(=O)O,188.2920321479965,393.69675466666666,0.53323,-0.66053,322.6640000000001,7.0337589665839415,-7.2085680135954995,-0.6446377118345,6.563930301760999,2.348929579179896,0,2,3.8320000000000007,4,6,ok,False,7.574501629489685,1.304612238511154,1.304612238511154,5.017508628217644,10.131494630761726,18.18,0.5,1.0,8.511887295737544e-18,1.2707741124848056e-18,8.87911386800084,1.6545480142875864,2.714196543365607,0.6095903475862308,True,0.6896297691314468,8.763636578111158e-19
476-73-3,O=C(O)C1=CC=C(C(=O)O)C(C(=O)O)=C1C(=O)O,170.4265741261286,199.49602366666667,0.53628,-0.64508,194.12800000000004,3.888676168055139,-9.3212599488775,-1.32247331343,7.998786635447501,3.5408200931719502,1,1,0.4794000000000001,4,4,ok,False,3.0443491513037557,1.8422863316445317,1.8422863316445317,-0.56646570792994,6.655164010537451,18.18,0.5,1.0,1.0593737104788873e-17,2.239753604812229e-18,4.886635482948288,2.6978726958522032,2.714196543365607,0.9939857533334111,True,0.3723177294500272,8.338999766712026e-19
581794-00-5,O=C(O)C1=CC=2N=NNC2C=C1C(=O)O,184.7921599757001,179.413044,0.53326,-0.66131,160.08000000000004,5.593780120812759,-8.664104999920001,-0.82722610552,7.836878894400001,2.8737641402582224,0,2,0.3543,3,4,ok,False,8.90214148050255,1.145714300608028,1.145714300608028,6.6565827147383185,11.147700246266782,18.18,0.5,1.0,7.050913644569348e-18,9.222044884779574e-19,10.047855781110577,1.3930584372610644,2.714196543365607,0.5132489173144662,True,0.768415673186414,7.086363828293223e-19
602-82-4,O=C(O)C1=CC=CC(C(=O)C=2C=CC=CC2)=C1C(=O)O,174.81991948327635,272.231352,0.53543,-0.65603,229.66400000000004,5.21354262953704,-8.760433302997,-1.1232859748639998,7.637147328133,3.1977878180936656,1,0,2.314,2,3,ok,False,8.056203617272828,1.2406867091673213,1.2406867091673213,5.624502351207358,10.487904883338299,18.18,0.5,1.0,5.506243148106918e-18,7.7740009794848e-19,9.296890326440149,1.721376886655822,2.714196543365607,0.634212319982293,True,0.6688300634994011,5.199485568753226e-19
916849-61-1,O=C(O)C1=CC=C(OC2=CC=C(O)C(N)=C2)C=C1C(=O)O,188.6832591933836,278.49424400000004,0.53281,-0.66093,239.8400000000001,4.229085987539151,-7.149519308036999,-0.5444998148505,6.605019493186499,2.240641769658098,0,1,2.1631,4,5,ok,False,8.028354607962426,1.2398435493712625,1.2398435493712625,5.598305904730442,10.45840331119441,18.18,0.5,1.0,4.306260749790692e-18,6.056650775994491e-19,9.268198157333687,1.3579764748808365,2.714196543365607,0.5003235591763535,True,0.7785487541869376,4.71539791619586e-19
63196-13-4,O=C(O)C=1C=CC=C(OC2=CC=C(Cl)C=C2)C1C(=O)O,180.58835626909803,267.47427466666664,0.53605,-0.65509,234.5600000000001,3.015061689252809,-7.9416427268425,-0.7469525196225,7.19469020722,2.623173659414026,1,0,3.5287000000000024,2,3,ok,False,9.72390485517415,1.0416787346830436,1.0416787346830436,7.68225205173413,11.765557658614169,18.18,0.5,1.0,4.064646168426486e-18,4.799579638275746e-19,10.765583589857194,0.8970948044591127,2.714196543365607,0.33051947054162634,True,0.8965124305336726,4.302882807050514e-19
294892-13-0,O=C(O)C1=CC=C(OC2=CC=C(C=C2)NC(=O)C3CCCCC3)C=C1C(=O)O,187.12291351784077,386.2679816666667,0.5331,-0.66097,339.46400000000006,6.258919975522933,-7.783000352001,-0.5379690824385,7.2450312695625,2.3891729984575165,0,1,4.394100000000003,3,4,ok,False,8.667511261152367,1.1640288743732283,1.1640288743732283,6.38605659041614,10.948965931888594,18.18,0.5,1.0,3.931266399530946e-18,5.185121844313774e-19,9.831540135525595,1.2879814096584514,2.714196543365607,0.4745350563527551,True,0.7983696887422909,4.1396441129356406e-19
81722-05-6,O=C(O)C1=CC(=CC(OC)=C1C(=O)O)C,182.35870300074623,190.509826,0.53553,-0.66162,180.44000000000003,4.956982624540861,-8.0189230603845,-0.632936816263,7.3859862441215,2.533672445731931,1,1,1.40002,2,3,ok,False,9.658965398270508,1.04884388467705,1.04884388467705,7.603269158898408,11.714661637642608,18.18,0.5,1.0,3.953577133637101e-18,4.698886872922139e-19,10.707809282947558,1.1014033170075828,2.714196543365607,0.4057935007322061,True,0.8481749417474599,3.9854780997186388e-19
2749794-60-1,O=C(O)C=1C=CC=C(OCC(F)(F)F)C1C(=O)O,181.40984169228804,185.5206003333333,0.5365,-0.65616,196.16800000000003,5.17853447415386,-8.339201062423001,-0.7211017038249999,7.618099358598001,2.693883419997441,1,0,2.0241,2,3,ok,False,9.45328455998932,1.0726569174989078,1.0726569174989078,7.350915633923709,11.555653486054933,18.18,0.5,1.0,3.925840431683224e-18,4.771430579736939e-19,10.525941477488228,1.2232318203025867,2.714196543365607,0.45067916076032494,True,0.8161870633870454,3.8943799130306396e-19
2167121-79-9,O=C(O)C1=CC=CC(=C1C(=O)O)C(N)C=C,168.99291182406958,213.383343,0.53476,-0.65935,195.60000000000005,1.5534310573694603,-8.362602853565999,-0.6062696589140001,7.756333194651999,2.592741703018355,1,0,1.2688,3,3,ok,False,0.7344747479533655,2.0841504694191455,2.0841504694191455,-3.350385110470407,4.819334606377138,18.18,0.5,1.0,3.637927286027536e-18,8.582601520003529e-19,2.818625217372511,2.483938259074548,2.714196543365607,0.9151652134942525,True,0.43277930549621174,3.7143723251778584e-19
1806531-01-0,O=C(O)C1=CC=CC(C(=O)CC)=C1C(=O)O,173.5682398880874,202.821958,0.53527,-0.66346,191.44000000000003,7.464943340039494,-9.0562210584905,-0.8949824542945001,8.161238604196,3.0334381873711944,1,0,1.6757,2,3,ok,False,6.167619982790773,1.4564959531486619,1.4564959531486619,3.312940370991058,9.02229959459049,18.18,0.5,1.0,4.320497621884367e-18,7.13882284327734e-19,7.624115935939435,2.2941435693936514,2.714196543365607,0.8452385568765446,True,0.48947190300752114,3.4942532023325224e-19
1427081-29-5,O=C(O)C1=CC(OC)=C(C=C1C(=O)O)NC,186.11410896814868,219.29316666666668,0.53095,-0.66881,192.44000000000003,5.165876000253974,-7.048020841800501,-0.379870935298,6.6681499065025,2.068548886344193,0,2,1.1333,3,4,ok,False,7.5912991965370535,1.2839062823398022,1.2839062823398022,5.074889123626328,10.10770926944778,18.18,0.5,1.0,2.8932512714959995e-18,4.192754283219359e-19,8.875205478876856,1.37331551731064,2.714196543365607,0.505974970997394,True,0.7741337077538585,3.2457524189694735e-19
21021-54-5,O=C(O)C=1C(Cl)=C(C(=O)O)C(C(=O)O)=C(Cl)C1C(=O)O,168.00586678834583,229.5893223333333,0.53899,-0.62546,224.97600000000008,4.565780465594026,-8.9871041404635,-1.2307709458115,7.756333194652001,3.365152342562678,2,2,1.7862000000000002,4,4,ok,False,0.989779538746502,2.0617819580258803,2.0617819580258803,-3.0512388429586963,5.0307979204517,18.18,0.5,1.0,4.741032302000554e-18,1.1102296263930375e-18,3.0515614967723823,3.0210163408819795,2.714196543365607,1.1130425864944606,False,0.28971320333681133,3.2164818150175817e-19
116-69-8,O=C(O)C=1C=CC=C(Br)C1C(=O)O,176.64985705900244,172.6130146666667,0.53785,-0.64726,158.62400000000002,2.104034004002787,-8.68587410796,-0.8209674869585,7.8649066210015,2.8728897069652595,1,0,1.8455,2,2,ok,False,8.85874785585079,1.136126758218149,1.136126758218149,6.631980327870973,11.085515383830607,18.18,0.5,1.0,2.701979464560761e-18,3.461904613777504e-19,9.994874614068939,1.085757269036296,2.714196543365607,0.4000289778904352,True,0.8521240338161636,2.949972124178875e-19
22481-07-8,O=C(O)C=1C(O)=CC=C(C1C(=O)O)C,168.27186792324463,173.20667733333335,0.53126,-0.65869,163.69600000000003,3.8723728720256263,-7.999330863148501,-0.5363363993354999,7.462994463813001,2.440629427273373,2,0,1.09702,3,3,ok,False,-0.5591145371513235,2.226308926340597,2.226308926340597,-4.92259985123893,3.804370776936283,18.18,0.5,1.0,2.7689095062521764e-18,6.953990021262196e-19,1.6671943891892735,2.637669036750768,2.714196543365607,0.971804729174128,True,0.38891112510067155,2.7044840831079235e-19
374071-85-9,O=C(O)C1=C2C=CNC2=C3C(=C1C(=O)O)CCC3,168.3306140219295,251.264507,0.52941,-0.67206,207.36000000000004,5.758786511931137,-7.304624202822,-0.597562015698,6.707062187124,2.327567021521227,2,2,2.053,3,2,ok,False,-1.2649537055977582,2.3083245203880898,2.3083245203880898,-5.789186630189108,3.2592792189935915,18.18,0.5,1.0,2.7996964916024505e-18,7.291352507822931e-19,1.0433708147903316,2.841800774459929,2.714196543365607,1.0470136296526606,False,0.3341258566456802,2.4362294027819653e-19
136682-11-6,O=C(O)C=1C=C(C(=O)O)C(C(=O)O)=C(C1)C=2C=CC=CC2,168.1585863171865,278.23246266666666,0.53637,-0.65018,238.11200000000005,3.8798766642768423,-8.301921464904499,-1.0783871895315,7.223534275372999,3.0452610556742807,1,1,2.448200000000001,3,3,ok,False,1.693638949960917,1.9587414721508547,1.9587414721508547,-2.1454237904797235,5.532701690401558,18.18,0.5,1.0,2.1215030248286828e-18,4.672085288198035e-19,3.6523804221117717,2.4977613887546823,2.714196543365607,0.9202581127958608,True,0.42875269527476934,2.0031691598685048e-19
33561-98-7,O=C(O)C1=CC(OC)=C(C(OC)=C1C(=O)O)C,176.05838724927224,214.1754696666667,0.53574,-0.66101,205.83200000000005,2.15621521653104,-8.0276307036005,-0.629671450057,7.397959253543501,2.5327552508424374,1,2,1.40862,2,4,ok,False,7.57479873863516,1.2771447069216657,1.2771447069216657,5.071641110022732,10.077956367247587,18.18,0.5,1.0,1.7290376718220592e-18,2.4764376638873318e-19,8.851943445556826,1.3102544163952483,2.714196543365607,0.4827411705309046,True,0.79212265025411,1.96164236550753e-19
106113-16-0,O=C(O)C1=CC=C(C(=C1C(=O)O)CC=C(C)C)C,171.95361724692864,256.173724,0.53423,-0.66394,232.69600000000003,5.9505396469564,-7.9884463091285,-0.5088529004350001,7.4795934086935,2.413369614881939,1,1,2.900120000000001,2,2,ok,False,4.203031196731084,1.6676357748544919,1.6676357748544919,0.9345251386857338,7.471537254776434,18.18,0.5,1.0,1.959219312731642e-18,3.6698040199900156e-19,5.870666971585576,2.275829602271241,2.714196543365607,0.8384910841604749,True,0.4950644622044198,1.816789553551975e-19
64208-34-0,O=C(O)C=1C=CC=C(OCC=C)C1C(=O)O,181.77525156318083,205.91116266666668,0.53601,-0.6588,191.82400000000004,4.5870926184240055,-8.122054209724,-0.661236656715,7.460817553009,2.5850450669899154,1,0,1.6478,2,3,ok,False,9.614032624437538,1.043093764095509,1.043093764095509,7.569606414312021,11.658458834563055,18.18,0.5,1.0,1.7896649933364445e-18,2.0944214024590975e-19,10.657126388533047,1.0662703903110782,2.714196543365607,0.39284936565017564,True,0.8569886330781523,1.7948953347830487e-19
1381801-67-7,O=C(O)C=1C=CC=C(OC=2C=NC=CC2)C1C(=O)O,180.4691437082196,243.82698733333336,0.53642,-0.65534,214.69600000000003,3.393259480204837,-8.153891530232501,-0.7556601628385,7.3982313673940014,2.682401625115223,1,0,2.2703,2,4,ok,False,9.658235998311806,1.0369309667570226,1.0369309667570226,7.625888649013742,11.69058334760987,18.18,0.5,1.0,1.6528818889175242e-18,1.921018083483875e-19,10.695166965068829,0.93584337020687,2.714196543365607,0.3447957269322962,True,0.887910709588604,1.7056925296387076e-19
40532-23-8,O=C(O)C1=CC=C(OC2=CC=C(N)C=C2)C=C1C(=O)O,186.7856729614695,271.8001996666667,0.53306,-0.66113,230.9600000000001,5.233600772890496,-7.235507284795001,-0.5265403007175,6.708966984077501,2.2451065440756857,0,1,2.4575,3,4,ok,False,8.389275041773015,1.182035218226725,1.182035218226725,6.072528585590691,10.706021497955339,18.18,0.5,1.0,1.5747992425077216e-18,2.0851369621143975e-19,9.57131025999974,1.2717950028640055,2.714196543365607,0.46857144740409185,True,0.8028726251649494,1.674099386601254e-19
922508-37-0,O=C(O)C1=CC=C2C(C(=O)CCC2)=C1C(=O)O,172.58604692716196,219.346109,0.53533,-0.66616,196.63200000000003,6.217222178754753,-8.8232916024625,-0.89797570665,7.925315895812501,2.981049567536859,1,1,1.602,2,3,ok,False,6.051145211075365,1.452486096877755,1.452486096877755,3.2043247731498092,8.897965649000922,18.18,0.5,1.0,1.7395390147494572e-18,2.833751005967177e-19,7.50363130795312,2.0948725069668823,2.714196543365607,0.7718204903353233,True,0.5511728209877579,1.5618865359358256e-19
113665-35-3,O=C(O)C1=CC(O)=C(C(=O)O)C(=C1)C(=O)O,180.04444143197148,185.388509,0.5408,-0.6559,173.45600000000005,2.650497021315059,-8.3895421247655,-1.418801616507,6.9707405082584994,3.450264962272781,1,1,0.4868,4,4,ok,False,7.843862575847006,1.2443615587832177,1.2443615587832177,5.404958736885778,10.282766414808235,18.18,0.5,1.0,1.5438212859815785e-18,2.1513724309150327e-19,9.088224134630224,1.6803438242514503,2.714196543365607,0.619094379277273,True,0.6816234835790976,1.466425970836336e-19
63196-14-5,O=C(O)C=1C=CC=C(OC2=CC=C(OC)C=C2)C1C(=O)O,181.83965430903652,275.0981003333333,0.5366,-0.65785,243.92000000000004,4.555230657167648,-7.744360185230001,-0.7227343869280001,7.021625798302001,2.5525317267407024,1,0,2.883900000000001,2,4,ok,False,9.584062374369672,1.0418155571289835,1.0418155571289835,7.542141403863333,11.625983344876012,18.18,0.5,1.0,1.263804283623706e-18,1.4708480745190378e-19,10.625877931498657,1.0480419888094559,2.714196543365607,0.38613341814586594,True,0.86148380947017,1.2671118023885252e-19
2417932-11-5,O=C(O)C=1C=C(F)C=C(Br)C1C(=O)O,175.28798832968715,170.82686233333334,0.53959,-0.6449,163.51200000000003,3.1031697504326123,-8.8036994052265,-0.960561892265,7.8431375129614995,3.0389878581158056,1,1,1.9846000000000004,2,2,ok,False,8.4315377883205,1.173707076061316,1.173707076061316,6.131114190840506,10.731961385800492,18.18,0.5,1.0,1.254325535492544e-18,1.6444732450587805e-19,9.605244864381815,1.4175154682150062,2.714196543365607,0.5222596984289447,True,0.7612791315813373,1.2519031639070922e-19
1344567-53-8,O=C(O)C1=CC=C(C=C1C(=O)O)CC(N)CC(=O)O,188.12861622217943,236.42640733333332,0.53166,-0.66659,229.92000000000004,4.130200282068655,-8.436617820901999,-0.66940007223,7.767217748671999,2.6688952387171487,0,1,0.4274999999999998,4,4,ok,False,9.181867407399702,1.0871898728218596,1.0871898728218596,7.051014412312176,11.312720402487228,18.18,0.5,1.0,1.2032153147751604e-18,1.4604370980153304e-19,10.269057280221562,1.1454164191684664,2.714196543365607,0.4220093868913961,True,0.8368654930805624,1.222189412143745e-19
1061605-95-5,O=C(O)C=1C=CC=C(OCC=2C=CC=C(F)C2)C1C(=O)O,181.40273062685415,267.11990733333334,0.53572,-0.65846,240.4240000000001,4.036720572444914,-8.1212378681725,-0.6555222658545,7.465715602318,2.5795088693952004,1,0,2.801100000000001,2,3,ok,False,9.625853097807475,1.0362841888041032,1.0362841888041032,7.5947734100031274,11.656932785611822,18.18,0.5,1.0,1.1955646796622062e-18,1.3830947245368078e-19,10.662137286611578,0.9739548747388349,2.714196543365607,0.35883726884830885,True,0.8791812647801449,1.2159909692290167e-19
75091-75-7,O=C(O)C=1C(F)=C(F)C(F)=C(Br)C1C(=O)O,173.70270392983764,168.55227633333334,0.5396,-0.63187,173.82400000000004,3.6460496705338503,-8.932409256513,-0.8974314789490001,8.034977777564,3.006410582564256,2,2,2.2628000000000004,2,2,ok,False,7.469537569207707,1.283453705761097,1.283453705761097,4.954014530091489,9.985060608323924,18.18,0.5,1.0,1.2225344589957705e-18,1.752107206625027e-19,8.752991274968803,1.668565433431032,2.714196543365607,0.6147548295680935,True,0.6852829224772099,1.2006891470493793e-19
103203-38-9,O=C(O)C1=CC(OC)=CC(=C1C(=O)O)C,173.4903577400029,191.69357033333333,0.53281,-0.66626,180.36800000000005,4.01218808382658,-8.042052737677,-0.465314684355,7.576738053322,2.3880758429321265,1,1,1.40002,2,3,ok,False,5.39454352356454,1.517678130185422,1.517678130185422,2.419949048277021,8.36913799885206,18.18,0.5,1.0,1.031398559635393e-18,1.7442846317119083e-19,6.9122216537499614,1.8074320100173717,2.714196543365607,0.6659178807206622,True,0.6418204907181382,1.1195176182774438e-19
98588-75-1,O=C(O)C=1C(Cl)=CC=C(OC)C1C(=O)O,172.68476977835326,186.9910703333333,0.53434,-0.64293,179.66400000000004,4.281476634293361,-8.0504882670425,-0.6043648619605,7.446123405082,2.514949008012986,2,0,1.745,2,3,ok,False,5.289928873349059,1.529185382524082,1.529185382524082,2.292780597916752,8.287077148781364,18.18,0.5,1.0,1.0084401498314936e-18,1.7179141268479939e-19,6.81911425587314,1.897600927701422,2.714196543365607,0.6991390996867142,True,0.6133647590914294,1.0537079845538831e-19
2603990-52-7,O=C(O)C1=CC=C(C#CCNN)C=C1C(=O)O,186.16769814101792,231.35543866666669,0.53311,-0.66159,202.98400000000004,3.128526856205649,-8.164503970401999,-0.969269535481,7.195234434920999,2.8986483766211784,0,1,-0.1022000000000001,4,4,ok,False,8.986569672742421,1.1069772700004887,1.1069772700004887,6.816934091836992,11.156205253647851,18.18,0.5,1.0,1.0055514745814033e-18,1.2399920815156324e-19,10.09354694274291,1.236231869347704,2.714196543365607,0.4554688098654694,True,0.812652380801995,1.0076825172193001e-19
97325-40-1,O=C(O)C=1C=CC=C(OCC#C)C1C(=O)O,181.2389774796337,196.876989,0.53636,-0.65709,186.7920000000001,4.362492210881299,-8.218382512801,-0.6925297495225,7.5258527632785,2.637719599507427,1,0,1.095,2,3,ok,False,9.548905691822934,1.0423704668598937,1.0423704668598937,7.505897118229341,11.591914265416527,18.18,0.5,1.0,9.768418106112944e-19,1.1338822778305424e-19,10.591276158682827,1.0492899975650622,2.714196543365607,0.3865932259511102,True,0.8611777736971407,9.764742156567492e-20
2647715-71-5,O=C(O)C=1C=CC=C(C#CC(O)(C)C)C1C(=O)O,168.75965861865507,243.1321103333333,0.53577,-0.65124,219.82400000000004,2.0678927655949666,-8.282057153818,-0.709128694403,7.572928459415,2.668763589623772,1,0,1.2054,3,3,ok,False,0.765152879454936,2.044152991761266,2.044152991761266,-3.241313363286947,4.771619122196819,18.18,0.5,1.0,9.42658034111328e-19,2.1448633862522942e-19,2.809305871216202,2.473067945954426,2.714196543365607,0.911160229718596,True,0.43595643331255957,9.35066991813249e-20
62351-70-6,O=C(O)C1=CC(N)=C(C=C1C(=O)O)C(=O)OCC,186.08279351076152,234.12127266666667,0.53234,-0.65913,211.31200000000004,8.709394186738823,-7.619732041701,-0.6198753514390001,6.999856690262,2.424732855157433,0,2,0.8419000000000001,3,5,ok,False,7.361153058113588,1.2923424372698908,1.2923424372698908,4.828208425371889,9.894097690855288,18.18,0.5,1.0,9.902409150129609e-19,1.425320872285076e-19,8.65349549538348,1.8898217854498562,2.714196543365607,0.6962730057516302,True,0.615822751122526,8.77745020802954e-20
3016-76-0,O=C(O)C1=CC=C(C=C1C(=O)O)C(C2=CC=C(C(=O)O)C(=C2)C(=O)O)(C(F)(F)F)C(F)(F)F,185.5253070014132,342.0830946666667,0.53374,-0.65799,345.3520000000001,5.21972360666731,-8.9533620230015,-0.9673647385275,7.985997284473999,3.0810434805763967,0,1,3.890100000000001,4,4,ok,False,9.06128170070701,1.0955153100367474,1.0955153100367474,6.914111148522753,11.208452252891266,18.18,0.5,1.0,8.167507693511068e-19,9.94211438068703e-20,10.156797010743757,1.187927998634357,2.714196543365607,0.43767206230442135,True,0.8256726973902929,8.208932398464682e-20
2563599-08-4,O=C(O)C=1C=CC=C(C#CC(N)(C)CC)C1C(=O)O,168.91427037678014,268.0383316666667,0.53616,-0.65315,239.49600000000007,1.9995206975672943,-8.0733458304845,-0.7181084514695,7.355237379015,2.627028347589436,1,0,1.5619,3,3,ok,False,0.6853273455082416,2.0493116959854616,2.0493116959854616,-3.3312497717199596,4.701904462736443,18.18,0.5,1.0,8.113103793030735e-19,1.8472700009546698e-19,2.734639041493703,2.4606086855073164,2.714196543365607,0.906569825063648,True,0.4396093234595388,8.120771153667839e-20
916849-62-2,O=C(O)C1=CC=C(OC2=CC=C(N)C(O)=C2)C=C1C(=O)O,188.2812605321749,277.2943413333333,0.53307,-0.66129,239.20000000000005,5.96352822245355,-7.307345341327,-0.579602501565,6.7277428397620005,2.311471609351053,0,1,2.1631,4,5,ok,False,7.630605001459305,1.2577023547435033,1.2577023547435033,5.1655536828908195,10.09565632002779,18.18,0.5,1.0,7.791737482962482e-19,1.0882618510369092e-19,8.888307356202809,1.4886901339039775,2.714196543365607,0.5484828051759287,True,0.7402010891728477,8.055326074427795e-20
1780738-75-1,O=C(O)C1=CC=2OC(=O)NC2C=C1C(=O)O,185.8900323871794,184.77033000000003,0.53318,-0.6622,169.02400000000003,5.791797091577018,-8.2839619507715,-0.6625972259675,7.621364724804001,2.6255442428308418,0,2,0.5175000000000001,3,4,ok,False,8.679353337152769,1.1349297284340558,1.1349297284340558,6.454931944438195,10.903774729867342,18.18,0.5,1.0,6.163766677230471e-19,7.746381375685708e-20,9.814283065586825,1.2676723587872982,2.714196543365607,0.4670525286335318,True,0.8040144281508148,6.228202392010067e-20
90772-01-3,O=C(O)C1=CC=CC(C(=O)OC)=C1C(=O)O,173.42890470118573,190.143558,0.53647,-0.65849,183.12000000000003,3.8284610498214553,-9.132412936630502,-0.791851304955,8.340561631675502,2.9521699223097517,1,0,0.8695999999999999,2,4,ok,False,7.098635330695289,1.3144550111761697,1.3144550111761697,4.5223508494918025,9.674919811898775,18.18,0.5,1.0,6.214293108172929e-19,9.046157827563615e-20,8.413090341871458,1.7131260578164027,2.714196543365607,0.6311724410687386,True,0.6714077507343642,6.073660479792549e-20
1061606-52-7,O=C(O)C=1C=CC=C(OCC=2OC=3C=CC=CC3C2)C1C(=O)O,181.9208010158424,308.9673683333333,0.53603,-0.65798,261.8160000000001,4.775773471386598,-7.77701384729,-0.672121210735,7.104892636555,2.511926881957834,1,0,3.4082000000000017,2,4,ok,False,9.44341607926045,1.046762021974027,1.046762021974027,7.391800215807033,11.495031942713867,18.18,0.5,1.0,5.52419313353335e-19,6.394763353900576e-20,10.490178101234477,1.0873747898126715,2.714196543365607,0.40062492617587875,True,0.851717541250171,5.446532120660895e-20
770744-15-5,O=C(O)C1=CC(OC2=CC=C(N)C=C2)=C(C=C1C(=O)O)N3CCOCC3,186.7518329584796,353.70897800000006,0.53282,-0.66222,307.9200000000001,5.913165654706454,-7.2270717554295,-0.5659968090399999,6.6610749463895,2.2793587423693977,0,2,2.2941000000000003,3,6,ok,False,8.239886803688226,1.1814568787574462,1.1814568787574462,5.924273872036526,10.555499735339925,18.18,0.5,1.0,4.93186506101598e-19,6.434901827061144e-20,9.421343682445672,1.2771172866052038,2.714196543365607,0.47053235320297654,True,0.8013955004476385,5.156901370029089e-20
916425-33-7,O=C(O)C=1C=CC2=CC=C(N=C2C1C(=O)O)C=CC3=CC=C(O)C(O)=C3,178.73054672772955,422.154385,0.53669,-0.66027,293.6000000000001,10.070631422607024,-7.100538814947,-1.2694111125824998,5.8311277023645,3.0035383104773894,1,1,3.212800000000001,4,5,ok,False,3.287308409692553,1.7509036506652358,1.7509036506652358,-0.14439968601100928,6.719016505396116,18.18,0.5,1.0,7.393000932593656e-19,1.4365682420060436e-19,5.038212060357789,2.8049224852773484,2.714196543365607,1.0334264451605413,False,0.34370545716385564,4.937563443657636e-20
1822647-91-5,N#CC1=CC=CC(C(=O)O)=C1C(=O)O,177.60821488178172,169.514967,0.53658,-0.64132,156.88000000000002,5.289150382622903,-9.212142294827,-0.8438250504005,8.3683172444265,3.0209920434013133,1,0,0.95468,2,3,ok,False,8.531911407474981,1.1491680696253457,1.1491680696253457,6.279583378825886,10.784239436124075,18.18,0.5,1.0,5.195869238942549e-19,6.598236801976371e-20,9.681079477100326,1.549303662875153,2.714196543365607,0.5708148389850997,True,0.7219282076612354,4.763453268175204e-20
75091-74-6,O=C(O)C=1C(F)=C(F)C(F)=C(Cl)C1C(=O)O,174.79803356679255,158.887355,0.53964,-0.63308,169.40000000000003,3.546312466492484,-9.0344519504505,-0.9020574144075,8.132394536043002,3.0352136114497985,2,2,2.1537,2,2,ok,False,8.04417094400786,1.201384548951435,1.201384548951435,5.68950049648015,10.39884139153557,18.18,0.5,1.0,4.2607844976744764e-19,5.643126751207163e-20,9.245555492959294,1.5142393106195087,2.714196543365607,0.5578959690007748,True,0.7325322496549922,4.133772334150051e-20
1630294-43-7,O=C(O)C1=CC=2NC(C)CC2C=C1C(=O)O,186.16017946395817,221.31833633333332,0.53113,-0.66668,190.77600000000004,6.046679289494358,-7.243126472609001,-0.3714354059325,6.871691066676501,2.109435364582691,0,2,1.4395,3,3,ok,False,7.432623075590403,1.2670773628631178,1.2670773628631178,4.949197078752702,9.916049072428104,18.18,0.5,1.0,3.445828967501589e-19,4.8010907186372286e-20,8.69970043845352,1.394855255661033,2.714196543365607,0.5139109247893341,True,0.7678933377498566,3.686725576774199e-20
1072946-35-0,O=C(O)C1=CC=C(C=C1C(=O)O)B(O)O,186.2041315510129,176.42128433333335,0.53224,-0.66366,172.52000000000004,4.2603364914053445,-8.9500966567955,-0.8337568379320001,8.1163398188635,2.9484900627194097,0,1,-1.2372,4,4,ok,False,9.042067245762723,1.086431931346493,1.086431931346493,6.912699788669304,11.171434702856143,18.18,0.5,1.0,3.6187568740438827e-19,4.325729953984091e-20,10.128499177109216,1.1387812733318408,2.714196543365607,0.41956477916656343,True,0.8385889643719987,3.627509402264452e-20
1026786-41-3,O=C(O)C=1C=C(C=C)C=2C=CC=CC2C1C(=O)O,178.1640907978078,272.7613503333334,0.53573,-0.65617,209.72800000000004,3.042593517050873,-7.567486182405,-1.071040115568,6.4964460668370005,2.87172924369032,1,2,2.879200000000001,2,2,ok,False,9.187739645371032,1.069344407952165,1.069344407952165,7.091863118715482,11.283616172026582,18.18,0.5,1.0,3.443347884022363e-19,4.048907238473331e-20,10.257084053323197,0.9775473400178714,2.714196543365607,0.36016085217090116,True,0.8783449864682884,3.556337373588213e-20
1785448-67-0,O=C(O)C1=CC=2N=C(NC2C=C1C(=O)O)CC,186.641812636176,225.50308733333333,0.53033,-0.67435,197.31200000000004,6.921433503256388,-8.1250474620795,-0.411436141956,7.7136113201235,2.36178455517513,0,2,1.5217,3,3,ok,False,8.072272702140477,1.1949515858453577,1.1949515858453577,5.730210630614554,10.4143347736664,18.18,0.5,1.0,3.430722437872861e-19,4.5077118007750764e-20,9.267224287985835,1.4424701020155102,2.714196543365607,0.5314538129308961,True,0.7539394982218204,3.3985419732049397e-20
828922-44-7,O=C(O)C=1C=C(C(=O)O)C(C(=O)O)=C(Br)C1C(=O)O,176.05895316033673,226.052838,0.5405,-0.63577,213.24800000000005,3.9185169669149063,-9.0257443072345,-1.39866519157,7.6270791156645,3.5619242881453284,1,2,1.2419000000000002,4,4,ok,False,5.904348173723311,1.4396204461813324,1.4396204461813324,3.082743947800416,8.725952399646205,18.18,0.5,1.0,3.518114392635896e-19,5.570688260581083e-20,7.3439686199046434,2.1001862590261533,2.714196543365607,0.7737782527797047,True,0.5495075395563985,3.0611351997076246e-20
1073323-63-3,O=C(O)C1=CC=C2OCCOC2=C1C(=O)O,182.25844183464952,193.26254333333333,0.53437,-0.65597,178.84800000000004,5.414643570910277,-7.9302139451215,-0.542595017897,7.3876189272245,2.429351474101321,1,1,0.8541999999999998,2,4,ok,False,9.188221724390662,1.065046801748318,1.065046801748318,7.100768351114388,11.275675097666936,18.18,0.5,1.0,2.504284125862739e-19,2.9217581939342504e-20,10.25326852613898,1.1830444438294516,2.714196543365607,0.43587279879240987,True,0.8269714584328264,2.416210634825868e-20
2851890-93-0,O=C(O)C1=CC=C(F)C(=C1C(=O)O)C,176.77017268253002,163.87596933333333,0.53595,-0.65671,160.29600000000005,2.2432510470297347,-8.721248908525,-0.58776591708,8.133482991445,2.663611552224382,1,1,1.53052,2,2,ok,False,8.223026277739274,1.1715494689109915,1.1715494689109915,5.926831512566703,10.519221042911845,18.18,0.5,1.0,2.213172678329876e-19,2.836167975969863e-20,9.394575746650265,1.1289600598103882,2.714196543365607,0.415946318467592,True,0.8411280765270623,2.3855805143351823e-20
36440-00-3,O=C(O)C1=CC=C2C(C=CC(C(=O)O)=C2C(=O)O)=C1,177.35683098781067,260.8716993333333,0.53634,-0.65357,210.08000000000004,2.0509995514382737,-8.0140250110755,-1.4076449486365,6.606380062439,3.35917189106463,1,1,1.9344000000000003,3,3,ok,False,7.656390905513746,1.2348882779151977,1.2348882779151977,5.236054355869269,10.076727455158222,18.18,0.5,1.0,2.1924110057806393e-19,2.9611283296896016e-20,8.891279183428944,1.4781937782756467,2.714196543365607,0.5446155997393927,True,0.7433367167836943,2.201115410566653e-20
2828433-78-7,O=C(O)C1=CC=C(F)C(Br)=C1C(=O)O,175.0860107210737,171.26600800000003,0.53827,-0.64267,163.40000000000003,2.7606936610207224,-8.8069647714325,-0.788585938749,8.018378832683501,2.870735947781673,1,1,1.9846000000000004,2,2,ok,False,7.892217131480994,1.2081751788657116,1.2081751788657116,5.524237293888961,10.260196969073027,18.18,0.5,1.0,2.1495982931076074e-19,2.839837621093616e-20,9.100392310346706,1.3885110709913562,2.714196543365607,0.5115735168056772,True,0.7697361670090871,2.185925725388804e-20
1936621-53-2,O=C(O)C1=CC(Br)=C(N)C=C1C(=O)O,186.23805992694952,197.06928233333332,0.53282,-0.66059,170.43200000000004,4.771209323641125,-7.6564674115185,-0.4917097278535,7.164757683665,2.3166446663630382,0,2,1.4277,3,3,ok,False,8.331657818174246,1.1570186040310602,1.1570186040310602,6.063943024830559,10.599372611517934,18.18,0.5,1.0,1.8771358337196224e-19,2.3710866177863433e-20,9.488676422205307,1.2732690826763702,2.714196543365607,0.4691145472823847,True,0.8024638606323377,1.9027113212025012e-20
597565-48-5,O=C(O)C1=CC=C(C=C1)C=2C=CC=C(C(=O)O)C2C(=O)O,169.23663188241116,280.870433,0.53483,-0.6558,237.8640000000001,1.704836502424793,-8.400154564934999,-0.7812388647855,7.618915700149499,2.766075535842346,1,0,2.4482,3,3,ok,False,1.3675899950724695,1.936351234833417,1.936351234833417,-2.4275886866206884,5.162768676765627,18.18,0.5,1.0,1.9328911269879273e-19,4.087453196619121e-20,3.3039412299058863,2.3842200975495915,2.714196543365607,0.8784257364771217,True,0.46225815148522714,1.8894585589515376e-20
2503826-47-7,O=C(O)C=1C=CC=C(C#CCCCC#C)C1C(=O)O,178.566610190377,261.88851033333333,0.53656,-0.65382,234.06400000000005,2.5862933669636163,-8.168313564309,-0.7328025993964999,7.435510964912501,2.663901288480975,1,0,2.238,2,2,ok,False,8.96139702820789,1.0849784188446103,1.0849784188446103,6.834878403269239,11.087915653146538,18.18,0.5,1.0,1.6618798745728702e-19,1.9656649435769815e-20,10.0463754470525,0.9308662836045183,2.714196543365607,0.3429620032049127,True,0.8890312114051094,1.7475374860048e-20
2536344-79-1,O=C(O)C=1C=CC=C(C#CCCCC(=O)O)C1C(=O)O,168.80277814619376,258.632906,0.53587,-0.65284,239.20000000000005,2.6878007608451933,-8.168313564309,-0.6996047096355,7.468708854673501,2.6323149035375204,1,0,1.6894,3,3,ok,False,0.46686837536022097,2.0348645676457022,2.0348645676457022,-3.5213928906420238,4.455129641362466,18.18,0.5,1.0,1.7687778400004556e-19,3.9265941200743166e-20,2.501732943005923,2.453008585140804,2.714196543365607,0.903769696095431,True,0.44184344186251584,1.734939860810753e-20
858442-54-3,O=C(O)C=1C=CC=CC1CC=2C=CC=C(C(=O)O)C2C(=O)O,168.90772762501365,289.29638366666666,0.53452,-0.6595,254.72000000000008,2.645230228165405,-8.3792017984465,-0.6057254312129999,7.7734763672335,2.5962939072717384,1,0,2.372,3,3,ok,False,0.38867500972747493,2.043054649122459,2.043054649122459,-3.6156385209996618,4.392988540454612,18.18,0.5,1.0,1.730848995039824e-19,3.8568752611865083e-20,2.431729658849934,2.447046477862927,2.714196543365607,0.9015730580912855,True,0.4435991325099308,1.710906520061348e-20
108171-24-0,O=C(O)C1=CC=C2C(C(=O)OC2(C)C)=C1C(=O)O,175.41157500862826,221.654807,0.53788,-0.64742,206.71200000000005,7.223302827654396,-9.161529118634,-0.8242328531645,8.3372962654695,2.9900413450103582,1,1,1.4885000000000002,2,4,ok,False,6.771286971539096,1.332195559059073,1.332195559059073,4.1602316554191106,9.382342287659082,18.18,0.5,1.0,1.9606483498089493e-19,2.853001536237537e-20,8.10348253059817,2.062501019119778,2.714196543365607,0.7598937608852283,True,0.5613343690030894,1.6014878171087424e-20
1344576-54-0,O=C(O)C1=CC=C(C=C1C(=O)O)C(N)C(O)C,186.7933098826029,218.6332643333333,0.53208,-0.666,209.64800000000005,3.0041856300834677,-8.6186619868865,-0.6802846262500001,7.938377360636501,2.7231764183552736,0,1,0.4636000000000001,4,4,ok,False,8.66422715716191,1.1147386763259006,1.1147386763259006,6.479379499389292,10.849074814934529,18.18,0.5,1.0,1.2952994573833563e-19,1.5695081761116794e-20,9.778965833487812,1.234459893850397,2.714196543365607,0.4548159553396473,True,0.8131354702583414,1.2762227688568821e-20
315664-32-5,O=C(O)C1=CC=CC(=C1C(=O)O)P(=O)(O)O,166.73014924669997,188.350192,0.53639,-0.64912,186.35200000000003,6.308128189883272,-9.203434651611,-0.747768861174,8.455665790437001,2.9278135455891383,1,0,-0.1140000000000001,4,3,ok,False,-1.9594630506999504,2.310244636086289,2.310244636086289,-6.48745933290592,2.568533231506019,18.18,0.5,1.0,2.0564989826915868e-19,5.1923684785617814e-20,0.3507815853863385,3.3662621043856005,2.714196543365607,1.2402425729315207,False,0.21476698275915876,1.1151493115144775e-20
1010100-13-6,O=C(O)C1=CC=C(C=C1C(=O)O)NCC=2OC=CC2,186.1249479640881,258.33662166666664,0.53161,-0.66461,221.31200000000004,6.29255899773693,-7.351427785108,-0.386945895411,6.964481889697,2.1495650418711354,0,1,2.2881,3,4,ok,False,7.4140933332898635,1.2502569691957943,1.2502569691957943,4.963634702245903,9.864551964333824,18.18,0.5,1.0,1.022113948200868e-19,1.385224153904423e-20,8.664350302485659,1.403084203742274,2.714196543365607,0.5169427421060848,True,0.7654971410681768,1.0603851295524198e-20
37102-74-2,O=C(O)C1=CC=CC(=C1C(=O)O)C,175.32527797139346,165.89380033333333,0.53436,-0.66174,155.27200000000005,2.639867636833332,-8.6164850760825,-0.5902149417345001,8.026270134348,2.6401841639783385,1,0,1.39142,2,2,ok,False,7.33260355058581,1.2580451936212207,1.2580451936212207,4.866880280164498,9.798326821007121,18.18,0.5,1.0,9.416154420433316e-20,1.2828551040824164e-20,8.59064874420703,1.3842708550570488,2.714196543365607,0.5100112806644987,True,0.7709656134064569,9.890371722305042e-21
60949-00-0,O=C(O)C1=CC=2C=CC=C(O)C2C=C1C(=O)O,185.8498721719923,240.70716366666664,0.5317,-0.66935,191.24000000000004,4.4978480076587735,-7.4654434884675,-0.6838221063065,6.781621382161,2.4481803831182467,0,2,1.9418,3,3,ok,False,8.505626386027226,1.128266428525464,1.128266428525464,6.294264821151681,10.71698795090277,18.18,0.5,1.0,9.603552006246309e-20,1.1736825644860081e-20,9.63389281455269,1.2669932582536396,2.714196543365607,0.4668023254802935,True,0.8042023108279125,9.438782305380782e-21
3453-47-2,O=C(O)C1=CC=C2C(C(=O)CC2)=C1C(=O)O,174.27400012159285,201.96643,0.53686,-0.65393,181.32000000000005,6.072046410395757,-8.919075677838501,-0.921921725494,7.997153952344501,3.027490481910918,1,1,1.2119,2,3,ok,False,6.874692794967008,1.3108190394698918,1.3108190394698918,4.305534687356633,9.443850902577385,18.18,0.5,1.0,1.0680189542868686e-19,1.5183259704250248e-20,8.1855118344369,1.8952048709626237,2.714196543365607,0.6982563129391387,True,0.6141218740711515,9.32437190408316e-21
1005516-62-0,O=C(O)C1=CC=CC(C2=CC=CC(O)=C2)=C1C(=O)O,169.990876354863,258.0653026666667,0.53487,-0.65568,218.44000000000003,1.843808683133909,-7.855382636234,-0.6253176284490001,7.230065007785,2.486916677165133,1,0,2.4556,3,3,ok,False,0.6197612477250729,2.0010873503911237,2.0010873503911237,-3.3022978889602133,4.541820384410359,18.18,0.5,1.0,8.967339986945834e-20,1.9421893422258492e-20,2.6208485981161966,2.346153623777918,2.714196543365607,0.8644007853862655,True,0.4736963768133158,9.200080544978217e-21
102653-80-5,O=C(O)C=1C=C(C=C(C1C(=O)O)C)C,175.51778867190487,184.772636,0.53361,-0.66406,171.85600000000005,2.7306638698309245,-8.4314476577425,-0.5444998148505,7.886947842892001,2.553828002785612,1,1,1.69984,2,2,ok,False,7.147211396640484,1.2772016616156574,1.2772016616156574,4.643942138879083,9.650480654401886,18.18,0.5,1.0,8.604643632259597e-20,1.1889034124480218e-20,8.424413058256143,1.3990270196469388,2.714196543365607,0.5154479409630901,True,0.7666793826210551,9.11507734251715e-21
1344539-61-2,O=C(O)C1=CC=C(C=C1C(=O)O)CC(N)C(=O)O,187.5322322303965,218.352311,0.53154,-0.66702,213.05600000000004,5.502052029016083,-8.6616559752655,-0.6604203151635,8.001235660102001,2.715240184647638,0,1,0.0373999999999999,4,4,ok,False,8.694273104515055,1.106167934291291,1.106167934291291,6.526223792451056,10.862322416579055,18.18,0.5,1.0,8.79673351486997e-20,1.0529499809828965e-20,9.800441038806346,1.2213880556460492,2.714196543365607,0.44999985672796067,True,0.8166865879056049,8.599301272041933e-21
65770-15-2,O=C(O)C1=CC=C(C(Cl)=C1C(=O)O)C,178.6092670767743,182.5143853333333,0.53714,-0.66527,170.23200000000003,3.115068959108289,-8.661928089116,-0.7279045500875,7.9340235390285,2.7781918139811634,1,1,2.0448200000000005,2,2,ok,False,9.089836840908701,1.0615475021036669,1.0615475021036669,7.009241968907057,11.170431712910345,18.18,0.5,1.0,8.265248921099685e-20,9.4874030668997e-21,10.151384343012367,0.9607250558805893,2.714196543365607,0.353962964925631,True,0.8822412092058203,8.370177953964599e-21
2552030-06-3,O=C(O)C=1C=CC=C(C#CCCCC)C1C(=O)O,179.7798346794437,252.95929266666667,0.53617,-0.6537,228.23200000000008,3.300041383073854,-8.123414778976501,-0.7031421896919999,7.420272589284502,2.6248398217087185,1,0,2.6247000000000007,2,2,ok,False,9.182944301972515,1.051210787317214,1.051210787317214,7.122609018670781,11.24327958527425,18.18,0.5,1.0,8.245446416611481e-20,9.372251097065734e-21,10.234155089289729,0.96767610085099,2.714196543365607,0.3565239603654754,True,0.8806373834485952,8.253554683143194e-21
10311-28-1,O=C(O)C=1C(F)=C(C(=O)O)C(=C(F)C1C(=O)O)C,180.2957740388483,189.38184766666663,0.53739,-0.63815,193.55200000000005,2.4643951834070768,-8.881251852619,-1.0590671061460002,7.822184746473,3.158003301013059,2,2,1.36782,3,3,ok,False,8.219184968080242,1.15762726689305,1.15762726689305,5.950277217448328,10.488092718712156,18.18,0.5,1.0,8.093771990165925e-20,1.012899632013764e-20,9.376812234973292,1.3664782822384405,2.714196543365607,0.5034559068975918,True,0.7761046961425079,7.861161611269004e-21
13055-36-2,O=C(O)C1=CC2=CC=CC3=C2C(=C1C(=O)O)CC3,175.79323750273963,264.9257426666667,0.53038,-0.67329,205.57600000000005,3.2556900359217247,-7.491022190414499,-0.612800391326,6.878221799088499,2.3869519751831088,1,2,2.3348000000000004,2,2,ok,False,6.66173967991581,1.327297897965754,1.327297897965754,4.060283603147212,9.263195756684407,18.18,0.5,1.0,6.848317670197003e-20,9.807576567833179e-21,7.989037577881564,1.486787536508565,2.714196543365607,0.5477818252118716,True,0.7407701223737274,7.265159694343485e-21
857171-36-9,O=C(O)C=1C=C(C(C(=O)O)=C(O)C1C(=O)O)C,182.4888223271762,204.51686000000004,0.5372,-0.65604,189.20000000000005,4.38021083168379,-8.242328531645,-1.316486808719,6.925841722926,3.2981893886168736,1,2,0.79522,4,4,ok,False,8.273986869512536,1.1503824439437063,1.1503824439437063,6.019278710935703,10.528695028089368,18.18,0.5,1.0,7.435543414584735e-20,9.237962835622174e-21,9.424369313456243,1.424590913321484,2.714196543365607,0.5248665270036007,True,0.759203917875069,7.013497577988636e-21
889943-38-8,O=C(O)C1=CC(N)=C(N)C=C1C(=O)O,186.6143520403136,190.0711776666667,0.52855,-0.68224,162.79200000000003,4.47100074479976,-7.136457843213,-0.416878418966,6.719579424247,2.1226361460837118,0,2,0.2473999999999999,4,4,ok,False,6.164432311227488,1.380286120532627,1.380286120532627,3.459121226623027,8.869743395831948,18.18,0.5,1.0,6.096105121028648e-20,9.066711751907863e-21,7.544718431760115,1.500485153220496,2.714196543365607,0.5528284813744153,True,0.7366669932455892,6.679147284902413e-21
2513468-04-5,O=C(O)C=1C=CC=C(C#CC(O)(CC)CC)C1C(=O)O,168.24167548957962,275.328022,0.53645,-0.65248,253.28800000000007,5.55334053160798,-8.249403491758,-0.729809347041,7.519594144717001,2.680539057453584,1,0,1.9856,3,3,ok,False,-0.24508015590976662,2.091758321503917,2.091758321503917,-4.344851130419399,3.854690818599866,18.18,0.5,1.0,7.31725072181359e-20,1.652724058478048e-20,1.8466781655941502,2.692053306577633,2.714196543365607,0.9918416973737222,True,0.37390633554609687,6.1796399637440005e-21
108199-16-2,O=C(O)C1=C(O)C=C(C(OC)=C1C(=O)O)C,168.34966762318348,199.213488,0.53855,-0.65926,187.98400000000004,5.240675728377019,-7.963139721032,-0.7009652788880001,7.262174442144,2.584168008069665,2,1,1.10562,3,4,ok,False,-0.474899901047948,2.11589252107791,2.11589252107791,-4.621973037518308,3.672173235422412,18.18,0.5,1.0,6.962952956940876e-20,1.5899355153925713e-20,1.6409926200299618,2.673152839951574,2.714196543365607,0.9848781387942014,True,0.37908874400008447,6.0272665757129685e-21
343968-68-3,O=C(O)C1=CC(=CC(Br)=C1C(=O)O)C(C)(C)C,177.47814848562007,244.1046183333333,0.53638,-0.64732,224.72000000000008,2.68534457565505,-8.581382389367999,-0.7436871534165,7.837695235951498,2.773676423998213,1,1,3.1430000000000016,2,2,ok,False,8.699845659412494,1.0998384892098598,1.0998384892098598,6.5442018317502235,10.855489487074765,18.18,0.5,1.0,5.725785248187188e-20,6.780782577964931e-21,9.799684148622354,1.013051772579265,2.714196543365607,0.37324186233141377,True,0.8699587451752596,5.899001102832633e-21
1344582-02-0,O=C(O)C1=CC=C(C=C1C(=O)O)C(N)(C)CO,187.02043457154048,219.781102,0.53159,-0.66721,209.84800000000004,3.222277346846482,-8.426821722284,-0.6797403985489999,7.747081323735,2.6761521596048228,0,1,0.2492000000000002,4,4,ok,False,8.585364002915869,1.1114257285127758,1.1114257285127758,6.4070096035396364,10.7637184022921,18.18,0.5,1.0,5.300551291253556e-20,6.337723483063593e-21,9.696789731428645,1.2127444697122782,2.714196543365607,0.44681527307837243,True,0.8190223646343128,5.190737273497157e-21
42760-54-3,O=C(O)C1=CC=C(C(OC(=O)C)=C1C(=O)O)C,172.7972271021748,206.16074966666667,0.53561,-0.65135,200.40000000000003,5.095977065293759,-8.7797533863825,-0.6859990171105,8.093754369272,2.767580546563236,1,1,1.31672,2,4,ok,False,5.765063863218043,1.4215713598563038,1.4215713598563038,2.978835196446059,8.551292529990027,18.18,0.5,1.0,5.186264275318073e-20,7.929517287829554e-21,7.186635223074347,1.9279453235941613,2.714196543365607,0.7103189812494223,True,0.6037753694391221,4.787647229933195e-21
61837-54-5,O=C(O)C=1C=C(C(=O)O)C(=CC1N)C(=O)O,186.17858579653569,201.493426,0.53253,-0.65822,177.56800000000004,7.985781109572188,-7.665719282435501,-0.7175642237685,6.948155058667001,2.5287087634049987,0,2,0.3633999999999999,4,4,ok,False,6.520477964725415,1.3381949371010822,1.3381949371010822,3.8976640837134506,9.143291845737378,18.18,0.5,1.0,5.113442208342271e-20,7.35844262973321e-21,7.8586729018264965,1.8148578544975789,2.714196543365607,0.6686538080426383,True,0.6394812903923422,4.705586388139813e-21
2639423-68-8,O=C(O)C=1C=CC=C(NC(=O)OCC=2C=CC=CC2)C1C(=O)O,168.5106185084381,297.304967,0.53307,-0.66133,266.8400000000001,4.67741947338487,-8.3416500870775,-0.574160224555,7.7674898625225,2.558473680685224,1,0,2.8317000000000005,3,4,ok,False,-0.38258260289779145,2.0986638041229,2.0986638041229,-4.495888074636498,3.730722868840915,18.18,0.5,1.0,5.271443092271824e-20,1.1900818024406592e-20,1.7160812012251085,2.6193137703734584,2.714196543365607,0.965042040443212,True,0.3940387044663297,4.689382916426719e-21
108347-27-9,O=C(O)C1=CC=CC(=C1C(=O)O)CC(Cl)C(=O)O,168.7539415697582,219.62307666666663,0.5348,-0.65542,215.69600000000003,3.102617069507612,-8.809958023787999,-0.6108955943725001,8.199062429415498,2.706177799561372,1,0,1.3175,3,3,ok,False,0.5941745875263873,1.9887480206952914,1.9887480206952914,-3.303699907361702,4.492049082414477,18.18,0.5,1.0,4.7697117884869055e-20,1.0192473980543021e-20,2.5829226082216787,2.448067818348231,2.714196543365607,0.90194935379021,True,0.44329818266370213,4.518305192421792e-21
1005516-60-8,O=C(O)C1=CC=CC(=C1C(=O)O)CCCO,168.3844846565172,204.217397,0.5347,-0.66045,197.7680000000001,4.98824055755133,-8.5849198694245,-0.5874938032295001,7.997426066195,2.630007826453053,1,0,1.0078999999999998,3,3,ok,False,-0.2573688806734715,2.0809688557377752,2.0809688557377752,-4.335992890869038,3.821255129522095,18.18,0.5,1.0,4.5055678007764706e-20,1.0067934791736611e-20,1.8235999750643037,2.6318984064250612,2.714196543365607,0.9696786376278794,True,0.39051977910352026,3.931727670897628e-21
2088-87-1,O=C(O)C=1C=CC=2C=CC=CC2C1C(=O)O,177.47256104056743,230.54824266666665,0.53534,-0.65756,182.12000000000003,3.071451497256631,-7.821640518771999,-0.9934876681755,6.828152850596499,2.845077089389114,1,1,2.2362,2,2,ok,False,8.759829978553379,1.0882996736324937,1.0882996736324937,6.6268018138469955,10.892858143259762,18.18,0.5,1.0,3.9229215171854907e-20,4.577184682168936e-21,9.848129652185872,1.064166294829581,2.714196543365607,0.3920741471102212,True,0.8575102584280445,3.924982819679571e-21
637341-52-7,O=C(O)C1=CC=2C=CC=CC2C(Cl)=C1C(=O)O,176.88474551167195,246.15778433333327,0.53703,-0.64994,197.33600000000004,3.242178691867553,-7.897288169210999,-1.0326720626475,6.864616106563499,2.904175139026642,1,2,2.8896000000000006,2,2,ok,False,8.607628186598934,1.105215128998215,1.105215128998215,6.441446338593643,10.773810034604224,18.18,0.5,1.0,3.988519485848093e-20,4.7269474335166466e-21,9.712843315597148,1.1762745187163566,2.714196543365607,0.43337853391330855,True,0.8287663960073351,3.917535188591714e-21
2385088-93-5,O=C(O)C1=CC=C(C(Br)=C1C(=O)O)C,174.94821461173603,192.910029,0.53696,-0.64968,174.87200000000004,2.962226696254019,-8.5827429586205,-0.729809347041,7.8529336115795,2.760867299253729,1,1,2.1539200000000003,2,2,ok,False,7.39790719286487,1.2367128692338167,1.2367128692338167,4.973994509949396,9.821819875780344,18.18,0.5,1.0,3.6656307135983944e-20,4.8564971754340536e-21,8.634620062098687,1.4350253338870949,2.714196543365607,0.528710913509477,True,0.7561350886583361,3.672167922315787e-21
1005516-15-3,O=C(O)C=1C=CC=C(OCCCC=2C=CC=CC2)C1C(=O)O,181.2258705850657,301.388196,0.53618,-0.66046,268.38400000000007,5.205075282836935,-7.984908829071999,-0.6658625921735,7.319046236898499,2.5562021252631864,1,0,3.0946000000000016,2,3,ok,False,8.995511815663495,1.0622739802988042,1.0622739802988042,6.913493072563828,11.077530558763161,18.18,0.5,1.0,3.870481680751196e-20,4.407328520885841e-21,10.0577857959623,1.1992821391156985,2.714196543365607,0.4418553041220026,True,0.8226404016791311,3.6256465047534186e-21
2539389-74-5,O=C(O)C=1C=CC=C(C#CCSC)C1C(=O)O,178.8661408675781,248.47249666666667,0.536,-0.65217,213.1680000000001,2.9229542538329265,-7.860552799393501,-0.723278614629,7.137274184764501,2.580892923437224,1,0,1.7975,2,3,ok,False,8.753519697102933,1.0871619112686317,1.0871619112686317,6.6227215056526845,10.88431788855318,18.18,0.5,1.0,3.404884312409784e-20,3.962219870081318e-21,9.840681608371565,0.9917685745328848,2.714196543365607,0.3654004264934663,True,0.8750121809098358,3.46699064976414e-21
691376-11-1,O=C(O)C1=CC(=C2C=CC=CC2=C1C(=O)O)C,178.4866035704159,249.456161,0.53554,-0.65836,198.73600000000005,3.4644439799194333,-7.707352701562,-0.9826031141555,6.7247495874065,2.807365950865317,1,2,2.54462,2,2,ok,False,8.97325198130585,1.0633912373055752,1.0633912373055752,6.889043454711437,11.057460507900263,18.18,0.5,1.0,3.48540283574792e-20,3.968287546193473e-21,10.036643218611426,1.044803383957631,2.714196543365607,0.38494020873745327,True,0.8622767843690611,3.4217622247835e-21
1061606-01-6,O=C(O)C=1C=CC=C(OCC=2C=CC=C(C2)C)C1C(=O)O,181.27308235951855,287.94269933333334,0.53564,-0.6588,252.23200000000008,5.695997283180532,-8.0766111966905,-0.6402838902265,7.436327306464,2.5544955468228485,1,0,2.9704200000000007,2,3,ok,False,8.819305343172969,1.0801007287016722,1.0801007287016722,6.702346815242224,10.936263871103714,18.18,0.5,1.0,3.443319553147526e-20,3.981427742626647e-21,9.89940607187464,1.2687109978890467,2.714196543365607,0.46743519771631703,True,0.8037269643457056,3.19998083334309e-21
52319-98-9,O=C(O)C=1C=C(C=C(C1C(=O)O)C)C(C)(C)C,175.5046289772492,236.75513966666668,0.53347,-0.66296,221.38400000000004,2.9058276497411195,-8.4537609934835,-0.5417786763455,7.911982317138,2.5568729399264605,1,1,2.6889200000000013,2,2,ok,False,7.078275356565692,1.2691628785523368,1.2691628785523368,4.590761824087929,9.565788889043455,18.18,0.5,1.0,3.086965264078994e-20,4.1889873718528275e-21,8.347438235118029,1.4150134112173003,2.714196543365607,0.5213378576713836,True,0.7620118579202895,3.1920580500302034e-21
4721-00-0,O=C(O)C=1C=CC=C(C=CC=2C=CC=CC2)C1C(=O)O,177.29732590796382,310.87892566666665,0.53498,-0.6577,237.74400000000009,2.76729972536406,-7.419728361583501,-0.749945771978,6.669782589605501,2.501714806738984,1,0,3.253400000000001,2,2,ok,False,7.834856010072188,1.1851721137109925,1.1851721137109925,5.511961351717433,10.157750668426942,18.18,0.5,1.0,2.8285218617093633e-20,3.5807321628363406e-21,9.020028123783181,1.1840738359430916,2.714196543365607,0.4362520609781776,True,0.8266979712937507,2.9601840147630867e-21
1390993-56-2,O=C(O)C1=CC=C(C=C1C(=O)O)C(N)C(O)C,186.51542270711613,219.6886956666667,0.53212,-0.66538,209.52800000000005,3.075905538211471,-8.525599050015499,-0.7077681251504999,7.817830924864999,2.726301905566765,0,1,0.4636000000000001,4,4,ok,False,8.460539882659226,1.1168572685190719,1.1168572685190719,6.271539860490066,10.649539904828387,18.18,0.5,1.0,2.84158300012867e-20,3.3900919795707846e-21,9.577397151178298,1.2456612320835834,2.714196543365607,0.4589428997426111,True,0.810074884795462,2.746228369796823e-21
194360-94-6,O=C(O)C=1C=CC=C(OCCCCC)C1C(=O)O,181.125305254576,237.56034366666668,0.53623,-0.66062,231.08800000000005,5.443605215296201,-8.02191631274,-0.6661347060239999,7.355781606716,2.565404825087831,1,0,2.652,2,3,ok,False,8.86753431557835,1.0713982093606653,1.0713982093606653,6.767632412130741,10.96743621902596,18.18,0.5,1.0,2.629700814808111e-20,3.0069838749315558e-21,9.938932524939016,1.2385104076362214,2.714196543365607,0.45630829891945374,True,0.8120305928043379,2.441762898513756e-21
1243386-96-0,O=C(O)C=1C=CC=C(OC2CC2)C1C(=O)O,180.76399843257056,200.4018643333333,0.53614,-0.65858,189.59200000000004,4.842351876929226,-8.118788843518,-0.6797403985489999,7.439048444969001,2.6016135462816816,1,0,1.6242,2,3,ok,False,9.007365368532872,1.0556134368706362,1.0556134368706362,6.938401050669879,11.076329686395866,18.18,0.5,1.0,2.522631266709452e-20,2.84072479989066e-21,10.062978805403509,1.1889603346842457,2.714196543365607,0.43805240913391386,True,0.8253977289279252,2.3447277983389854e-21
2630457-40-6,O=C(O)C=1C=CC=C(C#CCCBr)C1C(=O)O,175.5009418555019,242.64863,0.53587,-0.65249,214.64000000000004,2.836855206033611,-8.228178611419,-0.7061354420475,7.522043169371501,2.652935040674544,1,0,2.2195,2,2,ok,False,7.36676897678874,1.2324895689932889,1.2324895689932889,4.9511338102406,9.78240414333688,18.18,0.5,1.0,2.1721385558600462e-20,2.8510902379274957e-21,8.599258545782028,1.3668958319373672,2.714196543365607,0.5036097460511886,True,0.7759844665608633,2.2124017373950526e-21
100039-01-8,O=C(O)C1=CC=C2C(=O)C=3C=CC=CC3NC2=C1C(=O)O,176.6182321415962,308.67107500000003,0.5381,-0.65635,229.06400000000005,7.186891535288396,-7.457280072952501,-1.471591703504,5.985688369448501,3.329807128254616,1,1,2.0777,3,3,ok,False,5.690369059975972,1.4193196155739976,1.4193196155739976,2.908553730899702,8.472184389052241,18.18,0.5,1.0,2.794129569935161e-20,4.235431391752346e-21,7.10968867554997,2.2583824660503025,2.714196543365607,0.8320629806896391,True,0.5004093558437099,2.1194494944670195e-21
100578-69-6,O=C(O)C=1C=CC=2C=3C=CC=CC3C=CC2C1C(=O)O,178.50095470668674,312.15262,0.53592,-0.65638,225.59200000000004,3.628482935057019,-7.6080311461295,-0.998113603634,6.6099175424955,2.801310567707897,1,1,3.389400000000002,2,2,ok,False,8.894964420609124,1.0641785824870864,1.0641785824870864,6.809212725815548,10.9807161154027,18.18,0.5,1.0,1.876390860698895e-20,2.1230773798292466e-21,9.95914300309621,1.085246061536978,2.714196543365607,0.39984063209780357,True,0.8522524177410173,1.8093978300107397e-21
488131-67-5,O=C(O)C=1C(OCC)=CC=C(OCC)C1C(=O)O,173.69144942416827,229.1261483333333,0.53123,-0.65625,223.20800000000008,6.104400556975271,-7.470885765477501,-0.4966077771625,6.974277988315001,2.2755385381242608,2,0,1.8804,2,4,ok,False,4.488061085504188,1.5412383036291843,1.5412383036291843,1.467289518797378,7.508832652210998,18.18,0.5,1.0,1.6591151528022166e-20,2.715046549611815e-21,6.029299389133373,2.078171823644943,2.714196543365607,0.7656674048622903,True,0.556411820322929,1.5106839929309976e-21
2494068-06-1,O=C(O)C=1C=CC=C(C#CCCCN)C1C(=O)O,168.70530464112014,248.041403,0.5362,-0.65341,223.55200000000005,4.157782912803409,-8.1391973823055,-0.7099450359545,7.429252346351,2.635101013129214,1,0,1.1734,3,3,ok,False,0.044008947374694074,2.0217316649749,2.0217316649749,-3.9185123023803086,4.006530197129697,18.18,0.5,1.0,1.5157809776904702e-20,3.250525754062785e-21,2.065740612349594,2.537467874946046,2.714196543365607,0.9348872988393033,True,0.4172731392024255,1.3563570854561095e-21
2505254-19-1,O=C(O)C=1C=CC=C(C#CCC(C)(C)C)C1C(=O)O,174.22657232102887,272.690068,0.53637,-0.65183,244.20000000000005,3.5943806712700868,-8.1217820958735,-0.7243670700310001,7.3974150258425,2.6446520437225445,1,0,2.870700000000001,2,2,ok,False,6.498453242508644,1.318697724238463,1.318697724238463,3.9138531965063246,9.083053288510964,18.18,0.5,1.0,1.260933924603481e-20,1.760122860660096e-21,7.817150966747107,1.5837780223249807,2.714196543365607,0.5835163360576291,True,0.7114207056137278,1.2521878474976585e-21
181942-10-9,O=C(O)C1=C(F)C(F)=C(C(F)=C1C(=O)O)CC(=O)O,181.15717505011924,184.455517,0.53692,-0.6373,199.0960000000001,2.642220530160191,-8.9686003986295,-0.917567903886,8.051032494743499,3.0349002991067926,2,2,1.1274000000000002,3,3,ok,False,8.131494441100166,1.141884860096805,1.141884860096805,5.89344124081887,10.369547641381462,18.18,0.5,1.0,1.258069955196892e-20,1.5206229938915174e-21,9.273379301196972,1.3467877189956745,2.714196543365607,0.49620125052758934,True,0.7817535973239635,1.1887524956482291e-21
855891-47-3,O=C(O)C1=C(O)C=C(OC)C(OC)=C1C(=O)O,169.11883874907994,207.3706273333333,0.53768,-0.65671,196.59200000000004,5.0835621182395325,-7.8888526398455,-0.5442277010000001,7.3446249388455005,2.420710540950158,2,1,0.8057999999999998,3,5,ok,False,-0.7189871339806224,2.1003653108819504,2.1003653108819504,-4.835627497686519,3.3976532297252744,18.18,0.5,1.0,1.279347837925075e-20,2.844845603467179e-21,1.381378176901328,2.624711520489321,2.714196543365607,0.9670307505567285,True,0.39252758164472473,1.1166803648815993e-21
1399179-78-2,O=C(O)C1=CC(=C2C=CC=CC2=C1C(=O)O)CC,178.04968859406503,265.74482133333333,0.53523,-0.65898,214.98400000000004,3.42489798242225,-7.708985384665,-0.9755281540425,6.733457230622499,2.8002247887234777,1,2,2.7986000000000004,2,2,ok,False,8.753741930529744,1.0730711622618108,1.0730711622618108,6.650561099648058,10.856922761411429,18.18,0.5,1.0,1.1190450689646477e-20,1.2694259639500471e-21,9.826813092791554,1.078429395481382,2.714196543365607,0.39732914630571603,True,0.8539604049427912,1.0840395102196754e-21
63196-12-3,O=C(O)C=1C=CC=C(OC=2C=CC=CC2)C1C(=O)O,180.54825064637907,252.91388899999995,0.5363,-0.65638,218.67200000000005,5.388512196330264,-8.011575986421,-0.731442030144,7.280133956277001,2.6249642004208105,1,0,2.8753,2,3,ok,False,8.73201480090583,1.076070479631629,1.076070479631629,6.622955416001096,10.841074185810564,18.18,0.5,1.0,1.1791342678182284e-20,1.3421053858519736e-21,9.808085280537458,1.28247881969891,2.714196543365607,0.4725077197646987,True,0.7999040106207661,1.0735554808187244e-21
2733442-76-5,O=C(O)C1=CC=C(SC2=CC=C(N)C=C2)C=C1C(=O)O,185.83267654192585,304.92236933333334,0.53253,-0.66267,240.84800000000007,5.583859699168667,-7.332924043274,-0.6925297495225,6.6403942937515,2.424852566394984,0,1,2.8164000000000007,3,4,ok,False,8.089387162492159,1.1437417323054457,1.1437417323054457,5.847694559558033,10.331079765426285,18.18,0.5,1.0,1.025813514538452e-20,1.239111084936987e-21,9.233128894797604,1.2431519508218358,2.714196543365607,0.4580183973266453,True,0.8107619031175896,1.0046240613976129e-21
3096-67-1,O=C(O)C1=CC=C(C=C1C(=O)O)NO,187.7381974756645,176.41915866666668,0.53239,-0.66269,160.17600000000004,4.183223453271412,-7.804769460041,-0.5118461527905,7.292923307250501,2.3710003635589074,0,1,0.8840999999999999,4,4,ok,False,7.763770173611904,1.1780767996550265,1.1780767996550265,5.454782075265843,10.072758271957964,18.18,0.5,1.0,9.649815193251756e-21,1.1998130768257794e-21,8.94184697326693,1.2714348129122808,2.714196543365607,0.4684387414832163,True,0.8029724660140015,9.634168650546427e-22
1344570-43-9,O=C(O)C1=CC=C2C(OCC2N)=C1C(=O)O,185.02702283542288,198.2987263333333,0.53229,-0.66169,183.48800000000008,5.776848907492735,-8.0581074548565,-0.728176663938,7.3299307909185,2.6329985513583134,1,1,0.4752000000000001,3,4,ok,False,8.122757115227845,1.1393632915323688,1.1393632915323688,5.889646098517392,10.355868131938298,18.18,0.5,1.0,9.670631761260005e-21,1.1629160858835694e-21,9.262120406760214,1.2825183779948526,2.714196543365607,0.47252229435254095,True,0.7998929932803783,9.302084288713097e-22
1574606-20-4,O=C(O)C1=CC(=CC(Cl)=C1C(=O)O)C,178.1762608873201,181.23421666666664,0.53703,-0.65007,170.45600000000005,3.553044490292797,-8.6257369469995,-0.7578370736425,7.867899873357,2.797807001174334,1,1,2.0448200000000005,2,2,ok,False,8.75580675800311,1.0705102844092587,1.0705102844092587,6.657645155481234,10.853968360524988,18.18,0.5,1.0,9.261523713207388e-21,1.0459182550666894e-21,9.82631704241237,1.096926787608102,2.714196543365607,0.4041441988751159,True,0.8493087178644445,8.88307492201707e-22
351892-64-3,O=C(O)C1=CC=C(OCOC2=CC=C(C(=O)O)C(=C2)C(=O)O)C=C1C(=O)O,187.25043926261293,331.534419,0.53286,-0.66077,300.12000000000006,6.286397612305477,-8.3356635823665,-0.5812351846680001,7.7544283976985,2.563408917578635,0,1,1.8947,4,6,ok,False,7.719166271508105,1.1801082661702025,1.1801082661702025,5.4061965719565,10.03213597105971,18.18,0.5,1.0,7.86147082370854e-21,9.769392750967699e-22,8.899274537678307,1.4189691444017094,2.714196543365607,0.5227952809350298,True,0.7608531528533417,7.433073276036355e-22
1344538-48-2,O=C(O)C1=CC=C2C(OCC2N)=C1C(=O)O,184.20074596582032,199.45196,0.53228,-0.66173,183.48800000000008,3.551865999724652,-7.999058749298,-0.735251624051,7.263807125247,2.6256264925053965,1,1,0.4752000000000001,3,4,ok,False,8.237146365959319,1.1233569740171296,1.1233569740171296,6.035407155103847,10.43888557681479,18.18,0.5,1.0,7.283684007762321e-21,8.60889198425697e-22,9.360503339976448,1.3126916377854658,2.714196543365607,0.4836391237009412,True,0.791435572691448,6.813383357799231e-22
1344544-18-8,O=C(O)C1=CC=C(C=C1C(=O)O)C(N)C(O)C,186.49810376613397,220.08452466666665,0.53201,-0.66626,210.01600000000005,2.8032205443025706,-8.3030099203065,-0.651440558097,7.651569362209501,2.619795350944415,0,1,0.4636000000000001,4,4,ok,False,8.054521672570917,1.1404026970855567,1.1404026970855567,5.819373458410885,10.28966988673095,18.18,0.5,1.0,5.966710020855426e-21,7.143722830325597e-22,9.194924369656475,1.2982359562400787,2.714196543365607,0.4783131713189291,True,0.7955007488419898,5.6828368610436315e-22
219646-70-5,O=C(O)C1=CC(OCC=C(C)C)=C(C(OC)=C1C(=O)O)C,176.3331011793859,283.9984063333333,0.5353,-0.66113,266.92800000000005,3.0809993654656926,-8.005045254009,-0.6201474652895,7.384897788719499,2.518448852422755,1,2,2.74502,2,4,ok,False,7.287296921304812,1.2214471253441783,1.2214471253441783,4.893304546610242,9.681289295999383,18.18,0.5,1.0,5.4343302250286836e-21,6.961611488958657e-22,8.50874404664899,1.333449137198172,2.714196543365607,0.4912868747318842,True,0.785556580033722,5.46873971278983e-22
120956-79-8,O=C(O)C1=CC(OC)=C(OCC)C(OC)=C1C(=O)O,175.42517726252208,236.46548533333336,0.53552,-0.66021,231.97600000000008,3.3616813070248046,-8.0510324947435,-0.6261339700005,7.424898524743001,2.535159827638319,1,2,1.4989,2,5,ok,False,6.803494624802132,1.2684422662786645,1.2684422662786645,4.3173934664275855,9.28959578317668,18.18,0.5,1.0,3.872882978911027e-21,5.133320284249216e-22,8.071936891080798,1.45139539175891,2.714196543365607,0.5347421856042812,True,0.7513007772519408,3.8566675194395896e-22
1073323-66-6,O=C(O)C1=CC(F)=CC(=C1C(=O)O)C,175.24708757350612,163.69547766666668,0.53593,-0.65887,160.82400000000004,3.347824589192212,-8.703833622092999,-0.7031421896919999,8.000691432400998,2.7651108242076003,1,1,1.53052,2,2,ok,False,7.3859354061378335,1.205563160523482,1.205563160523482,5.023075030423529,9.748795781852138,18.18,0.5,1.0,3.6858759980227195e-21,4.640788613540878e-22,8.591498566661315,1.4096421847898342,2.714196543365607,0.5193589197641068,True,0.7635828188817465,3.5436264513618557e-22
2474465-95-5,O=C(O)C=1C=CC=C(C#CCC(C)C)C1C(=O)O,178.39603963450142,254.6466253333333,0.536,-0.65319,227.6080000000001,3.2302256360817894,-8.138925268454999,-0.709128694403,7.429796574051999,2.6342598397331045,1,0,2.4806,2,2,ok,False,8.527803787135216,1.082752278269544,1.082752278269544,6.405648317548219,10.649959256722212,18.18,0.5,1.0,3.4168419655993e-21,3.860646175788765e-22,9.61055606540476,1.050873879701595,2.714196543365607,0.387176780646294,True,0.8607890077428377,3.323201790903392e-22
24096-46-6,O=C(O)C=1C(Br)=CC(Br)=C(O)C1C(=O)O,170.4130734828616,205.6622483333333,0.53577,-0.63682,186.20800000000008,1.3074062719751651,-8.278247559911,-0.84355293655,7.434694623361,2.7979375250930167,2,1,2.3136000000000005,3,3,ok,False,1.9920773234861677,1.7803194221059742,1.7803194221059742,-1.497284624818704,5.481439271791039,18.18,0.5,1.0,3.5064759857716255e-21,6.5162247904393495e-22,3.772396745592142,2.2364152129852437,2.714196543365607,0.8239695163018984,True,0.5071615110994715,3.3047784113830577e-22
24953-89-7,O=C(O)C1=C(O)C=C(OC)C(=C1C(=O)O)C,170.29873645439335,202.79275933333332,0.53746,-0.66091,186.69600000000003,3.632422435510496,-7.8523893838785,-0.4606887488965,7.391700634982,2.337326396667246,2,1,1.10562,3,4,ok,False,-0.19832814308333013,2.0128945774391442,2.0128945774391442,-4.143529019540024,3.7468727333733636,18.18,0.5,1.0,3.339654310349717e-21,7.013286916555109e-22,1.814566434355814,2.3744533976188036,2.714196543365607,0.8748273603924344,True,0.4651836940239423,3.2624667150928893e-22
1005516-63-1,O=C(O)C1=CC=CC(C2=CC=C(O)C=C2)=C1C(=O)O,169.34886825974695,259.1211573333333,0.53433,-0.6588,218.6320000000001,6.6308489878747805,-7.6766038364555005,-0.588854372482,7.0877494639735,2.40971410427762,1,0,2.4556000000000004,3,3,ok,False,-1.038586391655473,2.108093974398356,2.108093974398356,-5.170374657502154,3.093201874191208,18.18,0.5,1.0,4.229656932769142e-21,9.32615052446836e-22,1.069507582742883,2.8053775831923415,2.714196543365607,1.0335941183219068,False,0.34358635503614754,3.2043380652205393e-22
134030-34-5,O=C(O)C=1C=CC2=CC=C(C=C2C1C(=O)O)C(C)(C)C,174.12457136740767,302.80567333333335,0.53552,-0.65742,248.31200000000007,4.176614814655524,-7.648031882152999,-0.969813763182,6.678218118971,2.7802050728115004,1,1,3.5337000000000023,2,2,ok,False,6.645935479171256,1.2826821028601714,1.2826821028601714,4.131924753951219,9.159946204391293,18.18,0.5,1.0,3.2380609556835196e-21,4.331702429597338e-22,7.9286175820314275,1.6371973892792417,2.714196543365607,0.6031978020460946,True,0.6949971122977524,3.010520679903308e-22
5211-66-5,O=C(O)C1=CC(OC)=C(C(=O)OC)C(OC)=C1C(=O)O,176.5090128365953,236.743971,0.53734,-0.65579,235.0480000000001,3.906685364858552,-8.276614876807999,-0.94151392273,7.335100954077999,2.8961393679806835,1,2,0.8868,2,6,ok,False,8.145149917258113,1.1226443860551527,1.1226443860551527,5.944807353143933,10.345492481372293,18.18,0.5,1.0,3.1770177706119753e-21,3.7190107874930285e-22,9.267794303313266,1.3253560032097784,2.714196543365607,0.48830509583006665,True,0.7878544875752383,2.9300393382671035e-22
57296-46-5,O=C(O)C1=CC(OC)=C(Cl)C(Cl)=C1C(=O)O,176.89507840873162,205.21972266666663,0.5389,-0.64731,194.08000000000004,4.121956647030631,-8.3302213053565,-0.9303572548595,7.399864050497001,2.897293608528268,1,2,2.3984,2,3,ok,False,8.238638699255645,1.112366061676277,1.112366061676277,6.058441280745482,10.418836117765808,18.18,0.5,1.0,3.0977284987388027e-21,3.592018504945683e-22,9.351004760931922,1.323752581110177,2.714196543365607,0.48771434196461033,True,0.7883088854194854,2.8316201040398977e-22
2621055-66-9,O=C(O)C=1C=CC=C(C#CC)C1C(=O)O,176.39409595203878,202.8130626666667,0.53578,-0.65328,177.79200000000003,3.045379260453449,-8.163415515,-0.6979720265325,7.465443488467501,2.6295888945690358,1,0,1.4544,2,2,ok,False,7.622427149928789,1.1751460265848748,1.1751460265848748,5.319183261247085,9.925671038610492,18.18,0.5,1.0,2.4917803433063314e-21,3.0453313476428783e-22,8.797573176513664,1.2639165171271494,2.714196543365607,0.4656687520351387,True,0.8050528217609256,2.4516525946169017e-22
2505892-30-6,O=C(O)C=1C=CC=C(C#CCBr)C1C(=O)O,178.04736277461487,231.015552,0.53674,-0.65056,197.73600000000005,4.047899370043678,-8.3579769181075,-0.834301065633,7.5236758524745,2.8077357460372694,1,0,1.8294,2,2,ok,False,8.523022204543915,1.0785250429232194,1.0785250429232194,6.409151963989889,10.636892445097942,18.18,0.5,1.0,2.310427256773631e-21,2.5894313170384545e-22,9.601547247467135,1.2195352719943537,2.714196543365607,0.4493172297987413,True,0.8171881041426762,2.1160524687783276e-22
2384497-19-0,O=C(O)C1=CC(O)=C(N)C=C1C(=O)O,186.94889980781525,177.7836586666667,0.53052,-0.67108,159.40800000000004,5.193790811151331,-7.5503430098235,-0.4791924907305,7.071150519093,2.279453682274565,0,2,0.3708000000000001,4,4,ok,False,6.700573214990148,1.2698454623569762,1.2698454623569762,4.211721842838862,9.189424587141435,18.18,0.5,1.0,1.978089990887038e-21,2.6059073197988295e-22,7.970418677347124,1.406938096011088,2.714196543365607,0.5183626437997313,True,0.764372662585835,1.9918843164865485e-22
1073323-64-4,O=C(O)C1=CC(Cl)=CC(=C1C(=O)O)C,175.35846749684222,181.03815566666665,0.5361,-0.65729,170.60000000000005,3.510781448623654,-8.6322676794115,-0.7469525196225,7.885315159789,2.7890379065179096,1,1,2.0448200000000005,2,2,ok,False,7.444831707867248,1.1912486269885911,1.1912486269885911,5.110027302336821,9.779636113397675,18.18,0.5,1.0,2.022835941300673e-21,2.500510348799951e-22,8.636080334855839,1.405430999792188,2.714196543365607,0.5178073795825604,True,0.7648125695108227,1.912421744954094e-22
2504942-49-6,O=C(O)C=1C=CC=C(C#CCCCCCC)C1C(=O)O,177.96480466401192,286.0519073333333,0.53597,-0.65355,261.4800000000001,3.200888596936794,-8.135932016099499,-0.697155684981,7.438776331118499,2.622186595683269,1,0,3.4049000000000014,2,2,ok,False,8.292534981919772,1.1000466213108442,1.1000466213108442,6.136483222835546,10.448586741003998,18.18,0.5,1.0,1.8156117707222996e-21,2.0701407777266635e-22,9.392581603230616,1.0941830891085509,2.714196543365607,0.4031333293762737,True,0.8500020810097567,1.7596239690508202e-22
2567615-05-6,O=C(O)C=1C=CC=C(C#CCCC#CCCCC)C1C(=O)O,177.5684133725387,313.9581953333333,0.53618,-0.65282,283.66400000000004,3.1375767480652965,-8.18518462304,-0.7083123528515001,7.476872270188499,2.6446315251215737,1,0,3.408300000000001,2,2,ok,False,8.184977129610404,1.1110738183064794,1.1110738183064794,6.007312461564305,10.362641797656504,18.18,0.5,1.0,1.7628648594833476e-21,2.0295118770983182e-22,9.296050947916884,1.1171065309501695,2.714196543365607,0.411579085413231,True,0.8441734098782058,1.7132599616784053e-22
2594253-99-1,O=C(O)C=1C=CC=C(C#CCOC)C1C(=O)O,173.99220075972997,224.054222,0.53645,-0.6513,203.57600000000005,4.406846076277228,-8.249947719459,-0.729809347041,7.520138372418,2.6806699883711462,1,0,1.0809,2,3,ok,False,6.197328753224816,1.318395971035204,1.318395971035204,3.6133201326331035,8.781337373816527,18.18,0.5,1.0,1.425247843741915e-21,1.9426150360929847e-22,7.51572472426002,1.6912898266139795,2.714196543365607,0.6231272494794272,True,0.6782172809235416,1.3175150876601717e-22
50472-52-1,O=C(O)C=1C=C2C=CC3=CC=CC=4C=CC(C1C(=O)O)=C2C34,177.7191809721336,369.0544056666667,0.53486,-0.65961,241.8400000000001,3.496884677823963,-7.105164750405501,-1.047638324425,6.057526425980501,2.7432070990184254,1,2,3.980400000000002,2,2,ok,False,8.392734163990514,1.0857385510174498,1.0857385510174498,6.2647257073696085,10.52074262061142,18.18,0.5,1.0,1.335062397443004e-21,1.497535451992102e-22,9.478472715007964,1.140203935859848,2.714196543365607,0.42008893521247864,True,0.838219974546688,1.2552641284515828e-22
2496284-72-9,O=C(O)C=1C=CC=C(C#CC2=CC=C(O)C=C2)C1C(=O)O,170.35139454235204,317.21586766666667,0.53575,-0.65213,241.10400000000007,2.6777753266471027,-7.3359172956295,-0.735795851752,6.6001214438775,2.467854329939986,1,0,2.1884,3,3,ok,False,0.42073856937425624,1.925361082965157,1.925361082965157,-3.3528998104724868,4.194376949220999,18.18,0.5,1.0,1.2288605327675914e-21,2.4422211986500795e-22,2.3460996523394133,2.2838648653899725,2.714196543365607,0.8414515415151097,True,0.4926084218460909,1.203058730466084e-22
1784088-05-6,O=C(O)C1=C(N)C=C2OC=CC2=C1C(=O)O,171.31823164230929,210.71133566666663,0.53256,-0.66266,175.54400000000004,2.50511102747962,-7.131287680053501,-0.6593318597615001,6.471955820292001,2.344490386655982,2,1,1.4114,3,4,ok,False,0.4970612833434771,1.9161993883091117,1.9161993883091117,-3.2586205049400636,4.252743071627018,18.18,0.5,1.0,1.1655895524737446e-21,2.3041699980950073e-22,2.413260671652589,2.2129408319815718,2.714196543365607,0.8153207760103925,True,0.5144031575329696,1.1852723225128082e-22
1061605-90-0,O=C(O)C=1C=CC=C(OCC=2C=C(Cl)C=C(Cl)C2)C1C(=O)O,178.17255184997498,297.58274566666665,0.53631,-0.65853,266.1600000000001,3.379575658274275,-8.192803810854,-0.7045027589445,7.488301051909501,2.6428579609787923,1,0,3.9688000000000017,2,3,ok,False,8.377974706903675,1.0859780922219626,1.0859780922219626,6.249496758149111,10.50645265565824,18.18,0.5,1.0,1.1957260906261526e-21,1.3399783818387226e-22,9.463952799125638,1.0977185217964265,2.714196543365607,0.40443590000127777,True,0.8491084203685905,1.1377869271311377e-22
2578360-07-1,N#CCCC#CC1=CC=CC(C(=O)O)=C1C(=O)O,178.7236982150851,236.288075,0.53589,-0.65234,212.36000000000004,3.7963710645825968,-8.262464956582,-0.7099450359545,7.552519920627501,2.66481061686098,1,0,1.7382800000000005,2,3,ok,False,8.54291945818563,1.0660730320980039,1.0660730320980039,6.453454710384129,10.63238420598713,18.18,0.5,1.0,9.643266077902215e-22,1.0584578072198514e-22,9.608992490283633,1.1355554971645314,2.714196543365607,0.4183762962708814,True,0.8394245131893416,8.884954295569818e-23
144328-61-0,O=C(O)C1=CC(OC)=C2C(OC3(C2)CCCCC3)=C1C(=O)O,180.63822513711543,291.7765773333333,0.53064,-0.66711,269.00800000000004,4.991830562028323,-7.880417110480001,-0.5409623347939999,7.339454775686001,2.415698234023615,1,2,2.729400000000001,2,4,ok,False,8.447875419965724,1.075199174212303,1.075199174212303,6.3405237623024036,10.555227077629045,18.18,0.5,1.0,8.956168528365908e-22,9.906881052846868e-23,9.523074594178027,1.2260537284063662,2.714196543365607,0.45171884527052636,True,0.8154216682581922,8.078285475347869e-23
2578253-98-0,O=C(O)C=1C=CC=C(C#CC(O)C2CC2)C1C(=O)O,171.30644537118755,255.0011753333333,0.53645,-0.65178,228.90400000000005,0.9406872009334452,-8.29403016324,-0.7322583716955,7.5617717915445,2.693610934113727,1,0,1.2054,3,3,ok,False,2.0365430940310265,1.746387998071188,1.746387998071188,-1.3863144852215075,5.459400673283561,18.18,0.5,1.0,7.847726206050086e-22,1.4080233920807845e-22,3.7829310921022143,2.1755990595934014,2.714196543365607,0.8015628289378248,True,0.5259742779190014,7.405840869427536e-23
2580788-26-5,O=C(O)C=1C=CC=C(C#CC(N)COC)C1C(=O)O,170.19060783884544,254.02070766666668,0.53629,-0.65249,232.6080000000001,2.082608801479529,-8.1800144598805,-0.7317141439945001,7.448300315886,2.665672144681666,1,0,0.4082,3,4,ok,False,1.1729075436743326,1.8364929877314804,1.8364929877314804,-2.4265525701397284,4.7723676574883935,18.18,0.5,1.0,7.647948133094125e-22,1.4425885790979518e-22,3.009400531405813,2.241760915231221,2.714196543365607,0.8259390502544206,True,0.5055161387426633,7.292518082998618e-23
28749-88-4,O=C(O)C1=C(F)C(F)=C(O)C(F)=C1C(=O)O,179.45969092884204,152.5542204,0.53675,-0.64017,162.61600000000004,0.6006952638401605,-8.683152969455,-0.7839600032905,7.8991929661645,2.8365628116262074,2,2,1.2059,3,3,ok,False,6.90659434791857,1.2349962566205208,1.2349962566205208,4.486046163900562,9.327142531936577,18.18,0.5,1.0,7.62901993838127e-22,9.67679256510538e-23,8.14159060453909,1.5099783333170704,2.714196543365607,0.5563260836832014,True,0.7338147170016499,7.100972797646475e-23
13943-86-7,O=C(O)C=1C(Br)=CC=C(O)C1C(=O)O,169.7939903460703,182.395721,0.54158,-0.64683,165.16800000000003,2.465731741288983,-8.114435021910001,-0.8960709096965,7.218364112213501,2.811898093577167,2,0,1.5511,3,3,ok,False,1.4864573678617532,1.8036060321055636,1.8036060321055636,-2.0485454973643438,5.021460233087851,18.18,0.5,1.0,7.649663221626409e-22,1.417076490676706e-22,3.290063399967317,2.2570963254716525,2.714196543365607,0.8315891238564656,True,0.5008040005465448,7.096775756113529e-23
14170-96-8,O=C(O)C=1C(O)=CC(O)=C(OC)C1C(=O)O,168.15438491062986,186.911177,0.53203,-0.65099,181.08000000000004,4.449997238201391,-7.980555007464,-0.460416635046,7.520138372418,2.368640001724745,2,1,0.5027999999999999,4,5,ok,False,-3.463832869364115,2.3318064263304703,2.3318064263304703,-8.034089483890888,1.1064237451626573,18.18,0.5,1.0,1.086062953467474e-21,2.6106732061747173e-22,-1.1320264430336446,3.143111913643149,2.714196543365607,1.1580266437690199,False,0.26157722916108755,6.828926635162752e-23
1061606-09-4,O=C(O)C=1C=CC=C(OCC=2C=CC=C(OC)C2)C1C(=O)O,180.58549011730804,293.492432,0.53587,-0.65861,261.02400000000006,5.424565801978993,-7.768578317924501,-0.6590597459109999,7.109518572013501,2.4975349109642253,1,0,2.6706000000000003,2,4,ok,False,8.426593836530657,1.0750067461256676,1.0750067461256676,6.319619330986755,10.53356834207456,18.18,0.5,1.0,7.281200153000831e-22,8.035254358718048e-23,9.501600582656325,1.2656168154221454,2.714196543365607,0.4662951983030599,True,0.8045829486999753,6.465028645491695e-23
2550769-15-6,O=C(O)C=1C=CC=C(C#CCC)C1C(=O)O,176.66884015257403,219.93155766666663,0.53608,-0.65356,194.21600000000004,3.274531251950422,-8.156340554887,-0.712394060609,7.443946494278,2.641557597860119,1,0,1.8445,2,2,ok,False,7.6906036806462295,1.150537837954433,1.150537837954433,5.43559095540496,9.945616405887499,18.18,0.5,1.0,6.389759685986099e-22,7.53667617576076e-23,8.841141518600663,1.2568436255366504,2.714196543365607,0.4630628642604352,True,0.8070035463330659,6.082124401402863e-23
52060-73-8,O=C(O)C1=CC(OC)=C(C(=O)O)C(=C1)C(=O)O,180.97884498691036,199.43462866666667,0.53776,-0.65212,191.67200000000005,3.407548237369502,-8.3013772372035,-1.0642372693055,7.237139967898,3.0300206806007184,1,1,0.7898000000000001,3,4,ok,False,7.753635306541755,1.1421506757632895,1.1421506757632895,5.5150611171276225,9.992209495955887,18.18,0.5,1.0,5.530226970104117e-22,6.465599844055006e-23,8.895785982305044,1.431070130342263,2.714196543365607,0.5272536853826121,True,0.7572995108697916,4.8963955993826567e-23
1344466-13-2,O=C(O)C1=CC=C(C=C1C(=O)O)CC(N)C(=O)O,185.818107134692,220.18497166666663,0.53223,-0.66541,212.78400000000005,3.1589313826039334,-8.4651897752045,-0.7006931650375,7.764496610167,2.705050124054737,0,1,0.0373999999999999,4,4,ok,False,7.839675644130152,1.1304960408850444,1.1304960408850444,5.6239441193303445,10.055407168929959,18.18,0.5,1.0,4.447225622636259e-22,5.134767283730689e-23,8.970171685015195,1.2981354394437494,2.714196543365607,0.47827613759837007,True,0.795528930799353,4.0848559271297733e-23
1061606-12-9,O=C(O)C=1C=CC=C(OCC2=CC=C3OCOC3=C2)C1C(=O)O,180.44943349315,292.901208,0.53594,-0.65913,259.87200000000007,5.032601098835472,-7.559866994591,-0.649263647293,6.910603347298,2.437913974684561,1,0,2.3907,2,5,ok,False,8.378069546810128,1.0744971017372729,1.0744971017372729,6.272093925912403,10.484045167707853,18.18,0.5,1.0,4.50455241038546e-22,4.94398237752154e-23,9.4525666485474,1.2416273066919377,2.714196543365607,0.4574566678772342,True,0.8111789440845653,4.0104544045706215e-23
2505300-44-5,O=C(O)C=1C=CC=C(C#CC=2C=CC=C(O)C2)C1C(=O)O,170.92827335863987,312.701482,0.53637,-0.65196,240.8880000000001,1.513251284486486,-7.62463009101,-0.83266838253,6.791961708480001,2.6327407507774754,1,0,2.1884,3,3,ok,False,1.4931903541744571,1.7909623359065463,1.7909623359065463,-2.0170313218701,5.003412030219014,18.18,0.5,1.0,4.138854638672772e-22,7.564967176379051e-23,3.2841526900810036,2.1750369409403136,2.714196543365607,0.8013557257881057,True,0.5261489143126589,3.980299266662738e-23
77764-01-3,O=C(O)C=1C=CC=C(OCCC)C1C(=O)O,179.94287850109973,204.7475793333333,0.53586,-0.65969,197.47200000000004,4.845161745494158,-8.08178135985,-0.6462703949375,7.4355109649125,2.56131985393238,1,0,1.8718,2,3,ok,False,8.472489750582419,1.0643996419108541,1.0643996419108541,6.386304787279815,10.558674713885022,18.18,0.5,1.0,4.40755307640214e-22,4.790983029796541e-23,9.536889392493272,1.241071819159573,2.714196543365607,0.4572520078522547,True,0.8113308144862637,3.8870721637546946e-23
927672-44-4,O=C(O)C=1C=CC=C(NC2=CC=C(OC)C(OC)=C2)C1C(=O)O,179.80079713600702,325.975693,0.53245,-0.66923,271.4560000000001,1.5145134433209897,-6.782165609862,-0.66940007223,6.112765537632,2.270896485915324,1,0,2.8438000000000008,3,5,ok,False,5.001870948403625,1.4243286893669302,1.4243286893669302,2.2102380150973038,7.793503881709947,18.18,0.5,1.0,3.8745919512276537e-22,5.62835221571324e-23,6.426199637770555,1.6980925005235794,2.714196543365607,0.6256335801009983,True,0.6760979097288712,3.805317168261582e-23
63181-80-6,O=C(O)C=1C=CC=C(OC2=CC=C(C=C2)C)C1C(=O)O,179.9152462492374,270.451302,0.53578,-0.65709,235.2800000000001,6.33007335344544,-7.999058749298,-0.687903814064,7.311154935234001,2.5804171586345137,1,0,3.183720000000002,2,3,ok,False,7.91683668688256,1.1203803151152119,1.1203803151152119,5.720931620269107,10.112741753496012,18.18,0.5,1.0,3.745383193892199e-22,4.2781413643449625e-23,9.037217001997771,1.4483191924345757,2.714196543365607,0.533608811777005,True,0.7522110340574718,3.2180651395179674e-23
861555-37-5,O=C(O)C1=CC=C(C(OC)=C1C(=O)O)C,175.81879847909372,189.503784,0.53562,-0.65892,180.68000000000004,3.555195966469359,-8.516075065248,-0.63674641017,7.879328655078,2.658035494777937,1,1,1.40002,2,3,ok,False,7.234411169300633,1.1901334953327893,1.1901334953327893,4.901792381653597,9.567029956947668,18.18,0.5,1.0,3.3868813479580096e-22,4.1052513077089706e-23,8.424544664633423,1.3742136972882963,2.714196543365607,0.5063058902817221,True,0.773874429351575,3.1769490130980865e-23
858789-93-2,O=C(O)C=1C=C(C=2OCOCC2C1C(=O)O)C,175.04621351325926,209.3952803333333,0.53484,-0.65668,195.29600000000005,4.363247781183186,-8.1707625889635,-0.5064038757805001,7.664358713183,2.4559529594880054,1,2,1.25792,2,4,ok,False,6.050108185473535,1.3120516391065455,1.3120516391065455,3.478534226967961,8.62168214397911,18.18,0.5,1.0,3.1030916634532012e-22,4.1428534372373105e-23,7.362159824580081,1.6141239769893279,2.714196543365607,0.594696791923481,True,0.7021106443624183,2.9087414963177477e-23
4464-96-4,O=C(O)C1=CC=C2C(=C1C(=O)O)CCC2,178.36488349001542,197.31235,0.53359,-0.66325,178.88800000000003,3.6771003222648138,-8.362058625865,-0.5532074580665001,7.8088511677985,2.544611481233646,1,1,1.5717,2,2,ok,False,8.095612986237885,1.0979641871991848,1.0979641871991848,5.943642723012689,10.24758324946308,18.18,0.5,1.0,2.709104368715478e-22,3.022484755092262e-23,9.19357717343707,1.1888374114293458,2.714196543365607,0.43800712013109633,True,0.8254304779443855,2.494851035975425e-23
2167510-34-9,O=C(O)C1=CC=CC(=C1C(=O)O)C(N)CC,169.5819671176013,211.8649463333333,0.53553,-0.66112,200.47200000000004,3.843061781965,-8.386004644709,-0.6108955943725001,7.775109050336501,2.602671338367967,1,0,1.4928,3,3,ok,False,0.2539653254176919,1.9093055622527721,1.9093055622527721,-3.4882048120797395,3.9961354629151233,18.18,0.5,1.0,2.442319596610133e-22,4.733345743642062e-23,2.163270887670464,2.391893532834513,2.714196543365607,0.8812528844608144,True,0.4599641872332589,2.1771695278683264e-23
1390993-11-9,O=C(O)C1=CC=C(C=C1C(=O)O)C(N)C(O)C,185.5037851403967,219.235716,0.53185,-0.66704,210.2800000000001,2.709365169186317,-8.480972378533501,-0.6495357611435,7.83143661739,2.661267113609469,0,1,0.4636000000000001,4,4,ok,False,7.513212184709057,1.155641165501821,1.155641165501821,5.248197121273596,9.778227248144518,18.18,0.5,1.0,2.168135513189776e-22,2.5402276163208442e-23,8.668853350210878,1.38450258588083,2.714196543365607,0.510096657983377,True,0.7708984697890016,1.9582575823375016e-23
68621-19-2,O=C(O)C=1C=CC=C(SC=2C=CC=CC2)C1C(=O)O,175.8020289511282,279.6852293333333,0.53612,-0.65264,229.08800000000005,3.7511803382402182,-7.716060344778,-0.735795851752,6.980264493026,2.55842286628939,1,0,3.2342000000000013,2,3,ok,False,6.876465936944037,1.220285719689339,1.220285719689339,4.4847498755043915,9.268181998383682,18.18,0.5,1.0,1.9680338061900566e-22,2.4323698397660097e-23,8.096751656633376,1.4243911747403526,2.714196543365607,0.5247929366876674,True,0.7592625646733195,1.8468073627747718e-23
1344634-71-4,O=C(O)C1=CC=C2C(=C1C(=O)O)C(N)CCC2,169.8226045384941,227.35511133333335,0.53419,-0.66007,205.93600000000004,4.127157056618999,-8.224369017512,-0.543139245598,7.681229771914,2.5018520284593686,1,1,1.4191,3,3,ok,False,-0.0646539848669665,1.9369541804633899,1.9369541804633899,-3.861014418279507,3.731706448545574,18.18,0.5,1.0,1.8810523812458714e-22,3.688556143512531e-23,1.8723001955964234,2.4135093894660367,2.714196543365607,0.8892168827513435,True,0.45352419253788545,1.6728494466171773e-23
1779862-38-2,O=C(O)C1=CC=2N=C(NC2C=C1C(=O)O)C3CC3,185.0519856460941,242.88820766666663,0.53055,-0.6756,206.47200000000004,7.294212736135408,-7.930758172822499,-0.4421850070625,7.488573165759999,2.340438423374468,0,2,1.8367,3,3,ok,False,6.824671537998292,1.2247015931322383,1.2247015931322383,4.4243005236502775,9.225042552346306,18.18,0.5,1.0,1.8304043155269655e-22,2.2687841725636732e-23,8.04937313113053,1.559885151685963,2.714196543365607,0.5747134103087846,True,0.7187113199871433,1.6306008674291763e-23
2590496-53-8,O=C(O)C=1C=CC=C(C#CC=CC(C)C)C1C(=O)O,177.1118379216612,289.19708966666667,0.53635,-0.65279,238.6800000000001,3.5671645126066167,-7.6553789561165,-0.7621908952505,6.8931880608660006,2.56976458414443,1,0,2.6467,2,2,ok,False,7.588595863335686,1.1433116040828792,1.1433116040828792,5.347746296226525,9.829445430444848,18.18,0.5,1.0,1.4910211332291846e-22,1.7217202357504662e-23,8.731907467418566,1.2765811784767909,2.714196543365607,0.47033483319296715,True,0.8015444457040071,1.3800352920219798e-23
927672-59-1,O=C(O)C=1C=CC=C(NC2=CC=C(OC)C(OCC)=C2)C1C(=O)O,179.62859796136144,342.882476,0.53248,-0.66925,288.75200000000007,1.6848559612026186,-6.766110892682501,-0.660148201313,6.1059626913695,2.2580110180292263,1,0,3.233900000000001,3,5,ok,False,4.805035983932518,1.42912760219648,1.42912760219648,2.0039973543153313,7.606074613549705,18.18,0.5,1.0,1.384294808222923e-22,1.996586474466254e-23,6.234163586128998,1.695833896102369,2.714196543365607,0.6248014353446685,True,0.6768017847790215,1.351293289384415e-23
111342-37-1,O=C(O)C=1C(O)=C(O)C=C(C1C(=O)O)C,167.5140887833733,182.315893,0.53938,-0.66354,170.13600000000005,2.863938319866544,-7.7223189633395,-0.7126661744595001,7.00965278888,2.53753561045704,2,1,0.8026199999999999,4,4,ok,False,-2.877609536509045,2.2304030163683026,2.2304030163683026,-7.249119119600419,1.493900046582329,18.18,0.5,1.0,2.116005255629951e-22,4.783609525823874e-23,-0.6472065201407422,3.099720496863102,2.714196543365607,1.1420398071170794,False,0.2713746552844061,1.298150386085655e-23
858789-94-3,O=C(O)C1=CC=C2OCOCC2=C1C(=O)O,175.44212968575908,190.861843,0.53451,-0.65445,178.85600000000005,4.066508901994437,-8.290764797034,-0.5537516857675,7.737013111266501,2.527637949218313,1,1,0.9495,2,4,ok,False,6.512665871832963,1.2525024107038596,1.2525024107038596,4.057806256303803,8.967525487362124,18.18,0.5,1.0,1.3086777800762523e-22,1.6533083105730985e-23,7.765168282536823,1.5066961462770216,2.714196543365607,0.5551168171516115,True,0.7348016495959839,1.2148536738998621e-23
167993-09-1,O=C(O)C1=CC=2C=CNC2C=C1C(=O)O,184.58444001762672,203.5062673333333,0.52947,-0.67925,168.13600000000005,5.27677297597689,-7.5971465921095,-0.3790545937465,7.218091998363,2.203483461130693,0,2,1.5642999999999998,3,2,ok,False,6.780290999591843,1.222947685608521,1.222947685608521,4.383357580822529,9.177224418361156,18.18,0.5,1.0,1.1191076364431667e-22,1.3782833435447344e-23,8.003238685200364,1.3527072847827069,2.714196543365607,0.498382214835978,True,0.7800596935263352,1.075143282557958e-23
1344520-24-6,O=C(O)C1=CC=C2C(=C1C(=O)O)C(N)CCC2,169.64846650995676,226.6227966666667,0.53284,-0.66663,206.3760000000001,5.070465846448431,-8.398521881832,-0.5088529004350001,7.889668981397,2.514089174680348,1,1,1.4191,3,3,ok,False,-0.32381046654921697,1.9553204601452243,1.9553204601452243,-4.156168146668143,3.5085472135697087,18.18,0.5,1.0,1.2508140043392967e-22,2.465786125292949e-23,1.6315099935960073,2.5165785026475858,2.714196543365607,0.927190961464797,True,0.42329621251193683,1.0437579277009894e-23
2517863-45-3,O=C(O)C=1C=CC=C(C#CC(O)CCCCC)C1C(=O)O,170.66913008464792,291.3051503333333,0.53602,-0.65161,270.44800000000004,1.92090156957612,-8.3166156128315,-0.725999753134,7.5906158596974995,2.6930915148449497,1,0,2.3757,3,3,ok,False,1.4831450389848655,1.7658342589284017,1.7658342589284017,-1.977826511181778,4.944116589151509,18.18,0.5,1.0,1.0313063920359463e-22,1.8324842186628443e-23,3.2489792979132672,2.167196459765596,2.714196543365607,0.7984670325599449,True,0.528586084643784,9.686256583145166e-24
2513073-44-2,O=C(O)C=1C=CC=C(C#CCCCCCCO)C1C(=O)O,172.09555789275015,291.26192066666664,0.53624,-0.65357,270.33600000000007,0.8936845416588562,-8.139469496156,-0.709128694403,7.430340801753,2.63439093935946,1,0,2.3773000000000004,3,3,ok,False,2.1535932606113057,1.6966491886853183,1.6966491886853183,-1.1717780436110208,5.478964564833632,18.18,0.5,1.0,1.0116294856640448e-22,1.7267610193006527e-23,3.850242449296624,2.0942361125370668,2.714196543365607,0.7715860215267283,True,0.5513723158808266,9.520882221845376e-24
64019-77-8,O=C(O)C=1C(OC)=CC=C(OC)C1C(=O)O,174.9424080217027,196.39206866666663,0.53162,-0.65502,189.96800000000005,5.692600029863331,-7.550615123674,-0.5347037162325,7.0159114074415,2.3294329470013366,2,0,1.1002,2,4,ok,False,5.2344201248884925,1.380347542423345,1.380347542423345,2.528988655590362,7.939851594186623,18.18,0.5,1.0,1.0105789320583819e-22,1.403372189278011e-23,6.614767667311837,1.8315140453839842,2.714196543365607,0.6747905010272044,True,0.6342308841365428,8.900619843784286e-24
5656-54-2,O=C(O)C1=CC=C2C=C3OCOC3=CC2=C1C(=O)O,177.44868988467633,260.15995066666665,0.53535,-0.65756,206.48800000000008,4.115971091978174,-7.7500745760905,-0.8974314789490001,6.852643097141501,2.728121102758808,1,1,1.9649,2,4,ok,False,7.96802403282414,1.0975163707172544,1.0975163707172544,5.8169314737752105,10.11911659187307,18.18,0.5,1.0,8.341543341480407e-23,9.192588834867521e-24,9.065540403541394,1.2735154522465073,2.714196543365607,0.46920531800079096,True,0.8023955161164246,7.376092062599606e-24
1005516-14-2,O=C(O)C=1C=CC=C(OCCCC2CCCCC2)C1C(=O)O,179.52437343325423,298.842297,0.53613,-0.66013,286.83200000000005,5.19670826100523,-8.07089680583,-0.6674952752765,7.4034015305534995,2.5785274460669414,1,0,3.822300000000003,2,3,ok,False,8.156816664906813,1.0781483328621169,1.0781483328621169,6.043684762505162,10.269948567308465,18.18,0.5,1.0,8.323007379433417e-23,9.0100990317937e-24,9.23496499776893,1.3194402314208982,2.714196543365607,0.48612552935639314,True,0.7895295396906944,7.11373934113965e-24
91066-04-5,O=C(O)C1=CC(OC)=C(OCC)C(Br)=C1C(=O)O,178.78947814340748,240.198212,0.53744,-0.65027,225.48000000000005,5.5902106847595645,-8.194980721658,-0.7398775595095,7.4551031621485,2.6770820861968,1,2,2.2528,2,4,ok,False,7.890012724949289,1.1049186089917349,1.1049186089917349,5.7244120454773935,10.055613404421184,18.18,0.5,1.0,7.923200023050527e-23,8.78594066603715e-24,8.994931333941024,1.4090202366821636,2.714196543365607,0.5191297734595803,True,0.7637645471351973,6.710389993952577e-24
479-47-0,O=C(O)C=1C=C(C(=O)O)C(C(=O)O)=C(C1)C(=O)O,172.64966927384305,200.748917,0.53811,-0.64907,194.0240000000001,4.11732917071249,-9.4143228857485,-1.2125393178280002,8.2017835679205,3.442245194554536,1,1,0.4794000000000001,4,4,ok,False,3.2914622550054258,1.578379811136323,1.578379811136323,0.1978946712531,6.3850298387577515,18.18,0.5,1.0,9.261795160258118e-23,1.469404908963203e-23,4.869842066141748,2.4270781951222054,2.714196543365607,0.8942160806500127,True,0.44949866326872534,6.6049554237946274e-24
1784361-38-1,O=C(O)C1=CC=2N=C(NC2C=C1C(=O)O)C(C)C,184.9384448860216,242.904196,0.53035,-0.6748,213.74400000000009,6.934208833024861,-8.134571446847,-0.4166063051155,7.7179651417315,2.3685854886244546,0,2,2.0827,3,3,ok,False,6.922618558657593,1.2029557979333594,1.2029557979333594,4.564868519714565,9.28036859760062,18.18,0.5,1.0,7.297853293708994e-23,8.803314317102078e-24,8.125574356590953,1.464783328773452,2.714196543365607,0.539674745498393,True,0.7473296961376523,6.57897821360414e-24
65726-16-1,O=C(O)C1=CC=C(C(=O)O)C(C(=O)O)=C1OC,175.3581224041808,198.13613633333333,0.53784,-0.65439,192.16800000000003,5.001226874477902,-8.784923549542,-1.2579823308615,7.5269412186805,3.3499649988074545,1,1,0.7898000000000001,3,4,ok,False,5.7282268265114995,1.3240091909285308,1.3240091909285308,3.133216497091563,8.323237155931436,18.18,0.5,1.0,6.710468362723038e-23,8.901896594575004e-24,7.0522360174400305,1.9648966963656398,2.714196543365607,0.7239330921588919,True,0.5921003656346948,5.2708162284901045e-24
100613-18-1,O=C(O)C1=CC=C(C(=C1C(=O)O)C)CCCC,178.63200739287478,235.743794,0.53431,-0.66486,221.55200000000005,4.135544313630311,-8.403147817290499,-0.527356642269,7.875791175021499,2.5316158126168955,1,1,2.734020000000001,2,2,ok,False,8.011322138440342,1.0890995574839122,1.0890995574839122,5.876726230193364,10.14591804668732,18.18,0.5,1.0,5.864158307951986e-23,6.390436648602217e-24,9.100421695924254,1.2252062875796639,2.714196543365607,0.4514066199717455,True,0.8156516321544028,5.212370082611711e-24
2548717-39-9,O=C(O)C=1C=CC=C(C#CC(N)CO)C1C(=O)O,167.28921417611608,238.373475,0.5358,-0.6522,215.59200000000004,2.9371990364971863,-8.198790315565,-0.702597961991,7.496192353574001,2.642498669008747,1,0,-0.2458999999999998,4,4,ok,False,-2.59298897242841,2.1787965725211604,2.1787965725211604,-6.863351784209196,1.6773738393523763,18.18,0.5,1.0,8.062920165568229e-23,1.7633647618980572e-23,-0.41419239990724943,3.1070649460015765,2.714196543365607,1.1447457456963717,False,0.26970060050026246,4.755805351849084e-24
55289-21-9,O=C(O)C1=CC=C(OC)C(=C1C(=O)O)C,175.85249728695484,193.564744,0.53384,-0.66166,180.36000000000004,5.115981670217359,-8.014297124926001,-0.404361181843,7.609935943083001,2.3283312834765377,1,1,1.4000199999999998,2,3,ok,False,5.840415128291715,1.308228117585545,1.308228117585545,3.276335134261416,8.404495122322015,18.18,0.5,1.0,4.8767502884428683e-23,6.372040219828021e-24,7.14864324587726,1.673811554733127,2.714196543365607,0.6166876745991278,True,0.683653760238866,4.356269256678717e-24
1344468-67-2,O=C(O)C1=CC=CC(=C1C(=O)O)C(N)C(O)C,167.4674777050107,217.05513033333327,0.53478,-0.65834,209.69600000000003,3.7825724381695593,-8.404508386543,-0.593752421791,7.810755964752,2.591576856971056,1,0,0.4636000000000001,4,4,ok,False,-2.8782168351136495,2.1998585744077275,2.1998585744077275,-7.189860412034422,1.4334267418071232,18.18,0.5,1.0,5.639353514011975e-23,1.2408321563631762e-23,-0.678358260705922,3.123495908503941,2.714196543365607,1.1507994570764586,False,0.2659786090850714,3.3003481105750745e-24
40112-15-0,O=C(O)C1=CC=C2C=C(C(=O)O)C(=CC2=C1C(=O)O)C(=O)O,177.44255310626883,285.582751,0.53651,-0.65031,238.29600000000005,1.1029815274971744,-8.183551939937,-1.346963559975,6.836588379962,3.3214931427013803,1,1,1.6326,4,4,ok,False,5.672392366726017,1.3220259227669917,1.3220259227669917,3.081269171474382,8.263515561977652,18.18,0.5,1.0,3.81776574334022e-23,5.028814050419397e-24,6.994418289493009,2.097553971051185,2.714196543365607,0.7728084306121086,True,0.5503323720696738,2.7675191650646107e-24
92379-37-8,O=C(O)C1=CC=2C=CC=CC2C(OC)=C1C(=O)O,175.35522974578726,253.145719,0.53505,-0.65869,208.0960000000001,4.507669496535876,-7.74980246224,-0.8685874107959999,6.881215051444,2.698529382106099,1,2,2.2448,2,3,ok,False,6.7748316998062865,1.2062260830660279,1.2062260830660279,4.4106720197840525,9.138991379828521,18.18,0.5,1.0,2.8148097521648995e-23,3.372843345726763e-24,7.981057782872314,1.5350759146512671,2.714196543365607,0.5655728647962137,True,0.7262415068625491,2.449498833811926e-24
2523955-12-4,O=C(O)C#CC1=CC=CC(C(=O)O)=C1C(=O)O,175.0455724795814,216.64119866666667,0.53667,-0.64571,189.40800000000004,2.565562024196648,-8.74029687806,-1.2193421640905,7.5209547139695,3.2972678876022155,1,0,0.5191000000000001,3,3,ok,False,5.970305872145966,1.2874901450109637,1.2874901450109637,3.4468715574742252,8.493740186817707,18.18,0.5,1.0,2.761511752946507e-23,3.53124672702346e-24,7.257796017156929,1.6595288897754217,2.714196543365607,0.6114254672646527,True,0.68808623865637,2.4298022781651897e-24
856806-77-4,O=C(O)C1=CC=C(OC)C(Cl)=C1C(=O)O,178.74966893797964,191.04328633333333,0.53619,-0.64818,178.89600000000004,4.436750897898145,-8.2300834083725,-0.580690956967,7.6493924514055,2.5371212619199577,1,1,1.745,2,3,ok,False,7.962499730805887,1.0850290646252743,1.0850290646252743,5.835881841961166,10.089117619650608,18.18,0.5,1.0,2.6028345178080153e-23,2.8033295035991904e-24,9.04752879543116,1.2491120242146456,2.714196543365607,0.4602142859800953,True,0.8091287811278736,2.26825458434702e-24
921759-10-6,O=C(O)C=1C=C(C(=C(C1C(=O)O)C)C)C,177.26152696338522,204.03657966666665,0.53359,-0.66697,187.98400000000004,4.112344378818486,-8.374031635287,-0.4783761491789999,7.895655486108001,2.4812735218866138,1,2,2.00826,2,2,ok,False,7.220582569875259,1.1575192691376142,1.1575192691376142,4.95188649095441,9.489278648796109,18.18,0.5,1.0,2.0817948041182622e-23,2.386752546785371e-24,8.378101839012874,1.3602897951800863,2.714196543365607,0.5011758630763435,True,0.7778844826359791,1.856617770036244e-24
40073-01-6,O=C(O)C1=CC=C2C(=C1C(=O)O)CCCC2,174.5040363153179,214.255114,0.5338,-0.66389,194.0480000000001,5.593726999058856,-8.400698792636,-0.5129346081924999,7.887764184443499,2.5182313563919965,1,1,1.9618,2,2,ok,False,5.512617812064343,1.3304485598724722,1.3304485598724722,2.904986551431116,8.120249072697572,18.18,0.5,1.0,2.1458301289534448e-23,2.8285417987889242e-24,6.843066371936816,1.8306963696913727,2.714196543365607,0.674489242190732,True,0.634488740260793,1.794677922688582e-24
29049-77-2,O=C(O)C=1C=C(C(=O)O)C(C(=O)O)=C(OC)C1C(=O)O,174.34927098595207,221.88802566666664,0.53926,-0.64362,219.75200000000007,4.675539948497927,-9.0366288612545,-1.281656235855,7.754972625399501,3.432217381287897,1,2,0.4879999999999998,4,5,ok,False,3.9845841534507143,1.4870218895861569,1.4870218895861569,1.07007480563915,6.8990935012622785,18.18,0.5,1.0,2.4803109450091326e-23,3.659362060395033e-24,5.471606043036871,2.3169156479564297,2.714196543365607,0.8536285456628913,True,0.4825447125638028,1.7658058136002065e-24
858442-77-0,O=C(O)C1=CC=C(OC)C(OCC)=C1C(=O)O,174.5572009167148,215.0541503333333,0.53459,-0.65812,206.22400000000005,6.325630458697378,-8.0657266426705,-0.4895328170494999,7.576193825621,2.415212246009597,1,1,1.4903,2,4,ok,False,5.02743766814135,1.3795054488701408,1.3795054488701408,2.3236566718791134,7.7312186644035865,18.18,0.5,1.0,2.15102046197512e-23,2.9400000709816413e-24,6.406943117011491,1.9443005668467634,2.714196543365607,0.7163447951473066,True,0.5986070743139027,1.7599048409729864e-24
1781442-39-4,O=C(O)C1=CC=2N=C(NC2C=C1C(=O)O)C(C)(C)C,184.6728052460585,260.62124066666667,0.5303,-0.67557,230.25600000000009,6.922917073748608,-8.1315781944915,-0.416334191265,7.715244003226499,2.367611644039157,0,2,2.2568,3,3,ok,False,6.7419274979469455,1.2051768873767446,1.2051768873767446,4.379824203688441,9.10403079220545,18.18,0.5,1.0,1.966820419278931e-23,2.346481052166598e-24,7.94710438532369,1.4613384286119375,2.714196543365607,0.5384055300578476,True,0.7483529793445158,1.7559960863643278e-24
1782295-51-5,O=C(O)C1=CC=2N=C(NC2C=C1C(=O)O)C,184.64000598530677,208.660659,0.53035,-0.67473,180.51200000000003,6.877796488701887,-8.137836813053,-0.4242254929295,7.7136113201234995,2.375959453008601,0,2,1.26772,3,3,ok,False,6.754561807922567,1.2018951375575577,1.2018951375575577,4.398890625115939,9.110232990729195,18.18,0.5,1.0,1.6667136642692413e-23,1.9798490657475705e-24,7.956456945480125,1.4494495032087333,2.714196543365607,0.5340252557434231,True,0.7518766680225267,1.4886023187417958e-24
36978-40-2,O=C(O)C1=CC=C(C=C1C(=O)O)C=2C=CC=C(C(=O)O)C2C(=O)O,184.40442475677148,304.5512333333333,0.53247,-0.66317,266.0400000000001,5.70846511244485,-8.5201567730055,-0.8783835094140001,7.641773263591499,2.889792604195484,0,1,2.1464,4,4,ok,False,7.182218202125537,1.1586204815702057,1.1586204815702057,4.91136378649748,9.453072617753595,18.18,0.5,1.0,1.642055271132543e-23,1.8800562290093396e-24,8.340838683695743,1.3364963032510573,2.714196543365607,0.49240955173931517,True,0.784689511145748,1.4752604032678572e-24
36439-98-2,O=C(O)C1=CC(C(=O)O)=C(C(=O)O)C=2C=CC=CC12,177.46321204884123,257.502,0.53765,-0.64953,209.84800000000004,5.4410443648255615,-8.011303872570501,-1.31158875941,6.699715113160501,3.243284436703261,1,2,1.9344,3,3,ok,False,6.1160644415788346,1.2666897210397141,1.2666897210397141,3.6333982087539067,8.598730674403763,18.18,0.5,1.0,1.72583945367242e-23,2.161333208850279e-24,7.382754162618548,1.9410732644129454,2.714196543365607,0.715155749924437,True,0.5996268423565942,1.2959934073033383e-24
1824374-56-2,O=C(O)C1=CC=CC(C(=O)N)=C1C(=O)O,169.94222325120245,179.24633233333336,0.53549,-0.64986,170.44000000000003,6.121561040290295,-9.02329528258,-0.7012373927385,8.3220578898415,2.840839880144666,1,0,0.1819,3,3,ok,False,0.6942493869699611,1.8110517011734946,1.8110517011734946,-2.8553467214700845,4.243845495410007,18.18,0.5,1.0,1.5242402677782745e-23,2.7259224996438197e-24,2.5053010881434554,2.528929040744609,2.714196543365607,0.931741309201114,True,0.4197307405290444,1.1441534694002842e-24
99865-79-9,O=C(O)C1=CC=C(C(=C1C(=O)O)C)CC,177.37618014571143,202.65479766666667,0.53446,-0.66417,188.0480000000001,4.155327864320697,-8.437162048603,-0.5444998148505,7.8926622337525,2.555229383959745,1,1,1.95382,2,2,ok,False,7.440925703176874,1.12814977105641,1.12814977105641,5.229792782739203,9.652058623614545,18.18,0.5,1.0,1.1131619164319377e-23,1.2363443532430444e-24,8.569075474233284,1.32584563117578,2.714196543365607,0.48848549100712135,True,0.7877156732972548,9.738878246421038e-25
1202823-16-2,O=C(O)C=1C=CC=C(S)C1C(=O)O,174.29142073857753,176.83518166666667,0.53481,-0.65797,156.85600000000005,0.3554768487538956,-8.0368825745175,-0.7415102426125,7.295372331905001,2.640721300639816,1,0,1.3717,3,3,ok,False,3.349889031786688,1.5376125481892444,1.5376125481892444,0.33622381515891053,6.363554248414466,18.18,0.5,1.0,1.030375667050368e-23,1.5586002801807986e-24,4.8875015799759325,1.9456261622273785,2.714196543365607,0.7168331884377097,True,0.5981882231973037,9.323363322761717e-25
110978-93-3,O=C(O)C1=CC(O)=C(O)C(F)=C1C(=O)O,184.20791325825047,163.32678333333334,0.53554,-0.6501,160.77600000000004,1.8855207105730765,-8.13620412995,-0.6220522622429999,7.514151867707,2.5520862627573324,1,2,0.6333,4,4,ok,False,6.294878341687637,1.2427277758819646,1.2427277758819646,3.8591766583714224,8.730580025003851,18.18,0.5,1.0,1.0726711523681259e-23,1.3119052248388329e-24,7.537606117569601,1.7038095817195635,2.714196543365607,0.6277399423723522,True,0.6743153256591365,8.846377989211204e-25
91715-62-7,O=C(O)C1=CC=C(C(=C1C(=O)O)C)C,176.64345445823906,185.66405266666663,0.5347,-0.66465,171.52800000000005,4.23233728689007,-8.4401553009585,-0.52245859296,7.9176967079985,2.536357818881617,1,1,1.69984,2,2,ok,False,7.014277193223839,1.168970077038753,1.168970077038753,4.72313794322287,9.305416443224807,18.18,0.5,1.0,9.371575396671796e-24,1.0767469334279589e-24,8.18324727026259,1.4023269022889309,2.714196543365607,0.5166637271411612,True,0.7657179359053498,8.244844393568717e-25
100118-13-6,O=C(O)C1=CC=C(C(=C1C(=O)O)C)CCC,177.32252011507344,219.77667266666663,0.5345,-0.66431,204.89600000000004,4.215279953929513,-8.416481395965,-0.540418107093,7.876063288872,2.54651485664263,1,1,2.3439200000000007,2,2,ok,False,7.368868920009473,1.1325129118919788,1.1325129118919788,5.149184400674612,9.588553439344334,18.18,0.5,1.0,8.632165909878492e-24,9.601059678493757e-25,8.501381831901451,1.3411862617289274,2.714196543365607,0.49413748794545836,True,0.7833529980033705,7.521018883157361e-25
1504528-59-9,O=C(O)C1=CC=CC(C(=S)N)=C1C(=O)O,170.22498555546653,211.744244,0.53548,-0.64865,179.55200000000005,6.788555148925285,-7.711162295469001,-0.6968835711305,7.014278724338501,2.5196901232887647,1,0,0.7172000000000001,3,3,ok,False,-0.5387205396594332,1.9237016799109066,1.9237016799109066,-4.309106549284009,3.231665469965143,18.18,0.5,1.0,8.387603914473655e-24,1.5842094409815659e-24,1.3849811402514733,2.6797673522640735,2.714196543365607,0.9873151444446093,True,0.37727112164343923,5.976764727172412e-25
1061605-83-1,O=C(O)C=1C=CC=C(OCC=2C=CC=C(Cl)C2)C1C(=O)O,177.8847372844773,282.27922433333333,0.5362,-0.65817,250.5840000000001,6.741668369179843,-8.171578930515,-0.690624952569,7.480953977946,2.62462039924596,1,0,3.315400000000002,2,3,ok,False,6.864884644396258,1.1782898590474207,1.1782898590474207,4.555478957314537,9.17429033147798,18.18,0.5,1.0,5.779314397143041e-24,6.6623212857798575e-25,8.043174503443678,1.674720599026271,2.714196543365607,0.6170225966575049,True,0.683371335056721,4.552839391640191e-25
1061606-33-4,O=C(O)C=1C=CC=C(OCC=2SC=3C=CC=C(F)C3C2)C1C(=O)O,177.08663066877023,328.82062,0.53589,-0.65822,276.02400000000006,4.450032460555765,-7.632249278824,-0.6830057647550001,6.949243514069,2.4874458025460795,1,0,4.015800000000002,2,4,ok,False,7.016801916886464,1.1605879403748318,1.1605879403748318,4.742091352860274,9.291512480912655,18.18,0.5,1.0,4.6220030749330964e-24,5.237050469931782e-25,8.177389857261296,1.410824084212829,2.714196543365607,0.5197943706992587,True,0.7632373756109142,3.997112656612639e-25
103988-64-3,O=C(O)C=1C=C(C(OC)=C(OC)C1C(=O)O)C,176.15140443866633,213.53472466666668,0.53506,-0.65937,206.15200000000004,4.539831380128562,-8.3944401740745,-0.6046369758110001,7.7898031982635,2.599019111536865,1,2,1.40862,2,4,ok,False,6.830849094316805,1.178089935097421,1.178089935097421,4.52183525097673,9.13986293765688,18.18,0.5,1.0,4.237913166979414e-24,4.870273498773186e-25,8.008939029414226,1.4734572862924937,2.714196543365607,0.5428705190470123,True,0.744748724198446,3.627129974708832e-25
29016-74-8,O=C(O)C1=CC(Cl)=CC(C(=O)O)=C1C(=O)O,173.3757793420351,189.45444466666663,0.53848,-0.65324,181.40800000000004,1.8871365053964693,-8.9441101520845,-1.06124401695,7.8828661351345,3.1748322986747004,1,1,1.4346,3,3,ok,False,4.740499130603641,1.384010057116852,1.384010057116852,2.0278892644133872,7.453108996793894,18.18,0.5,1.0,3.6801448251472435e-24,4.961920250151889e-25,6.124509187720493,1.7882163654974381,2.714196543365607,0.6588382001548229,True,0.6478683453790004,3.2146710623684604e-25
153356-62-8,O=C(O)C1=CC(OC)=C(OC)C(Br)=C1C(=O)O,177.04433245667593,222.97106266666665,0.53733,-0.64917,208.96800000000005,4.932105165139932,-8.209946983435499,-0.742870811865,7.467076171570499,2.6835452268793207,1,2,1.8627,2,4,ok,False,7.323955814644952,1.1276802087515998,1.1276802087515998,5.113743219413207,9.534168409876697,18.18,0.5,1.0,3.738626374015297e-24,4.107788376013113e-25,8.451636023396553,1.450740449161276,2.714196543365607,0.5345008830356686,True,0.7514946462002043,3.086980972297286e-25
1070979-76-8,O=C(O)C1=CC(N)=CC(=C1C(=O)O)C,173.28856148725305,188.967048,0.53038,-0.66901,167.05600000000004,4.135715525758512,-7.4752395870855,-0.37551711369,7.0997224733955,2.170309508777682,1,1,0.9736200000000002,3,3,ok,False,0.4401656341678546,1.8085403253601033,1.8085403253601033,-3.1045082681262994,3.9848395364620086,18.18,0.5,1.0,3.2055069349925842e-24,5.640364960936268e-25,2.2487059595279577,2.139944365037399,2.714196543365607,0.7884264572763272,True,0.5370756718209444,3.029302800710161e-25
99595-55-8,O=C(O)C=1C(N)=CC=C(N)C1C(=O)O,169.1025303363783,191.07099433333332,0.52734,-0.69874,161.00000000000003,3.5327110085598568,-6.837132607663,-0.771714880018,6.065417727644999,2.3862560952280853,2,0,0.2473999999999999,4,4,ok,False,-3.049676094712508,2.15850878117841,2.15850878117841,-7.280275566135639,1.1809233767106235,18.18,0.5,1.0,3.865577999488906e-24,8.132326198424481e-25,-0.8911673135340981,2.9590620194378046,2.714196543365607,1.0902165602821687,False,0.3046559571764678,2.4775616220522762e-25
851039-75-3,O=C(O)C=1C(O)=C(C(=C(C1C(=O)O)C)CC)CC=C,170.56521369841693,265.4399,0.53825,-0.6789,238.8400000000001,4.653536209163952,-7.810755964752,-0.617154212934,7.193601751818001,2.4685016078764823,2,2,2.3879200000000003,3,3,ok,False,-0.07332986742152414,1.8549396526107134,1.8549396526107134,-3.7089447800337614,3.562285045190713,18.18,0.5,1.0,2.49572427628861e-24,4.493567168516576e-25,1.7816097851891892,2.3598136226590953,2.714196543365607,0.8694335818926818,True,0.4695808675452903,2.1100931693650477e-25
102326-94-3,O=C(O)C1=CC=2NC(=S)NC2C=C1C(=O)O,185.1729093757269,233.32833966666664,0.53179,-0.6682,181.44800000000004,4.978200495158869,-7.347618191201,-0.5621872151330001,6.785430976068,2.305123351292476,0,2,1.6218899999999998,4,3,ok,False,5.511102774782999,1.3010468480710766,1.3010468480710766,2.961097810364333,8.061107739201665,18.18,0.5,1.0,2.2117093480971404e-24,2.7899499698113295e-25,6.812149622854076,1.471293963809317,2.714196543365607,0.5420734793158755,True,0.7453930193313942,2.079609231781199e-25
1061605-86-4,O=C(O)C=1C=CC=C(OCC2=CC=C(Cl)C=C2)C1C(=O)O,177.9412038610075,282.13500300000004,0.53604,-0.65877,250.71200000000005,5.163659617945397,-8.1555242133355,-0.677019260044,7.4785049532915,2.60793516539702,1,0,3.315400000000002,2,3,ok,False,7.45179638582733,1.109005772404247,1.109005772404247,5.278185013267981,9.625407758386679,18.18,0.5,1.0,2.1493785446115797e-24,2.3105027804537163e-25,8.560802158231578,1.4051216725739,2.714196543365607,0.5176934131791161,True,0.7649028321280169,1.7673101204087052e-25
36440-01-4,O=C(O)C1=CC=C2C=CC(C(=O)O)=C(C(=O)O)C2=C1,177.5758725252949,260.651674,0.53617,-0.65278,209.98400000000004,1.926467580832857,-8.029535500554001,-1.185327932778,6.844207567776001,3.101663240560938,1,1,1.9344,3,3,ok,False,6.511431738163315,1.20023101280824,1.20023101280824,4.159022179931132,8.8638412963955,18.18,0.5,1.0,1.8634823126782015e-24,2.1650772346490535e-25,7.711662750971556,1.393270044510021,2.714196543365607,0.5133268804411505,True,0.7683541754537161,1.6635461334223852e-25
2383978-89-8,O=C(O)C=1C(F)=CC=C(OC)C1C(=O)O,177.50238830498478,169.80170866666666,0.53542,-0.64808,169.36800000000005,4.81674358981252,-8.082869815252002,-0.6914412941204999,7.391428521131502,2.6039802463067065,2,0,1.2307,2,3,ok,False,7.365691820727189,1.1166476490394763,1.1166476490394763,5.177102645188493,9.554280996265884,18.18,0.5,1.0,1.9841704169516692e-24,2.146009704986673e-25,8.482339469766666,1.3927022215285965,2.714196543365607,0.5131176756277362,True,0.7685191873497255,1.6492496345209821e-25
2556479-29-7,O=C(O)C=1C=CC=C(C#CCCCCC(=O)O)C1C(=O)O,171.8490820783649,275.435113,0.53621,-0.65353,256.24800000000005,1.741941990997404,-8.151170391727499,-0.7126661744595001,7.438504217267999,2.640571154402393,1,0,2.0795,3,3,ok,False,1.7917830051995516,1.6648124575312422,1.6648124575312422,-1.4711894525753015,5.054755462974405,18.18,0.5,1.0,1.757952446938882e-24,2.8315268429015156e-25,3.4565954627307938,2.0220538773836068,2.714196543365607,0.7449916927814879,True,0.5740650151221568,1.6254804998890513e-25
53464-95-2,O=C(O)C=1C=CC=C(OC2=CC=C(C=C2)C(C3=CC=C(OC4=CC=CC(C(=O)O)=C4C(=O)O)C=C3)(C)C)C1C(=O)O,182.3848123414205,561.085335,0.53651,-0.65655,474.9600000000001,8.009556679991721,-7.612657081588001,-0.7621908952505,6.850466186337501,2.559609693973769,1,0,6.389900000000004,4,6,ok,False,3.8683970320515506,1.4597687081500945,1.4597687081500945,1.0073029383188041,6.729491125784297,18.18,0.5,1.0,1.716584081991308e-24,2.423826001109459e-25,5.328165740201645,2.0340985905493314,2.714196543365607,0.7494293644730115,True,0.5702705553072657,1.3822365996208804e-25
478-52-4,O=C(O)C1=CC=2OCOC2C(OC)=C1C(=O)O,178.778600377847,197.42887800000003,0.53595,-0.65838,188.00800000000004,6.737024248880212,-7.898920852313999,-0.5885822586315,7.310338593682499,2.463555830388062,1,2,0.8203,2,5,ok,False,6.904693030685178,1.1588725172567647,1.1588725172567647,4.6333446341886475,9.176041427181708,18.18,0.5,1.0,1.4800788438570226e-24,1.6568247355814094e-25,8.063565547941943,1.5771142812996888,2.714196543365607,0.5810611929171736,True,0.7134577136428024,1.182074387754753e-25
92497-14-8,O=C(O)C=1C=CC=C(OCC=2C=CC=CC2)C1C(=O)O,178.11404746288977,269.79432733333334,0.53577,-0.65909,235.68800000000005,5.660050801892153,-8.101917784787,-0.6566107212565,7.4453070635305,2.575844788421678,1,0,2.662000000000001,2,3,ok,False,7.258420102579568,1.121136185123875,1.121136185123875,5.061033557972142,9.455806647186993,18.18,0.5,1.0,1.127389294571719e-24,1.2178610387482874e-25,8.379556287703442,1.4540585741788141,2.714196543365607,0.5357233903097451,True,0.7505120658732226,9.14019404137486e-26
2493699-24-2,O=C(O)C=1C=CC=C(C#CC(O)C(=O)O)C1C(=O)O,167.82250524264518,230.71635333333333,0.53617,-0.64924,214.52800000000005,4.320237378894822,-8.456754245839,-0.7491294304264999,7.707624815412501,2.7488459898652966,1,0,-0.1200000000000002,4,4,ok,False,-2.307892860546202,2.0576685784666218,2.0576685784666218,-6.340849166460511,1.7250634453681064,18.18,0.5,1.0,9.92984159749932e-25,1.9664206379529158e-25,-0.25022428207958036,3.0585252233709106,2.714196543365607,1.126862102468945,False,0.28088268217559476,5.523335030736591e-26
110978-92-2,O=C(O)C1=CC(O)=CC(F)=C1C(=O)O,182.31046498207763,155.0460628333333,0.53462,-0.65617,152.45600000000005,4.01041409707277,-8.411039118955,-0.705863328197,7.705175790757999,2.696820698451233,1,1,0.9277,3,3,ok,False,7.066265158341371,1.1334055194501618,1.1334055194501618,4.844831160340142,9.2876991563426,18.18,0.5,1.0,6.118824694222862e-25,6.644920882267924e-26,8.199670677791532,1.4050480451924172,2.714196543365607,0.5176662864105471,True,0.764924315462314,5.082861557170028e-26
1525857-54-8,O=C(O)C1=CC=CC(C2=NC(=CS2)CN)=C1C(=O)O,170.61766299893557,260.928959,0.53556,-0.64941,226.00800000000007,3.617580210582759,-8.151170391727499,-0.7132104021605,7.437959989566999,2.6410886509630447,1,0,1.6652,3,5,ok,False,0.7683362955488988,1.7473608415106436,1.7473608415106436,-2.656428021807564,4.193100612905361,18.18,0.5,1.0,5.8747586224650755e-25,9.832144937744436e-26,2.5156971370595427,2.2199682213341583,2.714196543365607,0.8179098992519513,True,0.5122325267173841,5.0363444445123694e-26
1099520-06-5,O=C(O)C=1C=CC=C(OC(C)C)C1C(=O)O,177.2111871540061,205.84793166666668,0.53575,-0.66121,197.18400000000003,5.094369288734376,-8.026542248198501,-0.6440934841335,7.382448764065001,2.545900635597372,1,0,1.8702,2,3,ok,False,6.966663906356075,1.1419348058027021,1.1419348058027021,4.728512814290038,9.204814998422112,18.18,0.5,1.0,5.478239426023278e-25,5.988004585612265e-26,8.108598712158777,1.4659696808488931,2.714196543365607,0.5401118369383409,True,0.7469770655460378,4.472902093836868e-26
36439-99-3,O=C(O)C1=CC=CC=2C1=CC=C(C(=O)O)C2C(=O)O,177.76872944124796,257.16142833333333,0.53653,-0.65357,209.52800000000005,4.881552885097118,-8.051848836295001,-1.2443766383365,6.807472197958501,3.173711385156454,1,1,1.9344,3,3,ok,False,6.079668881406458,1.2257430391908228,1.2257430391908228,3.677256670291777,8.482081092521138,18.18,0.5,1.0,4.347675288860982e-25,5.090335699969137e-26,7.3054119205972805,1.8169384094879018,2.714196543365607,0.6694203534851223,True,0.6388257141218797,3.251837338652882e-26
22931-21-1,O=C(O)C1=CC=C2NC=3C=CC=CC3C2=C1C(=O)O,171.78212558258787,281.555719,0.53382,-0.65596,210.92800000000005,5.73580927681526,-7.4240821831915005,-0.5210980237075,6.902984159484,2.286181130568404,1,1,2.717500000000001,3,2,ok,False,-0.3735987258980398,1.851060759741457,1.851060759741457,-4.001611148186646,3.254413696390566,18.18,0.5,1.0,3.775515482139116e-25,6.667042118623962e-26,1.4774620338434172,2.3605981635564497,2.714196543365607,0.8697226327719455,True,0.4693448663920017,3.129141992395411e-26
62351-68-2,O=C(O)C=1C=C(N)C=C(N)C1C(=O)O,177.72008621036824,191.87851933333332,0.52934,-0.6713,160.90400000000002,5.1124615538896725,-7.372380551596501,-0.304223284859,7.068157266737501,2.084356793361368,1,1,0.2473999999999999,4,4,ok,False,-0.14676309252865494,1.8263195550138458,1.8263195550138458,-3.7262836446170104,3.4327574595597006,18.18,0.5,1.0,3.2222901435344953e-25,5.6060593618998e-26,1.6795564624851909,2.270504377198916,2.714196543365607,0.8365290946776787,True,0.496694104517208,2.784496634629132e-26
1061606-39-0,O=C(O)C=1C=CC=C(OCC=2SC(Cl)=CC2)C1C(=O)O,176.80306794739374,273.0535396666667,0.53593,-0.65811,242.2800000000001,5.752277618474268,-8.0956591662255,-0.6702164137815,7.425442752444001,2.587070469935003,1,0,3.376900000000002,2,4,ok,False,6.62929475998286,1.1689234320837567,1.1689234320837567,4.338246932413746,8.920342587551975,18.18,0.5,1.0,3.200471424811852e-25,3.563606580135459e-26,7.798218192066617,1.5702910725048649,2.714196543365607,0.5785472965630197,True,0.7155405740252452,2.5499050979502673e-26
601-97-8,O=C(O)C=1C=CC=C(O)C1C(=O)O,182.42492572506205,155.08731466666666,0.53479,-0.65864,147.39200000000002,3.851036952562257,-8.241784303944,-0.6587876320605,7.5829966718835,2.6117702610145623,1,0,0.7886,3,3,ok,False,6.8954526717387905,1.1398602369312099,1.1398602369312099,4.661367659944327,9.129537683533254,18.18,0.5,1.0,2.3571193102084406e-25,2.5522968137702563e-26,8.03531290867,1.3903618306531125,2.714196543365607,0.5122553980298944,True,0.7691989788544075,1.963224102885439e-26
2511739-37-8,O=C(O)C=1C=NC=C(OC2=CC=CC(C(=O)O)=C2C(=O)O)C1,179.65899578610438,270.88468866666665,0.53638,-0.65338,242.43200000000004,2.205383594751716,-8.2768869906585,-0.9194727008395,7.357414289819,2.8737348558867737,1,0,1.9685,3,5,ok,False,6.636384988470323,1.1637332010313945,1.1637332010313945,4.355509826835279,8.917260150105367,18.18,0.5,1.0,2.111740628042581e-25,2.3321972213517593e-26,7.800118189501718,1.3695527153106144,2.714196543365607,0.5045886299790093,True,0.7752190181385168,1.807963640041688e-26
108670-54-8,O=C(O)C=1C(O)=CC=2C=CC=CC2C1C(=O)O,170.82385363623305,236.93882900000003,0.53279,-0.65263,190.85600000000005,3.317131551506512,-7.562588133096,-0.9227380670455,6.639850066050499,2.7109332291608177,2,1,1.9418,3,3,ok,False,1.177810043940708,1.690628339365848,1.690628339365848,-2.1357606124591144,4.49138070034053,18.18,0.5,1.0,2.0389949452825928e-25,3.2703908385143775e-26,2.868438383306556,2.1565111761980695,2.714196543365607,0.7945302198064084,True,0.5319114397219787,1.7395582993677517e-26
927673-52-7,O=C(O)C=1C=CC=C(NC2=CC=C3C(=C2)CCC3)C1C(=O)O,172.05754399848405,309.0819066666666,0.53612,-0.65734,261.83200000000005,3.5342694209694883,-7.051014094156001,-0.722190159227,6.328823934929001,2.386806181766906,1,0,3.315300000000001,3,3,ok,False,0.5551232741838739,1.7489502367457015,1.7489502367457015,-2.8727562005905023,3.98300274895825,18.18,0.5,1.0,1.8210915051033862e-25,3.018609806706443e-26,2.3040735109295754,2.128792180725813,2.714196543365607,0.7843176228078562,True,0.5405575708862567,1.6317323845666677e-26
695154-17-7,O=C(O)C1=C(F)C(F)=C(C(F)=C1C(=O)O)CCS,181.3494354172432,203.268156,0.53689,-0.63938,206.20800000000008,3.9646631269251618,-8.231988205326001,-0.871852777002,7.360135428324001,2.815162894712784,2,2,1.9726000000000004,3,3,ok,False,6.900502752999925,1.1376946903858105,1.1376946903858105,4.670662134441288,9.130343371558562,18.18,0.5,1.0,2.010364306443833e-25,2.1696069287199356e-26,8.038197443385735,1.4699888410780848,2.714196543365607,0.5415926288283076,True,0.7457815309662104,1.618052776895651e-26
675139-09-0,O=C(O)C1=CC=C(C=C1C(=O)O)CNC(=O)OC(C)(C)C,181.9216432577986,266.345892,0.5321,-0.66498,262.68000000000006,4.406165093366339,-8.744106471967001,-0.6811009678015,8.0630055041655,2.754386538517613,0,1,2.1077,3,4,ok,False,6.897725307030099,1.1378007652795983,1.1378007652795983,4.667676785499975,9.127773828560223,18.18,0.5,1.0,1.9795998219584825e-25,2.1363108415747708e-26,8.035526072309697,1.4618013828195306,2.714196543365607,0.5385760977378945,True,0.7482155208318922,1.5984209289876852e-26
1344518-77-9,O=C(O)C1=CC=CC(=C1C(=O)O)CC(N)CC(=O)O,168.3152857334783,234.7049693333333,0.53461,-0.65829,229.36000000000004,3.999424079789489,-8.468727255261,-0.5820515262195,7.8866757290414995,2.5966769576201814,1,0,0.4274999999999998,4,4,ok,False,-2.714975070417232,2.070872642355043,2.070872642355043,-6.773810866002412,1.3438607251679482,18.18,0.5,1.0,2.5411665676181665e-25,5.0023821954892715e-26,-0.644102428062189,3.028402066294298,2.714196543365607,1.115763732621616,False,0.28796143702399807,1.440493165556353e-26
518-90-1,O=C(O)C1=CC=C(OC)C(OC)=C1C(=O)O,177.63992982250932,198.1071203333333,0.53433,-0.65795,189.33600000000004,6.360190720410828,-8.0825977014015,-0.4933424109565,7.589255290445,2.42272614360949,1,1,1.1001999999999998,2,4,ok,False,6.397166916595147,1.1835989199130816,1.1835989199130816,4.077355661424999,8.716978171765295,18.18,0.5,1.0,1.568945919592744e-25,1.7576588620094461e-26,7.580765836508228,1.595064224408214,2.714196543365607,0.5876745471167436,True,0.7079644677590139,1.2443600207444316e-26
1061606-48-1,O=C(O)C=1C=CC=C(OCC2=CC=C(OC)C=C2)C1C(=O)O,177.52484156934736,291.9919693333333,0.53581,-0.6594,261.1840000000001,6.221778708697377,-7.6978287167945,-0.6528011273495,7.045027589445,2.474547399160786,1,0,2.6706000000000003,2,4,ok,False,6.510686906307005,1.1721682928773243,1.1721682928773243,4.213279268447652,8.808094544166359,18.18,0.5,1.0,1.4990267361244426e-25,1.6624385469438604e-26,7.6828551991843295,1.5846346120544859,2.714196543365607,0.5838319321155486,True,0.7111586590208945,1.18225756774924e-26
2583588-26-3,O=C(O)C=1C=CC=C(C#CC(O)C)C1C(=O)O,170.72240102646376,225.29270266666663,0.53609,-0.65076,203.0480000000001,3.81642669260134,-8.347908705639,-0.7257276392835,7.6221810663555,2.700371317709478,1,0,0.8152999999999999,3,3,ok,False,0.9606427978207801,1.702557747110103,1.702557747110103,-2.3763090681146752,4.297594663756236,18.18,0.5,1.0,1.1458917037716575e-25,1.8414443522008515e-26,2.6632005449308833,2.2110320364367047,2.714196543365607,0.814617512442567,True,0.5149931437168866,9.483312159196224e-27
927672-52-4,O=C(O)C=1C=CC=C(NC2=CC=C(C=C2)C(C)C)C1C(=O)O,171.72634192576658,314.10511833333334,0.53606,-0.65694,272.05600000000004,3.960618624659537,-7.141628006372501,-0.7235507284795,6.418077277893,2.4096405298923327,1,0,3.950000000000002,3,3,ok,False,0.36202162594974396,1.75871606328063,1.75871606328063,-3.0849985171123575,3.8090417690118454,18.18,0.5,1.0,1.0529895378105013e-25,1.7466617631798087e-26,2.120737689230374,2.1791423621402024,2.714196543365607,0.8028682990797944,True,0.5248737583101911,9.167769241368912e-27
20736-29-2,O=C(O)C1=CC(OC)=C(O)C(OC)=C1C(=O)O,175.94506146830858,204.23781666666665,0.53552,-0.65545,197.99200000000005,1.484955224914206,-7.8997371938655006,-0.53334314698,7.3663940468855005,2.413556876760582,1,2,0.8057999999999998,3,5,ok,False,3.1001391458212506,1.494777626887491,1.494777626887491,0.17042883222551763,6.029849459416983,18.18,0.5,1.0,9.749776287069461e-26,1.3736167587899148e-26,4.594916772708742,1.7359766860366626,2.714196543365607,0.639591370153338,True,0.6642630018695177,9.12442791612066e-27
2574957-27-8,O=C(O)C=1C=CC=C(C#CC(O)CCC)C1C(=O)O,170.7003555597624,258.420879,0.53664,-0.65194,236.6320000000001,3.939611365350648,-8.283417723070501,-0.7404217872105,7.542995935860001,2.6988507020196484,1,0,1.5955,3,3,ok,False,0.9130796851923773,1.7054964954468765,1.7054964954468765,-2.429632021642781,4.255791392027536,18.18,0.5,1.0,1.0320926503829597e-25,1.659899392301076e-26,2.618576180639254,2.2272038528321185,2.714196543365607,0.8205757458044594,True,0.5099999993172226,8.46548688940207e-27
2541919-62-2,O=C(O)C=1C=CC=C(C#CC2=CC=CC(N)=C2)C1C(=O)O,171.0425787488922,323.3680336666667,0.53632,-0.65223,244.46400000000008,4.330587622944489,-7.25455525433,-0.7991983789185,6.455356875411501,2.5119814766603707,1,0,2.065,3,3,ok,False,0.2959322146428178,1.763928209565359,1.763928209565359,-3.161303547419507,3.7531679767051425,18.18,0.5,1.0,9.814656709992359e-26,1.6318330949791845e-26,2.0598604242081766,2.254005937621759,2.714196543365607,0.8304505225059307,True,0.5017526196312034,8.187765302067002e-27
927672-71-7,O=C(O)C=1C=CC=C(NC=2C=CC=CC2OC=3C=CC=CC3)C1C(=O)O,172.82182452554773,382.9288153333334,0.53328,-0.66751,300.80000000000007,3.09116788447344,-7.078769706907,-0.692801863373,6.385967843534,2.3644546195585137,1,0,4.618900000000004,3,4,ok,False,0.9433205142000887,1.7004110068350589,1.7004110068350589,-2.3894238181121183,4.276064846512296,18.18,0.5,1.0,8.966787526886643e-26,1.4360351751746004e-26,2.6437315210351473,2.0373056505976908,2.714196543365607,0.7506109517299102,True,0.5692606867338273,8.174783699938251e-27
927672-42-2,O=C(O)C=1C=CC=C(NC2=CC=C3OCOC3=C2)C1C(=O)O,178.8965486291302,300.40862866666663,0.53265,-0.66861,245.4000000000001,2.2585590561240587,-6.9135965996535,-0.6805567401005,6.233039859553,2.3131235419306586,1,0,2.5553,3,5,ok,False,4.278288951057765,1.3802857489077578,1.3802857489077578,1.5729785948246633,6.983599307290866,18.18,0.5,1.0,8.684114318466266e-26,1.1286167524571004e-26,5.658574699965523,1.6515329101740615,2.714196543365607,0.6084794832603238,True,0.690563545899127,7.793815865379326e-27
2167306-51-4,O=CC=1C(O)=C(O)C=C(C(=O)O)C1C(=O)O,173.3370464443239,189.35641866666663,0.536,-0.66061,174.24000000000004,7.648147588795603,-8.1587895795415,-1.12110906406,7.037680515481499,3.059122911521692,1,2,0.3067,4,5,ok,False,0.7878564843121705,1.7224499818209114,1.7224499818209114,-2.5880834452284867,4.163796413852827,18.18,0.5,1.0,1.4116547309735845e-25,2.2992700834837376e-26,2.510306466133082,2.8688214514438726,2.714196543365607,1.0569689429662785,False,0.32720010727525106,7.523214179706545e-27
2511070-60-1,O=C(O)C=1C=CC=C(C#CCNCC)C1C(=O)O,170.93329496349952,247.81062966666664,0.53652,-0.65331,223.23200000000008,3.802733277525522,-7.992528016885999,-0.7300814608915001,7.262446555994499,2.6190869535216548,1,0,1.0439999999999998,3,3,ok,False,0.7469757444055691,1.7169529348891908,1.7169529348891908,-2.6181901711275892,4.112141659938727,18.18,0.5,1.0,7.748844973838738e-26,1.2514476159460501e-26,2.46392867929476,2.2009677829884424,2.714196543365607,0.8109095077761906,True,0.5181066189560732,6.483832930984464e-27
1344532-28-0,O=C(O)C1=CC=CC(=C1C(=O)O)C(N)C,171.01307628553417,194.92170366666667,0.53488,-0.6593,183.96000000000004,3.568424512302313,-8.5740353154045,-0.6000110403525,7.974024275051999,2.638665360001975,1,0,1.1027,3,3,ok,False,0.9092446928479934,1.6993079994109268,1.6993079994109268,-2.4213377846382347,4.239827170334221,18.18,0.5,1.0,6.758867144294063e-26,1.0790537822562935e-26,2.60855269225892,2.1649086940989957,2.714196543365607,0.7976241438339268,True,0.5292976844717978,5.711406683687916e-27
1344496-53-2,O=C(O)C1=CC=CC(=C1C(=O)O)C(N)C=C,172.13519736800905,213.4500746666667,0.53519,-0.65866,194.99200000000005,2.210770919837693,-8.369949927529499,-0.637834865572,7.732115061957499,2.623479676280476,1,0,1.2688,3,3,ok,False,1.6948600403710632,1.6201552128198247,1.6201552128198247,-1.4805858261206195,4.870305906862746,18.18,0.5,1.0,5.1351009053641127e-26,7.797595397985836e-27,3.3150152531908876,1.967147774431878,2.714196543365607,0.7247624639565019,True,0.5913893799727619,4.611415107693305e-27
1504454-39-0,O=C(O)C1=CC=CC(=C1C(=O)O)CN,171.0699437352554,177.95586400000002,0.53334,-0.66554,167.66400000000004,3.923985639627138,-8.510360674387499,-0.5597381904785,7.950622483908999,2.586800391571236,1,0,0.5417000000000001,3,3,ok,False,0.6522190537698869,1.7170018563507514,1.7170018563507514,-2.7130427460660016,4.017480853605775,18.18,0.5,1.0,4.33873119472372e-26,6.971912997890029e-27,2.3692209101206383,2.20537975960132,2.714196543365607,0.8125350262463478,True,0.5167411696153492,3.6026744769861494e-27
2083622-36-8,O=C(O)C1=CC=C(C=C1C(=O)O)CN(CC=2C=CC=CC2C)CCC(=O)O,182.091037621336,368.2082173333333,0.53202,-0.66673,334.4720000000001,3.559302164750838,-7.698645058346,-0.644365597984,7.054279460362,2.4667943481241106,0,1,2.8683200000000006,3,4,ok,False,6.307550613702548,1.1764110410092607,1.1764110410092607,4.001827342309125,8.613273885095971,18.18,0.5,1.0,3.602320983761765e-26,3.959673618262011e-27,7.483961654711809,1.4200871793092644,2.714196543365607,0.523207202065166,True,0.7605253942718094,3.0114323397163984e-27
93236-57-8,O=C(O)C1=C(Cl)C(O)=C(O)C(Cl)=C1C(=O)O,168.98067025147867,194.83657133333332,0.53565,-0.64053,185.36000000000004,3.4794182746545435,-8.2904926831835,-0.535520057784,7.7549726253995,2.5112435809439,2,2,1.8010000000000002,4,4,ok,False,-2.734192461122168,2.040434053075163,2.040434053075163,-6.733369717978576,1.26498479573424,18.18,0.5,1.0,4.557737638326878e-26,8.707153157394469e-27,-0.6937584080470054,2.923991723083162,2.714196543365607,1.0772955002946871,False,0.3133089248124742,2.7280287939208007e-27
2578630-50-7,O=C(O)C=1C=CC=C(C#CCNC)C1C(=O)O,171.25942120199062,231.52641000000003,0.53645,-0.65315,206.70400000000004,3.4478981495978096,-8.065998756521001,-0.730353574742,7.335645181779001,2.63698053880488,1,0,0.6538999999999999,3,3,ok,False,1.0261179592856493,1.6721829765110428,1.6721829765110428,-2.2513004502369816,4.30353636880828,18.18,0.5,1.0,2.347764976468141e-26,3.654705080693993e-27,2.6983009357966923,2.125124701665083,2.714196543365607,0.7829664019208888,True,0.5417035480281719,1.979766709208522e-27
2733477-28-4,O=C(O)C=1C=CC=C(OO)C1C(=O)O,181.6508607359438,162.646186,0.53599,-0.65239,156.57600000000005,3.96242499487372,-8.4085900943005,-0.7088565805525,7.699733513748,2.699049055410876,1,0,0.9348,3,4,ok,False,6.653647061396995,1.1392622698737496,1.1392622698737496,4.420734043499095,8.886560079294895,18.18,0.5,1.0,2.3760084615690705e-26,2.5201724535661473e-27,7.792909331270745,1.4527786098098852,2.714196543365607,0.5352518089970146,True,0.7508912091463072,1.8923753409155004e-27
1005516-64-2,O=C(O)C=1C=CC=C(C1)C=2C=CC=C(C(=O)O)C2C(=O)O,170.9965618313654,277.713864,0.53484,-0.65608,238.17600000000004,3.927854246277476,-8.3781133430445,-0.7066796697485,7.671433673296001,2.6896362401133924,1,0,2.4482,3,3,ok,False,0.9837576768741787,1.6728661982135185,1.6728661982135185,-2.294999822578761,4.262515176327119,18.18,0.5,1.0,1.876627563868296e-26,2.9168808377969467e-27,2.656623875087697,2.189411716810267,2.714196543365607,0.806651869836734,True,0.5216871297376882,1.5216991920571523e-27
2503103-60-2,O=C(O)C=1C=CC=C(C#CC(NC)C)C1C(=O)O,171.40607741621915,248.572242,0.53635,-0.65305,223.2800000000001,3.324554968713858,-8.0760669689895,-0.717836337619,7.3582306313705,2.627422924075171,1,0,1.0423999999999998,3,3,ok,False,1.0828789289532743,1.6623212131379148,1.6623212131379148,-2.1752107795339697,4.340968637440518,18.18,0.5,1.0,1.7326779453060945e-26,2.67433374475389e-27,2.745200142091189,2.1016656832405802,2.714196543365607,0.7743233217129192,True,0.5490440485443226,1.4683270263783751e-27
1630310-03-0,O=C(O)C1=CC=C2NC(C)CC2=C1C(=O)O,181.00746895737743,220.92869733333336,0.53139,-0.66383,190.47200000000004,6.871864929551512,-7.2270717554295,-0.3434076793309999,6.8836640760985,2.081455393470292,1,1,1.4395,3,3,ok,False,3.716280063600868,1.4109969071239477,1.4109969071239477,0.9507769433405229,6.4817831838612125,18.18,0.5,1.0,1.4112738096433596e-26,1.8456932611663716e-27,5.127276970724815,1.738328220390752,2.714196543365607,0.6404577533781776,True,0.6635267338477351,1.2246668212664973e-27
73322-58-4,O=C(O)C1=CC(OC)=CC(C(=O)O)=C1C(=O)O,171.841456253472,199.1672526666667,0.53638,-0.65803,191.99200000000005,2.4825041490398365,-8.2877715446785,-0.7845042309915,7.503267313687001,2.7423449115184395,1,1,0.7898000000000001,3,4,ok,False,1.9256638401231712,1.5798070305517142,1.5798070305517142,-1.1707010422813577,5.0220287225277005,18.18,0.5,1.0,1.4077120506600676e-26,2.0612501574173728e-27,3.5054708706748854,1.9728394391343145,2.714196543365607,0.7268594619489093,True,0.5895918993539637,1.2152963953553656e-27
69933-19-3,O=C(O)C1=CC=C(C(=O)O)C(C(=O)O)=C1O,179.48992595883493,185.53930466666665,0.54187,-0.65207,172.82400000000004,6.174848903414561,-8.424372697629499,-1.1164831286015,7.307889569027999,3.114029332172618,1,1,0.4867999999999999,4,4,ok,False,4.849651913281931,1.3057463731097294,1.3057463731097294,2.2904360490430613,7.4088677775208005,18.18,0.5,1.0,1.6244695641206672e-26,1.9684023106899903e-27,6.1553982863916605,1.8954389424172358,2.714196543365607,0.6983425526240222,True,0.6140479123074245,1.2086933294602988e-27
16524-16-6,O=C(O)C=1C=CC=C(NC(=O)C=2C=CC=CC2)C1C(=O)O,172.7944114249513,282.4592426666666,0.53503,-0.64688,241.26400000000007,8.602624056065684,-8.385460417008,-0.6870874725125,7.6983729444955,2.6730039516498443,1,0,2.3353,3,3,ok,False,0.48561902038882465,1.7174875442215194,1.7174875442215194,-2.8805947101814966,3.851832750959146,18.18,0.5,1.0,1.595348562801509e-26,2.542292684311343e-27,2.2031065646103443,2.7802667752181933,2.714196543365607,1.0243424640761862,False,0.35019067619645533,8.902871942082907e-28
1185300-97-3,O=C(O)C=1C=CC=C(NC(=O)OCC2C=3C=CC=CC3C=4C=CC=CC42)C1C(=O)O,172.2083890514532,427.1767136666666,0.53522,-0.66321,343.8640000000001,2.828921004552796,-7.492110645816501,-0.7845042309915,6.707606414825001,2.553159412707831,1,0,4.444000000000003,3,4,ok,False,1.297295144108432,1.630736923273503,1.630736923273503,-1.8988904937672912,4.493480781984156,18.18,0.5,1.0,7.879108333034366e-27,1.1850500145680659e-27,2.9280320673819347,1.9964843639289858,2.714196543365607,0.735571036227665,True,0.5821281017696734,6.898509154826321e-28
1005516-20-0,O=C(O)C=1C=CC=C(OCCCO)C1C(=O)O,182.25997464890685,209.62313333333336,0.53588,-0.66015,205.95200000000008,4.434218670746854,-8.0575632271555,-0.6576991766585,7.399864050496999,2.566121426319729,1,0,0.8442000000000001,3,4,ok,False,6.4465314447900415,1.1473776790139112,1.1473776790139112,4.197712517257617,8.695350372322466,18.18,0.5,1.0,7.654107582106447e-27,8.097864678702454e-28,7.593909123803953,1.3969979210104255,2.714196543365607,0.5147003537474654,True,0.7672700495283741,6.213249033102103e-28
143330-20-5,N#CC1=CC=C(C=C1)C(=O)NC2=CC=CC(C(=O)O)=C2C(=O)O,172.50236553260535,307.489247,0.5366,-0.64686,259.04800000000006,6.358201337642588,-8.409406435852,-1.025324988684,7.384081447168,3.013718012524987,1,0,2.20698,3,4,ok,False,2.3241675267440325,1.5332134184985664,1.5332134184985664,-0.6808755541266951,5.32921060761476,18.18,0.5,1.0,7.208950184002923e-27,1.0186496169404899e-27,3.857380945242599,2.304068000651548,2.714196543365607,0.8488950464119673,True,0.4864492011222692,4.9552129238420685e-28
2531109-04-1,O=C(C#CC1=CC=CC(C(=O)O)=C1C(=O)O)N,172.0003557283699,221.682079,0.53645,-0.6476,192.32000000000005,5.18907112786094,-8.6273696301025,-1.0027395390925,7.624630091009999,3.0407705522645534,1,0,-0.0801999999999997,3,3,ok,False,2.547702396268429,1.5107132428026977,1.5107132428026977,-0.4132411505925728,5.50864594312943,18.18,0.5,1.0,6.4097334956186025e-27,8.91543719170574e-28,4.058415639071127,2.165172405340191,2.714196543365607,0.797721303798941,True,0.5292156477262978,4.718188868171679e-28
13935-10-9,O=C(O)C=1C(Cl)=CC(Cl)=C(O)C1C(=O)O,171.83882363158676,187.95235966666667,0.54317,-0.64337,175.67200000000005,3.970730318216033,-8.2317160914755,-1.0658699524085,7.165846139067,3.015872255899488,2,1,2.0954,3,3,ok,False,2.6856653594711855,1.4935108161628714,1.4935108161628714,-0.24156205072906412,5.612892769671435,18.18,0.5,1.0,4.606781969463358e-27,6.317187385099311e-28,4.179176175634057,2.0599573073043183,2.714196543365607,0.7589565731116762,True,0.5621339682260699,3.5511056128135455e-28
1344512-43-1,O=C(O)C1=CC=CC(=C1C(=O)O)C2CNCC2,171.92759022287424,222.9961383333333,0.53504,-0.66189,207.15200000000004,3.793914508789042,-8.0178346049825,-0.5989225849505,7.418912020032,2.5020011111394003,1,0,1.1599,3,3,ok,False,0.7396144176564707,1.6704052539300704,1.6704052539300704,-2.534319719632951,4.013548554945892,18.18,0.5,1.0,3.2972305407230245e-27,5.042867288301262e-28,2.410019671586541,2.113951613080805,2.714196543365607,0.778849865625244,True,0.5451975280553368,2.749358779892968e-28
2411-45-2,O=C(O)C1=CC(OC)=C(C(=O)O)C(OC)=C1C(=O)O,173.90576478845054,221.03038266666667,0.53769,-0.6553,217.8640000000001,1.779815386493779,-8.2888600000805,-1.0158010039165,7.273058996164001,2.9759388877831623,1,2,0.7984,3,5,ok,False,4.04210096579792,1.3605426930293447,1.3605426930293447,1.3754862880312704,6.70871564356457,18.18,0.5,1.0,2.691369024076638e-27,3.347030607090262e-28,5.402643658827265,1.7093541683523803,2.714196543365607,0.6297827519273085,True,0.672585313973526,2.2511636317488053e-28
927672-63-7,O=C(O)C=1C=CC=C(NC=2C=CC=3C=CC=CC3C2)C1C(=O)O,179.62433545066966,362.84492066666667,0.5345,-0.66921,264.27200000000005,2.764938948693081,-7.028700758415,-0.7023258481405,6.3263749102745,2.3618886502521432,1,0,3.979800000000002,3,3,ok,False,4.678027940621554,1.299316114615649,1.299316114615649,2.131415151442365,7.224640729800743,18.18,0.5,1.0,2.2243970367509705e-27,2.6376456913246117e-28,5.977344055237204,1.5935833463132674,2.714196543365607,0.5871289425257399,True,0.7084184029990257,1.8685567483254425e-28
569-51-7,O=C(O)C1=CC=CC(C(=O)O)=C1C(=O)O,172.5591806954674,173.87504966666663,0.53638,-0.65415,166.56000000000003,2.4828779692123413,-9.184386682076,-0.7714427661675001,8.4129439159085,2.94541782856426,1,0,0.7811999999999999,3,3,ok,False,3.0786490462128313,1.4466801543239627,1.4466801543239627,0.24320804658901718,5.914090045836645,18.18,0.5,1.0,2.042957721966254e-27,2.6953557480865605e-28,4.5253292005367936,1.8533692949760134,2.714196543365607,0.6828426996218311,True,0.6273352749819943,1.6908917394001812e-28
114841-61-1,O=C(O)C=1C=C(C(=O)O)C(C(=O)O)=C(C1)CC,173.33978057951776,209.75435566666667,0.53683,-0.65398,199.44000000000003,2.719652053112677,-8.831727131828,-0.986684821913,7.845042309915,3.072042491457534,1,1,1.3436,3,3,ok,False,3.9501355932639894,1.365381166587645,1.365381166587645,1.2740376815829215,6.626233504945057,18.18,0.5,1.0,1.9590947339791286e-27,2.438615758616994e-28,5.315516759851635,1.7755604136664374,2.714196543365607,0.6541753278724393,True,0.651847031010141,1.58960444202903e-28
37141-01-8,O=C(O)C1=CC(N)=CC(C(=O)O)=C1C(=O)O,172.64175950014325,193.82896,0.53513,-0.6654,178.16000000000005,7.848272277386916,-7.6542905007145,-0.759197642895,6.8950928578195,2.566563794074965,1,1,0.3633999999999999,4,4,ok,False,-1.8648692784335221,1.9098945019412161,1.9098945019412161,-5.60819371650937,1.8784551596423258,18.18,0.5,1.0,2.7443742479981037e-27,4.791783568775363e-28,0.045025223507694,2.9835942646454483,2.714196543365607,1.0992550528215572,False,0.29868622505215103,1.4312397454244377e-28
2597372-85-3,O=C(O)C=1C=CC=C(C#CCCC(O)C)C1C(=O)O,176.28913786591593,258.43869666666666,0.53638,-0.65366,236.68800000000005,1.2485571592842677,-8.1664087673555,-0.722190159227,7.444218608128501,2.6533070506343663,1,0,1.5955,3,3,ok,False,4.118102696246789,1.3468521985404314,1.3468521985404314,1.4783208946089528,6.757884497884625,18.18,0.5,1.0,1.5133511874953906e-27,1.8542621750045326e-28,5.46495489478722,1.6158648834017666,2.714196543365607,0.5953381995682937,True,0.701574929514893,1.300903854730937e-28
75543-83-8,O=C(O)C=1C=C(C(=O)O)C(C(=O)O)=C(C1C(=O)O)C,175.50427239666135,217.990348,0.53812,-0.64919,210.04000000000005,2.92709186394961,-9.010233817756,-1.201110536107,7.809123281649001,3.338132519888694,1,2,0.78782,4,4,ok,False,4.280543117206482,1.3334979792822554,1.3334979792822554,1.6669351043563219,6.894151130056642,18.18,0.5,1.0,1.7539546956627815e-27,2.1303404362729203e-28,5.614041096488737,2.053560481693777,2.714196543365607,0.7565997704600123,True,0.5641454263064226,1.2018218135989969e-28
2304464-21-7,O=C(O)C1=CC=C(N)C(F)=C1C(=O)O,182.43001773553732,170.39746866666664,0.53379,-0.64973,155.44800000000004,5.398504609611813,-7.6706173317444994,-0.489260703199,7.181356628545499,2.317932842956413,1,1,0.8043000000000002,3,3,ok,False,5.547465374861386,1.2113827279579812,1.2113827279579812,3.173198856569861,7.921731893152911,18.18,0.5,1.0,1.1009128929992187e-27,1.2100799326017636e-28,6.758848102819368,1.4471249717370642,2.714196543365607,0.53316882127579,True,0.7525641837469036,9.106628167469544e-29
1344408-17-8,O=C(O)C1=CC=C2C(=C1C(=O)O)CCC2N,177.32009841938816,210.5196576666667,0.53362,-0.6623,190.96000000000004,1.5335595977985337,-8.2790639014625,-0.6119840497745,7.667079851688,2.5776023988387085,1,1,1.029,3,3,ok,False,4.34124889649235,1.3217056005750827,1.3217056005750827,1.7507535212003056,6.931744271784394,18.18,0.5,1.0,1.0117143585208743e-27,1.2124750634842598e-28,5.662954497067433,1.5608257136787205,2.714196543365607,0.5750599445327178,True,0.7184250166955503,8.710724177266178e-29
34163-34-3,O=C(O)C1=CC(Br)=CC(C(=O)O)=C1C(=O)O,172.59647938243486,199.327666,0.53826,-0.64972,186.35200000000003,4.132777843049394,-8.825196399416,-0.9907665296705,7.834429869745501,3.074669434379992,1,1,1.5437,3,3,ok,False,3.23540007250552,1.4249909954666922,1.4249909954666922,0.4424690430969238,6.028331101914116,18.18,0.5,1.0,1.132174311629471e-27,1.464213813262748e-28,4.6603910679722125,1.9959114074743816,2.714196543365607,0.7353599400725229,True,0.5823088851945889,8.526247132875487e-29
1630495-48-5,O=C(O)C1=CC=C2NC(C)CC2=C1C(=O)O,176.9796683945458,221.57293633333333,0.53167,-0.6631,190.61600000000004,7.005622742483356,-7.2433985864595,-0.341230768527,6.9021678179325,2.083642558757527,1,1,1.4395,3,3,ok,False,1.3134096082503088,1.5984169477100323,1.5984169477100323,-1.8194300415397975,4.446249258040416,18.18,0.5,1.0,8.473331410763307e-28,1.2263012372419545e-28,2.9118265559603413,2.165104957837962,2.714196543365607,0.7976964539027926,True,0.5292366294075751,6.490035334362711e-29
2167429-89-0,O=C(O)C1=CC=C2NC(C)CC2=C1C(=O)O,176.98237283285138,221.571878,0.53167,-0.66312,190.62400000000005,7.007579749100255,-7.2433985864595,-0.341230768527,6.9021678179325,2.083642558757527,1,1,1.4395,3,3,ok,False,1.3143677158075011,1.5983062048554186,1.5983062048554186,-1.8182548819760171,4.446990313591019,18.18,0.5,1.0,8.459108033200707e-28,1.224141213889423e-28,2.91267392066292,2.1652212471146894,2.714196543365607,0.7977392987280916,True,0.5292004540570489,6.478160862202297e-29
2645936-93-0,O=C(O)C=1C=CC=C(C#CCN)C1C(=O)O,171.69479813367096,214.665054,0.53584,-0.65225,189.7920000000001,3.890511921328606,-8.147632911671002,-0.6996047096355,7.448028202035502,2.627326703276627,1,0,0.3932,3,3,ok,False,1.024762892518062,1.6212160756701857,1.6212160756701857,-2.152762226952865,4.202288011988989,18.18,0.5,1.0,6.423565913340235e-28,9.407923602935519e-29,2.6459789681882477,2.113813793225728,2.714196543365607,0.7787990882210013,True,0.5452406512708301,5.129582392370777e-29
2243517-25-9,O=C(O)C1=CC=C(F)C(N)=C1C(=O)O,178.15374081639527,166.40827133333335,0.53307,-0.66788,154.88800000000003,1.909821617324508,-7.652385703761001,-0.7213738176755,6.931011886085502,2.529206762133067,1,1,0.8043,3,3,ok,False,4.545400771254144,1.2953231852044664,1.2953231852044664,2.0066139799136837,7.084187562594604,18.18,0.5,1.0,5.049064281261662e-28,5.896856859786116e-29,5.840723956458611,1.5346181050031944,2.714196543365607,0.5654041925424701,True,0.7263800611387822,4.283359246338086e-29
727-57-1,O=C(O)C1=CC(OC)=C(C(=O)O)C(=C1C(=O)O)C,175.5674838222854,215.21131766666667,0.53599,-0.66036,208.27200000000005,1.369361475286931,-8.219470968203,-0.7562043905395,7.4632665776635,2.6986423205975987,1,2,1.09822,3,4,ok,False,3.851779391951082,1.356138162305914,1.356138162305914,1.193797435771156,6.509761348131008,18.18,0.5,1.0,3.957127293992711e-28,4.8290693133234903e-29,5.207917554256996,1.6333914165584875,2.714196543365607,0.601795555502801,True,0.6961724400634919,3.3618649670921455e-29
2495650-98-9,O=C(O)C=1C=CC=C(C#CCC(=O)O)C1C(=O)O,173.79328746784836,225.40098533333332,0.53629,-0.65176,206.03200000000004,1.788777554644512,-8.3062752865125,-0.7328025993964999,7.573472687116,2.697076110359704,1,0,0.9091999999999998,3,3,ok,False,2.8189512795704044,1.4495470814994367,1.4495470814994367,-0.022108794063638193,5.660011353204447,18.18,0.5,1.0,3.6261557122754167e-28,4.7266522458773276e-29,4.268498361069841,1.7567484858955122,2.714196543365607,0.6472443899427939,True,0.6577533274007785,3.108971242192175e-29
1547163-18-7,O=C(O)C=1C=C(O)C=C(N)C1C(=O)O,176.82137535634538,177.624052,0.53139,-0.66695,157.96000000000004,5.199842329340381,-7.496192353574,-0.3975583355805,7.0986340179935,2.194482057554365,1,1,0.3708000000000001,4,4,ok,False,-0.4860784469160109,1.7489303168824752,1.7489303168824752,-3.9139188794758866,2.941761985643865,18.18,0.5,1.0,3.0165643809624788e-28,4.737175787440103e-29,1.2628518699664644,2.3022820826121224,2.714196543365607,0.8482370549913418,True,0.4869927215662625,2.3069701292632584e-29
1344645-40-4,O=C(O)C1=CC=CC(=C1C(=O)O)CC(N)C(=O)O,170.07580985264286,218.064551,0.53426,-0.65726,212.4480000000001,1.1774933842701625,-8.4439648948655,-0.5989225849505,7.845042309915,2.605907359774934,1,0,0.0373999999999999,4,4,ok,False,-1.618197383279897,1.8548713233150638,1.8548713233150638,-5.253678372933573,2.0172836063737782,18.18,0.5,1.0,3.5819633433675124e-28,5.974025497869537e-29,0.23667394003516673,2.804369340348959,2.714196543365607,1.033222648228539,False,0.3438502483986696,2.0541701513824264e-29
2168743-95-9,O=C(O)C1=CC=C2C(NC(C)C2)=C1C(=O)O,181.3097189013035,217.40024466666668,0.53093,-0.67178,190.04000000000005,4.690765316022536,-7.1971392318745,-0.580690956967,6.6164482749075,2.285767224837103,1,1,1.4395,3,3,ok,False,4.946965723531584,1.2482689312077018,1.2482689312077018,2.500403575344182,7.393527871718986,18.18,0.5,1.0,1.8757412567103653e-28,2.0944537906848037e-29,6.195234654739285,1.5117087067934218,2.714196543365607,0.5569636106451235,True,0.7332940751795811,1.5358505554465813e-29
858000-56-3,O=C(O)C=1C=C(C(=O)O)C(C(=O)O)=C(C1)C,175.27646088421517,193.005323,0.53637,-0.65417,183.12000000000003,5.364673802758189,-8.827917537921,-1.0201548255245,7.807762712396499,3.1053879596544114,1,1,1.08962,3,3,ok,False,4.277303168895368,1.3100055874685723,1.3100055874685723,1.7097393979107305,6.844866939880005,18.18,0.5,1.0,2.0335355704996558e-28,2.384478166120498e-29,5.5873087563639405,1.97814290943712,2.714196543365607,0.7288134362533011,True,0.5879172778768379,1.4018759125823177e-29
1089857-47-5,O=C(O)C=1C=CC=2N=CNC2C1C(=O)O,179.1068695311451,188.99290266666665,0.53538,-0.66373,163.11200000000005,3.886271800839463,-8.319064637486,-0.948044655142,7.371019982343999,2.9127351047487746,1,1,0.9593,3,3,ok,False,5.921255491623895,1.159404501509686,1.159404501509686,3.648864425151295,8.193646558096495,18.18,0.5,1.0,1.816284004731879e-28,1.8832040183166227e-29,7.080659993133581,1.5549908956449048,2.714196543365607,0.5729102041065582,True,0.7202001626196977,1.3562838402376997e-29
108085-51-4,O=C(O)C1=CC=C(C(O)=C1C(=O)O)C,181.9076631871617,174.29240833333333,0.53533,-0.66048,163.39200000000005,5.154738563690694,-8.1212378681725,-0.594840877193,7.526396990979499,2.5234527485881846,1,1,1.09702,3,3,ok,False,5.850137767460648,1.1644107727706114,1.1644107727706114,3.567934589619797,8.132340945301499,18.18,0.5,1.0,1.558947876445873e-28,1.621401016801109e-29,7.014548540231259,1.4512052491189382,2.714196543365607,0.5346721307512395,True,0.7513570650586612,1.2182511092668101e-29
1019854-29-5,O=C(O)C=1C=CC=C(NC2=CC=CC(=C2)C(F)(F)F)C1C(=O)O,179.3788584816981,293.51689166666665,0.53291,-0.66709,253.1200000000001,2.958083835864021,-7.175642237685,-0.7172921099180001,6.458350127767,2.411545185035946,1,0,3.8454000000000015,3,3,ok,False,4.591487677861721,1.2718112205727474,1.2718112205727474,2.09878349040521,7.084191865318233,18.18,0.5,1.0,8.064034106423795e-29,9.113235250680447e-30,5.8632988984344685,1.584290774684315,2.714196543365607,0.5837052510279128,True,0.7112638506361563,6.481914796152132e-30
872814-86-3,O=C(O)C1=CC=C(OC)C(O)=C1C(=O)O,181.98277587114296,182.116604,0.53434,-0.65753,171.84800000000004,6.043264542447235,-7.8692604426095,-0.4857232231425,7.383537219467,2.363560647833433,1,1,0.7971999999999999,3,4,ok,False,5.172434405012483,1.2152263590136023,1.2152263590136023,2.7906345082820807,7.554234301742886,18.18,0.5,1.0,5.286686230899585e-29,5.6899177808050394e-30,6.387660764026085,1.475227578442003,2.714196543365607,0.5435227533716918,True,0.7442211948475681,4.2345574094151496e-30
2545866-65-5,O=C(O)C=1C=CC=C(C#CC2=CC=CC(=C2)CO)C1C(=O)O,171.85999441487675,329.491378,0.53603,-0.65144,257.9920000000001,4.9265227432744085,-7.6836787965685,-0.8147088683970001,6.8689699281715,2.6285816381228213,1,0,1.9751,3,3,ok,False,0.8045611063334608,1.6073639694576736,1.6073639694576736,-2.345814383850919,3.9549365965178405,18.18,0.5,1.0,4.959645857872354e-29,7.056906484945322e-30,2.4119250757911344,2.1870275092104046,2.714196543365607,0.8057734487048193,True,0.5224265649151038,3.6867154138571035e-30
444288-68-0,O=C(O)C=1C=CC=C(NCC=2SC=CC2)C1C(=O)O,176.23011914848323,273.007493,0.53273,-0.66957,228.8880000000001,2.783925201940598,-7.351972012808999,-0.63674641017,6.715225602638999,2.375929932144192,1,0,2.7566000000000006,3,4,ok,False,2.7125578316791152,1.4329320866747868,1.4329320866747868,-0.09593745049529412,5.521053113853524,18.18,0.5,1.0,3.8647671329402324e-29,4.8928001019401525e-30,4.145489918353902,1.7028113997114354,2.714196543365607,0.6273721790242748,True,0.6746266508294065,3.300813345949664e-30
1005516-18-6,O=C(O)C=1C=CC=C(OCCCCC(=O)O)C1C(=O)O,181.3102222676179,242.82341600000004,0.53557,-0.65967,242.59200000000007,6.84477307951111,-8.081237132149,-0.6430050287315,7.4382321034175005,2.5581482341319712,1,0,1.7167,3,4,ok,False,5.071583948450947,1.2211860336077744,1.2211860336077744,2.6781033041563886,7.465064592745504,18.18,0.5,1.0,3.8469813140062615e-29,4.150447444497889e-30,6.292769982058721,1.6035314390468556,2.714196543365607,0.5907941497333404,True,0.7053665181519989,2.927586662698338e-30
916849-63-3,O=C(O)C=1C=CC=C(OC2=CC=C(O)C(N)=C2)C1C(=O)O,180.65620361136405,275.3597153333333,0.53568,-0.65722,238.80800000000005,6.041486608443322,-7.1427164617745005,-0.6783798292965,6.464336632478,2.3656544620092053,1,0,2.1631,4,5,ok,False,2.2549255488780204,1.4707313563676931,1.4707313563676931,-0.6276549405364018,5.137506038292443,18.18,0.5,1.0,2.925337416060857e-29,3.792999245010043e-30,3.725656905245714,1.99456174816754,2.714196543365607,0.7348626808338209,True,0.5827347562659047,2.210312490557688e-30
1772627-93-6,O=C(O)C1=CC(N)=CC(F)=C1C(=O)O,181.76559673546132,170.41246933333332,0.53174,-0.66175,155.51200000000003,6.016220685779404,-7.6477597683025,-0.5243633899135,7.123396378389001,2.343811623190685,1,1,0.8043000000000002,3,3,ok,False,4.98610748743267,1.224961725493074,1.224961725493074,2.5852266230262044,7.386988351839135,18.18,0.5,1.0,2.582366923730825e-29,2.786098599747771e-30,6.211069212925744,1.4931176054661424,2.714196543365607,0.5501140324991626,True,0.7388757913984373,2.0585808078027125e-30
2167757-40-4,O=C(O)C1=CC=CC(=C1C(=O)O)C(N)CO,169.49784332957725,200.414544,0.53578,-0.65973,192.72800000000004,3.670189666761106,-8.3993382233835,-0.629671450057,7.769666773326501,2.6231181484820265,1,0,0.0751,4,4,ok,False,-2.2533029078708875,1.8775453618927513,1.8775453618927513,-5.933224196520902,1.4266183807791273,18.18,0.5,1.0,3.608887964502713e-29,5.983316714359023e-30,-0.37575754597813615,2.837605672905876,2.714196543365607,1.0454680151450055,False,0.33520822580266096,2.005656980235695e-30
2597115-40-5,O=C(O)C=1C=CC=C(C#CCCC(=O)O)C1C(=O)O,178.1809269155704,242.09912066666664,0.53643,-0.65298,222.4720000000001,2.209063136263878,-8.226001700615,-0.738516990257,7.487484710358001,2.6832306998844966,1,0,1.2993,3,3,ok,False,4.983489622342115,1.2226518583073855,1.2226518583073855,2.5871360144286704,7.37984323025556,18.18,0.5,1.0,1.9864616370488655e-29,2.1348305926238676e-30,6.206141480649501,1.447515965218194,2.714196543365607,0.5333128762382374,True,0.7524485747014612,1.6063502366489048e-30
24953-75-1,O=C(O)C1=CC(OC)=CC(O)=C1C(=O)O,178.62731108161,184.277347,0.5377,-0.65816,171.29600000000005,2.8175407397232077,-8.080692904448,-0.5031385095745,7.5775543948735,2.4309347681558133,1,1,0.7971999999999999,3,4,ok,False,4.229452779617741,1.2898231413420271,1.2898231413420271,1.7014458761610523,6.75745968307443,18.18,0.5,1.0,1.959448538115087e-29,2.221257204480766e-30,5.519275920959768,1.587543491975016,2.714196543365607,0.5849036599267274,True,0.7102684431962007,1.5776888965648987e-30
856195-04-5,O=C(O)C=1C=C(C(C(=O)O)=C(OC)C1C(=O)O)C,175.20123655948186,214.33004266666663,0.53692,-0.65437,208.8880000000001,3.0357706533926434,-8.661111747564501,-0.9962088066805,7.6649029408840015,3.041911978753861,1,2,1.09822,3,4,ok,False,4.593825851832138,1.255846890703274,1.255846890703274,2.1324111759571114,7.055240527707165,18.18,0.5,1.0,1.6924941434005017e-29,1.8659994414501833e-30,5.849672742535412,1.60294315045441,2.714196543365607,0.5905774047102568,True,0.7055471548923404,1.3165505969458733e-30
775530-42-2,O=C(O)C1=CC=C2C(=C1C(=O)O)CNCC2,174.93055911420987,209.09889533333333,0.53411,-0.66156,189.99200000000005,2.663774168355869,-8.079604449046,-0.5488536364585,7.5307508125875,2.471542704907517,1,1,0.7286999999999999,3,3,ok,False,2.3345588601224954,1.4529150177458245,1.4529150177458245,-0.5131022472566942,5.182219967501685,18.18,0.5,1.0,1.1566310776122511e-29,1.4710296758669077e-30,3.7874738778683197,1.7299351236150091,2.714196543365607,0.6373654582397661,True,0.6661537845546068,9.799319857708772e-31
66650-92-8,O=C(O)C1=CC(=CC(N)=C1C(=O)O)C(C)(C)C,177.99424129697638,240.9878643333333,0.53094,-0.67215,215.6800000000001,4.084753982799944,-7.3930612042345,-0.4862674508435,6.906793753391,2.2472011714644093,1,1,1.9627,3,3,ok,False,2.9877350448469766,1.3947135563714457,1.3947135563714457,0.25414670560916885,5.721323384084784,18.18,0.5,1.0,1.1417198373514953e-29,1.3937602391135324e-30,4.382448601218423,1.748357040383541,2.714196543365607,0.644152703184706,True,0.6603847197861047,9.204179649560044e-31
1344470-19-4,O=C(O)C1=CC=CC(=C1C(=O)O)C(N)C(O)C,169.60034099741705,216.868277,0.53499,-0.657,209.15200000000004,3.743328279753193,-8.583287186321499,-0.597017787997,7.986269398324499,2.638215517722778,1,0,0.4636000000000001,4,4,ok,False,-2.1803636682697487,1.8548604439485117,1.8548604439485117,-5.815823334756807,1.4550959982173097,18.18,0.5,1.0,1.2072162743424095e-29,1.9607586638047456e-30,-0.325503224321237,2.8270695643133577,2.714196543365607,1.0415861633983912,False,0.33793499118055265,6.626089617600489e-31
444287-98-3,O=C(O)C=1C=CC=C(NCCCCC)C1C(=O)O,179.5243457963353,255.9445633333333,0.53159,-0.67155,232.89600000000004,4.036859975277815,-7.159315406655,-0.616065757532,6.543249649123,2.3098825312471853,1,0,2.6851000000000003,3,3,ok,False,4.068241875976123,1.2935226192081641,1.2935226192081641,1.5329841291402029,6.603499622812043,18.18,0.5,1.0,6.858949019016242e-30,7.735679782889907e-31,5.361764495184287,1.646443063131405,2.714196543365607,0.6066042148479835,True,0.6921388636570682,5.354164614544376e-31
203194-63-2,O=C(O)C=1C=CC=C(NCC)C1C(=O)O,179.23398672807986,206.2888773333333,0.53193,-0.6715,182.88000000000005,3.9634609699100105,-7.1857104501535005,-0.6027321788575,6.5829782712960005,2.3036624186461725,1,0,1.5148,3,3,ok,False,3.8968999997705183,1.3084646994062852,1.3084646994062852,1.3323563138921717,6.461443685648865,18.18,0.5,1.0,6.70817779660035e-30,7.651747246408308e-31,5.205364699176803,1.6699683843546271,2.714196543365607,0.6152717232053742,True,0.6848473629389228,5.240278923577894e-31
4821-92-5,O=C(O)C1=CC(O)=CC(=C1C(=O)O)C,173.49639442910006,174.32698533333334,0.5329,-0.66578,163.92800000000005,3.77751008469865,-8.166136653505,-0.5129346081924999,7.653202045312499,2.4606131368163715,1,1,1.09702,3,3,ok,False,1.2738364315336597,1.539869943598643,1.539869943598643,-1.7442531987954046,4.291926061862724,18.18,0.5,1.0,6.293165671472345e-30,8.443803015052032e-31,2.813706375132303,1.95170786819777,2.714196543365607,0.7190738905656588,True,0.5962666813325811,5.034758401611117e-31
444288-77-1,O=C(O)C=1C=CC=C(NCC=2C=NC=CC2)C1C(=O)O,175.95891472630322,275.2477983333334,0.53256,-0.67048,233.59200000000004,2.917690819809392,-7.355781606716,-0.6666789337250001,6.689102672991,2.405400106310325,1,0,2.0901,3,4,ok,False,2.59954225531896,1.4218459567579966,1.4218459567579966,-0.18722461149060843,5.386309122128528,18.18,0.5,1.0,5.883644563196998e-30,7.28557288957715e-31,4.021388212076957,1.707547632278023,2.714196543365607,0.6291171641389911,True,0.6731491150389576,4.904276943170679e-31
1344627-58-2,O=C(O)C1=CC=C2OCC(N)C2=C1C(=O)O,172.8942935564903,199.4452493333333,0.53267,-0.65993,182.82400000000004,5.37430842155528,-8.0771554243915,-0.5221864791095,7.554968945281999,2.447021348098604,1,1,0.4752000000000001,3,4,ok,False,0.526656905724046,1.603456173486274,1.603456173486274,-2.6160594450974597,3.6693732565455517,18.18,0.5,1.0,5.141771201319975e-30,7.172891556892331e-31,2.13011307921032,2.137609616758154,2.714196543365607,0.7875662585980291,True,0.5378042612565068,3.857611644827515e-31
671215-17-1,O=C(O)C1=C(F)C(F)=C(C(=O)O)C(C(=O)O)=C1S,171.90181722251845,200.18213866666667,0.53807,-0.63346,194.34400000000005,1.5336328993602086,-8.2910369108845,-1.1959403729475,7.095096537937001,3.171300682897896,2,2,1.3481,4,4,ok,False,1.698319118240704,1.4994155596854866,1.4994155596854866,-1.2404813766018172,4.637119613083225,18.18,0.5,1.0,4.904005007991976e-30,6.395034320695445e-31,3.1977346779261904,2.4426034685715363,2.714196543365607,0.8999361061534273,True,0.44490922999628024,2.8452097954203955e-31
858242-89-4,O=C(O)C1=CC=C(OC)C(N)=C1C(=O)O,179.10200603426316,195.86098033333332,0.53082,-0.67872,174.71200000000005,4.378413554017026,-7.259453303639001,-0.552935344216,6.706517959423,2.275152946521921,1,1,0.6738,3,4,ok,False,3.619205791974009,1.3234725307388786,1.3234725307388786,1.0252472971977276,6.21316428675029,18.18,0.5,1.0,2.6373611810416466e-30,3.0216273588391077e-31,4.942678322712887,1.6700092906033284,2.714196543365607,0.6152867944237063,True,0.6848346618664883,2.0693151505771105e-31
13935-09-6,O=C(O)C1=CC=C(Cl)C(O)=C1C(=O)O,178.62156463928952,172.53050766666664,0.54128,-0.65681,160.64800000000002,4.554240285711767,-8.261920728881,-0.927364002504,7.334556726377,2.878256894884539,1,1,1.442,3,3,ok,False,5.274201296984558,1.1770902235561398,1.1770902235561398,2.9671468522603237,7.581255741708793,18.18,0.5,1.0,2.3739077858194265e-30,2.417075112900783e-31,6.451291520540698,1.6388653666910789,2.714196543365607,0.6038123402290108,True,0.6944817866810978,1.678614642949752e-31
2089723-18-0,O=C(O)C=1C=CC=2C=CNC2C1C(=O)O,178.58793403840883,202.2753603333333,0.53389,-0.66849,167.33600000000004,2.758857020579356,-7.6129291954385,-0.8525326936165,6.760396501822,2.6501420802658693,1,1,1.5643,3,2,ok,False,4.924694269286791,1.205302951804906,1.205302951804906,2.5623438932893583,7.287044645284223,18.18,0.5,1.0,1.8145449009358553e-30,1.8880577060795885e-31,6.129997221091697,1.4662375486168515,2.714196543365607,0.5402105283056308,True,0.7468974282237248,1.41018544500883e-31
13935-08-5,O=C(O)C=1C(Cl)=CC=C(O)C1C(=O)O,173.01629705833275,169.88149966666666,0.53419,-0.64358,162.49600000000004,3.729060704788808,-8.1696741335615,-0.6500799888445,7.519594144717,2.586178897512333,2,0,1.442,3,3,ok,False,1.4646316239340553,1.508523276970079,1.508523276970079,-1.49201966876764,4.42128291663575,18.18,0.5,1.0,1.8198836344210936e-30,2.3700439589068637e-31,2.9731549009041345,1.9592296361643922,2.714196543365607,0.7218451592805232,True,0.5938904323383271,1.4075464314160375e-31
2520421-11-6,O=C(O)C=1C=CC=C(C#CCO)C1C(=O)O,176.13025067498566,208.26909166666667,0.53626,-0.65239,186.34400000000005,2.082067054635849,-8.372943179884999,-0.747768861174,7.625174318710998,2.727392996504671,1,0,0.4267999999999999,3,3,ok,False,4.01969181531738,1.283479732850382,1.283479732850382,1.5041177640435408,6.535265866591219,18.18,0.5,1.0,1.6175244509958462e-30,1.7906971246538472e-31,5.303171548167762,1.520780155755081,2.714196543365607,0.5603058332206524,True,0.7305609416191109,1.3082133775417489e-31
1005516-26-6,O=C(O)C=1C=CC=C(NCCCC)C1C(=O)O,176.10664630394697,239.33301733333332,0.5319,-0.67089,216.29600000000005,3.9468568887153737,-7.185982564004,-0.6114398220735,6.5745427419305,2.311940094295049,1,0,2.295,3,3,ok,False,2.1182965833046676,1.4490453666288796,1.4490453666288796,-0.7217801472525749,4.958373313861911,18.18,0.5,1.0,1.4909953973116979e-30,1.8624275567501992e-31,3.5673419499335473,1.826721103683592,2.714196543365607,0.6730246223873145,True,0.6357422008831974,1.1840237939138877e-31
1630295-49-6,O=C(O)C1=CC=C2C(NC(C)C2)=C1C(=O)O,178.54302660534705,219.0393273333333,0.53081,-0.67336,190.05600000000004,4.102645251541985,-7.194690207220001,-0.592663966389,6.602026240831001,2.296373977210683,1,1,1.4395,3,3,ok,False,3.415166871456707,1.3355758699542442,1.3355758699542442,0.7974862677256374,6.0328474751877765,18.18,0.5,1.0,1.490780106421569e-30,1.716337903561041e-31,4.750742741410951,1.7066979093775043,2.714196543365607,0.6288040980485506,True,0.6734142617748146,1.1558064222826913e-31
130684-37-6,O=C(O)C=1C(F)=C(F)C(F)=C(O)C1C(=O)O,176.6747059253045,152.1984075,0.54321,-0.63785,161.04000000000005,5.520907565790248,-8.472536849168002,-0.96872530778,7.503811541388002,2.969738466397119,2,2,1.2059,3,3,ok,False,4.295569804705067,1.2576555578006159,1.2576555578006159,1.830610206459228,6.760529402950906,18.18,0.5,1.0,1.3580615312898665e-30,1.4713067442613713e-31,5.5532253625056835,1.8484395231955868,2.714196543365607,0.6810264082436416,True,0.6288912260933155,9.25291902357898e-32
927672-55-7,O=C(O)C=1C=CC=C(NC2=CC=C(OC)C=C2OC)C1C(=O)O,176.68896989229128,324.28875966666664,0.53233,-0.66919,271.65600000000006,4.437054286348094,-6.83549992456,-0.6530732412,6.182426683359999,2.267666522025916,1,0,2.8438000000000008,3,5,ok,False,2.1839190017377863,1.4392786181048338,1.4392786181048338,-0.6370152534662665,5.004853256941839,18.18,0.5,1.0,1.0313296045977555e-30,1.276102374175374e-31,3.62319761984262,1.7940934328176907,2.714196543365607,0.6610035066189469,True,0.6460194703697077,8.243869799023017e-32
1344577-98-5,O=C(O)C1=CC=C2C(=C1C(=O)O)C(N)CC2,173.69647174897088,209.4069473333333,0.53246,-0.66417,191.06400000000005,7.395893115777161,-8.464645547503501,-0.5665410367410001,7.898104510762501,2.581705870322918,1,1,1.029,3,3,ok,False,0.7822080912596299,1.5587133541111342,1.5587133541111342,-2.272813945019821,3.8372301275390805,18.18,0.5,1.0,8.085094075629366e-31,1.0814839274521354e-31,2.340921445370764,2.400003874768203,2.714196543365607,0.8842410033402354,True,0.45754403296125706,4.948265177492296e-32
2243517-19-1,O=C(O)C=1C=C(F)C=C(N)C1C(=O)O,177.03947870345837,166.99688766666668,0.53335,-0.66274,154.50400000000005,3.377405638948334,-7.6129291954385,-0.5738881107045001,7.039041084734,2.380437079331784,1,1,0.8043000000000002,3,3,ok,False,2.976911282547345,1.3643023957330085,1.3643023957330085,0.30292772288893577,5.650894842205754,18.18,0.5,1.0,5.875510765068063e-31,6.862992210502452e-32,4.341213678280353,1.7122365393814625,2.714196543365607,0.6308447129839341,True,0.6716855013840436,4.609772363906125e-32
927672-46-6,O=C(O)C=1C=CC=C(NCC2CC2)C1C(=O)O,177.73031177994895,235.5444403333333,0.53192,-0.67122,208.46400000000008,3.81978952430628,-7.2118333798015,-0.6326647024125001,6.579168677389,2.338295048329733,1,0,1.9049,3,3,ok,False,3.1243047649816074,1.3479250702961465,1.3479250702961465,0.4824201733425397,5.766189356620675,18.18,0.5,1.0,4.123439923902261e-31,4.746419322276556e-32,4.472229835277754,1.7333612522781259,2.714196543365607,0.6386277576379034,True,0.6650816839742779,3.1567565557077424e-32
128885-97-2,O=C(O)C=1C(O)=CC=C(OC=2C=CC=CC2)C1C(=O)O,173.35598288285638,259.95701133333336,0.53345,-0.65136,227.51200000000009,4.7134755170680585,-7.799871410732,-0.635113727067,7.164757683665,2.4826022531474874,2,0,2.5809,3,4,ok,False,1.002470201753768,1.5311821617835961,1.5311821617835961,-1.9985916891122626,4.003532092619799,18.18,0.5,1.0,3.9111305933649422e-31,5.112150918040669e-32,2.5336523635373642,2.0282104255141897,2.714196543365607,0.7472599692427603,True,0.572125182150692,2.924790275165845e-32
2604857-47-6,O=C(O)C=1C=CC=C(C#CC(N)CC)C1C(=O)O,173.15111487416283,249.17903866666668,0.53605,-0.65255,223.39200000000005,3.753248893958406,-8.137836813053,-0.7110334913565001,7.426803321696499,2.6358078392728226,1,0,1.1718,3,3,ok,False,1.685452005958215,1.4714390241339168,1.4714390241339168,-1.1985154867910253,4.569419498707456,18.18,0.5,1.0,3.70777564859108e-31,4.6554585579536064e-32,3.156891030092132,1.933479193489918,2.714196543365607,0.7123578424031155,True,0.6020265716865434,2.8027097552735886e-32
5434-20-8,O=C(O)C=1C=CC=C(N)C1C(=O)O,177.7420603771048,169.24276733333332,0.53203,-0.66992,149.76800000000003,3.508018085757256,-7.4741511316835005,-0.611711935924,6.8624391957595,2.3818492114472902,1,0,0.6652,3,3,ok,False,3.3412612508379222,1.3279141190244814,1.3279141190244814,0.738597402987704,5.9439250986881405,18.18,0.5,1.0,3.648234432501456e-31,4.133411480999107e-32,4.669175369862404,1.704562359141521,2.714196543365607,0.628017290534112,True,0.674080514688334,2.786252138530547e-32
109803-51-2,O=C(O)C1=CC(Cl)=C(O)C(Cl)=C1C(=O)O,178.96866849338542,187.828857,0.53848,-0.64121,176.83200000000005,4.148937166311391,-8.543830677998999,-0.7589255290445001,7.784905148954499,2.7791370412299985,1,2,2.0954,3,3,ok,False,5.196353436192041,1.1670548193183365,1.1670548193183365,2.9089680223442014,7.483738850039881,18.18,0.5,1.0,3.5409273889529364e-31,3.525092199395707e-32,6.363408255510377,1.5726390653670843,2.714196543365607,0.5794123749848307,True,0.7148241573682005,2.5198210610782525e-32
109844-55-5,O=C(O)C=1C=C(C(=O)O)C(C(=O)O)=C(OC)C1OC,174.66933514338484,224.152558,0.5367,-0.65093,217.76000000000005,6.459760036564825,-8.4532167657825,-0.8819209894705,7.571295776312,2.8774730074010693,1,2,0.7983999999999999,3,5,ok,False,2.6048959672817205,1.391315807963898,1.391315807963898,-0.12203290744876583,5.331824842012207,18.18,0.5,1.0,3.527828968262727e-31,4.186815415630167e-32,3.9962117752456185,2.119461232884841,2.714196543365607,0.7808797922410978,True,0.543474087891235,2.2754256891785668e-32
500348-77-6,O=C(O)C=1C=CC=C(NC(=O)N)C1C(=O)O,178.2652942509352,193.095739,0.53514,-0.6519,182.20000000000005,6.97274309723225,-8.2300834083725,-0.634569499366,7.595513909006501,2.586463276747368,1,0,0.5736,4,3,ok,False,1.3098961437149885,1.502752467705404,1.502752467705404,-1.635444570666294,4.255236858096271,18.18,0.5,1.0,3.3293838123361504e-31,4.265994394715251e-32,2.812648611420393,2.2482382023772987,2.714196543365607,0.8283254976036041,True,0.5035243885412295,2.1480322191193092e-32
2444490-86-0,O=C(O)C=1C=CC=C(C#CCCCCO)C1C(=O)O,179.51013228946954,258.4802423333333,0.53572,-0.65315,236.80800000000005,3.8064889714801486,-8.150898277877,-0.6892643833165,7.461633894560499,2.6183432804619926,1,0,1.5971,3,3,ok,False,5.038872176733317,1.1780910548191474,1.1780910548191474,2.729856138778986,7.347888214687648,18.18,0.5,1.0,2.632535597666613e-31,2.639896970698439e-32,6.216963231552465,1.5471143292756726,2.714196543365607,0.5700082158962774,True,0.7225928420171844,1.907570654689541e-32
2961390-78-1,O=C(O)C1=CC=C2C(OC3(CNC3)CC2)=C1C(=O)O,179.90420436011158,243.25035666666665,0.53506,-0.66011,223.36800000000005,4.146882426594707,-7.968309884191499,-0.6234128314955,7.344897052695999,2.5125505059378823,1,1,0.75,3,4,ok,False,4.829980994119775,1.1946186776428611,1.1946186776428611,2.4885714106809025,7.171390577558647,18.18,0.5,1.0,2.2184305856075827e-31,2.253070779157247e-32,6.024599671762636,1.5637135165518694,2.714196543365607,0.576123906860799,True,0.7175456167219068,1.6166810617484936e-32
2594928-07-9,O=C(O)C=1C=CC=C(C#CCON)C1C(=O)O,175.18562396039425,220.962345,0.5361,-0.65059,199.51200000000009,2.5060114724398206,-8.3645076505195,-0.7235507284795,7.640956922039999,2.7023056779007177,1,0,0.3248,3,4,ok,False,3.2851307996347696,1.3238147651438041,1.3238147651438041,0.6905015377505634,5.879760061518976,18.18,0.5,1.0,1.4646304769417108e-31,1.643480236792682e-32,4.6089455647785735,1.5974019956643566,2.714196543365607,0.5885358595599625,True,0.707247603001186,1.162347458051446e-32
444288-63-5,O=C(O)C=1C=CC=C(NCC=2OC(=CC2)CO)C1C(=O)O,175.0955013030239,276.32946066666665,0.53252,-0.66915,245.80800000000005,6.024380553218729,-7.328570221666,-0.6473588503395,6.6812113713265004,2.3803858696447806,1,0,1.7804,4,5,ok,False,-1.1056590603230187,1.7029041345705884,1.7029041345705884,-4.443289833205721,2.2319717125596843,18.18,0.5,1.0,1.6542403916300952e-31,2.389877345137751e-32,0.5972450742475697,2.4483637815302566,2.714196543365607,0.9020583964395896,True,0.44321098837693035,1.059219900238137e-32
82784-82-5,O=C(O)C1=CC=C(O)C(O)=C1C(=O)O,180.8334811175037,163.68261,0.53499,-0.65644,155.55200000000005,5.09748380478055,-8.2153892604455,-0.521914365259,7.6934748951865,2.4806890152950323,1,1,0.4941999999999998,4,4,ok,False,2.9261942881230816,1.351443477755587,1.351443477755587,0.27741374458057333,5.57497483166559,18.18,0.5,1.0,1.0565266983274708e-31,1.2074738061948269e-32,4.277637765878668,1.80758253903123,2.714196543365607,0.6659733406003919,True,0.6417730834184928,7.749241877487176e-33
769908-43-2,O=C(O)C1=CC=C(C(N)=C1C(=O)O)C,177.65071887695976,188.2153783333333,0.53097,-0.67347,165.84800000000004,4.04398535852938,-7.414013970722999,-0.58776591708,6.826248053642999,2.344936811176902,1,1,0.97362,3,3,ok,False,3.023567125369487,1.3422682702810396,1.3422682702810396,0.3927696580277744,5.6543645927112,18.18,0.5,1.0,9.715482905127188e-32,1.1021598054920655e-32,4.365835395650526,1.7206567391067042,2.714196543365607,0.6339469937475817,True,0.6690551465862563,7.374056902249737e-33
202262-76-8,O=C(O)C=1C=CC=C(NO)C1C(=O)O,171.9182299867726,170.00416666666666,0.53441,-0.6647,159.63200000000003,5.093633408481612,-7.993344358437501,-0.5874938032295001,7.405850555208,2.4855613480122645,1,0,0.8840999999999999,4,4,ok,False,-2.112502640688442,1.784137073855676,1.784137073855676,-5.609347048928246,1.3843417675513616,18.18,0.5,1.0,1.0934596825678895e-31,1.6501991674603287e-32,-0.32836556683276585,2.6633969811368328,2.714196543365607,0.9812837569361198,True,0.38177730497971535,6.300085908327742e-33
1521080-76-1,O=C(O)C1=CC=CC(C2=NN=C(O2)CN)=C1C(=O)O,176.16395470013993,232.106296,0.53605,-0.65191,212.76000000000005,7.130490427032352,-8.604784180511,-0.733074713247,7.871709467264,2.769271690042515,1,0,0.5917000000000001,3,6,ok,False,2.72166115145785,1.3650219531612993,1.3650219531612993,0.04626728515518286,5.3970550177605165,18.18,0.5,1.0,7.093530083783178e-32,8.16537129084867e-33,4.08668310461915,2.136226169916038,2.714196543365607,0.7870565509110533,True,0.5382360747944815,4.3948973928259374e-33
444288-59-9,O=C(O)C=1C=CC=C(NCC=2OC(=CC2)C)C1C(=O)O,176.38491566051695,270.861078,0.53257,-0.66942,236.9360000000001,3.9658985841798833,-7.30897802443,-0.646542508788,6.662435515642,2.374893790936545,1,0,2.59652,3,4,ok,False,2.4138682808163914,1.3869116648130095,1.3869116648130095,-0.30442863195559466,5.132165193588378,18.18,0.5,1.0,4.5630614005351265e-32,5.320223091401931e-33,3.800779945629401,1.7811063148514965,2.714196543365607,0.6562186217520277,True,0.6501040320871568,3.458698483323594e-33
1451010-89-1,O=C(O)C1=CC=C(O)C(N)=C1C(=O)O,178.06302611085988,177.453095,0.53088,-0.67715,157.92000000000004,3.789506065439136,-7.3522441266595,-0.592663966389,6.7595801602705,2.33452237825306,1,1,0.3707999999999999,4,4,ok,False,0.8638309422950936,1.5137491904152118,1.5137491904152118,-2.103062952545386,3.8307248371355733,18.18,0.5,1.0,2.800638869041105e-32,3.551833974878341e-33,2.3775801327103054,2.114324644411284,2.714196543365607,0.7789873027358288,True,0.5450808112305628,1.9360365443829605e-33
1344512-07-7,O=C(O)C1=CC=C2OCC(N)C2=C1C(=O)O,174.98676480185603,199.695008,0.53195,-0.65899,183.24800000000005,7.377303422660614,-8.048039242388,-0.5227307068105,7.5253085355775005,2.440368297684913,1,1,0.4752000000000001,3,4,ok,False,0.9414051556988863,1.5080317230139935,1.5080317230139935,-2.0142827089524236,3.897093020350196,18.18,0.5,1.0,3.0363111366557495e-32,3.838337463261186e-33,2.4494368787128797,2.2872553689798503,2.714196543365607,0.8427007154550609,True,0.4915731620576231,1.8868236838595368e-33
444288-74-8,O=C(O)C=1C=CC=C(NCC=2C=CC=C(Cl)C2)C1C(=O)O,179.16876751890155,302.295552,0.53213,-0.67044,253.10400000000007,4.786664398096027,-7.256187937433,-0.654705924303,6.60148201313,2.37000727894053,1,0,3.3485000000000014,3,3,ok,False,3.7630077925555216,1.2646130223527263,1.2646130223527263,1.284411814363832,6.241603770747211,18.18,0.5,1.0,2.0539234530184466e-32,2.1714337225059285e-33,5.027620814908248,1.636049474737026,2.714196543365607,0.6027748722678434,True,0.6953516802596786,1.5099100875170262e-33
2527380-64-7,O=C(O)C=1C=CC=C(C#CC(O)CCCC)C1C(=O)O,178.08525339136304,274.0334476666667,0.5369,-0.65257,253.45600000000007,3.62238614313825,-8.3917190355695,-0.764639919905,7.6270791156644995,2.74806738104072,1,0,1.9856,3,3,ok,False,4.7083810424593615,1.1844719846109513,1.1844719846109513,2.386858611925216,7.029903472993507,18.18,0.5,1.0,2.0550328199877215e-32,2.034931796807677e-33,5.892853027070313,1.544913664599282,2.714196543365607,0.5691974180630218,True,0.7232605844045591,1.4717859605825399e-33
65489-46-5,O=C(O)C=1C(O)=CC=C(OC)C1C(=O)O,173.78601901918924,181.26020633333331,0.53973,-0.65854,171.02400000000003,4.164423933751221,-7.5966023644085,-0.7801504093835,6.816451955024999,2.5735524689462363,2,0,0.7971999999999999,3,4,ok,False,1.6341455916816265,1.4445454846999373,1.4445454846999373,-1.1971115323602062,4.465402715723459,18.18,0.5,1.0,1.9480655110515313e-32,2.3516894573124937e-33,3.078691076381564,1.9055660971733996,2.714196543365607,0.7020737322178207,True,0.6108477543129435,1.4365242238407616e-33
1185302-72-0,O=C(O)C=1C=CC=C(NC(=O)OC(C)(C)C)C1C(=O)O,177.50885079368746,256.78022166666665,0.53469,-0.66372,244.7040000000001,3.063988678177516,-8.129945511388499,-0.759197642895,7.370747868493499,2.680083060333177,1,0,2.43,3,4,ok,False,4.292066153896396,1.2187206373700423,1.2187206373700423,1.9034175974354137,6.680714710357378,18.18,0.5,1.0,1.822227129320733e-32,1.8550292932072394e-33,5.5107867912664386,1.5009822514054973,2.714196543365607,0.5530116288278363,True,0.7365178098610914,1.3662621122611643e-33
444288-83-9,O=C(O)C=1C=CC=C(NCC=2OC(=C(C2)C)C)C1C(=O)O,178.6649996093211,285.73910100000006,0.53272,-0.66977,253.59200000000007,4.636004949307107,-7.292923307250501,-0.6326647024125001,6.660258604838001,2.357826813709803,1,0,2.9049400000000007,3,4,ok,False,3.471144387924909,1.2876799660207703,1.2876799660207703,0.9473380309104384,5.994950744939379,18.18,0.5,1.0,1.711250678816677e-32,1.8398254286192828e-33,4.758824353945679,1.6670305181217375,2.714196543365607,0.6141893158756357,True,0.6857593491874225,1.26167748854843e-33
1826827-36-4,O=C(O)C=1C=CC=C(OC2=CC=CC(C(=O)O)=C2C(=O)O)C1,177.67546073998082,279.2888146666666,0.53683,-0.65416,246.55200000000005,3.444448328832935,-8.14708868397,-0.8411039118955,7.305984772074501,2.764432470799968,1,0,2.5735,3,4,ok,False,4.5890331670013715,1.1923730836154196,1.1923730836154196,2.252024866980183,6.926041467022561,18.18,0.5,1.0,1.5833388487357728e-32,1.5754606390801843e-33,5.781406250616791,1.521577903831489,2.714196543365607,0.5605997500625841,True,0.7303202957468539,1.1505908798705676e-33
1936231-13-8,O=C(O)C=1C=C(Br)C=C(N)C1C(=O)O,178.2381565848778,196.42170933333333,0.53356,-0.66299,169.29600000000005,3.498846577087941,-7.617283017046501,-0.760286098297,6.856996918749501,2.5588338858097583,1,1,1.4277,3,3,ok,False,4.158710944702309,1.2268189770996416,1.2268189770996416,1.7541899340367424,6.563231955367876,18.18,0.5,1.0,1.2633496094604667e-32,1.291363035012338e-33,5.385529921801951,1.5892350568212248,2.714196543365607,0.5855268885025443,True,0.709750529806986,9.165455982731644e-34
1005516-19-7,O=C(O)C=1C=CC=C(OCCO)C1C(=O)O,179.43055320574334,193.2056113333333,0.53606,-0.65869,189.31200000000004,4.622970535272748,-8.1381089269035,-0.6623251121170001,7.4757838147865,2.5899504718811373,1,0,0.4541,3,4,ok,False,4.63463746401448,1.1864860695702657,1.1864860695702657,2.3091674994982743,6.960107428530685,18.18,0.5,1.0,1.244760135610227e-32,1.23040542744131e-33,5.821123533584745,1.5835655269939735,2.714196543365607,0.5834380457320715,True,0.7114857048596201,8.754158728061827e-34
1823242-79-0,O=C(O)C1=CC=C2C(=C1C(=O)O)C(N)CC2,173.58422340843757,209.46208066666668,0.53287,-0.66281,190.60800000000003,4.742532338318844,-8.4684551414105,-0.5782419323125001,7.890213209097999,2.5931722557679926,1,1,1.029,3,3,ok,False,1.442316237952765,1.4545042098727763,1.4545042098727763,-1.4084596287597648,4.293092104665295,18.18,0.5,1.0,1.060103329155701e-32,1.2831659157264896e-33,2.896820447825541,1.9788794249636337,2.714196543365607,0.729084792993591,True,0.5876847376227329,7.540970245101558e-34
1344582-70-2,O=C(O)C1=CC=C2C(=C1C(=O)O)C(N)CC2,173.58901151773804,209.4647193333333,0.53289,-0.6628,190.61600000000004,4.7397656197326885,-8.4684551414105,-0.577969818462,7.8904853229485,2.5929268354567823,1,1,1.029,3,3,ok,False,1.4443974820720094,1.4541807952206154,1.4541807952206154,-1.4057445035702125,4.294539467714231,18.18,0.5,1.0,1.0449720131567372e-32,1.2644444356731375e-33,2.898578277292625,1.978111170167144,2.714196543365607,0.728801742453877,True,0.5879272990472478,7.434014018606292e-34
927672-69-3,O=C(O)C=1C=CC=C(NC2=CC(OC)=CC=C2OC)C1C(=O)O,176.84013806461977,327.063416,0.53267,-0.66797,271.4560000000001,5.597234396556928,-6.836588379962,-0.6832778786055,6.153310501356501,2.297478265328714,1,0,2.8438000000000008,3,5,ok,False,1.9924092464441578,1.4066518125596812,1.4066518125596812,-0.7645776449608039,4.74939613784912,18.18,0.5,1.0,9.175142328474387e-33,1.0729707652807335e-33,3.399061059003839,1.8317911785364802,2.714196543365607,0.6748926060693663,True,0.6341434871490785,6.804174227041398e-34
1344399-19-4,O=C(O)C1=CC=CC(=C1C(=O)O)C(N)CC,173.54714036035,211.3691433333333,0.53581,-0.66082,200.77600000000004,5.600355540499192,-8.511177015939,-0.6353858409174999,7.875791175021499,2.655593902735701,1,0,1.4928,3,3,ok,False,1.411254105029002,1.4548167306026178,1.4548167306026178,-1.4401342910584392,4.262642501116443,18.18,0.5,1.0,8.4684189975937e-33,1.0236705663833618e-33,2.8660708356316196,2.066793978321784,2.714196543365607,0.7614754293950124,True,0.5599852529753264,5.7324042107958255e-34
1498086-40-0,O=C(O)C1=C(O)C=C(OC)C(O)=C1C(=O)O,175.81534367331972,191.13772766666668,0.53775,-0.65648,178.65600000000003,4.716886936317215,-7.5938812259035,-0.5428671317475,7.051014094156,2.347416731538285,2,1,0.5027999999999999,4,5,ok,False,-0.6031230717602352,1.6242185794395312,1.6242185794395312,-3.786532990482525,2.580286846962055,18.18,0.5,1.0,8.248872786878142e-33,1.1130391641057574e-33,1.021095507679296,2.314062779727362,2.714196543365607,0.8525774544160024,True,0.48341087417353923,5.380552353097496e-34
198330-12-0,O=C(O)C1=CC=C(OC2=CC=CC(C(=O)O)=C2C(=O)O)C=C1,176.6470471259671,282.0958586666667,0.5365,-0.65106,246.2800000000001,3.0703254827460884,-8.2251853590635,-0.788585938749,7.436599420314501,2.7313583943799538,1,0,2.5735,3,4,ok,False,3.9942724584135663,1.2339699146894942,1.2339699146894942,1.5757358676161948,6.412809049210938,18.18,0.5,1.0,5.832602454528253e-33,5.9649758541418945e-34,5.22824237310306,1.5230042776482937,2.714196543365607,0.5611252734703459,True,0.7298899040911111,4.353775654085421e-34
169542-84-1,O=C(O)C1=C(F)C(F)=C(N)C(F)=C1C(=O)O,179.51825667798056,166.815195,0.53591,-0.64382,166.00800000000004,4.9671055585723165,-7.9628676071815,-0.657971290509,7.3048963166725,2.543460580347669,2,2,1.0825000000000002,3,3,ok,False,4.43001146876287,1.1978662285162007,1.1978662285162007,2.08223680257429,6.77778613495145,18.18,0.5,1.0,6.197182813953312e-33,6.15494432648808e-34,5.627877697279071,1.598209816549092,2.714196543365607,0.5888334875584618,True,0.7069998140698438,4.351544494437313e-34
444287-94-9,O=C(O)C=1C=CC=C(NCCOC)C1C(=O)O,178.4852051205894,227.50396333333336,0.53163,-0.6716,208.61600000000004,5.723157343634719,-7.184894108602,-0.624773400748,6.560120707854,2.3243058063541677,1,0,1.1413,3,4,ok,False,2.95773909067227,1.3174727198707143,1.3174727198707143,0.3755400091116421,5.5399381722328975,18.18,0.5,1.0,3.9514395964714846e-33,4.303163078463189e-34,4.275211810542984,1.7491803031500723,2.714196543365607,0.6444560204844586,True,0.6601266540220817,2.8406326446972657e-34
109803-70-5,O=C(O)C1=CC=C(O)C(Cl)=C1C(=O)O,178.51715431954895,172.96854166666665,0.53653,-0.64762,162.12000000000003,3.945440957611709,-8.360425942762001,-0.6038206342595,7.756605308502501,2.589976977607607,1,1,1.442,3,3,ok,False,4.286899338449287,1.2050956541707423,1.2050956541707423,1.9249552583488962,6.648843418549678,18.18,0.5,1.0,3.508850189766116e-33,3.492426373369369e-34,5.49199499262003,1.6009552042191495,2.714196543365607,0.5898449794037255,True,0.7061574144298194,2.4662027779050245e-34
312303-68-7,O=C(O)C=1C=CC=C(NN)C1C(=O)O,178.1008263494847,183.240218,0.53219,-0.67114,161.60000000000005,3.711156040912319,-7.338366320283999,-0.635113727067,6.703252593216999,2.371102057598025,1,0,0.3686000000000001,4,4,ok,False,1.0088906845848804,1.4797184019424214,1.4797184019424214,-1.891304090483429,3.90908545965319,18.18,0.5,1.0,3.565113990167924e-33,4.357528466075007e-34,2.488609086527302,2.100012464000146,2.714196543365607,0.7737142209296781,True,0.5495619923001619,2.394732025320849e-34
444288-80-6,O=C(O)C=1OC(=CC1)CNC2=CC=CC(C(=O)O)=C2C(=O)O,178.87764487477466,281.8279163333333,0.53277,-0.66988,248.1440000000001,5.271936536985248,-7.4142860845735,-0.690080724868,6.7242053597055,2.4419525381975253,1,0,1.9863,4,5,ok,False,1.4366401999252627,1.4428731772152341,1.4428731772152341,-1.391339261675475,4.264619661526,18.18,0.5,1.0,3.2186220531174496e-33,3.8334084576596297e-34,2.879513377140497,2.0271568453079722,2.714196543365607,0.746871795361693,True,0.5724571012322082,2.1944618935108614e-34
1824333-97-2,O=C(O)C1=CC=C(C(S)=C1C(=O)O)C,177.6128721525576,196.6349393333333,0.53506,-0.65458,173.35200000000003,3.683306995079286,-8.037698916068999,-0.6217801483925,7.415918767676499,2.527892362935808,1,1,1.68012,3,3,ok,False,3.6311923094437066,1.2553073359002052,1.2553073359002052,1.1708351415503806,6.091549477337033,18.18,0.5,1.0,2.0498920706088116e-33,2.117608498885039e-34,4.886499645343912,1.649181222501754,2.714196543365607,0.6076130435479692,True,0.6912915560580049,1.4638848743158945e-34
2499042-41-8,O=C(O)C=1C=CC=C(C#CCCCCCO)C1C(=O)O,174.7419484683613,274.8855223333333,0.53599,-0.65311,253.59200000000007,3.619077115785183,-8.1381089269035,-0.7020537342900001,7.436055192613501,2.6273499137683727,1,0,1.9872,3,3,ok,False,2.4353238120100063,1.3547536193892498,1.3547536193892498,-0.2199444899182077,5.09059211393822,18.18,0.5,1.0,1.9835526920700874e-33,2.2109176249080595e-34,3.790077431399256,1.7691717583852942,2.714196543365607,0.6518215354410256,True,0.653853921519589,1.4456171592029105e-34
2507522-56-5,O=C(O)C=1C=CC=C(C#CC(O)CC)C1C(=O)O,173.93216022029137,241.84404400000005,0.5362,-0.6512,219.8400000000001,4.599758251256255,-8.2556621103195,-0.7211017038249999,7.5345604064945,2.6737554756836004,1,0,1.2054,3,3,ok,False,1.9250729899405439,1.3945678428355155,1.3945678428355155,-0.8082297560147809,4.658375735895868,18.18,0.5,1.0,1.4922398796304856e-33,1.7089016530408166e-34,3.3196408327760594,1.9137146049128522,2.714196543365607,0.7050759126455315,True,0.6082726606089364,1.039478155214147e-34
1344571-16-9,O=C(O)C1=CC=CC(=C1C(=O)O)C(N)CO,170.95817857442287,200.71636066666667,0.53565,-0.6595,192.64000000000004,2.4619168020061117,-8.525599050015499,-0.6348416132165,7.890757436798999,2.658606408088851,1,0,0.0751,4,4,ok,False,-1.4010522330760704,1.6732827749602581,1.6732827749602581,-4.680626207949416,1.8785217417972757,18.18,0.5,1.0,1.7553284243639487e-33,2.414568307154768e-34,0.2722305418841877,2.597725672889779,2.714196543365607,0.9570882695431466,True,0.4001091253535458,9.66090813482086e-35
3209-07-2,O=C(O)C=1C=C(O)C=C(O)C1C(=O)O,178.34687072236298,166.68031499999998,0.53777,-0.65807,154.22400000000005,2.264522684805785,-8.1816471429835,-0.5485815226080001,7.6330656203755005,2.4962739855813707,1,1,0.4942,4,4,ok,False,1.8852296129827444,1.3911706203503027,1.3911706203503027,-0.8414146992540936,4.611873925219582,18.18,0.5,1.0,7.38791278621171e-34,8.400494513544121e-35,3.276400233333047,2.059385374796498,2.714196543365607,0.75874585421248,True,0.5623137722448144,4.7237137586328615e-35
1822790-02-2,O=C(O)C1=CC=C2C(=C1C(=O)O)CCC2N,177.395301721507,208.840474,0.53363,-0.66231,190.80000000000004,3.6954295081898128,-8.491856932553501,-0.6054533173625,7.886403615191002,2.623535955724171,1,1,1.029,3,3,ok,False,3.8201480427680004,1.22933890921653,1.22933890921653,1.410688055909846,6.229608029626155,18.18,0.5,1.0,6.135347995143312e-34,6.157134279321225e-35,5.04948695198453,1.6157668574946513,2.714196543365607,0.5953020835739105,True,0.7016050986977806,4.3198768037386567e-35
1344437-44-0,O=C(O)C1=CC=C2C(=C1C(=O)O)CCC2N,177.39532816668765,208.84017766666668,0.53363,-0.66231,190.80000000000004,3.6955026681089,-8.491584818703,-0.6054533173625,7.8861315013405,2.6234695311307896,1,1,1.029,3,3,ok,False,3.8199073784251603,1.229356878590357,1.229356878590357,1.4104121722414806,6.22940258460884,18.18,0.5,1.0,6.133923576704056e-34,6.155785317059917e-35,5.049264257015517,1.6158048249490213,2.714196543365607,0.5953160720429705,True,0.7015934136146267,4.3188584340748644e-35
93236-56-7,O=C(O)C1=C(Cl)C(Cl)=C(O)C(O)=C1C(=O)O,171.6434888150853,196.78568600000003,0.54279,-0.64513,183.66400000000004,5.332536320551412,-8.0640939595675,-0.9499494520955,7.114144507472001,2.855332026992317,2,2,1.8010000000000002,4,4,ok,False,-0.7749773705076635,1.613184689874393,1.613184689874393,-3.93676126307289,2.386806522057563,18.18,0.5,1.0,8.591084649944215e-34,1.1338880224541501e-34,0.8382073193667294,2.6971410629916073,2.714196543365607,0.9937161955291377,True,0.3725172709552146,4.2239287169342507e-35
2576356-83-5,O=C(O)C=1C=CC=C(C#CCCNC)C1C(=O)O,177.0296405997099,248.35304,0.53633,-0.65329,223.2160000000001,3.582998029583605,-8.04368542078,-0.7243670700310001,7.319318350748999,2.625884706659529,1,0,1.0439999999999998,3,3,ok,False,3.655461955478959,1.2423010260857317,1.2423010260857317,1.2205966863937707,6.090327224564147,18.18,0.5,1.0,5.67255002231908e-34,5.749731379260301e-35,4.897762981564691,1.6099074326753189,2.714196543365607,0.59314327719209,True,0.7034074642841197,4.044403969800322e-35
2436698-26-7,O=C(O)C=1C=CC=C(C#CCOCCO)C1C(=O)O,174.83986676950855,245.60687666666664,0.53648,-0.6513,228.75200000000007,6.203358091388889,-8.2627370704325,-0.7338910547985,7.528846015634,2.687640225860085,1,0,0.4434,3,4,ok,False,1.9696578409466046,1.3823993085682944,1.3823993085682944,-0.7397950161003255,4.679110697993535,18.18,0.5,1.0,6.116716036657684e-34,6.902570925618552e-35,3.352057149514899,2.0256361816638533,2.714196543365607,0.7463115324552223,True,0.5729362050392341,3.954732791138047e-35
2611109-09-0,O=C(O)C=1C=CC=C(C#CCCCCN)C1C(=O)O,174.16885460023258,265.03657066666665,0.53644,-0.65351,240.05600000000007,5.283613858903771,-8.11987729892,-0.719469020722,7.400408278198,2.639517997566285,1,0,1.5635,3,3,ok,False,1.7191311127358926,1.4023524004980938,1.4023524004980938,-1.029429085873661,4.467691311345446,18.18,0.5,1.0,5.640613265307921e-34,6.453712953625824e-35,3.1214835132339864,1.9641870762738727,2.714196543365607,0.7236716445885228,True,0.592324501895245,3.822692310631307e-35
1323408-36-1,O=C(O)C=1C=CC=C(OCC2=CC=C(C=C2)CO)C1C(=O)O,177.54924159611298,291.63587133333334,0.53615,-0.65874,261.03200000000004,6.726452118316163,-8.142734862362,-0.6827336509045,7.4600012114575,2.61021721950367,1,0,2.1543,3,4,ok,False,2.9782439412146733,1.2969501082187656,1.2969501082187656,0.43626843936056714,5.520219443068779,18.18,0.5,1.0,4.8679525242952835e-34,5.146038044704538e-35,4.275194049433439,1.9328590231202571,2.714196543365607,0.7121293510762156,True,0.6022225529750624,3.099060168988765e-35
2477073-01-9,O=C(O)C=1C=CC=C(C#CC(O)CC(C)C)C1C(=O)O,174.5085434255539,276.1886216666667,0.53659,-0.65173,253.25600000000009,4.4149011823595785,-8.2594717042265,-0.744503494968,7.514968209258501,2.6970030720765004,1,0,1.8415,3,3,ok,False,2.3367331882757316,1.3450776992697016,1.3450776992697016,-0.29957065870088107,4.973037035252345,18.18,0.5,1.0,2.8533794147799484e-34,3.117340040727483e-35,3.681810887545433,1.8383994150550076,2.714196543365607,0.677327299509191,True,0.6320591669279039,1.970343349173211e-35
2502276-72-2,O=C(O)C=1C=CC=C(C#CCCC(O)CC)C1C(=O)O,177.47294789209897,274.9862856666667,0.53573,-0.65283,253.2800000000001,3.93605107055282,-8.133482991445,-0.6919855218215001,7.441497469623499,2.616707685402169,1,0,1.9856,3,3,ok,False,3.765125661666051,1.227282291051831,1.227282291051831,1.359696572340658,6.170554750991444,18.18,0.5,1.0,2.772858441059136e-34,2.763554072151362e-35,4.992407952717882,1.64445083358735,2.714196543365607,0.6058702114284726,True,0.6927551139982088,1.914466216293431e-35
2385606-35-7,O=C(O)C=1C(F)=CC=C(O)C1C(=O)O,176.9851826465636,153.11109866666666,0.53432,-0.64774,152.36800000000002,3.979200495074356,-8.214028691193,-0.7257276392835,7.488301051909501,2.6681366939672992,2,0,0.9277,3,3,ok,False,3.65756095484233,1.2299550796083463,1.2299550796083463,1.246893296207876,6.0682286134767836,18.18,0.5,1.0,1.3115391986046543e-34,1.3036047862847063e-35,4.887516034450676,1.651935615231261,2.714196543365607,0.608627853155711,True,0.6904388537509113,9.000593943866143e-36
2556285-34-6,O=C(O)C=1C=CC=C(C#CCOCCN)C1C(=O)O,175.32367673573955,252.565485,0.5363,-0.65127,232.7920000000001,4.392716068675507,-8.357432690406501,-0.7434150395660001,7.614017650840501,2.719504774033544,1,0,0.4098000000000004,3,4,ok,False,2.8335670263383683,1.2915268317600193,1.2915268317600193,0.3022209510216092,5.3649131016551275,18.18,0.5,1.0,6.600507853659702e-35,6.85850493889765e-36,4.125093858098388,1.7704853780676644,2.714196543365607,0.6523055164871223,True,0.6534413569390686,4.481630773846584e-36
2497967-30-1,O=C(O)C=1C=CC=C(C#CCC(O)(C)C)C1C(=O)O,175.1858249599304,259.8397003333334,0.53617,-0.65306,236.0240000000001,5.476459427403804,-8.167225108907001,-0.7240949561805,7.443130152726501,2.6553201031581,1,0,1.5955,3,3,ok,False,2.213494499580298,1.3384796928178229,1.3384796928178229,-0.4098774923808697,4.836866491541466,18.18,0.5,1.0,4.3964016641967893e-35,4.7219947985102586e-36,3.551974192398121,1.8853704539687883,2.714196543365607,0.6946329876431596,True,0.6172291146100208,2.9145526686776106e-36
955-04-4,O=C(O)C1=CC(O)=C(C(=O)O)C(=C1C(=O)O)C,174.39298104054873,203.58091266666668,0.53569,-0.65557,189.66400000000004,4.267127188167702,-8.2915811385855,-1.1423339443990002,7.149247194186499,3.1121722111291983,1,2,0.79522,4,4,ok,False,2.0571591190992873,1.349604560533531,1.349604560533531,-0.5880172129174408,4.702335451116015,18.18,0.5,1.0,3.6767130752607064e-35,3.9772816987869586e-36,3.4067636796328182,2.2715625972078306,2.714196543365607,0.8369189780158994,True,0.49637014238263355,1.9742038831227254e-36
2612215-19-5,O=C(O)C=1C=CC=C(C#CC=CCO)C1C(=O)O,177.1517663834154,258.7499136666667,0.53656,-0.65213,214.13600000000005,4.813746151387711,-7.789531084413,-0.815797323799,6.973733760614,2.654663898678168,1,0,0.983,3,3,ok,False,3.4486278411204268,1.2346501328316584,1.2346501328316584,1.0287580472627824,5.8684976349780715,18.18,0.5,1.0,2.8770942255570143e-35,2.8427527372079843e-36,4.683277973952086,1.6874119726370203,2.714196543365607,0.6216985194980122,True,0.6794245771346101,1.9314360763757903e-36
858442-56-5,O=C(O)C1=CC(OC)=C(O)C(Br)=C1C(=O)O,177.18380097124822,207.959387,0.53665,-0.65,191.5600000000001,4.988837752422903,-8.019739401936,-0.6098071389705,7.4099322629655004,2.512474839812785,1,2,1.5597,3,4,ok,False,2.935284787314872,1.2751077093886178,1.2751077093886178,0.4361196005038157,5.434449974125929,18.18,0.5,1.0,2.5045456021797925e-35,2.553488468370541e-36,4.21039249670349,1.703135414201673,2.714196543365607,0.6274915567056847,True,0.6745255974891524,1.7223933348092996e-36
2890-08-6,O=C(O)C=1C=CC2=CC=C(N)C=C2C1C(=O)O,177.3753538363475,253.13627866666664,0.5344,-0.66036,194.23200000000008,5.012651319411714,-7.0970013348905,-0.9238265224475,6.173174812443,2.6053724976074992,1,1,1.8184,3,3,ok,False,3.3418643075273433,1.241295675822925,1.241295675822925,0.9089694887491042,5.774759126305582,18.18,0.5,1.0,2.245005087901308e-35,2.226634716937765e-36,4.583159983350268,1.686056295143884,2.714196543365607,0.6211990429599369,True,0.6798464936188297,1.5137698048800947e-36
2567208-51-7,O=C(O)C=1C=CC=C(C#CCC(N)CO)C1C(=O)O,178.39577982899746,254.0491483333333,0.53677,-0.65319,231.88000000000005,4.810253687696732,-8.1381089269035,-0.731442030144,7.406666896759501,2.655341980279982,1,0,0.1442000000000002,4,4,ok,False,2.0144730902989405,1.3238458851561328,1.3238458851561328,-0.5802171656886284,4.609163346286509,18.18,0.5,1.0,1.2179362837816176e-36,1.265120797261315e-37,3.3383189754550733,1.971380937596083,2.714196543365607,0.7263221016233291,True,0.5900524809317171,7.464876651023508e-38
50662-94-7,O=C(O)C=1C=CC=C(OC2=CC=CC(C(=O)O)=C2C(=O)O)C1C(=O)O,177.73207833308558,304.2032546666667,0.5364,-0.65441,274.59200000000004,4.621041238725316,-8.2877715446785,-0.866410499992,7.421361044686501,2.8229002875074274,1,0,2.2717,4,5,ok,False,2.3867972344257584,1.2779181947701097,1.2779181947701097,-0.11787640251209863,4.891470871363616,18.18,0.5,1.0,1.5627088770229024e-37,1.5476063974961306e-38,3.6647154291958683,1.9760377072400686,2.714196543365607,0.7280378099626417,True,0.5885819834931768,9.108932431050024e-39
93236-58-9,O=C(O)C1=CC(O)=C(O)C(Cl)=C1C(=O)O,177.0615350420876,179.42272866666667,0.53708,-0.64748,170.12000000000003,4.111520728392355,-8.171034702814,-0.6239570591965,7.5470776436174996,2.562312319631705,1,2,1.1475999999999995,4,4,ok,False,0.931210849462472,1.3822690058435607,1.3822690058435607,-1.7779866189368927,3.6404083178618367,18.18,0.5,1.0,4.872954843552473e-38,5.1839788271672716e-39,2.3134798553060327,2.1198095956733054,2.714196543365607,0.7810081406428803,True,0.5433651508320281,2.8167934373337846e-39
6274-40-4,O=C(O)C1=CC(O)=CC(C(=O)O)=C1C(=O)O,172.56726126529276,181.81516066666669,0.53594,-0.65731,175.13600000000005,2.565939784952094,-8.421379445273999,-0.7866811417955001,7.634698303478498,2.7764155309356378,1,1,0.4868,4,4,ok,False,-0.2703497540986959,1.4589395786410835,1.4589395786410835,-3.1298187838552614,2.5891192756578696,18.18,0.5,1.0,7.051434258201492e-39,7.828956104819538e-40,1.1885898245423876,2.3581268287856854,2.714196543365607,0.8688121111014331,True,0.4700884152594961,3.680301568450774e-40
148870-39-7,O=C(O)C1=C(O)C=2C=CC=CC2C(O)=C1C(=O)O,174.9147355804996,247.02482166666664,0.53854,-0.66193,197.20800000000008,4.548948166334719,-7.317141439944999,-0.8802883063674999,6.436853133577499,2.609887667593152,2,2,1.6474000000000002,4,4,ok,False,-0.19103451252660797,1.4525886655846112,1.4525886655846112,-3.0380559814235424,2.6559869563703264,18.18,0.5,1.0,6.852737514382308e-39,7.573983608640957e-40,1.2615541530580032,2.330777488647454,2.714196543365607,0.8587357073844354,True,0.4783431030659203,3.622962821927732e-40
27229-82-9,O=C(O)C1=C(O)C=C(C(O)=C1C(=O)O)C,174.0513893485517,188.62143633333332,0.53352,-0.69357,169.84000000000003,1.8517999756993195,-7.7038152215055,-1.035121087302,6.6686941342035,2.8629671069220306,2,1,0.8026199999999999,4,4,ok,False,1.0030657617845993,1.3511142868961215,1.3511142868961215,-1.6450695795293169,3.6512011030985154,18.18,0.5,1.0,2.0531643131187158e-39,2.0962374045618243e-40,2.3541800486807207,2.1756396559035975,2.714196543365607,0.8015777859645351,True,0.525961666144835,1.1025405179384616e-40
1005516-29-9,O=C(O)C=1C=CC=C(NC(=O)CO)C1C(=O)O,173.4786145782297,205.952725,0.53425,-0.66277,194.7680000000001,4.2403139718657625,-8.320969434439501,-0.758653415194,7.562316019245501,2.725340718431516,1,0,0.0138,4,4,ok,False,-0.3890570713358148,1.4534310115623645,1.4534310115623645,-3.237729508011668,2.4596153653400386,18.18,0.5,1.0,1.2641902840237362e-39,1.384646100143724e-40,1.0643739402265497,2.4193548494169193,2.714196543365607,0.8913705440125999,True,0.4517883564575371,6.255669858592714e-41
58974-91-7,O=C(O)C=1C=CC=C(SC2=CC=CC(C(=O)O)=C2C(=O)O)C1C(=O)O,176.1588397930557,330.5939396666667,0.53596,-0.65179,284.05600000000004,3.073801595744267,-8.010487531018999,-0.8443692781015,7.166118252917499,2.73538917244722,1,0,2.6306,4,5,ok,False,1.3113367098623723,1.3032850470521338,1.3032850470521338,-1.2430550439493997,3.8657284636741442,18.18,0.5,1.0,8.080607222275247e-41,7.815770923791994e-42,2.614621756914506,2.1005668403346625,2.714196543365607,0.7739184715525269,True,0.5493883004926664,4.293893104862081e-42
610-27-5,O=C(O)C1=CC=C(C=C1C(=O)O)N(=O)=O,187.00675119298228,174.77171633333333,0.53739,-0.64925,162.72800000000004,6.39552193726204,-9.4339150829845,-1.997859890371,7.4360551926135,4.393642719706132,0,1,0.9912,2,4,ok,True,16.042079911197632,1.2481371449522922,1.2481371449522922,13.595776059324491,18.488383763070775,18.18,0.5,1.0,0.0,0.0,-inf,2.1569385114630277,2.714196543365607,0.7946876642869869,True,0.5317783649033805,0.0
2479-49-4,O=C(O)C1=CC=C(C=C1C(=O)O)C(=O)C2=CC=C(C(=O)O)C(=C2)C(=O)O,189.46882237701325,324.62148833333333,0.53452,-0.65679,285.6960000000001,4.47250366237972,-9.0540441476865,-1.455809100175,7.5982350475115,3.634298445655505,0,1,1.7104,4,5,ok,True,14.692335823052536,1.20867695284923,1.20867695284923,12.323372526524428,17.061299119580646,18.18,0.5,1.0,0.0,0.0,-inf,1.3170764008562812,2.714196543365607,0.4852546157998952,True,0.7901977549262561,0.0
88-99-3,O=C(O)C=1C=CC=CC1C(=O)O,186.15748215999335,148.1550736,0.53177,-0.66663,139.36000000000004,1.2822034393964166,-8.984110888108,-0.6887201556155,8.2953907324925,2.8197484427688977,0,0,1.083,2,2,ok,True,13.918403991926342,1.0247957413981466,1.0247957413981466,11.909841247275951,15.926966736576732,18.18,0.5,1.0,0.0,0.0,-inf,0.6500597088161598,2.714196543365607,0.23950355047246688,True,0.9442522347597364,0.0
89-05-4,O=C(O)C=1C=C(C(=O)O)C(=CC1C(=O)O)C(=O)O,185.99041085287317,200.623436,0.53569,-0.65158,195.0480000000001,3.419398349125179,-9.337858893758002,-1.4568975555769998,7.8809613381810015,3.6964642319687817,0,2,0.4794000000000001,4,4,ok,True,13.073225430424976,1.1663135719858986,1.1663135719858986,10.787292834652352,15.359158026197601,18.18,0.5,1.0,0.0,0.0,-inf,1.245809960895784,2.714196543365607,0.4589976963683618,True,0.8100341390152008,0.0
528-44-9,O=C(O)C1=CC=C(C(=O)O)C(=C1)C(=O)O,186.09190747153525,174.987838,0.53528,-0.65516,166.96800000000005,1.9379577007767737,-9.2075163593685,-1.152130043017,8.0553863163515,3.330761225088828,0,1,0.7811999999999999,3,3,ok,True,12.737461240442226,1.146532566341796,1.146532566341796,10.490298703310025,14.984623777574427,18.18,0.5,1.0,0.0,0.0,-inf,1.2306639098600134,2.714196543365607,0.4534173889758141,True,0.8141689912034751,0.0
10595-31-0,O=C(O)C1=CC=C(C=C1C(=O)O)S(=O)(=O)C2=CC=C(C(=O)O)C(=C2)C(=O)O,189.0335683550712,334.0900596666666,0.5374,-0.65043,300.20000000000005,8.779619449611697,-9.209421156322,-1.237573792074,7.971847364248001,3.4226603466242773,0,1,1.3122000000000005,4,6,ok,True,12.68120208908003,1.2076814470659842,1.2076814470659842,10.314189948033484,15.048214230126575,18.18,0.5,1.0,0.0,0.0,-inf,1.7252680631348447,2.714196543365607,0.6356459584151964,True,0.667613554250078,0.0
1885-13-8,O=C(O)C1=CC=C(OC)C=C1C(=O)O,186.9281764623113,175.53717500000002,0.53269,-0.66232,164.19200000000004,3.7278227640272816,-8.170218361262501,-0.5477651810565,7.622453180206001,2.492742009931602,0,1,1.0916,2,3,ok,True,12.59727252082437,1.00976105650629,1.00976105650629,10.618177217080927,14.576367824567814,18.18,0.5,1.0,0.0,0.0,-inf,0.4969296291468629,2.714196543365607,0.1830853518554222,True,0.9670353323739537,0.0
603-11-2,O=C(O)C1=CC=CC(=C1C(=O)O)N(=O)=O,173.77697112917815,174.16463066666665,0.53835,-0.64676,162.20000000000005,4.908302645518102,-9.4061594702335,-1.8996267903405,7.506532679892999,4.256985495852321,1,0,0.9912,2,4,ok,True,12.355174240453051,1.2844685969194276,1.2844685969194276,9.837662051218278,14.872686429687825,18.18,0.5,1.0,0.0,0.0,-inf,2.2026008766186527,2.714196543365607,0.8115111936173292,True,0.5176010965001278,0.0
2169-87-1,O=C(O)C1=CC=2C=CC=CC2C=C1C(=O)O,185.0290207783152,232.25085633333333,0.53127,-0.67131,182.84800000000004,2.5326000098712784,-7.8404163744565,-0.6898086110175,7.150607763439,2.5440053737407617,0,2,2.2362,2,2,ok,True,12.162063645270475,1.0156300559077827,1.0156300559077827,10.171465314074819,14.152661976466131,18.18,0.5,1.0,0.0,0.0,-inf,0.5289881198956046,2.714196543365607,0.1948967627965728,True,0.9627276241579039,0.0
651-97-8,O=C(O)C=1C(F)=CC=C(F)C1C(=O)O,179.0190944252998,143.91094203333333,0.53586,-0.64279,149.46400000000003,0.918522019333233,-8.8450607105025,-0.8704922077495,7.974568502753,2.959155986771219,2,0,1.3612000000000002,2,2,ok,True,10.75983155484875,1.0940122489443835,1.0940122489443835,8.615606948272092,12.904056161425409,18.18,0.5,1.0,0.0,0.0,-inf,0.8896096467349179,2.714196543365607,0.3277616902539419,True,0.8981414327399522,0.0
18959-91-6,O=C(O)C1=CC=C(OC2=CC=CC(OC3=CC=C(C(=O)O)C(=C3)C(=O)O)=C2)C=C1C(=O)O,190.58449235351785,413.08934,0.53319,-0.66022,355.0160000000001,5.812796361476979,-8.313622360476,-0.5684458336945,7.7451765267815,2.5464602108519774,0,1,4.064000000000003,4,6,ok,True,10.113819027067368,1.1571074964414587,1.1571074964414587,7.845930007800801,12.381708046333936,18.18,0.5,1.0,0.0,0.0,-inf,1.429503088287222,2.714196543365607,0.526676335131809,True,0.7577604578226143,0.0
14963-97-4,O=C(O)C=1C=CC=C(OC)C1C(=O)O,182.10747297796223,171.9812003333333,0.5353,-0.65898,163.81600000000003,4.315474756037856,-8.1065437202455,-0.6353858409174999,7.471157879328,2.5572118032663407,1,0,1.0916,2,3,ok,True,9.840036129157802,1.0358399064836983,1.0358399064836983,7.809827218700416,11.870245039615188,18.18,0.5,1.0,0.0,0.0,-inf,0.9445687694489487,2.714196543365607,0.34801045331731295,True,0.8859353711016945,0.0
27563-65-1,O=C(O)C=1C=CC=C(Cl)C1C(=O)O,178.43293502144806,162.448114,0.53766,-0.64776,153.97600000000003,2.109936404254877,-8.7900937127015,-0.811987729892,7.978105982809501,2.8891559045737982,1,0,1.7364000000000002,2,2,ok,True,9.757461972488652,1.07330559602098,1.07330559602098,7.653821659882235,11.86110228509507,18.18,0.5,1.0,0.0,0.0,-inf,0.8094161571709211,2.714196543365607,0.2982157497582117,True,0.9149072056826938,0.0
10351-75-4,O=C(O)C1=CC=2N=CNC2C=C1C(=O)O,184.6104120852949,188.57241966666663,0.53081,-0.67271,164.04800000000003,6.223521663013635,-8.3073637419145,-0.4408244378099999,7.8665393041045,2.432162144919947,0,2,0.9593,3,3,ok,True,7.080092999923161,1.168785692998672,1.168785692998672,4.789315136000075,9.370870863846246,18.18,0.5,1.0,0.0,0.0,-inf,1.284281713298666,2.714196543365607,0.47317196554460095,True,0.7994016977096244,0.0
3786-46-7,O=C(O)C=1C(O)=CC=C(O)C1C(=O)O,174.1235627185381,168.58690256666668,0.53398,-0.69209,153.15200000000004,2.548500580733699,-7.778102302692,-1.119476380957,6.658625921735,2.972343970146659,2,0,0.4941999999999998,4,4,ok,True,1.4489884675648863,1.315603318857093,1.315603318857093,-1.129546655336381,4.027523590466154,18.18,0.5,1.0,0.0,0.0,-inf,2.1003607230582295,2.714196543365607,0.7738425311137489,True,0.549452878097336,0.0
