cas,smiles,sasa,polar,h_nbo_charge,o_nbo_charge,molecular_volume_A3,dipole_moment_debye,homo_ev,lumo_ev,gap_ev,omega,3and6,4and5,logp,hbd,hba,prediction_status,known_any,mu,sigma_raw,sigma_cal,ci_lower,ci_upper,current_best_y,xi,beta,pi,ei,ucb,ad_knn_distance,ad_threshold,ad_ratio,in_ad,ad_penalty,ei_ad
52839-61-9,O=C(O)C1=CC=C2C(=O)C3=CC(C(=O)O)=C(C=C3C(=O)C2=C1)C(=O)O,186.7906362044681,330.6965833333333,0.53552,-0.65123,266.0400000000001,2.92555219232199,-9.1911895283385,-2.4378679866295,6.753321541709001,5.006239442739871,0,2,1.5566000000000002,3,5,ok,False,18.51148397517153,0.780853955482372,0.780853955482372,16.98103834524044,20.04192960510262,18.18,0.5,1.0,0.4145679601548363,0.23448387340518959,19.2923379306539,2.191769670484674,2.714196543365607,0.807520618152021,True,0.5209560755540193,0.12215579846987305
302927-97-5,O=C(O)C1=CC=C(C=C1C(=O)O)NC(=O)C=2C=C(C=C(C2)N(=O)=O)N(=O)=O,189.45637149833877,342.8924606666667,0.53399,-0.66037,289.22400000000005,4.874665872652196,-8.2894042277815,-2.1271139693585,6.162290258422999,4.401928779768163,0,1,2.1517,3,7,ok,False,17.78001583523904,0.780853955482372,0.780853955482372,16.24957020530795,19.310461465170132,18.18,0.5,1.0,0.1245446916309274,0.04824391653932407,18.560869790721412,1.8662760144927524,2.714196543365607,0.6875979630342347,True,0.6232603446707079,0.030068520050563985
884740-23-2,O=C(O)C=1C=C2C(=O)C3=CC=C(Cl)C=C3C(=O)C2=CC1C(=O)O,186.53972145292332,320.02610066666665,0.53556,-0.65149,253.16000000000005,1.2349677445180502,-8.825740627117,-2.3823567611275003,6.4433838659895,4.8740479256345575,0,2,2.5118,2,4,ok,False,17.701931445040067,0.780853955482372,0.780853955482372,16.171485815108976,19.232377074971158,18.18,0.5,1.0,0.1051824445050909,0.03929000716764301,18.482785400522438,2.214188809848291,2.714196543365607,0.8157805724351466,True,0.5140175128768196,0.020195751765224278
847802-82-8,O=C(O)C=1C=C2C(=O)C3=CC=C(C=C3C(=O)C2=CC1C(=O)O)C,186.6051060028986,324.94301433333334,0.53535,-0.65256,255.15200000000007,2.623942053476029,-8.660295406013,-2.2882053688545,6.3720900371585,4.702918058214053,0,2,2.1668200000000004,2,4,ok,False,17.540273393733337,0.780853955482372,0.780853955482372,16.009827763802246,19.070719023664427,18.18,0.5,1.0,0.07220139788960474,0.02507663912875023,18.321127349215708,2.0028662766680503,2.714196543365607,0.7379223444830173,True,0.5801147289392128,0.014547327710881398
503427-05-2,O=C(O)C=1C=C2C(=O)C3=NC=CC=C3C(=O)C2=CC1C(=O)O,186.4589703959938,291.2775066666666,0.53572,-0.651,234.12800000000004,3.254320325352131,-9.239353679877,-2.402765299915,6.836588379962,4.956380536851427,0,2,1.2534,2,5,ok,False,17.469932297764018,0.780853955482372,0.780853955482372,15.939486667832925,19.00037792769511,18.18,0.5,1.0,0.060610101540117575,0.020414789963629984,18.25078625324639,2.2579473183758703,2.714196543365607,0.8319026578583778,True,0.5005428686973363,0.010218477532248943
10133-84-3,O=C(O)C1=CC=C(N=N(=O)C2=CC=C(C(=O)O)C(=C2)C(=O)O)C=C1C(=O)O,188.9989075467748,362.3044903333334,0.53334,-0.66008,293.24800000000005,4.284725369262305,-8.3922632632705,-2.0340510324875,6.358212230783,4.274315870883587,0,1,2.4051,4,6,ok,False,17.371764673421318,0.780853955482372,0.780853955482372,15.841319043490225,18.90221030335241,18.18,0.5,1.0,0.04692881618621364,0.015159031743953659,18.15261862890369,1.853695275722605,2.714196543365607,0.6829628017372761,True,0.6272323777709348,0.009508235525465134
844645-02-9,O=C(O)C=1C=C2C(=O)C3=CC=C(C=C3C(=O)C2=CC1C(=O)O)S(=O)(=O)O,186.9754670909084,341.5895306666667,0.53571,-0.65074,280.7680000000001,7.376475458509979,-9.34983190318,-2.499093602992,6.8507383001880005,5.123427194955052,0,2,1.1051000000000002,3,6,ok,False,17.529687872834167,0.780853955482372,0.780853955482372,15.999242242903074,19.060133502765257,18.18,0.5,1.0,0.07035579358000403,0.024322150426990125,18.310541828316538,2.6697950579937197,2.714196543365607,0.9836410205884245,True,0.38001306039787225,0.009242734819217932
310873-87-1,O=C(O)C1=CC=C(OC2=CC=C(C=C2)NC(=O)C=3C=C(C=C(C3)N(=O)=O)N(=O)=O)C=C1C(=O)O,189.50153208348937,445.7116083333333,0.53322,-0.66059,369.3440000000001,5.665272898104734,-7.900009307716001,-2.115957301488,5.784052006228001,4.336042752065073,0,1,3.9440000000000026,3,8,ok,False,17.295947592196377,0.780853955482372,0.780853955482372,15.765501962265285,18.826393222127468,18.18,0.5,1.0,0.03815699008815398,0.011942822487396573,18.07680154767875,1.9372431527718603,2.714196543365607,0.7137446098025299,True,0.6008371369021496,0.0071756912698579655
61837-53-4,O=C(O)C=1C=C(C(=O)O)C(=CC1C(=O)O)N(=O)=O,186.03369820147367,200.1222323333333,0.53826,-0.64418,190.66400000000004,6.0247326861861685,-9.534325093819,-2.135005271023,7.399319822796001,4.6008712430667495,0,2,0.6894,3,5,ok,False,17.11993107604046,0.780853955482372,0.780853955482372,15.589485446109366,18.65037670597155,18.18,0.5,1.0,0.02286369534316316,0.006667378893191127,17.90078503152283,2.0358118453901772,2.714196543365607,0.7500605843620183,True,0.5697310450990748,0.0037986127448892933
24934-81-4,O=C(O)C1=CC=C(C=C1C(=O)O)NC(=O)C2=CC=CC(=C2)N(=O)=O,190.55385852542892,318.55121933333334,0.53292,-0.66129,265.24800000000005,2.5944183201635007,-8.215661374296001,-1.843299223287,6.372362151009002,3.969591099263954,0,1,2.2435,3,5,ok,False,17.057009440822718,0.780853955482372,0.780853955482372,15.526563810891625,18.58745507075381,18.18,0.5,1.0,0.018832513099652802,0.005359051347424523,17.83786339630509,1.7647610183089752,2.714196543365607,0.6501964725519359,True,0.6552388502688927,0.003511458643418405
302927-78-2,O=C(O)C1=CC=C(OC2=CC=CC(=C2)NC(=O)C3=CC=C(C=C3)N(=O)=O)C=C1C(=O)O,189.7523186818669,423.73869766666667,0.53293,-0.66054,345.36000000000007,3.931486032024023,-7.974568502753,-1.965206228311,6.009362274441999,4.110216575080441,0,1,4.035800000000003,3,6,ok,False,17.050007423237048,0.780853955482372,0.780853955482372,15.519561793305956,18.58045305316814,18.18,0.5,1.0,0.018423796696782443,0.005228621133705265,17.83086137871942,1.7166877164760908,2.714196543365607,0.6324846742113215,True,0.6702953364080111,0.0035047203617670068
201352-97-8,O=C(O)C=1C=C2C(=O)C=3C=CC=C(N)C3C(=O)C2=CC1C(=O)O,186.32430020106148,334.63700033333333,0.5351,-0.65358,249.0480000000001,4.833242171669034,-7.4676203992715005,-2.211741376864,5.2558790224075,4.456440302082784,0,2,1.4406,3,5,ok,False,17.018337004498783,0.780853955482372,0.780853955482372,15.48789137456769,18.548782634429873,18.18,0.5,1.0,0.016668235024936476,0.004673327478183012,17.799190959981154,1.778978115962909,2.714196543365607,0.6554345227177152,True,0.6507729858963203,0.003041275277048479
294675-76-6,O=C(O)C1=CC=C(C=C1C(=O)O)NC(=O)C2=CC=CC(=C2)N3C(=O)C4=CC=C(C=C4C3=O)N(=O)=O,190.3124693245524,471.58161966666665,0.53301,-0.66157,378.2080000000001,7.690108207301118,-8.176204865973501,-2.239496989615,5.936707876358501,4.568476645807869,0,1,3.044100000000001,3,7,ok,False,17.05870647214458,0.780853955482372,0.780853955482372,15.528260842213486,18.58915210207567,18.18,0.5,1.0,0.01893272431879322,0.005391095678829897,17.83956042762695,2.3515277536963075,2.714196543365607,0.8663807930358685,True,0.4720758163000663,0.0025450058933353835
59529-53-2,O=C(O)C1=CC=C(C=C1C(=O)O)NC(=O)C2=CC=C(C=C2)N(=O)=O,190.2202878193448,320.384405,0.53284,-0.66145,265.7440000000001,5.463555528225187,-8.240967962392501,-1.982621514743,6.258346447649501,4.175295450296295,0,1,2.2435,3,5,ok,False,16.937185252207748,0.780853955482372,0.780853955482372,15.406739622276655,18.467630882138838,18.18,0.5,1.0,0.01280965185714151,0.0034831410653313293,17.71803920769012,1.8883028610271162,2.714196543365607,0.6957133836319821,True,0.6163026555495312,0.0021466690882173214
302927-80-6,O=C(O)C1=CC=C(OC2=CC=CC(=C2)N3C(=O)C=4C(Br)=C(Br)C(Br)=C(Br)C4C3=O)C=C1C(=O)O,190.11088370190788,512.4864256666666,0.53357,-0.6601,409.2800000000001,3.4690033179574797,-8.311989677373,-1.867789469832,6.444200207541001,4.020200340943956,0,1,6.725900000000003,2,5,ok,False,16.797805975066325,0.780853955482372,0.780853955482372,15.267360345135232,18.328251604997416,18.18,0.5,1.0,0.007966858019073526,0.002058447734879603,17.578659930548696,1.8656379103382317,2.714196543365607,0.6873628643063698,True,0.6234618471040302,0.0012833636269551443
61415-80-3,O=C(O)C=1C=C2C(=O)C3=CC=CC(=C3C(=O)C2=CC1C(=O)O)N(=O)=O,186.4965203195005,325.0242296666667,0.53567,-0.65037,262.04800000000006,5.606733406360606,-9.324797428934,-2.483310999663,6.841486429271,5.09507057066401,0,2,1.7666000000000002,2,6,ok,False,16.82204450006488,0.780853955482372,0.780853955482372,15.291598870133788,18.35249012999597,18.18,0.5,1.0,0.008670676804116107,0.002259976715362811,17.60289845554725,2.498490426637349,2.714196543365607,0.9205267145242244,True,0.4285407560552736,0.0009684921302688928
39995-15-8,O=C(O)C1=CC=C(C=C1C(=O)O)C(=O)C2=CC=C(C=C2)N(=O)=O,190.12804854643187,300.4959813333333,0.53481,-0.65582,253.85600000000005,6.065199855734352,-9.1215283826105,-2.0857526640825,7.035775718528001,4.463017067499787,0,1,2.2222,2,5,ok,False,16.459705219014218,0.780853955482372,0.780853955482372,14.929259589083125,17.99015084894531,18.18,0.5,1.0,0.0022316193504144924,0.0005132651971564307,17.24055917449659,2.332273842693302,2.714196543365607,0.8592870138288805,True,0.4778902515430495,0.00024528443417737956
1061873-28-6,O=C(O)C1=CC=C(N=NC2=CC=C(C(=O)O)C(=C2)C(=O)O)C=C1C(=O)O,188.0285649099624,356.61653666666666,0.53407,-0.65873,285.15200000000004,4.337784026435617,-8.4167535098155,-1.9491515111315,6.467601998684,4.153470904871624,0,1,2.8948,4,6,ok,False,16.373411451192656,0.780853955482372,0.780853955482372,14.842965821261563,17.903857081123746,18.18,0.5,1.0,0.0015687717615568825,0.0003508138759085811,17.154265406675027,1.6668710543708714,2.714196543365607,0.6141305641425471,True,0.6858088394286803,0.00024059125709234106
1823489-93-5,O=C(O)C1=CC=C(C=C1C(=O)O)C(=O)CBr,190.0064887376668,212.572629,0.534,-0.65496,195.56800000000004,3.50310092061305,-9.1705088757005,-1.567920006581,7.602588869119499,3.791927225218107,0,1,1.6606,2,3,ok,False,16.12409651980184,0.780853955482372,0.780853955482372,14.593650889870746,17.65454214973293,18.18,0.5,1.0,0.0005316563662026383,0.00010998630102672467,16.90495047528421,1.815989945634239,2.714196543365607,0.669070907953633,True,0.6391245818283666,7.029494865055426e-05
1806542-29-9,O=C(O)C1=CC=C(C=C1C(=O)O)C(=O)C(Br)C,190.36664508216705,231.39301066666667,0.53426,-0.65561,212.08800000000005,3.302406616393565,-9.1215283826105,-1.5129530087799998,7.608575373830501,3.7159451312268175,0,1,2.0491,2,3,ok,False,16.114247199379328,0.780853955482372,0.780853955482372,14.583801569448235,17.64469282931042,18.18,0.5,1.0,0.0005084130642582218,0.00010486510162771492,16.8951011548617,1.7648470355882786,2.714196543365607,0.6502281641696684,True,0.655211846754595,6.870885689760338e-05
56896-91-4,O=C(O)C1=CC=C(C=C1C(=O)O)N2C(=O)C=CC2=O,188.8729703745971,230.1731663333333,0.53311,-0.66021,207.97600000000008,3.206759319001038,-8.80016192517,-1.664792537359,7.135369387811,3.837056848447299,0,1,0.5123999999999999,2,4,ok,False,16.04392119041669,0.780853955482372,0.780853955482372,14.513475560485597,17.57436682034778,18.18,0.5,1.0,0.00036788365319571264,7.429850117250528e-05,16.82477514589906,1.7245080145188296,2.714196543365607,0.635365931304458,True,0.6678512120798219,4.962034406377172e-05
640296-31-7,O=C(O)C1=CC=C(OC=2C=CC=CC2NC(=O)C3=NC=CC(=C3)N(=O)=O)C=C1C(=O)O,190.3486115748479,403.453551,0.53307,-0.66048,341.3200000000001,8.794663427897625,-8.356072121154,-2.108338113674,6.24773400748,4.38174390233608,0,1,3.4308000000000014,3,7,ok,False,16.11364075956518,0.780853955482372,0.780853955482372,14.583195129634086,17.64408638949627,18.18,0.5,1.0,0.0005070131356374601,0.00010455720437030336,16.89449471504755,2.4476929482065546,2.714196543365607,0.9018112392006116,True,0.4434086333708718,4.6361567098915156e-05
104941-68-6,O=C(O)C1=CC=C(C=C1C(=O)O)S(=O)(=O)NC2=CC=C(C=C2)N(=O)=O,190.9770503188382,327.32851,0.53607,-0.65081,281.08000000000004,5.962234324479373,-8.513353926743001,-1.7788082407185,6.734545686024501,3.932284634327613,0,1,1.792,3,6,ok,False,15.91916563808319,0.780853955482372,0.780853955482372,14.388720008152097,17.44961126801428,18.18,0.5,1.0,0.000203378658395511,3.96031379298245e-05,16.70001959356556,1.8354939513897564,2.714196543365607,0.6762568303597284,True,0.632975665561204,2.5067822589442823e-05
61837-56-7,O=C(O)C=1C=C(C(=O)OCC)C(=CC1C(=O)O)N(=O)=O,189.9435324941364,232.37722866666664,0.53821,-0.64426,224.4720000000001,7.659523983903961,-9.490242650038,-2.1135082768335,7.376734373204501,4.563233158495161,0,2,1.1679,2,6,ok,False,15.806438489080467,0.780853955482372,0.780853955482372,14.275992859149374,17.336884119011557,18.18,0.5,1.0,0.00011660587627832808,2.1990025468093344e-05,16.587292444562838,2.6517792824306587,2.714196543365607,0.9770034115298257,True,0.38499086735139265,8.46595897804047e-06
404837-77-0,O=C(O)C1=CC=C(OC=2C=CC=CC2NC(=O)C3=CC=C(C=C3)N(=O)=O)C=C1C(=O)O,189.04031732543825,422.132905,0.53292,-0.66053,345.3760000000001,7.786561389342538,-7.970758908846,-1.963573545208,6.007185363638,4.107204761195455,0,1,4.035800000000003,3,6,ok,False,15.560939485614362,0.780853955482372,0.780853955482372,14.03049385568327,17.091385115545453,18.18,0.5,1.0,3.242608134742167e-05,5.718978979549338e-06,16.341793441096733,1.9866432383951387,2.714196543365607,0.7319452392831135,True,0.585233811800328,3.346939867807609e-06
343234-33-3,O=C(O)C=1C=C(C(=O)OCC)C(=CC1C(=O)O)C(=O)OCC,188.4006221189446,264.812144,0.53496,-0.65359,262.75200000000007,2.0275664280116694,-9.282347668256,-1.305602254699,7.976745413556999,3.5134844400472387,0,2,1.4364,2,6,ok,False,15.436663793471617,0.780853955482372,0.780853955482372,13.906218163540524,16.967109423402707,18.18,0.5,1.0,1.6365975446817896e-05,2.794150954500921e-06,16.217517748953988,1.2312463226645407,2.714196543365607,0.45363196916380777,True,0.8140105409874309,2.274468330073841e-06
1806542-44-8,O=C(O)C1=CC=C(C=C1C(=O)O)C(=O)C(Cl)C,190.115732876188,219.89178366666667,0.53565,-0.65503,207.16000000000005,3.6789622463406713,-9.149556109212,-1.3815220189885,7.7680340902235,3.5692301698907727,0,1,1.893,2,3,ok,False,15.412863410492964,0.780853955482372,0.780853955482372,13.882417780561871,16.943309040424055,18.18,0.5,1.0,1.431768318859674e-05,2.429525590446382e-06,16.193717365975335,1.6910685487865085,2.714196543365607,0.623045723390975,True,0.6782861883208472,1.6479136521718322e-06
53879-50-8,O=C(O)C=1C=C(C(=O)O)C(=CC1C(=O)O)C(=O)OCCOC(=O)C(=C)C,190.1709487674809,305.79654,0.53552,-0.65227,301.3280000000001,2.542355722553396,-9.121800496461,-1.4155362503009998,7.706264246160001,3.602117127309426,0,2,1.0573,3,7,ok,False,15.32498718381681,0.780853955482372,0.780853955482372,13.794541553885718,16.855432813747903,18.18,0.5,1.0,8.672102101133022e-06,1.4390438365075484e-06,16.105841139299184,1.5690844611418602,2.714196543365607,0.5781027409298052,True,0.7159085962276207,1.0302238529041287e-06
777882-06-1,O=C(O)C1=CC=C(OC2=CC=C(C=C2)NC(=O)C3=CC=C4C(=O)N(C(=O)C4=C3)C5=CC=C(N=NC=6C=CC=CC6)C=C5)C=C1C(=O)O,189.78500611058783,678.4238026666667,0.53251,-0.66156,524.8240000000001,1.6268006976885645,-7.740006363622001,-1.618533182774,6.121473180848001,3.5768457956931368,0,1,7.343600000000005,3,8,ok,False,15.302540179551395,0.780853955482372,0.780853955482372,13.772094549620302,16.832985809482487,18.18,0.5,1.0,7.6147958386782945e-06,1.2564928321552425e-06,16.083394135033767,1.520528433739495,2.714196543365607,0.5602130904838741,True,0.7306368654509581,9.180399843475031e-07
27594-39-4,O=C(O)C=1C=CC(=CC1C(=O)O)C2=CC=C(C=C2)N(=O)=O,188.3548994640644,292.7401716666667,0.5325,-0.66322,234.22400000000005,5.921207289902964,-8.4113112328055,-1.9061575227525,6.505153710053,4.09099332108819,0,1,2.658200000000001,2,4,ok,False,15.345898897798795,0.780853955482372,0.780853955482372,13.815453267867703,16.876344527729888,18.18,0.5,1.0,9.78180513369492e-06,1.6317734838486921e-06,16.126752853281168,2.118210733975112,2.714196543365607,0.7804190669805099,True,0.5438651656511866,8.874647560985828e-07
35010-28-7,O=C(O)C1=CC(Cl)=C(C=C1C(=O)O)N(=O)=O,187.19475457439728,190.154692,0.53801,-0.64444,178.04800000000003,6.673814974959974,-9.2254758735015,-1.940715981766,7.2847598917355,4.278927596848286,0,2,1.6446,2,4,ok,False,15.284809288764432,0.780853955482372,0.780853955482372,13.75436365883334,16.815254918695523,18.18,0.5,1.0,6.867718076097283e-06,1.1282075777463126e-06,16.065663244246803,2.2171191477784995,2.714196543365607,0.8168602060885647,True,0.5131122759325669,5.788971579417789e-07
17851-32-0,O=C(O)C=1C=C(C(=O)O)C(=CC1C(=O)O)C(=O)C2=CC(C(=O)O)=C(C=C2C(=O)O)C(=O)O,190.02868211837935,375.272828,0.53563,-0.65086,341.7680000000001,7.268179151616999,-9.2864293760135,-1.833503124669,7.452926251344501,4.147796940746198,0,2,1.1068000000000002,6,7,ok,False,15.35911901271742,0.780853955482372,0.780853955482372,13.828673382786327,16.889564642648512,18.18,0.5,1.0,1.0551763880031636e-05,1.7661183517389415e-06,16.139972968199793,3.1027274765279853,2.714196543365607,1.1431476781267282,False,0.27068848692863035,4.780679043691006e-07
413608-47-6,O=C(O)C1=CC=C(C=C1C(=O)O)C(=O)C=2C=CC=C(C2)NC(=O)C3=CC=CC(=C3)N(=O)=O,187.7885420477372,439.6996816666667,0.53416,-0.65776,356.3040000000001,4.603674081643921,-8.028447045152001,-1.837856946277,6.190590098875001,3.931125825508052,0,1,3.474500000000001,3,6,ok,False,15.174689920434346,0.780853955482372,0.780853955482372,13.644244290503254,16.705135550365437,18.18,0.5,1.0,3.576696192215714e-06,5.718271407040283e-07,15.95554387591672,1.5796948089986587,2.714196543365607,0.582011944882899,True,0.7126692123727629,4.0752359797890895e-07
344751-59-3,O=C(O)C1=CC=C(C=C1)S(=O)(=O)C2=CC=C(C=C2)S(=O)(=O)C3=CC=C(C(=O)O)C(=C3)C(=O)O,189.71255888058184,446.3023586666666,0.53658,-0.65096,378.7920000000001,3.947759291040932,-9.150644564614002,-1.505333820966,7.645310743648001,3.713056249815924,0,1,2.4468000000000005,3,7,ok,False,15.165649605207584,0.780853955482372,0.780853955482372,13.635203975276491,16.696095235138674,18.18,0.5,1.0,3.387298056055343e-06,5.403562139136684e-07,15.946503560689957,1.6363795469243345,2.714196543365607,0.6028964818057067,True,0.6952497344801573,3.75682514248181e-07
106860-70-2,O=NC1=CC=CC(C(=O)O)=C1C(=O)O,179.6068542347105,171.63019766666665,0.5383,-0.64624,154.33600000000004,3.954174306982432,-8.6850577664085,-2.1897001549735,6.495357611435,4.551726283725494,1,0,1.4809,2,4,ok,False,15.13597239847292,0.780853955482372,0.780853955482372,13.605526768541827,16.66641802840401,18.18,0.5,1.0,2.8306933524728247e-06,4.483262322510723e-07,15.916826353955292,2.026876589265207,2.714196543365607,0.7467685397432117,True,0.5725453962427697,2.566871202902182e-07
7487-10-7,O=C(O)C=1C=C2C(=O)OC(=O)C2=CC1C(=O)O,185.27911128129023,193.00370333333333,0.53711,-0.64607,176.93600000000004,7.518213390826307,-9.6173198182215,-2.061534531388,7.555785286833501,4.512953774542535,0,2,0.3936,2,5,ok,False,15.147241408658989,0.780853955482372,0.780853955482372,13.616795778727896,16.67768703859008,18.18,0.5,1.0,3.0308678542913714e-06,4.813409364694547e-07,15.928095364141361,2.469575299429978,2.714196543365607,0.9098734229348409,True,0.43697921595418643,2.1033598502507616e-07
29638-31-1,O=C(O)C1=CC=C(C=C1C(=O)O)C(=O)OCCCCCCCCCCCCCCCCCC,191.0895950334153,470.4022803333333,0.53362,-0.65793,469.1680000000001,3.691113453959388,-9.150100336913,-1.1524021568675,7.997698180045501,3.317878320889248,0,1,7.501300000000008,2,4,ok,False,15.057469123783575,0.780853955482372,0.780853955482372,13.527023493852482,16.587914753714667,18.18,0.5,1.0,1.74887587497858e-06,2.7182307506728114e-07,15.838323079265948,1.485814464075382,2.714196543365607,0.5474233130637512,True,0.7410610386841078,2.0143749034766757e-07
21278-45-5,O=C(O)C1=CC=C(N=NC2=CC=C(C(=O)O)C(=C2)C(=O)O)C=C1C(=O)O,186.5442904700901,354.929535,0.5336,-0.65972,285.36800000000005,4.108750148159413,-8.421379445273999,-1.885748983965,6.535630461308999,4.063758541955146,0,1,2.8948,4,6,ok,False,15.035002056462178,0.780853955482372,0.780853955482372,13.504556426531085,16.56544768639327,18.18,0.5,1.0,1.5209979082858164e-06,2.351479448497993e-07,15.81585601194455,1.553217947795074,2.714196543365607,0.5722569913338265,True,0.7207391011410459,1.6948031840620857e-07
90348-28-0,O=C(O)C=1C=C(C(=CC1C(=O)O)N(=O)=O)N(=O)=O,185.80155216459065,198.797335,0.53891,-0.63898,187.30400000000003,9.481184314208852,-9.789023657887,-2.428344001862,7.360679656025001,5.069643005428932,0,2,0.8994,2,6,ok,False,15.151689621809956,0.780853955482372,0.780853955482372,13.621243991878863,16.682135251741048,18.18,0.5,1.0,3.1135535476932197e-06,4.950059950780873e-07,15.932543577292329,3.3269050524603605,2.714196543365607,1.2257421300577571,False,0.22258554721641527,1.1018118028986222e-07
2748603-81-6,O=C(O)C1=CC=C(C=C1C(=O)O)CCC(F)(F)F,190.6610898967089,197.81923933333331,0.53231,-0.66558,204.70400000000004,1.6590069077613874,-8.7759437924755,-0.6593318597615001,8.116611932714001,2.742043951703648,0,1,2.5779000000000005,2,2,ok,False,14.922391493749851,0.780853955482372,0.780853955482372,13.391945863818759,16.452837123680943,18.18,0.5,1.0,7.464701160131001e-07,1.1240442396048965e-07,15.703245449232224,0.9086148883278321,2.714196543365607,0.3347638514052297,True,0.8939845049695418,1.0048781331070486e-07
23602-85-9,O=C(O)C1=CC=C(C=C1C(=O)O)C(=O)C2=CC=C(C=C2)C(=O)C3=CC=C(C(=O)O)C(=C3)C(=O)O,188.9345548461106,451.008335,0.53407,-0.65729,376.9840000000001,6.0251878460343455,-8.8891431542835,-1.6569012356945,7.232241918589001,3.844556554085967,0,1,2.9414000000000007,4,6,ok,False,14.935496825364382,0.780853955482372,0.780853955482372,13.40505119543329,16.465942455295473,18.18,0.5,1.0,8.117728628115385e-07,1.2260932022615592e-07,15.716350780846755,1.516829322703382,2.714196543365607,0.5588502153283682,True,0.7317520417591964,8.971962041419673e-08
64823-13-8,O=C(O)C1=CC(Br)=C(C=C1C(=O)O)N(=O)=O,186.20254503016204,200.213322,0.53791,-0.64487,182.68800000000005,6.5566974842522665,-9.085881468195,-1.9360900463075,7.1497914218875,4.247811191198133,0,2,1.7536999999999998,2,4,ok,False,14.97860962311016,0.780853955482372,0.780853955482372,13.448163993179067,16.50905525304125,18.18,0.5,1.0,1.0676281984947676e-06,1.6288076635059166e-07,15.759463578592532,2.1877171622987115,2.714196543365607,0.8060275397690764,True,0.5222126519370137,8.505839694547558e-08
2570271-86-0,O=C(O)C1=CC=C(C#CCCCC=C)C=C1C(=O)O,190.46469245039825,275.86700566666667,0.53299,-0.66224,239.40800000000004,2.0408675949213366,-8.174300069020001,-0.956208070657,7.218091998363,2.88740358628065,0,1,2.790800000000001,2,2,ok,False,14.862280550117445,0.780853955482372,0.780853955482372,13.331834920186353,16.392726180048538,18.18,0.5,1.0,5.063373849915341e-07,7.519874313343641e-08,15.643134505599818,0.9338123873643218,2.714196543365607,0.3440474455126943,True,0.8883684998472179,6.680419462784718e-08
7475-29-8,O=C(O)C1=CC=C2C(=O)C=3C=CC=CC3C(=O)C2=C1C(=O)O,172.71994632503942,303.0500723333334,0.5378,-0.65792,236.9600000000001,2.995610325125749,-8.9996213775865,-2.259089186851,6.7405321907355,4.70135591622867,1,1,1.8584,2,4,ok,False,14.93079371323344,0.780853955482372,0.780853955482372,13.400348083302347,16.461239343164532,18.18,0.5,1.0,7.877298550055257e-07,1.1884827224045467e-07,15.711647668715813,2.5831767988359395,2.714196543365607,0.9517279819510776,True,0.4042239788188242,4.80413214807794e-08
26190-11-4,O=C(O)C1=CC=C(OC2=CC=C(C=C2)N(=O)=O)C=C1C(=O)O,191.03669807018065,289.4533466666667,0.53328,-0.65975,243.05600000000007,6.556791750543859,-8.3672287890245,-1.7224806736649998,6.6447481153595,3.830176677659445,0,1,2.7835,2,5,ok,False,14.883614638131508,0.780853955482372,0.780853955482372,13.353169008200416,16.4140602680626,18.18,0.5,1.0,5.815042034318472e-07,8.678500201995925e-08,15.664468593613881,2.2075375985890933,2.714196543365607,0.8133300456759642,True,0.5160736644131586,4.478745400854374e-08
748801-94-7,O=C(O)C1=CC(Cl)=C(C=C1C(=O)O)C2=CC(Cl)=CC=C2Cl,189.67221301614012,296.59027066666664,0.53395,-0.6565,256.56800000000004,1.3447979067503042,-8.354983665752,-0.8977035927995,7.4572800729525,2.8700887142175397,0,2,4.710200000000001,2,2,ok,False,14.790580359884313,0.780853955482372,0.780853955482372,13.26013472995322,16.321025989815404,18.18,0.5,1.0,3.163118236085888e-07,4.621930660850129e-08,15.571434315366686,0.8035881817155278,2.714196543365607,0.2960685303648193,True,0.9160754262114713,4.234037100058149e-08
1806542-37-9,O=C(O)C1=CC=C(C=C1C(=O)O)C(=O)CCBr,189.76289741798288,228.79198166666663,0.53443,-0.65594,212.20800000000008,4.477470667687283,-9.146290743006,-1.374174945025,7.772115797981,3.5601694947014795,0,1,2.0507,2,3,ok,False,14.828826173814885,0.780853955482372,0.780853955482372,13.298380543883793,16.359271803745976,18.18,0.5,1.0,4.069539324007811e-07,5.998019195198932e-08,15.609680129297258,1.7337822472625561,2.714196543365607,0.6387828661489134,True,0.6649499195660199,3.988382381402973e-08
313701-80-3,O=C(O)C1=CC=C(C=C1C(=O)O)N2C(=CC=C2C)C,190.29983126696345,262.146355,0.53331,-0.66144,229.36000000000004,1.6189727422041422,-7.048837183352,-0.7771571570279999,6.271680026324,2.44137883145315,0,1,2.49054,2,3,ok,False,14.773389316381042,0.780853955482372,0.780853955482372,13.24294368644995,16.303834946312133,18.18,0.5,1.0,2.8222780989883933e-07,4.107991133881359e-08,15.554243271863415,0.9429406592897875,2.714196543365607,0.34741060355214365,True,0.8863050145022242,3.6409331414897266e-08
2616551-66-5,O=C(O)C=1C=C2C(=CC1C(=O)O)CCN(C(=O)OC(C)(C)C)C2,190.90441026055737,299.67193833333334,0.53125,-0.66955,284.39200000000005,2.2482818350909657,-8.3655961059215,-0.574160224555,7.791435881366499,2.564329748237561,0,2,2.3762000000000008,2,4,ok,False,14.755039254098605,0.780853955482372,0.780853955482372,13.224593624167513,16.285484884029696,18.18,0.5,1.0,2.4975901154669825e-07,3.62047653483838e-08,15.535893209580978,0.9417158370544776,2.714196543365607,0.3469593384297619,True,0.8865827772065161,3.209852141068035e-08
777879-60-4,O=C(O)C1=CC=C(OC2=CC=CC(=C2)NC(=O)C3=CC=C4C(=O)N(C(=O)C4=C3)C5=CC=C(C(=C5)C)C)C=C1C(=O)O,190.4075239757505,585.1838103333333,0.533,-0.66078,466.7360000000001,4.2305697181349,-7.918240935699501,-1.6041111486975002,6.314129787002001,3.590169678087708,0,1,5.545040000000004,3,6,ok,False,14.78034890796433,0.780853955482372,0.780853955482372,13.249903278033237,16.310794537895422,18.18,0.5,1.0,2.955766683902786e-07,4.309020803459485e-08,15.561202863446702,1.6595054831314737,2.714196543365607,0.6114168434809385,True,0.6880934949270546,2.965009184365822e-08
42760-52-1,O=C(O)C=1C=C(C(=CC1C(=O)O)C)N(=O)=O,187.16394568460348,194.0069533333333,0.53665,-0.65122,179.33600000000004,6.199239331563188,-9.1242495211155,-1.7888764531870005,7.3353730679285,4.058972782574116,0,2,1.29962,2,4,ok,False,14.78005355595603,0.780853955482372,0.780853955482372,13.249607926024938,16.31049918588712,18.18,0.5,1.0,2.949980056709456e-07,4.300299435348602e-08,15.560907511438403,2.137531599707877,2.714196543365607,0.7875375145299299,True,0.5378286108365484,2.3128240714947322e-08
143650-84-4,O=C(O)C=1C=C(C(=O)OC)C(=CC1C(=O)O)C(=O)OC,186.78840008193453,232.38398000000004,0.53468,-0.65295,229.06400000000005,2.4918891648707007,-9.3081984840535,-1.3548548616395,7.953343622414001,3.573990765741121,0,2,0.6562000000000001,2,6,ok,False,14.716526360766549,0.780853955482372,0.780853955482372,13.186080730835457,16.24697199069764,18.18,0.5,1.0,1.9291483933891467e-07,2.772583977761319e-08,15.497380316248922,1.3295813221897785,2.714196543365607,0.4898618434393465,True,0.7866556880018758,2.1810689565688078e-08
137023-78-0,O=C(O)C=1C=C(C(=CC1C(=O)O)CC)CC,191.3637461637674,220.9511243333333,0.53058,-0.67225,205.78400000000005,2.7758233319143346,-8.448046602623,-0.570894858349,7.877151744274,2.5815582750315733,0,2,2.2078,2,2,ok,False,14.689216377072242,0.780853955482372,0.780853955482372,13.15877074714115,16.219662007003333,18.18,0.5,1.0,1.6040391748361786e-07,2.2914447699249438e-08,15.470070332554615,0.879172333622099,2.714196543365607,0.32391623803776726,True,0.9003949944067062,2.063205400799846e-08
1785296-46-9,O=C(O)C=1C=C2N=CC=NC2=CC1C(=O)O,185.5298131652912,210.90084066666668,0.53356,-0.66071,174.33600000000004,1.5405186496761407,-8.7819302971865,-1.439482269145,7.342448028041501,3.557303860107383,0,2,1.0262,2,4,ok,False,14.697489331154681,0.780853955482372,0.780853955482372,13.167043701223589,16.227934961085772,18.18,0.5,1.0,1.6964815821494952e-07,2.4279355820627747e-08,15.478343286637054,1.192397373026896,2.714196543365607,0.4393187280197188,True,0.8244811951780887,2.001787230514525e-08
203441-54-7,O=C(O)C1=CC=C(C=C1C(=O)O)CBr,190.36786346008796,194.3223333333333,0.53252,-0.66338,175.92800000000005,2.7057755745811587,-8.797985014366,-0.9205611562415,7.877423858124501,2.997494529027315,0,1,1.9779,2,2,ok,False,14.685722692379297,0.780853955482372,0.780853955482372,13.155277062448205,16.216168322310388,18.18,0.5,1.0,1.5664784370652715e-07,2.2360633273178835e-08,15.46657664786167,1.0585052600558993,2.714196543365607,0.3899884341991503,True,0.8589101345651834,1.920577453362875e-08
24910-57-4,O=C(O)C1=CC=C(C=C1)C(=O)C2=CC=C(C(=O)O)C(=C2)C(=O)O,190.0566818625719,301.0091903333333,0.53399,-0.65699,257.9680000000001,5.990022590942375,-8.9511851121975,-1.545062443139,7.4061226690585,3.7189234389535466,0,1,2.0122,3,4,ok,False,14.679315276543576,0.780853955482372,0.780853955482372,13.148869646612484,16.209760906474667,18.18,0.5,1.0,1.4997873158909143e-07,2.1378440870243294e-08,15.46016923202595,1.71057551498847,2.714196543365607,0.6302327365236986,True,0.672204074555998,1.4370675060632017e-08
2576463-79-9,O=C(O)C1=CC=C(C#CCCCCC#C)C=C1C(=O)O,190.47450272477107,282.957123,0.53263,-0.66268,251.08800000000005,2.553489937321077,-8.157973237990001,-0.9379764426735,7.219996795316501,2.8648316245386773,0,1,2.6281000000000008,2,2,ok,False,14.627710554395644,0.780853955482372,0.780853955482372,13.097264924464552,16.158156184326735,18.18,0.5,1.0,1.0539506859979028e-07,1.4854395428541032e-08,15.408564509878017,0.989443579469836,2.714196543365607,0.36454382122339773,True,0.8755594744409133,1.3005906654550891e-08
4445-58-3,O=C(O)C=1C=CC(=CC1C(=O)O)C=2C=CC=CC2,189.97842104877367,259.40767,0.53253,-0.66461,210.21600000000004,1.9282532665601788,-8.0085827340655,-0.872397004703,7.1361857293625,2.7630937629569834,0,1,2.750000000000001,2,2,ok,False,14.60734396667881,0.780853955482372,0.780853955482372,13.076898336747718,16.137789596609903,18.18,0.5,1.0,9.158998025789968e-08,1.2851617144054313e-08,15.388197922161183,0.8615956623198737,2.714196543365607,0.3174404095480477,True,0.9041423957119614,1.1619691913398182e-08
2961390-02-1,O=C(O)C1=CC=2OC3(CN(C(=O)OC(C)(C)C)C3)CC(F)(F)C2C=C1C(=O)O,190.92333288511608,331.272072,0.535,-0.65536,328.84800000000007,2.757991013400878,-8.418386192918499,-0.6549780381535001,7.763408154764999,2.6510888268565083,0,2,2.9468000000000014,2,5,ok,False,14.565177468532388,0.780853955482372,0.780853955482372,13.034731838601296,16.09562309846348,18.18,0.5,1.0,6.834421993649413e-08,9.502776303107865e-09,15.346031424014761,0.8630547181696041,2.714196543365607,0.3179779741003631,True,0.903833612939786,8.588928638996565e-09
351188-28-8,O=C(O)C1=CC=C(OC2=CC=CC(=C2)NC(=O)C3=CC=C(OC4=CC=C(C=C4)N(=O)=O)C=C3)C=C1C(=O)O,190.01552060118792,535.132696,0.53315,-0.66117,425.6160000000001,5.965043997323071,-7.828715478885001,-1.693092377811,6.135623101074001,3.694197939080033,0,1,5.8281000000000045,3,7,ok,False,14.553573008262275,0.780853955482372,0.780853955482372,13.023127378331182,16.084018638193367,18.18,0.5,1.0,6.302239480477416e-08,8.74096052939935e-09,15.334426963744647,1.704241731698385,2.714196543365607,0.6278991607531573,True,0.6741805294577375,5.89298539767964e-09
2582759-19-9,O=C(O)C=1C=CC(=CC1C(=O)O)C=2C=CN=CC2,189.32579174827328,247.792903,0.53302,-0.66314,206.3520000000001,2.412959813175512,-8.530224985474,-1.0359374288535,7.4942875566205,3.0527072335398437,0,1,2.1450000000000005,2,3,ok,False,14.494672605147136,0.780853955482372,0.780853955482372,12.964226975216043,16.025118235078228,18.18,0.5,1.0,4.162567019993298e-08,5.7010955980952114e-09,15.275526560629508,0.979546756145996,2.714196543365607,0.36089750336626575,True,0.8778785611659332,5.004869600725259e-09
777881-14-8,O=C(O)C1=CC=C(OC2=CC=CC(=C2)N3C(=O)C4=CC=C(OC5=CC=CC(=C5)N(=O)=O)C=C4C3=O)C=C1C(=O)O,188.79773874720692,544.1375936666667,0.53259,-0.6612,435.8960000000001,7.209195435691836,-8.209130641884,-1.836768490875,6.372362151009,3.959288839601981,0,1,5.376400000000004,2,8,ok,False,14.5256855581389,0.780853955482372,0.780853955482372,12.995239928207807,16.05613118806999,18.18,0.5,1.0,5.182106466472549e-08,7.1445412830159734e-09,15.306539513621273,2.300133461579807,2.714196543365607,0.8474454317621519,True,0.4876468711255171,3.484013202289827e-09
10474-63-2,O=C(O)C=1C=C2C=CC=CC=CC2=CC1C(=O)O,189.59970251329923,259.16592833333334,0.53198,-0.66658,210.48000000000005,1.9645426185247292,-7.7604149024095,-0.907771805268,6.8526430971415,2.741185398612821,0,2,2.6792000000000007,2,2,ok,False,14.433645545792139,0.780853955482372,0.780853955482372,12.903199915861046,15.964091175723231,18.18,0.5,1.0,2.69273142367877e-08,3.640743615257489e-09,15.214499501274512,0.8357653216867327,2.714196543365607,0.3079236556135256,True,0.9095393852382635,3.3113997096314295e-09
51307-74-5,O=C(O)C=1C=C(C(=O)O)C(=CC1C(=O)O)S(=O)(=O)O,186.4770905774521,214.45636833333333,0.53752,-0.64523,209.49600000000004,8.65726173221071,-9.5971833932845,-1.6226148905315,7.974568502753,3.946416457707477,0,2,0.0279000000000001,4,5,ok,False,14.487237609831382,0.780853955482372,0.780853955482372,12.95679197990029,16.017683239762473,18.18,0.5,1.0,3.9486848720585585e-08,5.399627686702004e-09,15.268091565313755,2.010072530741888,2.714196543365607,0.7405773674184242,True,0.5778419809008264,3.1201315586108324e-09
808116-16-7,O=C(O)C1=CC=C(OC2=CC=C(C=C2)C(F)(F)F)C=C1C(=O)O,190.0937686367492,270.627013,0.53294,-0.66014,251.17600000000007,2.426888530608689,-8.197429746312501,-0.6797403985489999,7.517689347763501,2.620624042022449,0,1,3.8941000000000017,2,3,ok,False,14.407626673296178,0.780853955482372,0.780853955482372,12.877181043365086,15.93807230322727,18.18,0.5,1.0,2.232326166883263e-08,3.001834756189401e-09,15.188480628778551,0.8342832299607842,2.714196543365607,0.30737760388062096,True,0.9098450293715483,2.73120443191368e-09
1354219-93-4,O=C(O)C1=CC=C(C#CC2CCCCC2)C=C1C(=O)O,189.8927496032925,288.6699673333333,0.53307,-0.66246,250.75200000000007,2.5843576784183724,-8.140557951558,-0.9510379074975,7.1895200440605,2.874222297101769,0,1,3.014800000000001,2,2,ok,False,14.398086436756845,0.780853955482372,0.780853955482372,12.867640806825753,15.928532066687938,18.18,0.5,1.0,2.0834383180878406e-08,2.7960468952664597e-09,15.178940392239218,0.9445651058056237,2.714196543365607,0.3480091035096382,True,0.8859362034317572,2.4771191710095194e-09
4277-02-5,O=C(O)C=1C=C(C=C(C1C(=O)O)N(=O)=O)N(=O)=O,174.07203741569947,199.87258366666663,0.54155,-0.63466,185.82400000000004,5.407243636086689,-9.8812702532065,-2.2623545530570004,7.6189157001495,4.838865175802003,1,1,0.8994,2,6,ok,False,14.496584596980156,0.780853955482372,0.780853955482372,12.966138967049064,16.027030226911247,18.18,0.5,1.0,4.2193572952644353e-08,5.7812252649914645e-09,15.27743855246253,2.6796595017296503,2.714196543365607,0.9872754087317749,True,0.3773007241621605,2.1812604790258576e-09
39995-20-5,O=C(O)C1=CC=C(C=C1C(=O)O)C(=O)C2=CC=CC(=C2)N(=O)=O,190.78514044338615,299.6241043333334,0.53401,-0.65653,253.94400000000007,9.168382578186842,-9.0964939083645,-1.8359521493235,7.260541759040999,4.115339487422917,0,1,2.2222,2,5,ok,False,14.509815302004608,0.780853955482372,0.780853955482372,12.979369672073515,16.0402609319357,18.18,0.5,1.0,4.6334109360495986e-08,6.36645339413991e-09,15.29066925748698,2.8375417580025664,2.714196543365607,1.045444466775428,False,0.3352247310507908,2.1341926267979454e-09
2631423-45-3,O=C(O)C1=CC=C(C#CC(Cl)C)C=C1C(=O)O,189.13789679471617,241.3896513333333,0.53339,-0.66096,210.33600000000004,2.6404762411352998,-8.415937168264,-1.099884183721,7.316052984542999,3.0942523309428283,0,1,2.0618,2,2,ok,False,14.377486884001181,0.780853955482372,0.780853955482372,12.847041254070088,15.907932513932273,18.18,0.5,1.0,1.794066400868459e-08,2.397392642624704e-09,15.158340839483554,1.034784487700389,2.714196543365607,0.38124891516413734,True,0.8647189524445473,2.073070854528699e-09
856806-22-9,O=C(O)C1=CC(O)=C(C=C1C(=O)O)N(=O)=O,186.787491765614,185.98736833333336,0.53652,-0.64852,171.19200000000004,8.621060246280617,-8.7405689919105,-1.811189788928,6.9293792029825,4.016940410804777,0,2,0.6968,3,5,ok,False,14.400537355371277,0.780853955482372,0.780853955482372,12.870091725440185,15.93098298530237,18.18,0.5,1.0,2.1207420800658073e-08,2.8475661042535702e-09,15.18139131085365,2.1206588109261317,2.714196543365607,0.7813210196990791,True,0.54309960794588,1.5465120348200908e-09
1190387-31-5,O=C(O)C1=CC=C(C=C1C(=O)O)CCCC,189.7542287063289,218.33488266666663,0.53148,-0.66737,205.95200000000008,2.3117763624537733,-8.605872635913,-0.6179705544855001,7.9879020814275,2.662754323155664,0,1,2.4256,2,2,ok,False,14.32840718828462,0.780853955482372,0.780853955482372,12.797961558353528,15.858852818215713,18.18,0.5,1.0,1.2529267466765248e-08,1.6573573674409842e-09,15.109261143766993,0.8338519778803558,2.714196543365607,0.3072187163153551,True,0.9099338816353912,1.5080856226125882e-09
136673-46-6,O=C(O)C=1C=C(C(=O)OCCOC(=O)C(=C)C)C(=CC1C(=O)O)C(=O)OCCOC(=O)C(=C)C,190.55679638157167,410.2592143333334,0.53508,-0.6525,408.0960000000001,5.729176818706157,-9.1013919576735,-1.368188440314,7.733203517359499,3.5435545393272907,0,2,1.6351999999999998,2,10,ok,False,14.375532347357604,0.780853955482372,0.780853955482372,12.845086717426511,15.905977977288696,18.18,0.5,1.0,1.7687293390634157e-08,2.3625751377900122e-09,15.156386302839977,1.8322234977246308,2.714196543365607,0.6750518867924986,True,0.6340071481891911,1.497889525492931e-09
433269-04-6,O=C(O)C1=CC=C(C=C1C(=O)O)CC=C,189.0568077290843,202.42991233333336,0.53165,-0.66687,183.48000000000005,1.6274053613036918,-8.6344445902155,-0.6609645428645,7.973480047351,2.7091254520682275,0,1,1.8115,2,2,ok,False,14.32191437381471,0.780853955482372,0.780853955482372,12.791468743883618,15.852360003745803,18.18,0.5,1.0,1.1944687592422943e-08,1.5779196097783172e-09,15.102768329297083,0.7673458030320714,2.714196543365607,0.282715636385183,True,0.9231826921670849,1.456708073378383e-09
2477640-06-3,O=C(O)C1=CC=C(C#CC(Br)C)C=C1C(=O)O,189.1845261151729,254.62854033333332,0.53325,-0.66131,214.8640000000001,2.8931291191372703,-8.336479923918,-1.143966627502,7.192513296416001,3.1240424282259456,0,1,2.2179,2,2,ok,False,14.326032491440671,0.780853955482372,0.780853955482372,12.795586861509578,15.856478121371763,18.18,0.5,1.0,1.2312311431573712e-08,1.6278624857697511e-09,15.106886446923044,1.1038611587031533,2.714196543365607,0.4066990511064332,True,0.8475511240611941,1.3796966796312021e-09
88066-33-5,O=C(OCCOC(=O)C1=CC=C(C(=O)O)C(=C1)C(=O)O)C=C,191.50705217060425,262.953476,0.53421,-0.65652,257.15200000000004,5.233058044776495,-9.1759511527105,-1.162470369336,8.013480783374499,3.3344735719983087,0,1,0.9689999999999998,2,6,ok,False,14.343051421224645,0.780853955482372,0.780853955482372,12.812605791293553,15.873497051155738,18.18,0.5,1.0,1.3951505676419378e-08,1.8510716146080336e-09,15.123905376707018,1.669438132538176,2.714196543365607,0.6150763608548667,True,0.6850119951656738,1.2680062599171942e-09
40415-14-3,O=C(O)C1=CC=C(C=C1C(=O)O)C(=O)C2=CC=C(Cl)C=C2,188.72486723689232,289.41827866666665,0.53492,-0.6565,245.80000000000007,3.872606700918646,-8.608593774417999,-1.3521337231345,7.256460051283499,3.4181988042140965,0,1,2.9674000000000005,2,3,ok,False,14.321590624457427,0.780853955482372,0.780853955482372,12.791144994526334,15.85203625438852,18.18,0.5,1.0,1.1916242575670499e-08,1.5740571311510608e-09,15.1024445799398,1.5268699742663738,2.714196543365607,0.5625495242776535,True,0.7287227263510758,1.147051204044754e-09
58370-85-7,O=C(O)C1=CC=C(C=C1C(=O)O)S(=O)(=O)OC=2C=CC=CC2,190.71112952932137,283.1111416666667,0.53758,-0.6489,253.4480000000001,4.51617598527781,-8.742745902714502,-1.174443378758,7.568302523956501,3.24876823215102,0,1,1.8507,2,5,ok,False,14.308918538909808,0.780853955482372,0.780853955482372,12.778472908978715,15.8393641688409,18.18,0.5,1.0,1.0853071343509941e-08,1.4298916138400473e-09,15.08977249439218,1.4486596483281893,2.714196543365607,0.5337342470165589,True,0.7521103329558595,1.0754362577760292e-09
66421-10-1,O=C(O)C1=CC=C(C=C1C(=O)O)C(=O)C2=CC=C(C(=C2)N(=O)=O)N(=O)=O,190.536077272946,323.182712,0.53519,-0.6549,278.0880000000001,11.06867026611598,-9.195815463797,-2.2784092702365,6.917406193560501,4.758208118878,0,1,2.1304,2,7,ok,False,14.525689241346402,0.780853955482372,0.780853955482372,12.99524361141531,16.056134871277493,18.18,0.5,1.0,5.1822408285337637e-08,7.1447321532242725e-09,15.306543196828775,3.8045299890391875,2.714196543365607,1.4017149930938921,False,0.1401832306319195,1.0015716352387291e-09
209324-71-0,O=C(O)C1=CC(NC(=O)C)=C(C=C1C(=O)O)N(=O)=O,189.36233099121688,228.26324466666665,0.53705,-0.649,210.82400000000004,10.86760293348998,-8.715534517664501,-1.784522631579,6.931011886085502,3.9767353580332423,0,2,0.9495999999999998,3,5,ok,False,14.40921105051062,0.780853955482372,0.780853955482372,12.878765420579528,15.939656680441713,18.18,0.5,1.0,2.258031128558925e-08,3.0374064784027194e-09,15.190065005992993,2.871988026238182,2.714196543365607,1.0581356141132334,False,0.3263936933723343,9.913903187589189e-10
97325-48-9,O=C(O)C1=CC=C(OCC#C)C=C1C(=O)O,190.3238037010164,200.1310383333333,0.53259,-0.66157,187.06400000000005,2.994346556429299,-8.306003172662,-0.546404611804,7.759598560858,2.524780211497475,0,1,1.095,2,3,ok,False,14.267328823213388,0.780853955482372,0.780853955482372,12.736883193282296,15.79777445314448,18.18,0.5,1.0,7.97196438305155e-09,1.041414229466826e-09,15.048182778695761,0.6735961242432505,2.714196543365607,0.24817514630240836,True,0.9402674684929664,9.792079211933255e-10
139953-61-0,O=C(O)C=1C=C2C(=CC1C(=O)O)C3C=4C=CC=CC4C2CC3,189.77959149266792,311.51728166666663,0.53058,-0.66799,255.44000000000003,2.5731441739630525,-8.0455902177335,-0.6264060838509999,7.419184133882499,2.534089951725623,0,2,3.4540000000000024,2,2,ok,False,14.24327709480194,0.780853955482372,0.780853955482372,12.712831464870847,15.773722724733032,18.18,0.5,1.0,6.660885116786238e-09,8.658999742096439e-10,15.024131050284312,0.7205367707418928,2.714196543365607,0.26546963686293196,True,0.9319518505825828,8.069770833840883e-10
1803746-90-8,O=C(O)C1=CC=C(C=C1C(=O)O)CCC(=O)OC,190.7904930641273,222.51841666666667,0.53163,-0.66666,217.97600000000008,3.3941362759912868,-8.718527770020001,-0.6729375522865,8.045590217733501,2.7406199704803016,0,1,1.1886,2,4,ok,False,14.242107029103137,0.780853955482372,0.780853955482372,12.711661399172044,15.772552659034229,18.18,0.5,1.0,6.602760598283181e-09,8.581403540224745e-10,15.02296098458551,0.8395977193873152,2.714196543365607,0.30933563799554953,True,0.9087470131256761,7.798324835605339e-10
1806530-78-8,O=C(O)C1=CC=C(C=C1C(=O)O)CCC(=O)OCC,190.82055813018405,238.12110833333332,0.53182,-0.66637,234.24000000000007,3.432095702336985,-8.709275899103,-0.6430050287315,8.0662708703715,2.710830071254123,0,1,1.5787,2,4,ok,False,14.220917334284271,0.780853955482372,0.780853955482372,12.690471704353179,15.751362964215364,18.18,0.5,1.0,5.631552269761989e-09,7.2878469059608e-10,15.001771289766644,0.8136627106998265,2.714196543365607,0.29978032087937295,True,0.9140516120588514,6.661468212831583e-10
161488-22-8,O=C(O)C1=CC=C(C=C1C(=O)O)CCCCCCCCCCCCCCCCC,189.47645929337045,431.3045516666666,0.53144,-0.66751,424.2560000000001,2.360240784326888,-8.5860083248265,-0.612256163625,7.973752161201499,2.652705648765707,0,1,7.496900000000007,2,2,ok,False,14.195308485866494,0.780853955482372,0.780853955482372,12.664862855935402,15.725754115797587,18.18,0.5,1.0,4.641994402527615e-09,5.976342288727052e-10,14.976162441348867,0.7920718011961513,2.714196543365607,0.2918255139379042,True,0.9183633775388502,5.488453889603638e-10
92496-88-3,O=C(O)C=1C=CC(=CC1C(=O)O)C2=CC=C(C=C2)C,189.84843010730864,280.03609966666664,0.53237,-0.66504,226.9360000000001,2.7267555482661074,-7.768578317924501,-0.8492673274105,6.919310990514001,2.6833330539932305,0,1,3.058420000000001,2,2,ok,False,14.192031716465907,0.780853955482372,0.780853955482372,12.661586086534815,15.722477346397,18.18,0.5,1.0,4.5282811300927094e-09,5.826105383753398e-10,14.97288567194828,0.7826389438622587,2.714196543365607,0.2883501365349856,True,0.9202169686637971,5.36128103535338e-10
87639-56-3,O=C(O)C1=CC=C(C#C)C=C1C(=O)O,186.62746636137413,185.41143466666665,0.53327,-0.66095,161.66400000000004,0.6155573978111221,-8.5141702682945,-1.026413444086,7.4877568242085,3.0390522725930578,0,1,1.0643,2,2,ok,False,14.189260473516716,0.780853955482372,0.780853955482372,12.658814843585624,15.719706103447809,18.18,0.5,1.0,4.434228578533192e-09,5.701923356361232e-10,14.97011442899909,0.8243601699161642,2.714196543365607,0.30372161954563415,True,0.9118800495451959,5.19947015270159e-10
936820-89-2,O=C(O)C1=CC=C(C=C1C(=O)O)C=2C=CC=CC2N(=O)=O,189.12168717322467,279.43318766666664,0.53272,-0.66379,234.45600000000005,6.675409157497389,-8.534578807082,-1.6563570079935,6.878221799088499,3.774782778913562,0,1,2.658200000000001,2,4,ok,False,14.24890040172643,0.780853955482372,0.780853955482372,12.718454771795338,15.779346031657523,18.18,0.5,1.0,6.947237158662619e-09,9.041558112928081e-10,15.029754357208803,2.1176290557914363,2.714196543365607,0.7802047574511954,True,0.5440470953441924,4.91903342872424e-10
2733760-14-8,O=C(O)C1=CC=C(SC2=CC=C(C=C2)C(=O)OC)C=C1C(=O)O,189.48411930447392,327.96432233333337,0.53285,-0.66127,273.8960000000001,2.458301700361451,-7.8349740974465,-0.797293581965,7.037680515481501,2.647038506688812,0,1,3.0208000000000004,2,5,ok,False,14.156534449088161,0.780853955482372,0.780853955482372,12.626088819157069,15.686980079019254,18.18,0.5,1.0,3.4575701088463092e-09,4.4170239833704207e-10,14.937388404570534,0.7758232762635858,2.714196543365607,0.28583901860753386,True,0.9215447466509922,4.0704852477064505e-10
856806-50-3,O=C(O)C1=CC=C(SC2=CC=C(C=C2)N(=O)=O)C=C1C(=O)O,188.5494904489479,318.44796,0.53365,-0.65863,252.6560000000001,6.920910865630332,-7.966949314939,-1.782889948476,6.184059366463,3.842919352373487,0,1,3.142400000000002,2,5,ok,False,14.21055904577352,0.780853955482372,0.780853955482372,12.680113415842428,15.741004675704612,18.18,0.5,1.0,5.208797383630473e-09,6.726686285167231e-10,14.991413001255893,2.1955636886946666,2.714196543365607,0.8089184602571798,True,0.5197802903009464,3.4963989500676183e-10
515878-10-1,O=C(O)C1=CC=C(OC2=CC=C(F)C=C2)C=C1C(=O)O,188.36097706282885,252.16108666666665,0.53327,-0.6608,224.2800000000001,1.2643246932651435,-8.303282034157,-0.6076302281665,7.6956518059905,2.5795202066255403,0,1,3.014400000000001,2,3,ok,False,14.13214539941809,0.780853955482372,0.780853955482372,12.601699769486997,15.662591029349182,18.18,0.5,1.0,2.869231192268961e-09,3.6476687544739884e-10,14.912999354900462,0.7445548916189454,2.714196543365607,0.2743187089523356,True,0.927510880027687,3.383252456511666e-10
2609836-22-6,O=C(O)C1=CC=C(C#CCOCC)C=C1C(=O)O,189.06902953020648,243.55615233333333,0.53283,-0.66214,220.50400000000005,2.687121128643069,-8.3721268383335,-1.0021953113915,7.369931526942,2.980961066109384,0,1,1.471,2,3,ok,False,14.130686252732731,0.780853955482372,0.780853955482372,12.600240622801639,15.661131882663824,18.18,0.5,1.0,2.8373052528737294e-09,3.606035808348341e-10,14.911540208215104,0.9624042142974361,2.714196543365607,0.3545816225615164,True,0.8818545665903946,3.17999914488047e-10
89939-56-0,O=C(O)C1=CC(NO)=C(C=C1C(=O)O)N(=O)=O,186.8643447249328,204.042525,0.5365,-0.65051,183.88000000000005,7.209552800278253,-8.233893002279501,-1.76329775124,6.4705952510395015,3.861461700382196,0,2,0.7922999999999999,4,6,ok,False,14.131874163811704,0.780853955482372,0.780853955482372,12.601428533880611,15.662319793742796,18.18,0.5,1.0,2.8632702679587465e-09,3.639894464651991e-10,14.912728119294076,1.6285770364834082,2.714196543365607,0.6000217782548536,True,0.6976580929709835,2.539401830824747e-10
752993-30-9,O=C(OCOC(=O)C1=CC=C(C(=O)O)C(=C1)C(=O)O)C=C,190.02823910811645,248.022473,0.53505,-0.65482,239.9840000000001,5.125376904189584,-9.220305710342,-1.217437367137,8.002868343205,3.4033572676465447,0,1,0.9265,2,6,ok,False,14.128798929043395,0.780853955482372,0.780853955482372,12.598353299112302,15.659244558974487,18.18,0.5,1.0,2.796523062481631e-09,3.552872423534633e-10,14.909652884525768,1.6442465330610676,2.714196543365607,0.6057949403406873,True,0.6928182984693838,2.46149502715206e-10
1806504-77-7,O=C(O)C1=CC=C(C=C1C(=O)O)C(Br)C(=O)C,189.42456957382663,229.4911966666667,0.53332,-0.66181,212.5600000000001,3.89204333095098,-8.8053320883295,-1.1355310981365,7.669800990193,3.221099250762576,0,1,2.108,2,3,ok,False,14.097732233239336,0.780853955482372,0.780853955482372,12.567286603308244,15.628177863170428,18.18,0.5,1.0,2.2017278941288364e-09,2.7800562599545873e-10,14.878586188721709,1.3042193715165364,2.714196543365607,0.4805176598962516,True,0.7938210496014902,2.206867178228344e-10
68183-31-3,O=C(O)C1=CC=C(C=C1C(=O)O)C(=O)OCCOC(=O)C(=C)C,190.0220545638649,280.34901966666666,0.53423,-0.65621,273.4800000000001,4.856300834997766,-9.1128207393945,-1.177164517263,7.935656222131501,3.3356975660983386,0,1,1.3590999999999998,2,6,ok,False,14.089998088052182,0.780853955482372,0.780853955482372,12.55955245812109,15.620443717983274,18.18,0.5,1.0,2.0739796748468113e-09,2.614759438199386e-10,14.870852043534555,1.5672692066965013,2.714196543365607,0.5774339410045396,True,0.7164620805919384,1.87337598733974e-10
2611416-30-7,O=C(O)C1=CC=C(C#CC2=CC=C(C#C)C=C2)C=C1C(=O)O,185.9415853678059,359.419523,0.53336,-0.66145,255.36000000000007,0.856336201500322,-7.5966023644085,-1.305058026998,6.2915443374105,3.1486529170892354,0,1,2.4641,2,2,ok,False,14.05828469763839,0.780853955482372,0.780853955482372,12.527839067707298,15.588730327569483,18.18,0.5,1.0,1.6215341584874976e-09,2.0316346309789071e-10,14.839138653120763,0.887777431138511,2.714196543365607,0.3270866412782569,True,0.8985385481443529,1.8255020316795752e-10
1898181-04-8,O=C(O)C=1C=C(C(=CC1C(=O)O)CC(=O)C=2SC=CC2)N(=O)=O,191.2214625053384,305.00447,0.53653,-0.65022,261.56800000000004,9.968592726157487,-8.486686769394,-1.863979875925,6.622706893468999,4.044279088818352,0,2,2.4781000000000004,2,6,ok,False,14.19125358332739,0.780853955482372,0.780853955482372,12.660807953396297,15.721699213258482,18.18,0.5,1.0,4.501678202987513e-09,5.79097292958143e-10,14.972107538809762,3.0115671539826296,2.714196543365607,1.1095611927381952,False,0.2919636296599681,1.690753475783213e-10
138081-22-8,O=C(O)C1=CC(F)=C(C=C1C(=O)O)C(=O)C=2C=C(C(=O)O)C(=CC2F)C(=O)O,188.22940224837365,320.10202366666664,0.53564,-0.64933,295.7200000000001,8.569269925728795,-9.131052367378,-1.521660651996,7.609391715382,3.728297179252372,0,2,1.9886000000000004,4,5,ok,False,14.08084958106557,0.780853955482372,0.780853955482372,12.550403951134477,15.611295210996662,18.18,0.5,1.0,1.9321662716663736e-09,2.431582692970046e-10,14.861703536547942,1.8416969279418567,2.714196543365607,0.6785422125908945,True,0.6310188559330016,1.5343745290244453e-10
213611-96-2,O=C(O)C1=CC=C(C=C1C(=O)O)CC=2C=CC=CC2,188.64439682303865,265.3407936666667,0.53175,-0.66653,227.32000000000005,1.8950005540896289,-8.226545928316,-0.6582434043595,7.5683025239565,2.607568911131375,0,1,2.673800000000001,2,2,ok,False,14.03042628665478,0.780853955482372,0.780853955482372,12.499980656723688,15.560871916585873,18.18,0.5,1.0,1.3045568159859748e-09,1.6256107600136317e-10,14.811280242137153,0.7480911101748863,2.714196543365607,0.27562156911719166,True,0.9268465608779375,1.5066917422448047e-10
859299-74-4,O=C(O)C1=CC=C(C=C1C(=O)O)CC(C)(C)C,188.98841394375756,237.56556266666664,0.53152,-0.66765,222.6320000000001,2.2810689730913443,-8.567776696843,-0.630215677758,7.937561019085,2.664642940060533,0,1,2.6716000000000006,2,2,ok,False,14.025092039653485,0.780853955482372,0.780853955482372,12.494646409722392,15.555537669584577,18.18,0.5,1.0,1.2511631942537895e-09,1.557456210723879e-10,14.805945995135858,0.7603851247276785,2.714196543365607,0.28015109170568764,True,0.9245162657693425,1.439893600037711e-10
54229-55-9,O=C(O)C1=CC=C(C=C1C(=O)O)S(=O)(=O)Cl,187.63887327309027,201.884226,0.53888,-0.6467,189.05600000000004,7.881571569807636,-9.5443933062875,-1.6650646512095,7.879328655078,3.9867593167316913,0,1,1.0105000000000002,2,4,ok,False,14.110754529761756,0.780853955482372,0.780853955482372,12.580308899830664,15.641200159692849,18.18,0.5,1.0,2.4343233454827553e-09,3.081669799988113e-10,14.891608485244129,2.3913289041597148,2.714196543365607,0.8810448565358734,True,0.4601328443030034,1.417977490271198e-10
194853-57-1,O=C(O)C1=CC=C(SC2=CC=C3C=C(Br)C=CC3=C2)C=C1C(=O)O,187.56831669965828,395.41361966666665,0.53254,-0.66164,292.4480000000001,0.6602420768172838,-7.617283017046501,-0.8185184623039999,6.798764554742501,2.616752868334449,0,1,5.149900000000002,2,3,ok,False,14.01980157293528,0.780853955482372,0.780853955482372,12.489355943004188,15.550247202866373,18.18,0.5,1.0,1.2003125470227435e-09,1.49261801622299e-10,14.800655528417654,0.7720193342486026,2.714196543365607,0.2844375202435774,True,0.922281577996061,1.3766140993474894e-10
53659-79-3,O=C(Cl)C1=CC=C(C(=O)O)C(=C1)C(=O)O,185.7120684374425,187.862513,0.53606,-0.65067,174.10400000000004,4.798223981849952,-9.3326887305985,-1.590777570023,7.7419111605754996,3.853122102086473,0,1,1.4620000000000002,2,3,ok,False,14.042995556542914,0.780853955482372,0.780853955482372,12.512549926611822,15.573441186474007,18.18,0.5,1.0,1.439295636619557e-09,1.7979168035673807e-10,14.823849512025287,1.8439291638639184,2.714196543365607,0.6793646423178492,True,0.6303145381830225,1.1332530997320697e-10
2562960-10-3,O=C(O)C1=CC=C(C#CCCCCCCC#C)C=C1C(=O)O,189.08616923260828,316.4027623333333,0.53287,-0.66241,284.77600000000007,2.6688511030029383,-8.138653154604501,-0.9352553041685,7.2033978504360014,2.857533917594482,0,1,3.408300000000001,2,2,ok,False,13.996856831834174,0.780853955482372,0.780853955482372,12.466411201903082,15.527302461765267,18.18,0.5,1.0,1.0021164124723533e-09,1.2406130554533e-10,14.777710787316547,0.8656826469459953,2.714196543365607,0.31894619019466725,True,0.9032764084485941,1.1206165050042932e-10
2623801-47-6,O=C(O)C1=CC=C(C#CCCCCCC#C)C=C1C(=O)O,190.03378122405445,300.48668,0.53295,-0.6625,267.68800000000005,3.551076774726224,-8.157429010289,-0.9499494520955,7.2074795581935005,2.877023160017621,0,1,3.018200000000001,2,2,ok,False,13.969895402003631,0.780853955482372,0.780853955482372,12.439449772072539,15.500341031934724,18.18,0.5,1.0,8.097553666574114e-10,9.972566752107533e-11,14.750749357486004,0.9033024601604704,2.714196543365607,0.33280657672652336,True,0.8951533652980695,8.926976688808698e-11
2503966-69-4,O=C(O)C1=CC=C(C#CC=2C=CC=C(C#C)C2)C=C1C(=O)O,187.3293557243896,347.53769800000003,0.53329,-0.66138,255.56800000000007,1.7645637591200831,-7.7527957145955,-1.2117229762765,6.541072738319,3.0714608510700465,0,1,2.4641,2,2,ok,False,13.963308404692963,0.780853955482372,0.780853955482372,12.43286277476187,15.493754034624056,18.18,0.5,1.0,7.685328635892805e-10,9.452872949046585e-11,14.744162360175336,0.8209468123599197,2.714196543365607,0.3024640254467146,True,0.9125754731089325,8.626460003714818e-11
1804224-15-4,O=C(O)C1=CC=C(C=C1C(=O)O)C(=O)CCCl,189.34874448960983,217.39456933333332,0.53384,-0.6568,207.50400000000005,5.374691396722234,-9.163706029438,-1.3061464824,7.857559547038,3.4876544989392477,0,1,1.8946,2,3,ok,False,13.99893842991338,0.780853955482372,0.780853955482372,12.468492799982288,15.529384059844473,18.18,0.5,1.0,1.0186939573267237e-09,1.261645170719144e-10,14.779792385395753,1.7151461643061352,2.714196543365607,0.6319167152793408,True,0.6707768671791153,8.462823951066475e-11
1806433-07-7,O=C(O)C1=CC=C(C=C1C(=O)O)CCCBr,188.76035851306196,225.13359133333333,0.53186,-0.66652,209.54400000000004,2.254417239554382,-8.645873371936501,-0.646542508788,7.999330863148501,2.6986317473795034,0,1,2.4105000000000008,2,2,ok,False,13.944885977751332,0.780853955482372,0.780853955482372,12.41444034782024,15.475331607682424,18.18,0.5,1.0,6.638030754439683e-10,8.135812684183348e-11,14.725739933233704,0.7595453814490821,2.714196543365607,0.2798417024388532,True,0.9246764574142746,7.522994450996778e-11
37622-96-1,O=C(O)C=1C=C2C=CC=C(C2=CC1C(=O)O)N(=O)=O,186.16123830457065,258.275515,0.53356,-0.66147,206.6080000000001,6.547093230587143,-8.258383248824499,-1.8386732878285,6.419709960995998,3.970216385311189,0,2,2.1444,2,4,ok,False,14.000748991981396,0.780853955482372,0.780853955482372,12.470303362050304,15.531194621912489,18.18,0.5,1.0,1.033330022292925e-09,1.2802214477252128e-10,14.78160294746377,2.180754255350134,2.714196543365607,0.8034621739831692,True,0.5243732888302558,6.713139309747012e-11
883801-81-8,O=C(O)C1=CC(OC=2C=CC=CC2C)=C(OC=3C=CC=CC3C)C=C1C(=O)O,186.90193144460432,397.1454413333333,0.5311,-0.66989,332.5280000000001,0.0913998905907441,-7.955520533218,-0.620963806841,7.334556726377,2.5071754974213434,0,2,5.2844400000000045,2,4,ok,False,13.936089803245483,0.780853955482372,0.780853955482372,12.405644173314391,15.466535433176576,18.18,0.5,1.0,6.188391490373513e-10,7.571920777603044e-11,14.716943758727856,0.9881744413031065,2.714196543365607,0.36407622864251715,True,0.8758578260366697,6.631926071193292e-11
2617443-69-1,O=C(O)C1=CC=C(C#CC2COCC2)C=C1C(=O)O,187.63273448903212,257.395773,0.53275,-0.66251,227.39200000000005,1.5863963722853127,-8.2251853590635,-0.9602897784145,7.264895580649,2.9034468756152845,0,1,1.471,2,3,ok,False,13.91000446274259,0.780853955482372,0.780853955482372,12.379558832811497,15.440450092673682,18.18,0.5,1.0,5.022579487783312e-10,6.114864437534588e-11,14.690858418224963,0.6958729316567684,2.714196543365607,0.25638266077587923,True,0.9363817166115979,5.72584725886585e-11
84595-08-4,O=C(O)C1=CC(OC2=CC=C(F)C=C2F)=C(C=C1C(=O)O)N(=O)=O,187.48935154897143,277.955565,0.53759,-0.64678,252.7920000000001,8.573036315098637,-8.639070525674,-1.827516619958,6.811553905716001,4.02072155610408,0,2,3.061700000000002,2,5,ok,False,13.99815878940504,0.780853955482372,0.780853955482372,12.467713159473947,15.528604419336132,18.18,0.5,1.0,1.0124539560757785e-09,1.2537273690284652e-10,14.779012744887412,2.549049512292641,2.714196543365607,0.9391543580450575,True,0.4139496593864734,5.189800173728326e-11
3885-88-9,O=C(O)C1=CC=C(C=C1C(=O)O)C(=O)C=2C=CC=CC2,188.4271952118536,273.57349200000004,0.5339,-0.65788,229.80800000000005,4.528789490581341,-8.741113219611501,-1.3412491691145,7.399864050497001,3.4343209092729623,0,1,2.314,2,3,ok,False,13.884947463260424,0.780853955482372,0.780853955482372,12.354501833329332,15.415393093191517,18.18,0.5,1.0,4.105856339270998e-10,4.97496794963235e-11,14.665801418742797,1.6209279348364647,2.714196543365607,0.5972035955902117,True,0.7000159667290933,3.482556998708145e-11
213611-98-4,N#CC=1C=C(C(=O)O)C(=CC1C#N)C(=O)O,186.2493661172145,194.1028983333333,0.53767,-0.64353,175.16800000000003,9.403363456763756,-9.493508016244,-1.824251253752,7.669256762492,4.175491799936786,0,2,0.82636,2,4,ok,False,13.960281140947004,0.780853955482372,0.780853955482372,12.429835511015911,15.490726770878096,18.18,0.5,1.0,7.502806990858483e-10,9.22299127344362e-11,14.741135096429376,2.8529018685816565,2.714196543365607,1.0511036408012129,False,0.33127088198776855,3.0553084537191605e-11
1804200-31-4,O=CCCC1=CC=C(C(=O)O)C(=C1)C(=O)O,189.0534687968238,202.277057,0.5314,-0.66699,192.13600000000005,2.858321454980178,-8.6387984118235,-0.650896330396,7.9879020814274995,2.700910311741028,0,1,1.2145,2,3,ok,False,13.795705585016968,0.780853955482372,0.780853955482372,12.265259955085876,15.32615121494806,18.18,0.5,1.0,1.9867165667350994e-10,2.3670676199627152e-11,14.57655954049934,0.7148806236194333,2.714196543365607,0.26338572472462896,True,0.9329795098152902,2.2084255877724596e-11
99866-19-0,O=C(O)C1=CC(OC)=C(OCC)C=C1C(=O)O,187.1217955375876,218.23732066666665,0.53057,-0.67225,206.39200000000005,1.0436477997868825,-7.726128557246501,-0.5551122550200001,7.1710163022265005,2.39083787082786,0,2,1.4903,2,4,ok,False,13.794013769260438,0.780853955482372,0.780853955482372,12.263568139329346,15.32445939919153,18.18,0.5,1.0,1.9593211384441147e-10,2.3336882996625553e-11,14.574867724742811,0.8217878658105754,2.714196543365607,0.30277389742437644,True,0.9124043390292074,2.1292673305538084e-11
28361-47-9,O=C(O)C1=CC=C(C=C1)S(=O)(=O)C2=CC=C(C(=O)O)C(=C2)C(=O)O,189.67167229753144,310.488147,0.53535,-0.65178,273.05600000000004,7.452522475645411,-9.1786722912155,-1.430230398228,7.7484418929875005,3.63133704261048,0,1,1.614,3,5,ok,False,13.831134665992657,0.780853955482372,0.780853955482372,12.300689036061565,15.36158029592375,18.18,0.5,1.0,2.654367499977641e-10,3.183648064208675e-11,14.61198862147503,1.8128544440216827,2.714196543365607,0.6679156851971159,True,0.6401124835451405,2.0378928691142938e-11
51278-53-6,O=C(O)C1=CC=C(C=C1C(=O)O)C(C)(CCCCC)CCCCC,188.80028695206045,352.1581553333333,0.53182,-0.66493,338.75200000000007,2.63854378587887,-8.534034579381,-0.618786896037,7.915247683344,2.645973452516156,0,1,5.501300000000005,2,2,ok,False,13.780460500814618,0.780853955482372,0.780853955482372,12.250014870883525,15.31090613074571,18.18,0.5,1.0,1.752768490707832e-10,2.082387229421077e-11,14.56131445629699,0.6738732725031921,2.714196543365607,0.24827725691065408,True,0.9402198046688479,1.9579017140911884e-11
570396-58-6,O=C(O)C1=CC=C(C=C1C(=O)O)N(C=2C=CC=CC2)C=3C=CC=CC3,190.7443519287201,387.6082496666666,0.53238,-0.66429,293.6960000000001,4.699678156001749,-6.899174565577,-0.613344619027,6.28582994655,2.2446496715210738,0,1,4.552800000000003,2,3,ok,False,13.780006545991926,0.780853955482372,0.780853955482372,12.249560916060833,15.310452175923018,18.18,0.5,1.0,1.746231675648458e-10,2.074445298441e-11,14.560860501474298,0.7302304283566852,2.714196543365607,0.26904110173657453,True,0.9301744642847763,1.9295960441654303e-11
2043-87-0,O=C(O)C1=CC(OCC)=C(OCC)C=C1C(=O)O,186.995029866464,235.0803116666667,0.53019,-0.67403,223.24000000000007,0.9955445997041016,-7.6880326181765,-0.5444998148505,7.143532803326,2.3718862965564416,0,2,1.8804,2,4,ok,False,13.776245178854612,0.780853955482372,0.780853955482372,12.24579954892352,15.306690808785705,18.18,0.5,1.0,1.6929769743046048e-10,2.0097697140558377e-11,14.557099134336985,0.8424449837026415,2.714196543365607,0.31038466457480957,True,0.9081564258954902,1.825185280389951e-11
23646-80-2,O=C(O)C1=CC=C(C=C1C(=O)O)C(=O)C2=CC=CC(=C2)C(=O)C3=CC=C(C(=O)O)C(=C3)C(=O)O,189.8748887741187,449.31301133333335,0.53373,-0.65762,377.0240000000001,8.355860059263797,-8.920980474792001,-1.414447794899,7.506532679893001,3.557603825667037,0,1,2.9414000000000007,4,6,ok,False,13.796229803227595,0.780853955482372,0.780853955482372,12.265784173296503,15.326675433158687,18.18,0.5,1.0,1.9952808131607009e-10,2.3775047819589716e-11,14.577083758709968,1.7435951873150675,2.714196543365607,0.6423982786276071,True,0.6618769950549293,1.573615720811729e-11
921759-09-3,O=C(O)C1=CC=C(C=C1C(=O)O)CC,188.2749490074441,184.75638266666667,0.53163,-0.66738,172.32000000000005,2.225489042884732,-8.648050282740499,-0.6228686037945,8.025181678946,2.677507514446692,0,1,1.6454,2,2,ok,False,13.734027872830017,0.780853955482372,0.780853955482372,12.203582242898925,15.26447350276111,18.18,0.5,1.0,1.1939993813399147e-10,1.4063417260377693e-11,14.51488182831239,0.7078457357931818,2.714196543365607,0.2607938387967484,True,0.9342479299492531,1.3138718463520456e-11
19617-57-3,O=C(O)C1=CC=C(C=C1C(=O)O)C=2C=CC(OC)=CC2,189.5074863058817,287.48551066666664,0.53198,-0.66527,235.74400000000009,3.417460314327,-7.4719742208795,-0.822328056211,6.6496461646685,2.586432742439697,0,1,2.7586000000000013,2,3,ok,False,13.72008746935879,0.780853955482372,0.780853955482372,12.189641839427697,15.250533099289882,18.18,0.5,1.0,1.0633021292627145e-10,1.2491751515260843e-11,14.500941424841162,0.575192428924693,2.714196543365607,0.21191996221889434,True,0.9560834581826583,1.1943156987469049e-11
29639-49-4,O=C(O)C1=CC=C(C=C1C(=O)O)C(=O)OC,185.6798741659549,190.99937066666664,0.53423,-0.65642,184.08000000000004,1.9704647522856125,-9.176767494262,-1.1466877660069998,8.030079728255,3.3179536230437594,0,1,0.8695999999999999,2,4,ok,False,13.711988470677431,0.780853955482372,0.780853955482372,12.181542840746339,15.242434100608524,18.18,0.5,1.0,9.939030024029438e-11,1.1658995242727371e-11,14.492842426159804,1.0479015187311576,2.714196543365607,0.3860816643115161,True,0.8615182394374005,1.0044437055123512e-11
2734031-04-8,O=C(O)C1=CC=C(SC2=CC=C(Br)C=C2)C=C1C(=O)O,187.10194468150223,309.961918,0.53319,-0.6613,248.82400000000007,1.1219551417057636,-7.8376952359515,-0.719469020722,7.1182262152295,2.571745330284143,0,1,3.9967000000000015,2,3,ok,False,13.680285156644212,0.780853955482372,0.780853955482372,12.14983952671312,15.210730786575304,18.18,0.5,1.0,7.623608791746994e-11,8.890859411552617e-12,14.461139112126585,0.7179545201916735,2.714196543365607,0.26451825014168245,True,0.9324218810390731,8.290031856573837e-12
946127-80-6,O=C(O)C1=CC=C(OC2=NC=CC=N2)C=C1C(=O)O,190.08932763498944,233.49341533333333,0.53387,-0.65935,210.75200000000004,4.046900878450076,-8.789821598850999,-0.7336189409480001,8.056202657902999,2.8144748700591555,0,1,1.6652999999999998,2,5,ok,False,13.669834002009537,0.780853955482372,0.780853955482372,12.139388372078445,15.20027963194063,18.18,0.5,1.0,6.98290752066785e-11,8.128063245326598e-12,14.45068795749191,0.8474942405981768,2.714196543365607,0.31224497823112063,True,0.9071051296021286,7.373007863566281e-12
2300-16-5,O=C(O)C1=C(C(=O)O)C(=CC=C1N(=O)=O)N(=O)=O,159.8195564448323,197.696922,0.5399,-0.62887,186.43200000000004,0.3213044817614593,-9.7375941401425,-2.4645351439785,7.273058996164,5.11792765413194,2,0,0.8994,2,6,ok,False,14.038982629128942,0.780853955482372,0.780853955482372,12.50853699919785,15.569428259060034,18.18,0.5,1.0,1.3948691603361242e-09,1.741054851403506e-10,14.819836584611314,4.838481973690226,2.714196543365607,1.7826571865317102,False,0.041674466798963354,7.255753259998949e-12
1822764-40-8,O=C(O)C1=CC=C(SCC)C=C1C(=O)O,189.13867016968484,219.7860473333333,0.53292,-0.66237,191.33600000000004,3.2995993968965385,-7.6031330968205,-0.7181084514695,6.885024645351,2.514263364029605,0,1,2.195,2,3,ok,False,13.65549300017523,0.780853955482372,0.780853955482372,12.125047370244138,15.185938630106323,18.18,0.5,1.0,6.188686053344376e-11,7.184713824925765e-12,14.436346955657603,0.5201230308015545,2.714196543365607,0.19163057003845468,True,0.963943809112116,6.925660411779422e-12
55552-93-7,O=C(O)C1=CC=CC(=C1)C(=O)C2=CC=C(C(=O)O)C(=C2)C(=O)O,190.86135044866455,299.53962333333334,0.53382,-0.65719,257.77600000000007,7.782532839635179,-8.949280315244,-1.375807628128,7.573472687115999,3.5191069355715285,0,1,2.0122,3,4,ok,False,13.67183083789294,0.780853955482372,0.780853955482372,12.141385207961848,15.202276467824033,18.18,0.5,1.0,7.101111712591402e-11,8.268677393553038e-12,14.452684793375314,1.9279423781109604,2.714196543365607,0.7103178960357489,True,0.6037763002770447,4.99243144486389e-12
2547461-18-5,O=C(O)C1=CC=C(C#CCCBr)C=C1C(=O)O,186.399600759332,248.01354766666665,0.53299,-0.66169,215.03200000000004,1.176280595776365,-8.2605601596285,-0.9706301047335,7.289930054895001,2.922348810453681,0,1,2.2195,2,2,ok,False,13.616557770269537,0.780853955482372,0.780853955482372,12.086112140338445,15.14700340020063,18.18,0.5,1.0,4.451524517799073e-11,5.131440016717724e-12,14.39741172575191,0.6990710679377385,2.714196543365607,0.25756096022099034,True,0.9358148347186966,4.802077691113603e-12
865354-08-1,O=C(O)C1=CC=C(C#CC=2C=CC=C(F)C2)C=C1C(=O)O,186.42962524076347,309.894757,0.5332,-0.66157,237.99200000000005,1.7488182895887154,-7.796606044526,-1.219614277941,6.576991766585,3.0900232122943887,0,1,2.621900000000001,2,2,ok,False,13.604020039900547,0.780853955482372,0.780853955482372,12.073574409969455,15.13446566983164,18.18,0.5,1.0,4.0013517387007947e-11,4.602030826774917e-12,14.38487399538292,0.8414257878601082,2.714196543365607,0.3100091590333909,True,0.9083680158591677,4.180337611040257e-12
607735-39-7,O=C(O)C1=CC=C(OCC=2C=CC=C(F)C2)C=C1C(=O)O,188.50838593764652,271.1997803333333,0.53239,-0.6626,241.11200000000005,2.9304829465465243,-8.1756606382725,-0.512118266641,7.6635423716315,2.462226299552368,0,1,2.801100000000001,2,3,ok,False,13.593031020881368,0.780853955482372,0.780853955482372,12.062585390950275,15.12347665081246,18.18,0.5,1.0,3.64362733160182e-11,4.18227669054038e-12,14.37388497636374,0.5184204674469839,2.714196543365607,0.19100328924748458,True,0.9641752015839998,4.032447471181834e-12
808117-87-5,O=C(O)C1=CC=C(OC=2C=NC=CC2)C=C1C(=O)O,188.0471345875274,245.57887666666664,0.53344,-0.66044,214.64000000000004,2.3082969934564312,-8.357704804257,-0.6217801483925,7.7359246558645,2.6057373100749306,0,1,2.2703,2,4,ok,False,13.59042030674407,0.780853955482372,0.780853955482372,12.059974676812978,15.120865936675163,18.18,0.5,1.0,3.5633521315035227e-11,4.088203679606847e-12,14.371274262226443,0.644947017441301,2.714196543365607,0.23761986545070385,True,0.9451012631499752,3.863766461610808e-12
66421-08-7,O=C(O)C1=CC=C(OC2=CC=C(NC(=O)C)C(=C2)N(=O)=O)C=C1C(=O)O,188.3945888488097,331.2336033333333,0.53289,-0.66021,291.0880000000001,9.639312911717308,-8.359881715061,-1.6356763553555,6.7242053597055005,3.7146092286897465,0,1,2.7419,3,6,ok,False,13.663723948410077,0.780853955482372,0.780853955482372,12.133278318478984,15.19416957834117,18.18,0.5,1.0,6.633037058939976e-11,7.712181979310246e-12,14.44457790389245,2.31272255605412,2.714196543365607,0.8520836715775716,True,0.4838179480729784,3.7312920603952845e-12
89939-49-1,O=C(O)C1=CC(N)=C(C=C1C(=O)O)N(=O)=O,186.3799676010364,205.03559833333333,0.53475,-0.65254,173.57600000000005,8.187273193194423,-7.971847364248,-1.8000331210575,6.1718142431905,3.8679731946100895,0,2,0.5734,3,5,ok,False,13.639825056950144,0.780853955482372,0.780853955482372,12.109379427019052,15.170270686881237,18.18,0.5,1.0,5.421815825908762e-11,6.2764448027496705e-12,14.420679012432517,1.9633729652706347,2.714196543365607,0.7233716991018085,True,0.5925816467399726,3.7193059968859424e-12
63196-16-7,O=C(O)C1=CC=C(OC2=CC=C(Cl)C=C2)C=C1C(=O)O,186.99398348041555,269.257645,0.53332,-0.66011,234.08800000000005,1.288111404343584,-8.3040983757085,-0.5586497350765,7.745448640632,2.535305174679134,0,1,3.528700000000001,2,3,ok,False,13.577360282448971,0.780853955482372,0.780853955482372,12.046914652517879,15.107805912380064,18.18,0.5,1.0,3.1870391629653025e-11,3.647849264073896e-12,14.358214237931344,0.7117756803419042,2.714196543365607,0.2622417606719451,True,0.9335406781114626,3.4054156756319444e-12
141537-47-5,O=C(O)C1=CC=C(OCCCCCCCC)C=C1C(=O)O,189.4506989313891,290.96515466666665,0.53271,-0.66225,281.41600000000005,3.904938361869493,-8.117700388115999,-0.469124278262,7.648576109853999,2.4100419735682386,0,1,3.822300000000003,2,3,ok,False,13.566291888468323,0.780853955482372,0.780853955482372,12.03584625853723,15.096737518399415,18.18,0.5,1.0,2.898776323317056e-11,3.3112947582986948e-12,14.347145843950695,0.5243391741496943,2.714196543365607,0.1931839370407248,True,0.9633677760184409,3.1899946670437343e-12
2612493-88-4,O=C(O)C1=CC=C(C#CC2CCCC2)C=C1C(=O)O,187.92441573000636,271.673542,0.53286,-0.66231,234.48800000000008,2.4721037680485827,-8.1261359174815,-0.9526705906005,7.173465326881001,2.872556144598738,0,1,2.6247000000000007,2,2,ok,False,13.56592802929856,0.780853955482372,0.780853955482372,12.035482399367467,15.096373659229652,18.18,0.5,1.0,2.889746559187374e-11,3.300763731003352e-12,14.346781984780932,0.8087581037685473,2.714196543365607,0.29797330106598924,True,0.9150394607368616,3.0203290644370984e-12
6968-28-1,O=C(O)C1=CC=C(Br)C=C1C(=O)O,186.50922823371084,174.07921866666666,0.53364,-0.65843,158.96800000000005,1.3731690864565804,-8.694581751176,-0.849539441261,7.845042309915001,2.902796624206862,0,1,1.8455,2,2,ok,False,13.527959150955164,0.780853955482372,0.780853955482372,11.997513521024072,15.058404780886256,18.18,0.5,1.0,2.0843101254484176e-11,2.364598443040906e-12,14.308813106437537,0.6804423808050244,2.714196543365607,0.2506975342180913,True,0.9390850266474396,2.220558991893563e-12
309725-94-8,O=C(O)C=1C=C(C(=CC1C(=O)O)N2CCOCC2)N(=O)=O,187.26900605857747,272.3904196666667,0.53563,-0.65226,239.51200000000009,6.767912222391777,-7.712250750871,-1.7510526279675,5.9611981229035,3.755709380630238,0,2,0.8278000000000001,2,6,ok,False,13.554763711768567,0.780853955482372,0.780853955482372,12.024318081837475,15.08520934169966,18.18,0.5,1.0,2.625674139166734e-11,2.993114462779101e-12,14.33561766725094,2.093066425332978,2.714196543365607,0.7711550699779365,True,0.551739015811088,1.6514180279036745e-12
917766-58-6,O=C(O)C=1C=C(C(=CC1C(=O)O)P(=O)(O)O)P(=O)(O)O,186.64379291810076,232.0596886666667,0.53606,-0.65004,234.00800000000007,12.19454216073732,-9.42602378132,-1.3831547020915,8.042869079228499,3.631736956529376,0,2,-1.3110000000000004,6,4,ok,False,13.75536757770893,0.780853955482372,0.780853955482372,12.224921947777837,15.285813207640022,18.18,0.5,1.0,1.424992917899206e-10,1.6850751819848147e-11,14.536221533191302,4.143370935115495,2.714196543365607,1.5265552324290084,False,0.09725966896157541,1.6388985437520952e-12
85218-61-7,O=C(O)C1=CC=C(OC2=CC=C(C=C2)C(=O)C=3C=CC=CC3)C=C1C(=O)O,189.17982640518,384.8448916666666,0.53323,-0.65983,310.1760000000001,3.801911795399783,-8.107360061797,-0.9913107573715,7.116049304425499,2.9084189532000404,0,1,4.106300000000003,2,4,ok,False,13.494814270161804,0.780853955482372,0.780853955482372,11.964368640230711,15.025259900092896,18.18,0.5,1.0,1.5641226266616494e-11,1.7639954384412301e-12,14.275668225644177,0.8908328868108676,2.714196543365607,0.32821237245635637,True,0.8978759491924173,1.5838490786615138e-12
253789-13-8,O=C(O)C=1C=C(C(=CC1C(=O)O)CC)C,188.26108074116303,203.841551,0.53089,-0.67131,188.87200000000004,2.76485736521796,-8.4488629441745,-0.5891264863325,7.859736457842001,2.5982185720888684,0,2,1.95382,2,2,ok,False,13.475892930980635,0.780853955482372,0.780853955482372,11.945447301049542,15.006338560911727,18.18,0.5,1.0,1.3266141876600371e-11,1.4911158020559613e-12,14.256746886463008,0.5779839755025327,2.714196543365607,0.2129484605362557,True,0.955665763487662,1.4250083214203277e-12
114804-16-9,O=C(O)C1=CC=C(C=C1)C(=O)OC2=CC=C(C(=O)O)C(=C2)C(=O)O,189.389127253728,299.3686226666667,0.53347,-0.65917,266.4000000000001,4.201039722497277,-9.005879996148,-1.28437737436,7.721502621788,3.428393472680527,0,1,2.0004,3,5,ok,False,13.504747933558562,0.780853955482372,0.780853955482372,11.97430230362747,15.035193563489655,18.18,0.5,1.0,1.7049900485149047e-11,1.926268361304689e-12,14.285601889040935,1.523591180584372,2.714196543365607,0.5613415079716804,True,0.7297127695980489,1.4056226209167398e-12
2493067-40-4,O=C(O)C1=CC=C(C#CCCCC)C=C1C(=O)O,187.5636092333308,257.51313,0.53272,-0.66251,228.22400000000005,2.2890497285991844,-8.1495377086245,-0.9341668487665,7.215370859858,2.8589552113330288,0,1,2.6247000000000007,2,2,ok,False,13.472634329840433,0.780853955482372,0.780853955482372,11.942188699909341,15.003079959771526,18.18,0.5,1.0,1.2894404707674672e-11,1.4484952169591439e-12,14.253488285322806,0.781909932357822,2.714196543365607,0.2880815445252365,True,0.920359452233882,1.3331362644439158e-12
2440440-09-3,O=C(O)C1=CC=C(C#CCC=2C=CC=CC2)C=C1C(=O)O,187.1114861578204,304.9835726666667,0.533,-0.66196,249.55200000000005,1.9406782474176396,-8.180286573731,-0.9515821351985,7.2287044385325,2.884023922482261,0,1,2.6772,2,2,ok,False,13.46894853565717,0.780853955482372,0.780853955482372,11.938502905726077,14.999394165588262,18.18,0.5,1.0,1.2486216090027112e-11,1.4017252926097362e-12,14.249802491139542,0.7330008192013018,2.714196543365607,0.2700618055803652,True,0.9296627631806359,1.3031318087477528e-12
89-20-3,O=C(O)C1=CC=C(Cl)C=C1C(=O)O,186.3507568847259,163.80639933333333,0.53361,-0.65827,154.64000000000004,1.3735086202860178,-8.809958023787999,-0.8269539916695,7.983004032118499,2.9083686047263466,0,1,1.7363999999999995,2,2,ok,False,13.467570085680284,0.780853955482372,0.780853955482372,11.937124455749192,14.998015715611377,18.18,0.5,1.0,1.2336830619222666e-11,1.3846168307145235e-12,14.248424041162657,0.6898015195881005,2.714196543365607,0.25414575126263544,True,0.9374516808571639,1.2980113752964494e-12
62268-13-7,O=C(O)C1=CC(Cl)=C(SC)C=C1C(=O)O,187.52029918828725,211.4377913333333,0.53395,-0.65663,189.84000000000003,2.3491993125318253,-8.117428274265501,-0.981242544903,7.136185729362501,2.900212165686723,0,2,2.4583000000000004,2,3,ok,False,13.464657460962743,0.780853955482372,0.780853955482372,11.93421183103165,14.995103090893835,18.18,0.5,1.0,1.2026914499398839e-11,1.349137481072993e-12,14.245511416445115,0.807726872675314,2.714196543365607,0.2975933613391651,True,0.9152465387769253,1.2347934098862765e-12
22037-61-2,O=C(O)C1=CC=C(C=C)C=C1C(=O)O,186.61456630151892,195.09210700000003,0.5321,-0.66467,166.79200000000003,1.6223599662220465,-8.121509982023,-0.9978414897835,7.123668492239499,2.91853036665506,0,1,1.726,2,2,ok,False,13.458394152032568,0.780853955482372,0.780853955482372,11.927948522101476,14.98883978196366,18.18,0.5,1.0,1.1386062826817762e-11,1.2758340555033087e-12,14.23924810751494,0.7062146046728831,2.714196543365607,0.26019287600933133,True,0.9345404828192373,1.1923185742272878e-12
777881-65-9,O=C(O)C1=CC=C(C=C1C(=O)O)NC(=O)C2=CC=C3C(=O)N(C(=O)C3=C2)C4=CC=C(N=NC=5C=CC=CC5)C=C4,188.79721218333688,576.8308666666667,0.53291,-0.66119,444.9920000000001,8.83827626463441,-7.7190535971335,-1.664792537359,6.0542610597745,3.6361402079641088,0,1,5.551300000000004,3,7,ok,False,13.493710737096006,0.780853955482372,0.780853955482372,11.963265107164913,15.024156367027098,18.18,0.5,1.0,1.549195054286075e-11,1.7468173222543913e-12,14.274564692578378,2.062976535124206,2.714196543365607,0.7600689567477353,True,0.5611849105126112,9.802875226712097e-13
144576-78-3,O=C(O)C=1C=CC(=CC1)C2=CC=C(C(=O)O)C(=C2)C(=O)O,190.67947253227237,289.63338300000004,0.53265,-0.6638,238.34400000000005,2.8823341999150616,-8.231443977625,-1.151041587615,7.080402390010001,3.1082638575084087,0,1,2.4482,3,3,ok,False,13.456513047763336,0.780853955482372,0.780853955482372,11.926067417832243,14.986958677694428,18.18,0.5,1.0,1.1200206148309332e-11,1.254590961427679e-12,14.237367003245708,1.4625113528251914,2.714196543365607,0.538837674228144,True,0.7480046838710329,9.384399154901664e-13
2733109-19-6,O=C(O)C1=CC=C(SC2=CC=C(Cl)C=C2)C=C1C(=O)O,186.01626673989443,298.8121713333333,0.53267,-0.66173,244.56800000000007,0.7443661128772588,-7.827354909632501,-0.7556601628385,7.071694746794001,2.604331435815379,0,1,3.8876000000000017,2,3,ok,False,13.422573260695001,0.780853955482372,0.780853955482372,11.892127630763909,14.953018890626094,18.18,0.5,1.0,8.31461001146645e-12,9.2580377579058e-13,14.203427216177374,0.7978100530323597,2.714196543365607,0.2939396761750622,True,0.9172267778325409,8.491720141735938e-13
1772627-82-3,O=C(O)C=1C(F)=CC=C(C1C(=O)O)N(=O)=O,167.8200277934046,172.80392433333336,0.53862,-0.63756,167.39200000000005,3.130632635746328,-9.4252074397685,-1.9164978490715,7.508709590697001,4.28283572913361,2,0,1.1303,2,4,ok,False,13.530394623216742,0.780853955482372,0.780853955482372,11.99994899328565,15.060840253147834,18.18,0.5,1.0,2.1286016031356587e-11,2.4158987418830147e-12,14.311248578699114,2.8096669881248726,2.714196543365607,1.0351744773209688,False,0.3424648691050628,8.273604464100525e-13
2528504-14-3,O=C(O)C1=CC=C(C#CCSC)C=C1C(=O)O,187.48699202229895,251.89838866666665,0.53282,-0.66171,213.92000000000004,2.33320825259984,-7.887492070593001,-0.9864127080625,6.901079362530501,2.8526764395798128,0,1,1.7975,2,3,ok,False,13.405321651377907,0.780853955482372,0.780853955482372,11.874876021446815,14.935767281309,18.18,0.5,1.0,7.1411396292135564e-12,7.927367612141807e-13,14.18617560686028,0.7754869490826317,2.714196543365607,0.28571510452261756,True,0.9216100160844576,7.305941392533419e-13
92971-15-8,O=C(O)C1=CC=C(C(=C1C(=O)O)N(=O)=O)N(=O)=O,172.3845996600956,197.03737266666667,0.53998,-0.63073,186.84800000000004,9.060131102804196,-9.75800267893,-2.3023552890805004,7.455647389849499,4.877250314794275,1,1,0.8994,2,6,ok,False,13.598571154554648,0.780853955482372,0.780853955482372,12.068125524623555,15.12901678448574,18.18,0.5,1.0,3.819880112409282e-11,4.388983245996003e-12,14.37942511003702,3.7153334128562654,2.714196543365607,1.3688520169763563,False,0.15354588302884148,6.739103081052472e-13
773108-17-1,O=C(O)C1=CC=C(OC=2C(=CC=CC2C)C)C=C1C(=O)O,187.67436444605764,291.51146766666665,0.5331,-0.661,251.90400000000005,2.549641378704072,-8.2104912111365,-0.53334314698,7.6771480641564995,2.489682322239371,0,1,3.492140000000002,2,3,ok,False,13.356470995084463,0.780853955482372,0.780853955482372,11.82602536515337,14.886916625015555,18.18,0.5,1.0,4.629561295162945e-12,5.095607756697087e-13,14.137324950566835,0.5165226348763584,2.714196543365607,0.19030406480286416,True,0.9644323036924722,4.914368727504602e-13
2544821-50-1,O=C(O)C1=CC=C(C#CC(=C)C)C=C1C(=O)O,185.95482405824612,257.20558566666665,0.53335,-0.66168,206.2800000000001,1.5221070264603602,-7.808306940097499,-1.1415176028475,6.666789337249999,3.0036707063006225,0,1,2.0106,2,2,ok,False,13.361154891489408,0.780853955482372,0.780853955482372,11.830709261558315,14.8916005214205,18.18,0.5,1.0,4.826804760110286e-12,5.317039481877217e-13,14.14200884697178,0.7876432285163286,2.714196543365607,0.2901938809264159,True,0.9192359082570375,4.887613617361931e-13
408339-12-8,O=C(O)C1=CC(OC)=C(C=C1C(=O)O)N(=O)=O,186.74585709268308,203.62363333333332,0.53722,-0.64932,188.09600000000003,9.060077861144462,-8.606961091315,-1.7548622218745002,6.8520988694405,3.91731732201802,0,2,0.9998,2,5,ok,False,13.453223783784482,0.780853955482372,0.780853955482372,11.92277815385339,14.983669413715575,18.18,0.5,1.0,1.088233245835621e-11,1.2182757679936323e-12,14.234077739266855,2.6033277485502837,2.714196543365607,0.9591522599620417,True,0.39852977821273206,4.855191716204481e-13
29639-50-7,O=C(O)C1=CC=C(C=C1C(=O)O)C(=O)OCCCC,187.59113504368665,240.27286566666663,0.53485,-0.65666,234.05600000000007,3.913198238014527,-9.1612570047835,-1.1164831286015,8.044773876182001,3.2826262078706487,0,1,2.0399000000000003,2,4,ok,False,13.372932133751135,0.780853955482372,0.780853955482372,11.842486503820043,14.903377763682228,18.18,0.5,1.0,5.3598530311615906e-12,5.916356393375421e-13,14.153786089233508,1.3544035158192018,2.714196543365607,0.49900716259101113,True,0.7795736211457277,4.612235377572354e-13
100118-44-3,O=C(O)C1=CC=C(OCCCC)C=C1C(=O)O,189.1758446369202,225.417482,0.53253,-0.66232,214.3280000000001,4.0850420866865,-8.088856319963002,-0.4832741984880001,7.605582121475002,2.4153779569968115,0,1,2.2619,2,3,ok,False,13.349114046937201,0.780853955482372,0.780853955482372,11.818668417006108,14.879559676868293,18.18,0.5,1.0,4.335589568935905e-12,4.765942843820058e-13,14.129968002419574,0.5206862211209243,2.714196543365607,0.19183806802556486,True,0.9638671121469774,4.593735565530392e-13
2647271-99-4,O=C(O)C1=CC=C(C#CC2=CC(=CC=C2C)C)C=C1C(=O)O,186.92924158678667,351.246036,0.5331,-0.66197,266.0400000000001,2.179465608813316,-7.53211138184,-1.1567559784755,6.3753554033645,2.960478719559459,0,1,3.099640000000001,2,2,ok,False,13.350721236787257,0.780853955482372,0.780853955482372,11.820275606856164,14.881166866718349,18.18,0.5,1.0,4.398206816698325e-12,4.836126010080707e-13,14.13157519226963,0.8115221978696479,2.714196543365607,0.29899168498069023,True,0.9144833411292184,4.422556671820521e-13
1453498-29-7,O=C(O)C1=CC(F)=C(C=C1C(=O)O)C,186.6202019839463,165.324875,0.5326,-0.66407,160.82400000000004,1.5366327765604897,-8.733221917947,-0.6840942201569999,8.04912769779,2.75451721524259,0,2,1.53052,2,2,ok,False,13.339108403592116,0.780853955482372,0.780853955482372,11.808662773661023,14.869554033523208,18.18,0.5,1.0,3.964953013433669e-12,4.350952062269087e-13,14.119962359074488,0.650253841858524,2.714196543365607,0.23957507552205795,True,0.9442198794513545,4.10825543173434e-13
2243517-66-8,O=C(O)C1=CC(Br)=CC(=C1C(=O)O)N(=O)=O,173.66644998687502,199.69282166666667,0.53978,-0.64134,182.01600000000005,4.124062506800788,-9.002614629942,-2.034323146338,6.968291483604,4.370296354712559,1,1,1.7536999999999998,2,4,ok,False,13.405733050696737,0.780853955482372,0.780853955482372,11.875287420765645,14.93617868062783,18.18,0.5,1.0,7.1671355791170075e-12,7.95679965379629e-13,14.18658700617911,2.2603485833253325,2.714196543365607,0.8327873634834482,True,0.49980623144707154,3.9768580493432874e-13
68655-99-2,O=C(O)C1=CC(Cl)=C(C=C1C(=O)O)C,186.804399304896,183.06260666666665,0.53321,-0.66272,171.12800000000004,1.8448080713179893,-8.662472316817,-0.754843821287,7.90762849553,2.803806580415548,0,2,2.0448200000000005,2,2,ok,False,13.29555629249074,0.780853955482372,0.780853955482372,11.765110662559648,14.826001922421833,18.18,0.5,1.0,2.6822062706615362e-12,2.921250463543148e-13,14.076410247973113,0.6897487729099763,2.714196543365607,0.25412631763751603,True,0.937460940646413,2.7385582074169296e-13
577-68-4,O=C(O)C1=CC(OC)=C(OC)C=C1C(=O)O,185.3694467898625,201.57412033333333,0.53038,-0.67321,189.78400000000005,0.594500311185789,-7.768578317924501,-0.5776977046114999,7.190880613313,2.421828674063652,0,2,1.1002,2,4,ok,False,13.30091750888764,0.780853955482372,0.780853955482372,11.770471878956547,14.831363138818732,18.18,0.5,1.0,2.814875845459162e-12,3.068577650525615e-13,14.081771464370012,0.9772562624039342,2.714196543365607,0.36005360952679394,True,0.87841283043768,2.6954779794160117e-13
320-97-8,O=C(O)C1=CC=C(F)C=C1C(=O)O,185.8859952204673,146.12304986666666,0.53334,-0.65797,144.57600000000002,1.1932017474006649,-8.936490964270499,-0.7039585312435,8.232532433026998,2.8222866788446987,0,1,1.2221,2,2,ok,False,13.270138379243532,0.780853955482372,0.780853955482372,11.73969274931244,14.800584009174624,18.18,0.5,1.0,2.1321235947770367e-12,2.3120185781797914e-13,14.050992334725905,0.6860207670283869,2.714196543365607,0.2527527966628829,True,0.9381138367293111,2.1689366189656908e-13
2600576-05-2,O=C(O)C1=CC=C(C#CCCCOC)C=C1C(=O)O,188.70361832687053,261.778611,0.53282,-0.66262,237.41600000000005,3.757401095172034,-8.192531697003501,-0.9472283135905,7.245303383413001,2.882391827873425,0,1,1.8611,2,3,ok,False,13.26545046348785,0.780853955482372,0.780853955482372,11.735004833556758,14.795896093418943,18.18,0.5,1.0,2.0435193425776048e-12,2.2141576696503336e-13,14.046304418970223,0.8368535642031771,2.714196543365607,0.3083246002389634,True,0.9093146827109007,2.0133660788500002e-13
2531397-77-8,O=C(O)C1=CC=C(C#CCOC(C)C)C=C1C(=O)O,188.2838251428852,261.894185,0.533,-0.66171,237.08800000000005,3.5437065919740025,-8.309268538868,-0.994304009727,7.314964529141,2.9581982872969186,0,1,1.8595,2,3,ok,False,13.262961197656756,0.780853955482372,0.780853955482372,11.732515567725663,14.793406827587848,18.18,0.5,1.0,1.9979486536120744e-12,2.1638583187923834e-13,14.043815153139128,0.908484120965106,2.714196543365607,0.3347156723730053,True,0.8940133407935384,1.9345182045874682e-13
2513372-13-7,O=C(O)C1=CC=C(C#CC=2C=CC=CC2C)C=C1C(=O)O,186.3991223557089,332.930802,0.53343,-0.66142,249.41600000000005,2.038428551605378,-7.6129291954385,-1.1850558189275,6.427873376511,3.010503465884361,0,1,2.791220000000001,2,2,ok,False,13.259209938357746,0.780853955482372,0.780853955482372,11.728764308426653,14.789655568288838,18.18,0.5,1.0,1.931150796673786e-12,2.0901699259936343e-13,14.040063893840118,0.8308797686380884,2.714196543365607,0.3061236558822658,True,0.9105452412501194,1.903194279517618e-13
24063-28-3,O=C(O)C1=CC(Br)=C(Br)C=C1C(=O)O,186.74947160868075,199.645904,0.53478,-0.65477,178.79200000000003,2.5087180491238947,-8.734854601050001,-1.00682124685,7.728033354200001,3.069999959109332,0,2,2.6080000000000005,2,2,ok,False,13.257399259904048,0.780853955482372,0.780853955482372,11.726953629972956,14.78784488983514,18.18,0.5,1.0,1.8996968510241646e-12,2.0554885236539668e-13,14.03825321538642,0.9422685068414693,2.714196543365607,0.34716296030391935,True,0.8864574777964332,1.8221031723178097e-13
65538-25-2,O=C(O)C1=CC=C(OC2=CC=CC(=C2)C)C=C1C(=O)O,188.38985198449143,273.27072300000003,0.53301,-0.66149,235.7040000000001,3.386198490933454,-8.23960739314,-0.594840877193,7.644766515946999,2.552317198909297,0,1,3.183720000000002,2,3,ok,False,13.24183662555124,0.780853955482372,0.780853955482372,11.711390995620148,14.772282255482333,18.18,0.5,1.0,1.6492702428252287e-12,1.7797821364930788e-13,14.022690581033613,0.5122939765647841,2.714196543365607,0.18874608687311162,True,0.9650020191036879,1.7174933552804966e-13
937647-86-4,O=C(O)C1=CC(Cl)=C(Br)C=C1C(=O)O,186.9442225277549,189.554675,0.53503,-0.65451,174.28000000000003,2.610182143069713,-8.777304361728001,-0.97416758479,7.803136776938001,3.04656985523974,0,2,2.4989,2,2,ok,False,13.250228362006606,0.780853955482372,0.780853955482372,11.719782732075513,14.780673991937698,18.18,0.5,1.0,1.7799881828263642e-12,1.9236009426657233e-13,14.031082317488979,0.9311393256969789,2.714196543365607,0.3430626009649121,True,0.8889698592214782,1.7100232591998507e-13
1800035-16-8,O=C(O)C=1C(Cl)=CC=C(C1C(=O)O)N(=O)=O,164.74629709203668,190.2944933333333,0.53824,-0.63021,177.70400000000004,3.678848616075416,-9.239353679877,-1.9921454995105,7.247208180366501,4.351557547302397,2,0,1.6446,2,4,ok,False,13.387811539104893,0.780853955482372,0.780853955482372,11.8573659091738,14.918257169035986,18.18,0.5,1.0,6.116324737303386e-12,6.768937173728524e-13,14.168665494587266,3.3323059002580693,2.714196543365607,1.227731981459974,False,0.22150152197543363,1.4993298861369583e-13
78164-32-6,O=C(O)C=1C=C(C(=CC1C(=O)O)C(F)(F)F)C(F)(F)F,186.69008834339607,177.13174133333334,0.53676,-0.64715,202.68000000000004,5.741281077425142,-9.596911279434,-1.3602971386495,8.2366141407845,3.644107101085007,0,2,3.1206000000000005,2,2,ok,False,13.256991326308412,0.780853955482372,0.780853955482372,11.72654569637732,14.787436956239505,18.18,0.5,1.0,1.8926801228297156e-12,2.047753342432825e-13,14.037845281790785,1.8761973542112613,2.714196543365607,0.6912533135440422,True,0.6201269006087118,1.2698669334539979e-13
1803862-56-7,O=C(O)C1=CC=C(C=C1C(=O)O)CC(=O)C,189.93079311890176,202.15430433333336,0.53239,-0.66437,192.47200000000004,4.731353220802691,-8.585736210976,-0.7496736581275001,7.8360625528484995,2.78041034117559,0,1,1.2145,2,3,ok,False,13.21064881163227,0.780853955482372,0.780853955482372,11.680203181701177,14.741094441563362,18.18,0.5,1.0,1.2409389741334832e-12,1.3320420589092292e-13,13.991502767114643,0.8691391417234721,2.714196543365607,0.3202196774761707,True,0.9025414680589307,1.2022231953641762e-13
1243400-32-9,O=C(O)C1=CC=C(OC2CC2)C=C1C(=O)O,188.04267170790203,204.05894566666663,0.53228,-0.66245,190.29600000000005,3.267130883512321,-8.172395272066499,-0.5181047713520001,7.654290500714499,2.466746950537316,0,1,1.6242,2,3,ok,False,13.199990885404137,0.780853955482372,0.780853955482372,11.669545255473045,14.73043651533523,18.18,0.5,1.0,1.125579669911912e-12,1.206029185075064e-13,13.98084484088651,0.4732332275961043,2.714196543365607,0.1743548118329318,True,0.97005782058639,1.1699180428374968e-13
18019-69-7,O=C(O)C1=CC=C(C=C1C(=O)O)[Si](C)(C)C,186.773559936017,234.95942633333337,0.53192,-0.6675,219.48000000000005,1.991899618454705,-8.772406312419001,-0.728176663938,8.044229648481002,2.8051498041110903,0,1,1.6282,2,2,ok,False,13.201197599156512,0.780853955482372,0.780853955482372,11.67075196922542,14.731643229087604,18.18,0.5,1.0,1.1380934556705984e-12,1.219687076071562e-13,13.982051554638884,0.7037439991737204,2.714196543365607,0.2592826230266571,True,0.93498248863301,1.1403860577389085e-13
2628557-83-3,O=C(O)C1=CC=C(C#CC(=O)C)C=C1C(=O)O,186.45505322327676,233.01602566666668,0.53393,-0.6576,197.7920000000001,5.568711016025162,-8.689139474166,-1.526558701305,7.162580772861,3.6425588946844094,0,1,1.0235,2,3,ok,False,13.210248290841543,0.780853955482372,0.780853955482372,11.67980266091045,14.740693920772635,18.18,0.5,1.0,1.2364013069486485e-12,1.3270809329092774e-13,13.991102246323916,1.8565062130789047,2.714196543365607,0.6839984442603536,True,0.6263450436753257,8.312105648837533e-14
2444641-04-5,O=C(O)C1=CC=C(C#CCCl)C=C1C(=O)O,186.1633216957192,220.58748766666668,0.53306,-0.66172,193.72800000000004,1.8960604552598,-8.368045130576,-0.9934876681755,7.3745574624005,2.970967979737352,0,1,1.6733,2,2,ok,False,13.167552540290629,0.780853955482372,0.780853955482372,11.637106910359536,14.697998170221721,18.18,0.5,1.0,8.354448932150447e-13,8.902571355658351e-14,13.948406495773002,0.7937335781304226,2.714196543365607,0.2924377676592985,True,0.9180349217588439,8.17287139794434e-14
1098083-48-7,O=C(O)C1=CC(Br)=C(C=C1C(=O)O)C,186.564655355776,193.44881533333333,0.53342,-0.66216,175.30400000000003,1.9181364993138523,-8.580838161667,-0.776612929327,7.804225232339999,2.804951430588403,0,2,2.1539200000000003,2,2,ok,False,13.142254516801989,0.780853955482372,0.780853955482372,11.611808886870897,14.672700146733082,18.18,0.5,1.0,6.613706623365133e-13,7.017652479774992e-14,13.923108472284362,0.6992899269067036,2.714196543365607,0.2576415951217679,True,0.935775958683313,6.566950476967771e-14
752993-36-5,O=C(OCCCCOC(=O)C1=CC=C(C(=O)O)C(=C1)C(=O)O)C=C,187.5985112685502,296.3104216666667,0.53407,-0.65681,290.24000000000007,4.50206442201797,-9.1656108263915,-1.146143538306,8.019467288085501,3.314817376829864,0,1,1.7492,2,6,ok,False,13.149686871047033,0.780853955482372,0.780853955482372,11.61924124111594,14.680132500978125,18.18,0.5,1.0,7.084403338316031e-13,7.52650186456881e-14,13.930540826529406,1.469793552161207,2.714196543365607,0.5415206779162209,True,0.7458396527241897,5.613563536897967e-14
219537-88-9,O=C(O)C1=CC=C(C#CC=2C=CC=CC2)C=C1C(=O)O,186.1189403119481,313.52680066666665,0.53332,-0.66173,232.89600000000004,2.057549379723364,-7.6912979843825,-1.1758039480105,6.515494036372001,3.01686626679918,0,1,2.4828,2,2,ok,False,13.123808498661022,0.780853955482372,0.780853955482372,11.59336286872993,14.654254128592115,18.18,0.5,1.0,5.574088766024843e-13,5.896251420296679e-14,13.904662454143395,0.8502313736174164,2.714196543365607,0.31325342878932727,True,0.9065331224280806,5.3451472106625534e-14
15586-20-6,O=C(O)C=1C=CC(=CC1C(=O)O)C=2N=C(N=C(N2)C=3C=CC(C(=O)O)=C(C3)C(=O)O)C=4C=CC(C(=O)O)=C(C4)C(=O)O,185.0720466946859,555.866785,0.53377,-0.6586,451.3520000000001,5.651879605051756,-8.861659655383,-1.686017417698,7.175642237685,3.876081330174116,0,1,3.0618000000000007,6,9,ok,False,13.191092361578322,0.780853955482372,0.780853955482372,11.66064673164723,14.721537991509415,18.18,0.5,1.0,1.037376260342455e-12,1.1098459569697397e-13,13.971946317060695,2.8262656403175925,2.714196543365607,1.0412899711429962,False,0.33814353833925576,3.7528723890126514e-14
19617-63-1,O=C(O)C=1C=CC(=CC1C(=O)O)C=2C=CC=CC2OC,188.1300144811835,280.8649733333333,0.53181,-0.66642,235.80000000000007,3.469721514761668,-7.6483039960034995,-0.7820552063370001,6.8662487896665,2.587692292312755,0,1,2.7586000000000013,2,3,ok,False,13.05112450369867,0.780853955482372,0.780853955482372,11.520678873767578,14.581570133629763,18.18,0.5,1.0,2.8261922779472716e-13,2.953536600184372e-14,13.831978459181043,0.5266954927697999,2.714196543365607,0.1940520829477945,True,0.9630439680086917,2.8443856071004584e-14
353514-33-7,O=C(O)C1=CC=C(OC2=CC=CC(=C2)N3C(=O)C4C5C=CC(C5)C4C3=O)C=C1C(=O)O,189.0401658415482,404.5352916666666,0.53339,-0.6602,350.9360000000001,4.324887435529392,-8.335391468515999,-0.600827381904,7.734564086611999,2.581141175131868,0,1,3.1868000000000016,2,5,ok,False,13.032125424521512,0.780853955482372,0.780853955482372,11.50167979459042,14.562571054452604,18.18,0.5,1.0,2.363135014165947e-13,2.4618617626600235e-14,13.812979380003885,0.6039688743424174,2.714196543365607,0.22252215883876092,True,0.951689825172329,2.3429287905043595e-14
138518-30-6,O=C(O)C1=CC=C(OCC=C)C=C1C(=O)O,187.9875026216913,209.9275463333333,0.53238,-0.6623,191.92800000000005,3.586779726997464,-8.1756606382725,-0.5017779403220001,7.6738826979505,2.453058746434524,0,1,1.6478,2,3,ok,False,13.018665130219157,0.780853955482372,0.780853955482372,11.488219500288064,14.54911076015025,18.18,0.5,1.0,2.081028833095755e-13,2.1631578950936996e-14,13.79951908570153,0.4700465082989644,2.714196543365607,0.17318071878321167,True,0.9704537228252376,2.0992446323524853e-14
2557766-58-0,O=C(O)C1=CC=C(C#CCCCCC)C=C1C(=O)O,186.68449779995527,273.996177,0.53268,-0.6625,244.92000000000004,2.3326752131404835,-8.1555242133355,-0.935527418019,7.2199967953165,2.861747106922723,0,1,3.014800000000001,2,2,ok,False,13.01357024326962,0.780853955482372,0.780853955482372,11.483124613338527,14.544015873200712,18.18,0.5,1.0,1.9831117038718537e-13,2.0596458867059616e-14,13.794424198751992,0.749431241339116,2.714196543365607,0.276115317872235,True,0.9265941042815449,1.9084557355294788e-14
2512318-20-4,O=C(O)C#CC1=CC=C(C(=O)O)C(=C1)C(=O)O,186.43448920204463,219.61988866666664,0.53393,-0.65676,189.5600000000001,2.681478004757824,-8.764242896904,-1.4702311342515,7.2940117626525,3.5900839655455097,0,1,0.5191000000000001,3,3,ok,False,13.029306012376363,0.780853955482372,0.780853955482372,11.49886038244527,14.559751642307456,18.18,0.5,1.0,2.301095166184551e-13,2.3961136342034466e-14,13.810159967858736,1.3788780356025636,2.714196543365607,0.5080243871701174,True,0.7725266457231701,1.8510616286027435e-14
2539029-66-6,O=C(O)C1=CC=C(C#CCOC)C=C1C(=O)O,185.7453061933243,227.350263,0.53298,-0.66213,204.29600000000005,1.7972345311616955,-8.3247790283465,-0.9853242526605,7.339454775686,2.9524680562840486,0,1,1.0809000000000002,2,3,ok,False,13.005658080360343,0.780853955482372,0.780853955482372,11.47521245042925,14.536103710291435,18.18,0.5,1.0,1.839950935976593e-13,1.908471863535779e-14,13.786512035842716,0.793357280222789,2.714196543365607,0.2922991270333817,True,0.918109348296039,1.752185858872161e-14
66421-07-6,O=C(O)C1=CC=C(C=C1C(=O)O)C(=O)C2=CC=C(NC(=O)C)C(=C2)NC(=O)C,188.8550152141815,377.657764,0.53428,-0.65788,325.3760000000001,10.587063228771234,-8.165864539654502,-1.3477799015265,6.818084638128002,3.3187264223396613,0,1,2.2307999999999995,4,5,ok,False,13.076968192058837,0.780853955482372,0.780853955482372,11.546522562127745,14.60741382198993,18.18,0.5,1.0,3.601689372714271e-13,3.780165844630957e-14,13.85782214754121,2.49016206527615,2.714196543365607,0.9174582700589347,True,0.4309644489567819,1.6291170901966283e-14
2514252-70-9,O=C(O)C1=CC=C(C#CCOCC#C)C=C1C(=O)O,187.02893319224088,253.6238713333333,0.5329,-0.66178,226.6800000000001,2.9771461586559704,-8.406685297347,-1.0163452316175,7.3903400657295,3.00370157394889,0,1,1.0843,2,3,ok,False,12.999915098040425,0.780853955482372,0.780853955482372,11.469469468109333,14.530360727971518,18.18,0.5,1.0,1.742445503628015e-13,1.8056286179565998e-14,13.780769053522798,0.9101703732611319,2.714196543365607,0.3353369436291889,True,0.8936412544114062,1.6135842231518696e-14
108347-25-7,O=C(O)C1=CC=C2C(=O)C=CC2=C1C(=O)O,178.5957740417875,206.6217036666667,0.53471,-0.65459,176.21600000000004,4.136845951930045,-8.4004266787855,-1.9339131355035,6.466513543282,4.128908827081591,1,1,1.2925,2,3,ok,False,13.03715577992608,0.780853955482372,0.780853955482372,11.506710149994987,14.567601409857172,18.18,0.5,1.0,2.4779304819019086e-13,2.583600750781853e-14,13.818009735408452,1.8766865468503802,2.714196543365607,0.6914335483322392,True,0.6199723791091583,1.601761104130433e-14
1615657-05-0,O=C(O)C1=CC=C(OC=2C=CC(=C3C=CC=NC23)S(=O)(=O)O)C=C1C(=O)O,189.98039473141264,362.798831,0.53366,-0.65984,300.7440000000001,4.591386469248696,-8.426821722284,-1.2650572909745,7.1617644313095,3.2789586877847565,0,1,2.6701999999999995,3,6,ok,False,13.021628559706503,0.780853955482372,0.780853955482372,11.49118292977541,14.552074189637596,18.18,0.5,1.0,2.1401497408973513e-13,2.2256997042413734e-14,13.802482515188876,1.5606060095207648,2.714196543365607,0.5749789982362926,True,0.7184918989942717,1.5991472070913733e-14
61260-14-8,O=C(O)C1=CC=C(C=C1C(=O)O)C(=O)S,188.40862928448587,198.02205333333333,0.53516,-0.65482,176.88000000000005,4.773580673875744,-9.206700017817,-1.28981965137,7.916880366446999,3.479177405300228,0,1,1.153,3,3,ok,False,13.004626169084474,0.780853955482372,0.780853955482372,11.474180539153382,14.535071799015567,18.18,0.5,1.0,1.8220445603058695e-13,1.8895777391977357e-14,13.785480124566847,1.5135626737686567,2.714196543365607,0.5576466735499697,True,0.7327359949876779,1.3845616248376199e-14
1005239-58-6,O=C(O)C1=CC=C(OC2=CC=C(C=C2)N3C(=O)C4C5C=CC(C5)C4C3=O)C=C1C(=O)O,190.12593317736187,405.2920456666668,0.53322,-0.66026,351.00000000000006,5.253307516222518,-8.2442333285985,-0.617154212934,7.6270791156645,2.5738617618360085,0,1,3.1868000000000007,2,5,ok,False,12.982069206484821,0.780853955482372,0.780853955482372,11.451623576553729,14.512514836415914,18.18,0.5,1.0,1.470721421053476e-13,1.5195920062565938e-14,13.762923161967194,0.8363726032769765,2.714196543365607,0.30814739828674065,True,0.9094140217104937,1.3819382777689266e-14
135989-69-4,O=C(O)C=1C=C(C(=O)O)C(=CC1C(=O)O)C(=O)C=2C=CC=CC2,189.90141560438417,298.68828433333334,0.53608,-0.64823,257.44000000000005,6.609028019308134,-8.778937044831,-1.303969571596,7.474967473235,3.4001822148260468,0,2,2.0122,3,4,ok,False,13.012798389646493,0.780853955482372,0.780853955482372,11.4823527597154,14.543244019577585,18.18,0.5,1.0,1.9686778164520685e-13,2.0443949380104185e-14,13.793652345128866,1.7042547095193328,2.714196543365607,0.6279039422126943,True,0.6741764813045478,1.378282985704693e-14
808118-82-3,O=C(O)C1=CC=C(SC=2C=CN=CC2)C=C1C(=O)O,187.6904014466768,269.94292133333335,0.53386,-0.6585,224.78400000000005,3.2843942653098157,-8.0825977014015,-0.9325341656635,7.150063535738,2.841674139479596,0,1,2.6292,2,4,ok,False,12.973050357519389,0.780853955482372,0.780853955482372,11.442604727588296,14.503495987450481,18.18,0.5,1.0,1.3496946367232306e-13,1.3924841872446598e-14,13.753904313001762,0.7668382425859916,2.714196543365607,0.2825286342878881,True,0.92328027945604,1.2856531895373662e-14
2524781-28-8,O=C(O)C1=CC=C(C#CCCCl)C=C1C(=O)O,187.692999915686,236.75041866666663,0.53283,-0.66199,210.6080000000001,3.388875356220704,-8.245593897851,-0.9543032737035,7.2912906241475,2.9020276494969783,0,1,2.0634,2,2,ok,False,12.973892854828499,0.780853955482372,0.780853955482372,11.443447224897406,14.504338484759591,18.18,0.5,1.0,1.360572983130459e-13,1.4039010929067436e-14,13.754746810310872,0.8347420301639197,2.714196543365607,0.30754664108769314,True,0.9097504603750515,1.2771996655929478e-14
5466-99-9,O=C(O)C=1C=CC=CC1C(=O)C2=CC=C(C(=O)O)C(=C2)C(=O)O,188.3830225838813,297.036148,0.53469,-0.65598,257.92800000000005,3.9552948512089454,-8.8951296589945,-1.3080512793535,7.587078379641,3.430335632884088,0,1,2.0122,3,4,ok,False,12.993624607596017,0.780853955482372,0.780853955482372,11.463178977664924,14.52407023752711,18.18,0.5,1.0,1.6414636618407414e-13,1.6992274122565148e-14,13.77447856307839,1.4626233059521159,2.714196543365607,0.5388789214720837,True,0.7479714336780479,1.2709735636905446e-14
99866-00-9,O=C(O)C1=CC=C(OCCC)C=C1C(=O)O,188.4188494539752,209.07527933333336,0.53268,-0.6628,197.92000000000004,4.051803041856798,-8.131850308342,-0.5363363993354999,7.595513909006501,2.4730868016073764,0,1,1.8718,2,3,ok,False,12.9612127365956,0.780853955482372,0.780853955482372,11.430767106664508,14.491658366526693,18.18,0.5,1.0,1.2055853214693425e-13,1.2413996481092119e-14,13.742066692077973,0.533923269801139,2.714196543365607,0.19671503565437215,True,0.9620423511197065,1.1942790361461625e-14
2515880-73-4,O=C(O)C1=CC=C(C#CCCC#C)C=C1C(=O)O,186.8243650297888,249.65318366666665,0.53307,-0.66174,217.64800000000005,2.6462377330844635,-8.2170219435485,-0.9640993723215,7.252922571227001,2.9054835409080613,0,1,1.8479,2,2,ok,False,12.94866132862154,0.780853955482372,0.780853955482372,11.418215698690448,14.479106958552633,18.18,0.5,1.0,1.0692920071204305e-13,1.0988030442726764e-14,13.729515284103913,0.8003473029331103,2.714196543365607,0.2948744831649806,True,0.916722049826833,1.0072969791016122e-14
2639457-43-3,O=C(O)C1=CC=C(C=C1C(=O)O)CNC(=O)OCC2C=3C=CC=CC3C=4C=CC=CC42,192.20931054513343,435.9159706666667,0.53174,-0.66634,362.1600000000001,3.1298032621875773,-7.470613651627,-0.656338607406,6.8142750442210005,2.4231247121663566,0,1,4.121700000000002,3,4,ok,False,12.956193310311724,0.780853955482372,0.780853955482372,11.425747680380631,14.486638940242816,18.18,0.5,1.0,1.1491461237740708e-13,1.1823137620640372e-14,13.737047265794097,1.3557424173132642,2.714196543365607,0.49950045829479317,True,0.7791897292899771,9.212467401984916e-15
110300-56-6,O=C(O)C1=CC=C(OCC2=CC=C(C=C)C=C2)C=C1C(=O)O,187.57433255625332,319.17263966666667,0.53234,-0.66253,263.72800000000007,3.57731441307582,-7.8012319799845,-0.5080365588835,7.293195421101,2.366724722995236,0,1,3.305000000000001,2,3,ok,False,12.925280605588007,0.780853955482372,0.780853955482372,11.394834975656915,14.4557262355191,18.18,0.5,1.0,8.545694856663478e-14,8.748172359720259e-15,13.70613456107038,0.47821635933567536,2.714196543365607,0.17619076278930282,True,0.9694337072818295,8.480773162624042e-15
868943-09-3,O=C(O)C1=CC=C(C=CC=2C=CC=CC2)C=C1C(=O)O,186.41176728457668,324.90670233333327,0.53227,-0.66472,237.64000000000004,2.4519464227425525,-7.3587748590715005,-1.184783705077,6.173991153994501,2.955640489208102,0,1,3.253400000000001,2,2,ok,False,12.920461231659935,0.780853955482372,0.780853955482372,11.390015601728843,14.450906861591028,18.18,0.5,1.0,8.158938204288088e-14,8.345713673170319e-15,13.701315187142308,0.8374256373682073,2.714196543365607,0.3085353709609395,True,0.909196464918844,7.587893368871315e-15
2574927-72-1,O=C(O)C1=CC=C(C#CCCC(C)C)C=C1C(=O)O,186.64049181485672,275.48110833333334,0.53307,-0.66219,245.03200000000007,2.4876768721037705,-8.1522588471295,-0.945323516637,7.206935330492501,2.8710540982424524,0,1,2.870700000000001,2,2,ok,False,12.908639973972013,0.780853955482372,0.780853955482372,11.37819434404092,14.439085603903106,18.18,0.5,1.0,7.281628774417488e-14,7.43404489326954e-15,13.689493929454386,0.7557315697160785,2.714196543365607,0.2784365677435321,True,0.9254021101480132,6.879480831166694e-15
26363-45-1,O=C(O)C1=CC=2C=C3C(=O)OC(=O)C3=CC2C=C1C(=O)O,185.07103091319857,284.9048453333333,0.53382,-0.65979,220.5840000000001,7.950800247773805,-8.350629844144,-1.7641140927915,6.586515751352501,3.883238451557834,0,2,1.5468,2,5,ok,False,12.976075213007562,0.780853955482372,0.780853955482372,11.44562958307647,14.506520842938654,18.18,0.5,1.0,1.3891537103510672e-13,1.4339044742560463e-14,13.756929168489934,2.3636574743462426,2.714196543365607,0.870849784303131,True,0.46842496659040833,6.716766554472255e-15
14236-13-6,O=C(O)C1=CC=C(C=C1C(=O)O)C(C)(C)C,186.69146693866276,219.84130166666668,0.53149,-0.66798,205.3520000000001,2.361375381001504,-8.629546540906501,-0.5880380309305,8.041508509976001,2.641415638420467,0,1,2.3805000000000005,2,2,ok,False,12.895522978443156,0.780853955482372,0.780853955482372,11.365077348512063,14.425968608374248,18.18,0.5,1.0,6.416430892161977e-14,6.536833175359083e-15,13.676376933925528,0.5639824402349014,2.714196543365607,0.20778983070089777,True,0.9577422246901535,6.260601147796808e-15
515878-62-3,O=C(O)C1=CC=C(OCC=C(C)C)C=C1C(=O)O,188.50376347018693,245.82779566666667,0.53237,-0.66273,224.99200000000005,4.337996645918483,-8.131306080641,-0.488716475498,7.642589605143,2.430615560540583,0,1,2.428,2,3,ok,False,12.890825208805289,0.780853955482372,0.780853955482372,11.360379578874197,14.421270838736381,18.18,0.5,1.0,6.131822543588234e-14,6.242138830116526e-15,13.671679164287662,0.5532978099408549,2.714196543365607,0.20385325863497156,True,0.959295468375485,5.988055492701435e-15
937641-99-1,O=C(O)C=1C=C2C=C(F)C(Br)=CC2=CC1C(=O)O,185.91967310609385,256.59157266666665,0.53261,-0.66578,207.80000000000004,1.8255016132559292,-8.015929808029,-0.90886026067,7.107069547359,2.80185374715895,0,2,3.1378000000000013,2,2,ok,False,12.888211351049936,0.780853955482372,0.780853955482372,11.357765721118843,14.418656980981028,18.18,0.5,1.0,5.978875787433072e-14,6.08386888611137e-15,13.669065306532309,0.708248637901621,2.714196543365607,0.2609422812923458,True,0.9341755772932981,5.683401728859824e-15
82157-67-3,O=C(O)C1=CC=2C(Cl)=CC=C(Cl)C2C=C1C(=O)O,184.6941905181688,260.88001033333336,0.53324,-0.66226,212.92000000000004,1.3919001149507817,-7.9198736188025,-1.105326460731,6.8145471580715,2.988248323262864,0,2,3.543000000000001,2,2,ok,False,12.890653681552113,0.780853955482372,0.780853955482372,11.36020805162102,14.421099311483205,18.18,0.5,1.0,6.121669024728818e-14,6.2316297937286874e-15,13.671507637034486,0.8499050871418252,2.714196543365607,0.31313321403318195,True,0.9066013877741507,5.649604219089173e-15
2616582-43-3,O=C(O)C1=CC=C(C#CCCC)C=C1C(=O)O,186.47212549884247,241.20123966666668,0.53299,-0.66222,211.38400000000004,2.384269508675561,-8.162327059598,-0.945867744338,7.216459315260001,2.8739583001258096,0,1,2.2346,2,2,ok,False,12.887508543129062,0.780853955482372,0.780853955482372,11.35706291319797,14.417954173060155,18.18,0.5,1.0,5.93839544037404e-14,6.041991281321702e-15,13.668362498611435,0.7572051388815146,2.714196543365607,0.2789794794825652,True,0.925122100192964,5.589579663523911e-15
2540385-35-9,O=C(O)C1=CC=C(C#CCCCCCC)C=C1C(=O)O,186.4729527946258,290.86730466666666,0.53303,-0.66219,261.9680000000001,2.393973613054246,-8.1555242133355,-0.9401533534775,7.215370859858,2.866496816528618,0,1,3.4049000000000014,2,2,ok,False,12.874028027944949,0.780853955482372,0.780853955482372,11.343582398013856,14.404473657876041,18.18,0.5,1.0,5.2120716452378275e-14,5.2914669274375855e-15,13.654881983427321,0.7491451030054506,2.714196543365607,0.2760098950227494,True,0.9266480397558666,4.903327455743037e-15
4316-23-8,O=C(O)C1=CC=C(C=C1C(=O)O)C,186.50620339767184,167.77904566666666,0.53172,-0.66655,155.82400000000004,2.25191052442143,-8.641791664179,-0.6157936436815,8.0259980204975,2.6695398352154767,0,1,1.39142,2,2,ok,False,12.863097531430693,0.780853955482372,0.780853955482372,11.3326519014996,14.393543161361785,18.18,0.5,1.0,4.687873933171158e-14,4.750907667467051e-15,13.643951486913066,0.5865008980995895,2.714196543365607,0.21608637721287777,True,0.9543800396785387,4.534171448186278e-15
607735-04-6,O=C(O)C1=CC=C(OCC2=CC=C(F)C=C2)C=C1C(=O)O,187.38021278643376,271.277649,0.5327,-0.66215,241.04000000000005,3.204638255716236,-8.180286573731,-0.5591939627775,7.621092610953499,2.5054977004949066,0,1,2.801100000000001,2,3,ok,False,12.859692217877004,0.780853955482372,0.780853955482372,11.329246587945912,14.390137847808097,18.18,0.5,1.0,4.535416090446938e-14,4.593880753819367e-15,13.640546173359377,0.45551687442506966,2.714196543365607,0.16782751991137243,True,0.9722268894125441,4.466294395617957e-15
56306-44-6,O=C(O)C=1C=C2C(=CC1C(=O)O)C3C=CC2C3,186.87882450202576,225.518995,0.53061,-0.66787,196.16000000000005,2.628512046767144,-8.071985261232001,-0.680828853951,7.391156407281001,2.591331813093443,0,2,2.2237,2,2,ok,False,12.856175781247213,0.780853955482372,0.780853955482372,11.32573015131612,14.386621411178306,18.18,0.5,1.0,4.383098820066624e-14,4.43708877782604e-15,13.637029736729586,0.5300051611503569,2.714196543365607,0.1952714745164143,True,0.9625868830792695,4.271083456593573e-15
2603390-50-5,O=C(O)C1=CC=C(C#CC)C=C1C(=O)O,186.2386361398738,207.183414,0.53292,-0.66237,178.29600000000005,2.253482924275221,-8.18518462304,-0.9450514027865,7.2401332202535,2.8784418515292645,0,1,1.4544,2,2,ok,False,12.85415114315964,0.780853955482372,0.780853955482372,11.323705513228548,14.384596773090733,18.18,0.5,1.0,4.297692788852481e-14,4.34921425826067e-15,13.635005098642013,0.7649848763731957,2.714196543365607,0.28184579272384364,True,0.9236361602257073,4.017091557498783e-15
138472-63-6,O=C(O)C1=CC=C(C=C1C(=O)O)C(=O)C2=CC=C(C(=C2)C)C,189.77406859640945,312.6398543333334,0.53385,-0.6586,263.4800000000001,6.698152000365473,-8.2115796665385,-1.2451929798880002,6.966386686650499,3.209359202582518,0,1,2.9308400000000017,2,3,ok,False,12.885338278475063,0.780853955482372,0.780853955482372,11.35489264854397,14.415783908406155,18.18,0.5,1.0,5.815085020205094e-14,5.9144550641316996e-15,13.666192233957435,1.7578685926814743,2.714196543365607,0.6476570744216317,True,0.6574019273047922,3.888174158117768e-15
847802-80-6,O=C(O)C=1C=C(C(=O)O)C(=CC1C(=O)O)C(=O)C2=CC=C(C=C2)C,189.8445593428128,319.68503200000004,0.53553,-0.65175,274.3520000000001,8.502127516098543,-8.4869588832445,-1.3526779508355,7.134280932408999,3.3927193904982538,0,2,2.320620000000001,3,4,ok,False,12.894693167095822,0.780853955482372,0.780853955482372,11.36424753716473,14.425138797026914,18.18,0.5,1.0,6.365230748074444e-14,6.483801614769103e-15,13.675547122578195,1.9723936692354962,2.714196543365607,0.7266952255379876,True,0.5897326674282769,3.823709621353552e-15
2442888-51-7,O=C(O)C1=CC=C(C#CC2=CC=CC(=C2)C)C=C1C(=O)O,186.3785645392755,332.2748506666667,0.53306,-0.66187,249.3280000000001,2.630237650859709,-7.630072368019999,-1.1649193939905,6.4651529740295,2.9911078826964665,0,1,2.791220000000001,2,2,ok,False,12.847428360838991,0.780853955482372,0.780853955482372,11.316982730907899,14.377873990770084,18.18,0.5,1.0,4.0256706590269025e-14,4.0695313951046994e-15,13.628282316321364,0.8838598012233794,2.714196543365607,0.32564325652238585,True,0.8993854965067879,3.660077514336201e-15
441772-78-7,O=C(O)C1=CC=C(C=C1C(=O)O)C(C)C,186.3985273361757,202.161897,0.53148,-0.66708,189.36000000000004,2.235814075454397,-8.6426080057305,-0.634569499366,8.0080385063645,2.686863405834848,0,1,2.2064000000000004,2,2,ok,False,12.820194124733668,0.780853955482372,0.780853955482372,11.289748494802575,14.35063975466476,18.18,0.5,1.0,3.086572188208855e-14,3.1066077139302114e-15,13.60104808021604,0.597818933269586,2.714196543365607,0.22025631663663156,True,0.9526451024834348,2.9594946240128753e-15
328265-20-9,O=C(O)C1=CC=C(C=C1C(=O)O)C(=O)C2=CC=C(C=C2)NC(=O)C(C=3C=CC=CC3)C=4C=CC=CC4,190.92327815976984,531.0394213333333,0.53366,-0.65861,420.8720000000001,10.323534233003734,-7.958241671723,-1.3113166455595,6.6469250261635,3.2317466745632744,0,1,5.084600000000004,3,4,ok,False,12.898174291060624,0.780853955482372,0.780853955482372,11.367728661129531,14.428619920991716,18.18,0.5,1.0,6.582746737490288e-14,6.709148353212085e-15,13.679028246542996,2.5034677540210297,2.714196543365607,0.9223605269634331,True,0.4270949429243948,2.865443332986413e-15
2612386-56-6,O=C(O)C1=CC(F)=C(Br)C=C1C(=O)O,186.59935921137745,172.11061166666664,0.5349,-0.65428,164.04000000000005,2.750452653655394,-8.8031551775255,-0.8615124506830001,7.941642726842501,2.9403803336566834,0,2,1.9846000000000004,2,2,ok,False,12.81232899442116,0.780853955482372,0.780853955482372,11.281883364490067,14.342774624352252,18.18,0.5,1.0,2.8580098217956264e-14,2.872946452467143e-15,13.593182949903532,0.837110536202254,2.714196543365607,0.3084192772437312,True,0.9092615880463761,2.612259853742477e-15
328265-70-9,O=C(O)C1=CC=C(C=C1C(=O)O)C(=O)C2=CC=C(C=C2)NC(=O)C,190.8172495932788,333.762337,0.53366,-0.65853,278.09600000000006,10.475618987916656,-7.9971539523445,-1.2939013591275002,6.703252593217,3.219470980706544,0,1,2.2724,3,4,ok,False,12.87848168011684,0.780853955482372,0.780853955482372,11.348036050185748,14.408927310047932,18.18,0.5,1.0,5.4418078547530566e-14,5.528674151323466e-15,13.659335635599213,2.5495826926506724,2.714196543365607,0.9393507993673836,True,0.41379693350448304,2.2877484101631503e-15
1170416-53-1,O=C(O)C1=CC=C(C=C1C(=O)O)C(=O)OCC,186.2571584886825,207.38344633333332,0.53412,-0.6571,200.83200000000005,3.845013602056565,-9.1628896878865,-1.1428781721,8.0200115157865,3.3107449713404526,0,1,1.2597,2,4,ok,False,12.788350387608526,0.780853955482372,0.780853955482372,11.257904757677434,14.318796017539619,18.18,0.5,1.0,2.2590716113791316e-14,2.262208816381916e-15,13.569204343090899,1.37814355501827,2.714196543365607,0.5077537801700132,True,0.7727390244724397,1.7480970339239141e-15
1781086-48-3,O=C(O)C1=CC=2N=C(OC2C=C1C(=O)O)C(C)C,186.88248344029572,230.91143433333332,0.5326,-0.66696,210.70400000000004,2.775764545129864,-8.4847819724405,-0.6615087705655,7.823273201875,2.6732619517731973,0,2,2.3476,2,4,ok,False,12.760757867061537,0.780853955482372,0.780853955482372,11.230312237130445,14.29120349699263,18.18,0.5,1.0,1.7214903581734756e-14,1.7163394454610575e-15,13.54161182254391,0.586234525845291,2.714196543365607,0.21598823684240623,True,0.9544205100321834,1.6381095689252975e-15
58848-24-1,O=C(O)C=1C=C2C(=CC1C(=O)O)C(C)(C)CCC2(C)C,186.89315860290924,286.355829,0.53022,-0.6727,261.0160000000001,2.877500071242397,-8.433896682397,-0.5232749345115,7.9106217478855,2.5355441687057296,0,2,3.432000000000002,2,2,ok,False,12.75705359995754,0.780853955482372,0.780853955482372,11.226607970026448,14.287499229888633,18.18,0.5,1.0,1.6596601806880678e-14,1.6537228874550983e-15,13.537907555439913,0.4737883945301551,2.714196543365607,0.17455935373886258,True,0.9699885923888495,1.6040923358037946e-15
1936714-69-0,O=C(O)C1=CC=C2OOC2=C1C(=O)O,187.0985349597829,156.47239950000002,0.53597,-0.6563,148.90400000000002,3.467650782590427,-8.726146957834,-0.948588882843,7.777558074991001,3.008672924213054,1,1,1.4222,2,4,ok,False,12.75534477377665,0.780853955482372,0.780853955482372,11.224899143845558,14.285790403707743,18.18,0.5,1.0,1.6318783581490295e-14,1.6256002081035754e-15,13.536198729259024,0.9612257707376303,2.714196543365607,0.3541474448809478,True,0.8821259676435259,1.4339841565748836e-15
2588311-92-4,O=C(O)C1=CC=C(C#CCSCC)C=C1C(=O)O,186.3794058522569,269.77925866666664,0.53313,-0.66165,230.38400000000004,2.5147185051213983,-7.8779680858255,-0.9934876681755,6.88448041765,2.857976289446053,0,1,2.1876,2,3,ok,False,12.743009436940241,0.780853955482372,0.780853955482372,11.212563807009149,14.273455066871334,18.18,0.5,1.0,1.444457135883226e-14,1.4360931391966346e-15,13.523863392422614,0.7386445451712831,2.714196543365607,0.2721411413542525,True,0.928615231559518,1.3335779629961178e-15
2609386-25-4,O=C(O)C1=CC=C(C#CC2=CC=C(C=C2C)C)C=C1C(=O)O,186.6260091758836,355.1069443333334,0.53328,-0.66197,266.24800000000005,2.8980047084157747,-7.441769583474,-1.1513137014655,6.290455882008501,2.9346474137550764,0,1,3.099640000000001,2,2,ok,False,12.728409723226314,0.780853955482372,0.780853955482372,11.197964093295221,14.258855353157406,18.18,0.5,1.0,1.2498493417753253e-14,1.239749503953317e-15,13.509263678708686,0.8329311961872286,2.714196543365607,0.30687946980965236,True,0.9101234685126619,1.1283251186248449e-15
2574511-79-6,O=C(O)C1=CC=C(C#CC(C)CC)C=C1C(=O)O,186.11038942074384,259.2666753333333,0.53289,-0.66225,228.29600000000005,2.3618919704338723,-8.1533473025315,-0.9504936797965,7.202853622735001,2.876634906542931,0,1,2.4806,2,2,ok,False,12.718903632385093,0.780853955482372,0.780853955482372,11.188458002454,14.249349262316185,18.18,0.5,1.0,1.1372520350580078e-14,1.1263723095576026e-15,13.499757587867466,0.7600399393751391,2.714196543365607,0.2800239139766528,True,0.9245821323046527,1.0414237117396846e-15
61415-66-5,O=C(O)C=1C=C(C(=O)O)C(=CC1C(=O)O)C(=O)C2=CC=C(OC)C=C2,190.1983584284452,328.5565363333333,0.53593,-0.65187,282.75200000000007,5.281860900288836,-8.00558948171,-1.3036974577455,6.701892023964501,3.232774528865485,0,2,2.0208000000000004,3,5,ok,False,12.7248482185079,0.780853955482372,0.780853955482372,11.194402588576807,14.255293848438992,18.18,0.5,1.0,1.2064348622257747e-14,1.1960136456261706e-15,13.505702173990272,1.6232372548123446,2.714196543365607,0.5980544256384354,True,0.6993044393429363,8.363776519011105e-16
2541028-64-0,O=C(O)C1=CC=C(C#CC=CC)C=C1C(=O)O,186.59454607236836,263.9608836666667,0.53304,-0.66204,205.77600000000004,2.9378825725341717,-7.6292560264685,-1.1072312576845,6.522024768784,2.9257099126441117,0,1,2.0106,2,2,ok,False,12.675177802537961,0.780853955482372,0.780853955482372,11.144732172606869,14.205623432469054,18.18,0.5,1.0,7.352681786460794e-15,7.232495918037393e-16,13.456031758020334,0.8252555180281714,2.714196543365607,0.3040514954767622,True,0.9116972452931523,6.593846605068659e-16
2607882-00-6,O=C(O)C1=CC=C(C#CCBr)C=C1C(=O)O,186.0822004734932,231.6381516666667,0.53356,-0.66043,198.15200000000004,2.670167509726684,-8.371854724483,-1.0163452316175,7.355509492865501,2.995655790438971,0,1,1.8294,2,2,ok,False,12.673647314282384,0.780853955482372,0.780853955482372,11.143201684351292,14.204092944213476,18.18,0.5,1.0,7.240886445183748e-15,7.120821643508345e-16,13.454501269764757,0.8979063852299431,2.714196543365607,0.3308184838068278,True,0.8963351637851279,6.382642834118736e-16
1784934-69-5,O=C(O)C1=CC=2N=C(SC2C=C1C(=O)O)CC,186.90434968222564,240.089582,0.53246,-0.66572,203.22400000000005,3.031248958762708,-8.429542860789,-0.8084502498355001,7.6210926109535,2.799484308499582,0,2,2.2551000000000005,2,4,ok,False,12.665330640320345,0.780853955482372,0.780853955482372,11.134885010389253,14.195776270251438,18.18,0.5,1.0,6.662005629292457e-15,6.543021414342761e-16,13.446184595802718,0.7042342150228097,2.714196543365607,0.2594632347993334,True,0.9348948927228745,6.117037303245447e-16
144876-16-4,O=CC1=CC=C(C(=O)O)C(=C1)C(=O)O,185.5693513800023,172.39611866666667,0.53445,-0.65519,158.84800000000004,5.014299239175899,-9.1852030236275,-1.3684605541645,7.816742469463001,3.5622196633806045,0,1,0.8955,2,3,ok,False,12.697900059714964,0.780853955482372,0.780853955482372,11.167454429783872,14.228345689646057,18.18,0.5,1.0,9.226586620787703e-15,9.10816957911302e-16,13.478754015197337,1.7217324425247553,2.714196543365607,0.6343433185534181,True,0.6687189272388142,6.090805390053661e-16
143092-15-3,O=C(O)C=1C=C2C(=CC1C(=O)O)CCOC2,185.6629968689596,202.305916,0.53113,-0.66982,187.35200000000003,1.9020111172125151,-8.5800218201155,-0.5902149417345001,7.989806878381,2.6312664232200205,0,2,1.1557,2,3,ok,False,12.652540465253772,0.780853955482372,0.780853955482372,11.12209483532268,14.182986095184864,18.18,0.5,1.0,5.859477669881572e-15,5.743341652786155e-16,13.433394420736144,0.6265024088799626,2.714196543365607,0.23082426009691207,True,0.9481146558515477,5.445346394569205e-16
62073-60-3,O=C(O)C1=CC=C(C=C1C(=O)O)S(=O)(=O)NCCCOCC,189.5691914291308,280.6697566666667,0.53587,-0.65225,278.41600000000005,11.636041291607729,-8.69675866198,-1.0824688972890002,7.614289764691001,3.1399281683315112,0,1,0.7879,3,5,ok,False,12.756867086220055,0.780853955482372,0.780853955482372,11.226421456288962,14.287312716151147,18.18,0.5,1.0,1.656605398842103e-14,1.650630242877056e-15,13.537721041702428,2.9397958784951967,2.714196543365607,1.0831182751599286,False,0.3093923092957735,5.106923026371758e-16
5680-10-4,O=C(O)C=1C=C(C(=CC1C(=O)O)C)C,186.6203740777804,186.930024,0.53042,-0.67232,172.17600000000004,2.7613085412535847,-8.454305221184502,-0.593752421791,7.860552799393502,2.6037401312578186,0,2,1.69984,2,2,ok,False,12.641258018212893,0.780853955482372,0.780853955482372,11.1108123882818,14.171703648143986,18.18,0.5,1.0,5.23105169401311e-15,5.118359559900433e-16,13.422111973695266,0.5301128684029142,2.714196543365607,0.1953111574394585,True,0.9625719636174942,4.926789412073734e-16
1785571-16-5,O=C(O)C1=CC=2C=NC=CC2C=C1C(=O)O,185.9229818746144,219.59147,0.53327,-0.6617,178.74400000000006,2.332482940987994,-8.154163644082999,-0.950221565946,7.203942078136999,2.876544159903588,0,2,1.6312,2,3,ok,False,12.641643110371458,0.780853955482372,0.780853955482372,11.111197480440365,14.17208874030255,18.18,0.5,1.0,5.251364477069782e-15,5.138543016392335e-16,13.42249706585383,0.7632586137018144,2.714196543365607,0.28120978031877264,True,0.9239669831071162,4.747844088422166e-16
2477563-07-6,O=C(O)C1=CC=C(C#CCC(C)(C)C)C=C1C(=O)O,186.00899032915785,277.2085466666667,0.53269,-0.66242,244.66400000000004,2.3694468827133472,-8.134571446847,-0.9347110764675,7.1998603703795,2.8560236329750643,0,1,2.870700000000001,2,2,ok,False,12.639934144071985,0.780853955482372,0.780853955482372,11.109488514140892,14.170379774003077,18.18,0.5,1.0,5.1618082283840804e-15,5.04956636910734e-16,13.420788099554358,0.7392684644013979,2.714196543365607,0.272371013885643,True,0.9284990055624397,4.688517352237705e-16
1344899-66-6,O=C(O)C1=CC=C2C(=O)COC2=C1C(=O)O,181.93624199475255,193.85918,0.5345,-0.65134,173.93600000000004,2.599661799157729,-8.477434898477,-1.5175789442385,6.9598559542385,3.588447173796604,1,1,0.6581,2,4,ok,False,12.652821754434417,0.780853955482372,0.780853955482372,11.122376124503324,14.183267384365509,18.18,0.5,1.0,5.876058878950663e-15,5.75984703927861e-16,13.43367570991679,1.2946370351343337,2.714196543365607,0.4769872094557243,True,0.7965090416386916,4.587770245241261e-16
114202-92-5,O=C(O)C1=CC(C=2C=CC=CC2)=C(C=C1C(=O)O)C=3C=CC=CC3,185.5280394253484,360.70674966666667,0.53172,-0.6661,281.4800000000001,1.8454311935154883,-7.863546051749,-0.8536211490185001,7.0099249027305,2.710050573314185,0,2,4.4170000000000025,2,2,ok,False,12.636014920397361,0.780853955482372,0.780853955482372,11.105569290466269,14.166460550328454,18.18,0.5,1.0,4.9620630083108305e-15,4.85120312530782e-16,13.416868875879734,0.6819273503811925,2.714196543365607,0.25124464624643644,True,0.9388271718354317,4.554441310131948e-16
1807074-79-8,O=C(O)C1=CC=C(C=C1C(=O)O)CCCCl,187.30206927628296,214.607797,0.53213,-0.66584,205.20800000000008,3.4069847211280537,-8.684785652558,-0.665046250622,8.019739401936,2.7251308376871672,0,1,2.2544000000000004,2,2,ok,False,12.633803759295407,0.780853955482372,0.780853955482372,11.103358129364315,14.1642493892265,18.18,0.5,1.0,4.8527469712939184e-15,4.7426969107939815e-16,13.41465771477778,0.642837319746204,2.714196543365607,0.2368425828695091,True,0.9454498726427957,4.48398219029355e-16
757177-68-7,O=C(O)C1=CC=C(OCOC)C=C1C(=O)O,188.9958186857043,195.773319,0.53279,-0.66147,189.92000000000004,5.037812232507282,-8.36477976437,-0.5951129910435,7.769666773326501,2.5831120088738517,0,1,1.0657,2,4,ok,False,12.630966346733706,0.780853955482372,0.780853955482372,11.100520716802613,14.161411976664798,18.18,0.5,1.0,4.715936185454211e-15,4.606954505652076e-16,13.411820302216078,0.7509072775623233,2.714196543365607,0.27665913855715013,True,0.9263156025201578,4.267493838686058e-16
2564589-38-2,O=C(O)C1=CC=C(C#CC=CC(C)C)C=C1C(=O)O,186.52322007169852,298.55833466666667,0.53317,-0.66191,238.8880000000001,2.948411641884491,-7.6265348879635,-1.1083197130865,6.5182151748770005,2.9263257983395783,0,1,2.6467,2,2,ok,False,12.630779237496604,0.780853955482372,0.780853955482372,11.100333607565512,14.161224867427697,18.18,0.5,1.0,4.707049002606597e-15,4.598138870375614e-16,13.411633192978977,0.8274040869920576,2.714196543365607,0.30484309952221644,True,0.9112579099877378,4.1900904168518597e-16
1784982-04-2,O=C(O)C1=CC=2N=C(Cl)OC2C=C1C(=O)O,185.3889593701066,193.30896100000004,0.53347,-0.66213,175.85600000000005,1.8987074366526295,-8.688595246464999,-0.7877695971975001,7.900825649267499,2.841522349582801,0,2,1.8776,2,4,ok,False,12.627130522050386,0.780853955482372,0.780853955482372,11.096684892119294,14.157576151981479,18.18,0.5,1.0,4.537002657363195e-15,4.429513021763927e-16,13.407984477532759,0.7632385974181297,2.714196543365607,0.2812024056561921,True,0.9239708153606176,4.092740758369689e-16
603109-82-6,O=C(O)C1=CC=C(C=C1C(=O)O)C(=O)OCCO,188.93389062181032,212.88989966666665,0.53389,-0.65696,209.52800000000005,4.477457955134811,-9.165882940242,-1.1513137014655,8.014569238776499,3.3203452167040703,0,1,0.2320999999999999,3,5,ok,False,12.636986783406202,0.780853955482372,0.780853955482372,11.10654115347511,14.167432413337295,18.18,0.5,1.0,5.01087352170485e-15,4.89966438502855e-16,13.417840738888575,1.4924491333117706,2.714196543365607,0.5498677451932541,True,0.7390759884999195,3.6212242986828257e-16
2167961-00-2,O=C(O)C1=CC=C(OCCBr)C=C1C(=O)O,188.726703994942,215.227751,0.53261,-0.66197,201.49600000000004,4.968414562010703,-8.210219097286,-0.517560543651,7.692658553635,2.4755465529131,0,1,1.8567,2,3,ok,False,12.610722245006816,0.780853955482372,0.780853955482372,11.080276615075723,14.141167874937908,18.18,0.5,1.0,3.844084647515347e-15,3.7434616864265847e-16,13.391576200489189,0.6857141294846067,2.714196543365607,0.2526398212247078,True,0.9381674016996292,3.511993723716941e-16
91345-30-1,O=C(O)C1=CC=C(C=C1C(=O)O)CCC(=O)O,190.6687039545585,207.0428643333333,0.53206,-0.66602,200.61600000000004,2.738194704545314,-8.730772893292501,-0.6669510475755001,8.063821845717001,2.738069396823052,0,1,1.1001999999999998,3,3,ok,False,12.625625038270222,0.780853955482372,0.780853955482372,11.09517940833913,14.156070668201314,18.18,0.5,1.0,4.4686155201704125e-15,4.3617252436683153e-16,13.406478993752595,1.3409895905684162,2.714196543365607,0.49406502776898664,True,0.7834090922605638,3.4170152138321813e-16
37951-15-8,O=C(O)C1=CC=C(OC=2C=CC=CC2)C=C1C(=O)O,186.8044728682783,254.87760866666667,0.53329,-0.66074,219.08800000000005,3.109274682301324,-8.300560895652,-0.539329651691,7.761231243960999,2.517115597792798,0,1,2.8753,2,3,ok,False,12.594710693498213,0.780853955482372,0.780853955482372,11.06426506356712,14.125156323429305,18.18,0.5,1.0,3.268699839111375e-15,3.175252792977871e-16,13.375564648980586,0.4578302261375674,2.714196543365607,0.1686798353850445,True,0.9719480845882736,3.086180870218408e-16
1780790-28-4,O=C(O)C1=CC=2N=C(Cl)SC2C=C1C(=O)O,185.53831537424352,218.8153146666667,0.53364,-0.66118,185.12800000000004,2.503644613358693,-8.669003049229,-1.0027395390925,7.666263510136499,3.050462737520952,0,2,2.3461,2,4,ok,False,12.602467650183543,0.780853955482372,0.780853955482372,11.07202202025245,14.132913280114636,18.18,0.5,1.0,3.5359992133454254e-15,3.4390379064916077e-16,13.383321605665916,0.9461471491129784,2.714196543365607,0.34859198071918357,True,0.885576557208321,3.0455313493397497e-16
869705-60-2,O=C(O)C=1C=C(C(=O)O)C(=CC1C(=O)O)C(=O)C2=CC=C(C(=C2)C)C,189.56202272115257,337.895536,0.5364,-0.65183,290.9200000000001,5.273434862591933,-8.2491313779075,-1.300159977689,6.9489714002185,3.280664149488468,0,2,2.6290400000000007,3,4,ok,False,12.59354166724401,0.780853955482372,0.780853955482372,11.063096037312917,14.123987297175102,18.18,0.5,1.0,3.2301797109717386e-15,3.1372664267564766e-16,13.374395622726382,1.5863553389764296,2.714196543365607,0.5844659049669804,True,0.7106321207884422,2.2294422943243327e-16
5840-66-4,O=C(O)C1=CC=C(OCC=2C=CC=CC2)C=C1C(=O)O,187.41931679128277,274.0281346666667,0.5326,-0.66221,235.46400000000008,3.788552426719208,-8.167225108907001,-0.561098759731,7.606126349176001,2.504022220327996,0,1,2.662,2,3,ok,False,12.561772371283197,0.780853955482372,0.780853955482372,11.031326741352105,14.09221800121429,18.18,0.5,1.0,2.3385602731696674e-15,2.2601839970215764e-16,13.34262632676557,0.5023460478450568,2.714196543365607,0.1850809400936555,True,0.9663251044048085,2.184072536895952e-16
865354-11-6,O=C(O)C1=CC=C(C#CC2=CC=C(C=C2)C)C=C1C(=O)O,186.39259394654852,335.70225566666664,0.53325,-0.66189,249.34400000000005,3.0059839387461804,-7.519866258567499,-1.1469598798575,6.372906378709999,2.9466098687962883,0,1,2.791220000000001,2,2,ok,False,12.551312069195099,0.780853955482372,0.780853955482372,11.020866439264006,14.081757699126191,18.18,0.5,1.0,2.1018701020259103e-15,2.0281594829681415e-16,13.332166024677472,0.8543320072296019,2.714196543365607,0.3147642381749662,True,0.9056733981407219,1.8368500909110863e-16
1780976-68-2,O=C(O)C1=CC=2N=C(OC2C=C1C(=O)O)CC,186.4924522062984,213.80247066666664,0.53247,-0.66662,194.32000000000005,2.799753065897062,-8.491040591002,-0.645454053386,7.845586537615999,2.659951999340763,0,2,1.7866,2,4,ok,False,12.538465237740702,0.780853955482372,0.780853955482372,11.00801960780961,14.068910867671795,18.18,0.5,1.0,1.8432531621798202e-15,1.7751056027530052e-16,13.319319193223075,0.5671925290492654,2.714196543365607,0.20897253385561607,True,0.9572702639704527,1.6992558089227987e-16
67389-70-2,O=C(O)C1=CC=C(C=C1C(=O)O)N(CC=C)CC=C,188.98919231704767,284.42766,0.53103,-0.66518,239.71200000000005,6.406173819839733,-7.13482516011,-0.373340202886,6.761484957224,2.084325687135641,0,1,2.2614,2,3,ok,False,12.549034445858755,0.780853955482372,0.780853955482372,11.018588815927663,14.079480075789848,18.18,0.5,1.0,2.053548895318968e-15,1.9808391865920264e-16,13.329888401341128,1.2218245563086483,2.714196543365607,0.45016067804492316,True,0.8165683688267174,1.6174906235034925e-16
191088-42-3,O=C(O)C1=CC=C(C=C1C(=O)O)CC(=O)O,190.4223231091779,189.654648,0.53224,-0.66428,184.21600000000004,2.9583884599558594,-8.821386805509,-0.7480409750245001,8.0733458304845,2.8356876433147526,0,1,0.7100999999999998,3,3,ok,False,12.552391667639462,0.780853955482372,0.780853955482372,11.02194603770837,14.082837297570554,18.18,0.5,1.0,2.125163821759648e-15,2.050976751820373e-16,13.333245623121835,1.3440502383434374,2.714196543365607,0.49519267188986005,True,0.7825356626823702,1.6049624516318905e-16
36468-98-1,O=C(O)C1=CC=C(SC)C=C1C(=O)O,186.4737737765544,202.297985,0.53271,-0.66226,174.02400000000003,2.9788028232832064,-7.6112965123355005,-0.6859990171105,6.925297495225,2.485276378034061,0,1,1.8049,2,3,ok,False,12.51775070011392,0.780853955482372,0.780853955482372,10.987305070182828,14.048196330045013,18.18,0.5,1.0,1.4907307848488727e-15,1.4310667865739096e-16,13.298604655596293,0.454546647103572,2.714196543365607,0.16747005599673104,True,0.9723434243844937,1.3914883797801888e-16
1780981-73-8,O=C(O)C1=CC=2N=CSC2C=C1C(=O)O,185.70397124521415,201.85145266666663,0.53285,-0.6642,170.08800000000005,2.336636920875813,-8.5027414865735,-0.855525945972,7.6472155406015,2.8630410923448766,0,2,1.6927,2,4,ok,False,12.51197669733427,0.780853955482372,0.780853955482372,10.981531067403177,14.042422327265362,18.18,0.5,1.0,1.4049133733144425e-15,1.3474936055156384e-16,13.292830652816642,0.7543743974424268,2.714196543365607,0.2779365404787531,True,0.9256595944246119,1.2473203843713637e-16
2508554-65-0,O=C(O)C1=CC=C(C#CC2=CC=C(C=C2)CC)C=C1C(=O)O,186.35200671268603,353.087681,0.53337,-0.66179,266.1360000000001,3.08152268367442,-7.5274854463815,-1.154851181522,6.3726342648595,2.957292313789198,0,1,3.045200000000001,2,2,ok,False,12.497193920769975,0.780853955482372,0.780853955482372,10.966748290838883,14.027639550701068,18.18,0.5,1.0,1.2067514084805228e-15,1.1548206717750743e-16,13.278047876252348,0.8716042225667927,2.714196543365607,0.32112789499245414,True,0.9020159059877029,1.0416666145045213e-16
1417569-13-1,O=C(O)C=1C(Br)=CC=C(Br)C1C(=O)O,166.19564089907357,197.57430966666664,0.53631,-0.63408,178.52800000000005,0.7295052432984975,-8.51716352065,-0.7066796697485,7.8104838509015,2.7232398410003995,2,0,2.6080000000000005,2,2,ok,False,12.589882071643677,0.780853955482372,0.780853955482372,11.059436441712585,14.12032770157477,18.18,0.5,1.0,3.1124596980491306e-15,3.0212220687760084e-16,13.37073602712605,2.943100620600063,2.714196543365607,1.0843358517252457,False,0.3085768866380789,9.322792998251567e-17
2558879-84-6,O=C(O)C1=CC=C(C#CC(O)CCCC)C=C1C(=O)O,189.6180896803569,279.47765066666665,0.53286,-0.66186,254.0720000000001,2.4549611544788243,-8.257566907273,-0.9722627878365,7.285304119436501,2.9233424852315686,0,1,1.9856,3,3,ok,False,12.498132530938403,0.780853955482372,0.780853955482372,10.96768690100731,14.028578160869495,18.18,0.5,1.0,1.218470334172061e-15,1.1662022734823605e-16,13.278986486420775,1.3404204703339828,2.714196543365607,0.4938553450045514,True,0.7835713921655688,9.138027389792246e-17
194853-58-2,O=C(O)C1=CC=C(C=C1C(=O)O)S(=O)(=O)C2=CC=C3C=C(Br)C=CC3=C2,189.70961061049508,393.685896,0.53605,-0.65174,308.51200000000006,7.578245293601943,-7.916608252596501,-1.2514515984495,6.665156654147001,3.15271364927576,0,1,3.831500000000002,2,4,ok,False,12.5199047336688,0.780853955482372,0.780853955482372,10.989459103737708,14.050350363599893,18.18,0.5,1.0,1.5240504019046105e-15,1.4635351839599005e-16,13.300758689151174,1.9496534908753091,2.714196543365607,0.7183169898439766,True,0.5969157499568823,8.736072019217078e-17
66753-48-8,O=C(O)C1=CC=C(N=C=S)C=C1C(=O)O,185.84986203389343,218.16867566666667,0.53384,-0.65815,174.08000000000004,2.867452510504751,-8.154163644082999,-1.0936255651595,7.060538078923499,3.028154664085504,0,1,1.8173,2,4,ok,False,12.478110009899167,0.780853955482372,0.780853955482372,10.947664379968074,14.00855563983026,18.18,0.5,1.0,9.91167272451107e-16,9.45760308207277e-17,13.25896396538154,0.9505090875908225,2.714196543365607,0.350199063481302,True,0.8845825996333295,8.36603112064012e-17
387360-86-3,O=C(O)C1=CC=C(N=NC2=CC=C(C=C2)N(C)C)C=C1C(=O)O,188.3401534740088,413.0011293333334,0.53262,-0.66285,274.7440000000001,8.075163890596896,-6.7712810558420005,-1.5921381392755,5.179142916566501,3.3763685304725533,0,1,3.5644000000000027,2,5,ok,False,12.509840368516288,0.780853955482372,0.780853955482372,10.979394738585196,14.04028599844738,18.18,0.5,1.0,1.3744105181996976e-15,1.3178070306406021e-16,13.290694323998661,2.125864784030325,2.714196543365607,0.7832390728028303,True,0.541472258244781,7.13555948811816e-17
1427081-79-5,O=C(O)C1=CC(Cl)=CC(F)=C1C(=O)O,183.8208687130384,161.15374866666664,0.53795,-0.64468,159.26400000000004,1.6643690756559977,-8.8798912833665,-0.9575686399095,7.922322643457001,3.053890320346517,1,1,1.8755,2,2,ok,False,12.453581782465706,0.780853955482372,0.780853955482372,10.923136152534614,13.984027412396799,18.18,0.5,1.0,7.689839282680958e-16,7.310274306633295e-17,13.234435737948079,0.9040026476026201,2.714196543365607,0.33306454899601917,True,0.8949996123839612,6.54269267085723e-17
2543598-83-8,O=C(O)C1=CC=C(C#CCCC(=O)O)C=C1C(=O)O,189.2288910361764,246.353259,0.5329,-0.66205,222.87200000000004,2.043187911084049,-8.2513082887115,-0.973623357089,7.277684931622501,2.923297884878321,0,1,1.2993,3,3,ok,False,12.448333535040039,0.780853955482372,0.780853955482372,10.917887905108946,13.978779164971131,18.18,0.5,1.0,7.282438455974309e-16,6.917478743871559e-17,13.229187490522412,1.2838455655004313,2.714196543365607,0.47301127423457007,True,0.7995232507215929,5.53068509209771e-17
27873-89-8,O=C(O)C1=C(C(=O)O)C(C=2C=CC=CC2)=C(C=3C=CC=CC3)C(C=4C=CC=CC4)=C1C=5C=CC=CC5,144.9303107992971,555.2476996666666,0.53229,-0.65012,423.7280000000001,1.8190050687120145,-7.909533292483499,-0.5194653406045,7.390067951878999,2.4034967749699345,2,2,7.751000000000006,2,2,ok,False,13.051136840753578,0.780853955482372,0.780853955482372,11.520691210822486,14.58158247068467,18.18,0.5,1.0,2.826520153575285e-13,2.953885289302828e-14,13.831990796235951,6.805464659495323,2.714196543365607,2.5073588263643347,False,0.0018606148448240968,5.4960428191843636e-17
1779992-55-0,O=C(O)C1=CC=2C=NN(C2C=C1C(=O)O)C,185.6814509059499,209.567225,0.53128,-0.66781,181.04000000000005,2.5299353292129823,-7.8872199567425,-0.5442277010000001,7.3429922557425,2.4203113366236004,0,2,0.9697,2,4,ok,False,12.42582714142238,0.780853955482372,0.780853955482372,10.895381511491287,13.956272771353472,18.18,0.5,1.0,5.76339986510289e-16,5.4559640908669065e-17,13.206681096904752,0.5014533024917112,2.714196543365607,0.18475202310511693,True,0.9664426595385384,5.272876446324177e-17
103204-95-1,O=C(O)C1=CC(OC)=C(C=C1C(=O)O)C,186.587160154526,194.452231,0.53143,-0.66615,180.90400000000005,3.400348983560364,-8.019467288085501,-0.5232749345115,7.496192353574001,2.433850454989566,0,2,1.40002,2,3,ok,False,12.398853219531055,0.780853955482372,0.780853955482372,10.868407589599963,13.929298849462148,18.18,0.5,1.0,4.3495556152825657e-16,4.1008341111318206e-17,13.179707175013428,0.464190322687155,2.714196543365607,0.17102310583284377,True,0.9711747063462592,3.982626363653169e-17
2639456-65-6,O=C(O)C=1C=C2C(=CC1C(=O)O)C(NC(=O)OCC=3C=CC=CC3)CC2,190.97714547654107,344.4146303333334,0.5323,-0.66585,307.4800000000001,3.2962079318513875,-8.522061569959,-0.6106234805220001,7.911438089436999,2.635612365552068,0,2,2.996700000000001,3,4,ok,False,12.407363583572176,0.780853955482372,0.780853955482372,10.876917953641083,13.937809213503268,18.18,0.5,1.0,4.754066490503434e-16,4.4879585019231766e-17,13.188217539054548,1.2998445898687934,2.714196543365607,0.4789058452845071,True,0.7950495743113127,3.5681494964808585e-17
1010100-33-0,O=C(O)C1=CC=CC(=C1C(=O)O)CN(C(=O)OC(C)(C)C)C,147.3345463536651,282.69850033333336,0.53427,-0.65796,278.8960000000001,3.944005919113205,-8.427910177686,-0.5684458336945,7.8594643439915,2.574425493302728,1,0,2.4499000000000004,2,4,ok,False,12.899957499910764,0.780853955482372,0.780853955482372,11.369511869979672,14.430403129841856,18.18,0.5,1.0,6.696982019056746e-14,6.827548132457389e-15,13.680811455393137,6.254546682742712,2.714196543365607,2.304382377182997,False,0.004941046439921085,3.3735232393268435e-17
1380302-84-0,O=C(O)C1=CC=C(C=C1C(=O)O)C(=O)OCC=2C=CC=CC2,186.6566212833638,288.50232033333333,0.5345,-0.65656,255.31200000000007,4.186928489955375,-8.571042063049,-1.126007113369,7.445034949679999,3.15756619563991,0,1,2.4400000000000004,2,4,ok,False,12.398604060349042,0.780853955482372,0.780853955482372,10.86815843041795,13.929049690280134,18.18,0.5,1.0,4.3382385377563607e-16,4.0900108987436595e-17,13.179458015831415,1.2292987623099267,2.714196543365607,0.4529144233547637,True,0.8145402177915274,3.3314783682323815e-17
2528487-94-5,O=C(O)C=1C=CC=C(C#CCOC(C)C)C1C(=O)O,152.3476806155187,257.356816,0.53638,-0.65179,237.11200000000005,2.225726326393252,-8.250219833309501,-0.73470739635,7.515512436959501,2.685409611102204,1,0,1.8595,2,3,ok,False,12.746229670554271,0.780853955482372,0.780853955482372,11.215784040623179,14.276675300485364,18.18,0.5,1.0,1.4912367423961807e-14,1.4833573046706957e-15,13.527083626036644,5.305093862761046,2.714196543365607,1.9545724777111104,False,0.021920049238437784,3.251526515657801e-17
886845-79-0,O=C(O)C1=CC=C(C=C1C(=O)O)C(=O)C2=CC(OC)=CC=C2OC,190.14509384715925,320.8456356666666,0.53445,-0.65685,281.21600000000007,8.175813095955656,-7.365577705333999,-1.2884590821175002,6.077118623216499,3.080915371326289,0,1,2.3312,2,5,ok,False,12.425571633527488,0.780853955482372,0.780853955482372,10.895126003596395,13.95601726345858,18.18,0.5,1.0,5.748086566608405e-16,5.4412577210836685e-17,13.20642558900986,2.1101471224388035,2.714196543365607,0.7774481651289035,True,0.5463881548666384,2.973038766376755e-17
90772-02-4,O=C(O)C1=CC=2OCCOC2C=C1C(=O)O,187.17801134841503,194.38232166666668,0.53092,-0.67134,179.01600000000005,4.046500071666872,-7.9329350836265,-0.5401459932425,7.392789090384,2.427808437974335,0,2,0.8542000000000001,2,4,ok,False,12.371022557388656,0.780853955482372,0.780853955482372,10.840576927457564,13.901468187319749,18.18,0.5,1.0,3.24932510287352e-16,3.050746111703635e-17,13.151876512871029,0.5666716343679642,2.714196543365607,0.20878061898394826,True,0.95734701431683,2.920622681478153e-17
217196-44-6,O=C(O)C1=CC=C(C(Br)=C1C(=O)O)N(=O)=O,175.62117975705465,198.026695,0.54,-0.63747,182.44800000000004,5.491690181537921,-9.071731547969,-1.943437120271,7.128294427698,4.255363678523011,1,1,1.7537000000000005,2,4,ok,False,12.423422111164488,0.780853955482372,0.780853955482372,10.892976481233395,13.95386774109558,18.18,0.5,1.0,5.620836648244649e-16,5.319073974271957e-17,13.20427606664686,2.194141377154282,2.714196543365607,0.8083944335267423,True,0.5202209987184673,2.7670939751531644e-17
119401-50-2,O=C(O)C1=CC=C(C=C1C(=O)O)S(=O)(=O)C=2C=CC=C(C(=O)O)C2C(=O)O,188.76111672774772,333.542912,0.53606,-0.65065,300.1840000000001,7.267784882617261,-9.2711910003855,-1.189681754386,8.081509245999502,3.3851925259409468,0,1,1.3122,4,6,ok,False,12.385401565225118,0.780853955482372,0.780853955482372,10.854955935294026,13.91584719515621,18.18,0.5,1.0,3.7783052134371004e-16,3.5550562492864214e-17,13.166255520707491,1.4106975609281103,2.714196543365607,0.5197477553260913,True,0.7632743619554309,2.7134832903897605e-17
329203-92-1,O=C(O)C1=CC(OC2=CC=C(OC)C=C2)=C(OC3=CC=C(OC)C=C3)C=C1C(=O)O,187.1946774790042,406.133943,0.53291,-0.66126,350.1840000000001,4.124093110006126,-7.408571693713,-0.6555222658545,6.7530494278585005,2.407416533946316,0,2,4.684800000000004,2,6,ok,False,12.364335949049307,0.780853955482372,0.780853955482372,10.833890319118215,13.8947815789804,18.18,0.5,1.0,3.028884571795903e-16,2.840931488719499e-17,13.14518990453168,0.5913497352600192,2.714196543365607,0.2178728495935467,True,0.9536404373890284,2.7092271474947262e-17
1784874-74-3,O=C(O)C1=CC=2N=COC2C=C1C(=O)O,184.93403223785265,176.962029,0.53272,-0.66428,160.88800000000003,1.860306141472419,-8.7013845974385,-0.6873595863630001,8.0140250110755,2.749820384483576,0,2,1.2242,2,4,ok,False,12.365785580164687,0.780853955482372,0.780853955482372,10.835339950233594,13.89623121009578,18.18,0.5,1.0,3.0753881457654443e-16,2.885175363632312e-17,13.14663953564706,0.743326903184524,2.714196543365607,0.27386627729722096,True,0.9277409463182111,2.67669532215023e-17
937648-30-1,O=C(O)C=1C=C2C=C(F)C(F)=CC2=CC1C(=O)O,184.9216780610448,226.096589,0.53203,-0.66789,193.23200000000008,1.8254001999561629,-8.0548420886505,-0.8057291113305001,7.249112977319999,2.707563057561761,0,2,2.5144,2,2,ok,False,12.364373344453686,0.780853955482372,0.780853955482372,10.833927714522593,13.894818974384778,18.18,0.5,1.0,3.030075448484994e-16,2.842064375004088e-17,13.145227299936058,0.724404927986918,2.714196543365607,0.2668947942467921,True,0.9312450439866703,2.6466583639136308e-17
81452-61-1,O=C(O)C1=CC=2SC=CC2C=C1C(=O)O,185.61771954872685,214.66586533333336,0.53184,-0.66947,174.26400000000004,2.3446467388500127,-7.8942949168554994,-0.7507621135295001,7.143532803325999,2.615547975919277,0,2,2.2977,2,3,ok,False,12.358142449822747,0.780853955482372,0.780853955482372,10.827696819891655,13.88858807975384,18.18,0.5,1.0,2.837881687255065e-16,2.6593156964905913e-17,13.13899640530512,0.5504083653842761,2.714196543365607,0.2027886914562823,True,0.9597108350511344,2.5521740877435746e-17
1803862-46-5,O=C(O)C1=CC=C(C=C1C(=O)O)CC(=O)CCl,188.8370857613521,215.20382333333336,0.5322,-0.66511,207.6080000000001,5.561278459131497,-8.690772157269,-0.7845042309915,7.906267926277501,2.838914120767672,0,1,1.4334,2,3,ok,False,12.364015451911644,0.780853955482372,0.780853955482372,10.833569821980552,13.894461081842737,18.18,0.5,1.0,3.018697064848724e-16,2.831240334730783e-17,13.144869407394017,1.1043177430390618,2.714196543365607,0.4068672719145484,True,0.8474351371818039,2.3992925414572373e-17
2533173-76-9,O=C(O)C1=CC=C(C#CCC(C)C)C=C1C(=O)O,185.6644155000753,258.846287,0.53314,-0.66195,228.12800000000004,2.5526410519303337,-8.139469496156,-0.945867744338,7.193601751818,2.8686378403087995,0,1,2.4806,2,2,ok,False,12.353614670785593,0.780853955482372,0.780853955482372,10.8231690408545,13.884060300716685,18.18,0.5,1.0,2.705807396773216e-16,2.5338361023012012e-17,13.134468626267966,0.7604016361470354,2.714196543365607,0.28015717506004056,True,0.9245131145113437,2.3425647065997672e-17
449763-63-7,O=C(O)C1=C(OC(C)C)C=2C=CC=CC2C(OC(C)C)=C1C(=O)O,142.0568271786997,345.404485,0.53167,-0.65255,300.28800000000007,4.752796044435318,-7.538914228102501,-0.655250152004,6.8836640760985,2.4385388779118773,2,2,3.810600000000002,2,4,ok,False,13.067259455552437,0.780853955482372,0.780853955482372,11.536813825621344,14.597705085483529,18.18,0.5,1.0,3.288525070872597e-13,3.445915674318822e-14,13.84811341103481,7.331320766155224,2.714196543365607,2.7011016516380857,False,0.0006782801651227774,2.3372962525761372e-17
2227312-00-5,O=C(O)C1=CC=C(F)C(=C1C(=O)O)N(=O)=O,173.22590865016772,172.441777,0.5382,-0.63537,167.80000000000004,5.294087084663417,-9.368335645014,-1.9241170368855,7.4442186081285,4.282500766222058,1,1,1.1303,2,4,ok,False,12.404993508709602,0.780853955482372,0.780853955482372,10.87454787877851,13.935439138640694,18.18,0.5,1.0,4.637830461794023e-16,4.376666606033331e-17,13.185847464191975,2.299602223576027,2.714196543365607,0.8472497060675339,True,0.48780864817007846,2.1349758205802448e-17
143092-20-0,O=C(O)C1=CC=C2N=CC=NC2=C1C(=O)O,181.8119956120845,210.700114,0.53805,-0.65392,173.68800000000005,3.5955867421048264,-8.722881591628001,-1.5785324467505,7.144349144877501,3.713393936877689,1,1,1.0262,2,4,ok,False,12.367260265428929,0.780853955482372,0.780853955482372,10.836814635497836,13.897705895360021,18.18,0.5,1.0,3.1234172237043295e-16,2.930880897046108e-17,13.148114220911301,1.598224996304031,2.714196543365607,0.5888390802834897,True,0.70699515750242,2.072118601427947e-17
61776-90-7,O=C(O)C1=CC=C(N=NC2=CC=C(C=C2)N(CC)CC)C=C1C(=O)O,188.54486931657632,458.063815,0.53286,-0.66389,307.76000000000005,9.054487944660371,-6.662979743343,-1.5608450464680002,5.102134696875,3.31387243730224,0,1,4.344600000000003,2,5,ok,False,12.392668584894789,0.780853955482372,0.780853955482372,10.862222954963697,13.923114214825882,18.18,0.5,1.0,4.0770577963526414e-16,3.8403459996181283e-17,13.173522540377162,2.3428321231451736,2.714196543365607,0.8631770344236231,True,0.47469888952063777,1.8230079813937492e-17
2733442-60-7,N#CC1=CC=C(SC2=CC=C(C(=O)O)C(=C2)C(=O)O)C=C1,189.06245213001395,308.2012036666667,0.53376,-0.65925,247.16000000000005,5.761225130126404,-7.769394659476,-0.9445071750855,6.8248874843905005,2.781440915914068,0,1,3.105880000000001,2,4,ok,False,12.336846024957309,0.780853955482372,0.780853955482372,10.806400395026216,13.867291654888401,18.18,0.5,1.0,2.267349976346496e-16,2.1179373883025413e-17,13.117699980439681,1.1164111202909024,2.714196543365607,0.41132287306893084,True,0.8443514121717532,1.7882834247046057e-17
1806542-23-3,O=C(O)C1=CC=C(C=C1C(=O)O)C(=O)CC,186.2530154978598,203.482896,0.53387,-0.65809,191.91200000000003,5.198422393380515,-9.1052015515805,-1.2242402133995,7.8809613381810015,3.3846558369470414,0,1,1.6757,2,3,ok,False,12.33196488028949,0.780853955482372,0.780853955482372,10.801519250358398,13.862410510220583,18.18,0.5,1.0,2.1534373184537604e-16,2.0100684134515207e-17,13.112818835771863,1.6322051417319152,2.714196543365607,0.6013584925238976,True,0.6965386214606079,1.4000902817470332e-17
99865-99-3,O=C(O)C1=CC(OCC)=C(C=C1C(=O)O)C,186.7155886267944,211.32374566666667,0.53146,-0.66653,197.68800000000005,3.7381121732767735,-7.9998750908495,-0.5129346081924999,7.486940482656999,2.419811174536872,0,2,1.79012,2,3,ok,False,12.297330136435038,0.780853955482372,0.780853955482372,10.766884506503946,13.82777576636613,18.18,0.5,1.0,1.4921302561460701e-16,1.385637742387892e-17,13.07818409191741,0.5284698684934341,2.714196543365607,0.19470582179657883,True,0.9627992451956542,1.3340909724856728e-17
344309-11-1,O=C(O)C1=CC(Br)=CC(F)=C1C(=O)O,183.63818122920912,171.13244233333333,0.53826,-0.64418,163.84000000000003,1.7479114680097505,-8.7732226539705,-0.9793377479495,7.793884906021,3.0508672998115776,1,1,1.9846000000000004,2,2,ok,False,12.30205857485668,0.780853955482372,0.780853955482372,10.771612944925588,13.832504204787773,18.18,0.5,1.0,1.568945989880775e-16,1.4579933193231385e-17,13.082912530339053,0.887568517458079,2.714196543365607,0.3270096705515264,True,0.8985837873461342,1.3101291588027474e-17
22895-22-3,O=C(O)C1=CC=C(OCC)C=C1C(=O)O,186.83991934522783,192.49594833333333,0.53285,-0.66198,180.58400000000003,3.8600037422261657,-8.142734862362,-0.479464604581,7.663270257780999,2.425280629123961,0,1,1.4817,2,3,ok,False,12.290841270473036,0.780853955482372,0.780853955482372,10.760395640541944,13.821286900404129,18.18,0.5,1.0,1.3927179362950777e-16,1.292077305837831e-17,13.07169522595541,0.5399586180334255,2.714196543365607,0.1989386580545402,True,0.9611963334627653,1.2419399689217713e-17
76284-58-7,O=C(O)C=1C(Cl)=CC=C(C1C(=O)O)C(F)(F)F,159.12618032578263,176.5372106666667,0.53764,-0.6348,185.40800000000004,1.7020578368551404,-9.1177187887035,-0.7472246334729999,8.3704941552305,2.9065520779897,2,0,2.7552000000000003,2,2,ok,False,12.491109566880109,0.780853955482372,0.780853955482372,10.960663936949016,14.021555196811201,18.18,0.5,1.0,1.1334324871165985e-15,1.0836510821973176e-16,13.271963522362482,4.024321026838534,2.714196543365607,1.4826932989341923,False,0.11098286946717043,1.2026670660346287e-17
937635-61-5,O=C(O)C=1C=C2C=C(Cl)C(Cl)=CC2=CC1C(=O)O,184.7847841786423,264.577085,0.53245,-0.66639,213.3520000000001,1.988708774556999,-8.0151134664775,-0.948588882843,7.0665245836345,2.842555730765206,0,2,3.543000000000001,2,2,ok,False,12.278670994088271,0.780853955482372,0.780853955482372,10.748225364157179,13.809116624019364,18.18,0.5,1.0,1.2235517998712982e-16,1.1330926189257375e-17,13.059524949570644,0.8029614056773525,2.714196543365607,0.29583760529061737,True,0.9162006494260692,1.0381401933196462e-17
1008458-96-5,O=C(O)C1=C(C(=O)O)C(=CC=C1N(=O)=O)C,160.3330614660954,194.061186,0.53543,-0.64461,178.78400000000005,6.5772762242435885,-9.132412936630502,-1.8503741834000005,7.282038753230501,4.141066019128125,2,0,1.29962,2,4,ok,False,12.493440801607381,0.780853955482372,0.780853955482372,10.962995171676289,14.023886431538473,18.18,0.5,1.0,1.1609912906899367e-15,1.11039401754999e-16,13.274294757089754,4.210846118140917,2.714196543365607,1.5514153271006168,False,0.09009509844151273,1.0004105832003316e-17
16110-99-9,O=C(O)C=1C(Cl)=CC=C(Cl)C1C(=O)O,169.08616068195494,177.21918466666668,0.53628,-0.63631,169.79200000000003,0.7527087218838374,-8.655941584405,-0.7164757683665,7.939465816038499,2.7659986537470336,2,0,2.3898,2,2,ok,False,12.337770600517418,0.780853955482372,0.780853955482372,10.807324970586325,13.86821623044851,18.18,0.5,1.0,2.2895864366046e-16,2.1390033837041465e-17,13.11862455599979,2.4884767464629034,2.714196543365607,0.916837342728758,True,0.43145558170729664,9.228849491899484e-18
134960-68-2,O=C(O)C1=CC=C2C(=C1C(=O)O)C(C=3C=CC=CC3)(C)CC2(C)C,151.09044255564095,349.0946303333333,0.53348,-0.65403,299.4240000000001,3.37222685773066,-8.1223263235745,-0.5238191622125,7.598507161362,2.459556534391529,1,1,4.070300000000003,2,2,ok,False,12.653369980333531,0.780853955482372,0.780853955482372,11.122924350402439,14.183815610264624,18.18,0.5,1.0,5.9085080514494426e-15,5.792149982953332e-16,13.434223935815904,5.55705866389817,2.714196543365607,2.047404664736405,False,0.01511805035704977,8.756601511787343e-18
84029-87-8,O=C(O)C=1C=C(C(=CC1C(=O)O)C(C)C)C,186.03439854865996,221.2753943333333,0.53072,-0.67171,205.3040000000001,2.8839448642441137,-8.433896682397,-0.580146729266,7.853749953131,2.586438934020065,0,2,2.514820000000001,2,2,ok,False,12.258060295702009,0.780853955482372,0.780853955482372,10.727614665770917,13.788505925633102,18.18,0.5,1.0,9.820637378276648e-17,9.066944484846441e-18,13.038914251184382,0.5270750063178634,2.714196543365607,0.19419190832226532,True,0.9629916892747613,8.731392186022754e-18
165730-64-3,O=C(O)C=1C=C(F)C=C(F)C1C(=O)O,183.36066662462775,143.99890660000003,0.53777,-0.64651,148.90400000000002,1.6192773758686312,-8.977035927995,-0.904506439062,8.072529488933,3.0239864619202788,1,1,1.3612000000000002,2,2,ok,False,12.248767059472584,0.780853955482372,0.780853955482372,10.718321429541492,13.779212689403677,18.18,0.5,1.0,8.891796226849297e-17,8.198153626683441e-18,13.029621014954957,0.8632158965409829,2.714196543365607,0.3180373575564996,True,0.9037994768838177,7.409486959209667e-18
81116-57-6,O=C(O)C1=CC(=CC(SC=2C=CC=CC2)=C1C(=O)O)N(=O)=O,178.18137996725767,307.63236966666665,0.53915,-0.63972,252.4480000000001,6.037713164766938,-7.9797386659125,-2.0033021673810003,5.9764364985315,4.168918397430208,1,1,3.142400000000002,2,5,ok,False,12.291121876107008,0.780853955482372,0.780853955482372,10.760676246175915,13.8215675060381,18.18,0.5,1.0,1.396878604365301e-16,1.295991185505546e-17,13.07197583158938,2.1557195130641147,2.714196543365607,0.7942385448590321,True,0.532157986756202,6.8967206013241486e-18
2920146-85-4,O=C(O)C1=CC=C(O[Si](C)(C)C)C=C1C(=O)O,187.146938943348,238.511525,0.53252,-0.66253,226.97600000000008,4.212466701352071,-8.154979985634501,-0.51157403894,7.643405946694501,2.456665234866614,0,1,2.2967,2,3,ok,False,12.226273099498957,0.780853955482372,0.780853955482372,10.695827469567865,13.75671872943005,18.18,0.5,1.0,6.987065154319997e-17,6.420738948331148e-18,13.00712705498133,0.6141313652524744,2.714196543365607,0.22626635744327886,True,0.9500919928368116,6.100292662904874e-18
47297-31-4,O=C(O)C1=CC=C(C=C1C(=O)O)C(=O)OCC(CC)CCCC,182.77395168825785,306.621052,0.53467,-0.65682,301.26400000000007,2.06556508491018,-9.1460186291555,-1.0979793867674998,8.048039242388,3.259784532284938,0,1,3.4562000000000026,2,4,ok,False,12.227881799019057,0.780853955482372,0.780853955482372,10.697436169087965,13.75832742895015,18.18,0.5,1.0,7.108763131047861e-17,6.534115931738188e-18,13.00873575450143,0.9664103086677953,2.714196543365607,0.3560576005558703,True,0.8809300849689341,5.756099302942987e-18
23241-56-7,O=C(O)C1=C(O)C=C2C(=O)C3=C(O)C(O)=C(C(O)=C3C(=O)C2=C1C(=O)O)C4=CC(=CC=C4O)CC(N)C(=O)O,170.19669509855646,526.605009,0.53506,-0.64584,423.3520000000001,15.229122812558836,-7.654562614565,-1.9975877765205,5.6569748380445,4.117218559360646,2,1,1.0078000000000005,9,11,ok,False,13.14065366696682,0.780853955482372,0.780853955482372,11.610208037035727,14.671099296897912,18.18,0.5,1.0,6.516414439745736e-13,6.912557606428216e-14,13.921507622449193,8.34497167369228,2.714196543365607,3.0745642551532044,False,7.84581372339796e-05,5.423463933229346e-18
62073-62-5,O=C(O)C1=CC=C(C=C1C(=O)O)S(=O)(=O)NCCCOC,188.54686949918863,264.197916,0.53608,-0.65253,261.66400000000004,10.499951574174045,-8.928055434905,-1.0680468632125,7.8600085716925,3.178179140742136,0,1,0.3978000000000001,3,5,ok,False,12.285652702471435,0.780853955482372,0.780853955482372,10.755207072540342,13.816098332402527,18.18,0.5,1.0,1.317949239529027e-16,1.221772483935996e-17,13.066506657953807,2.483091301547426,2.714196543365607,0.9148531662590617,True,0.43302651563846195,5.29059881621753e-18
2107-46-2,O=C(O)C1=CC=C2OCOC2=C1C(=O)O,185.21931474473055,175.04140500000003,0.53338,-0.65478,163.16000000000005,2.367627998651815,-7.868171987207501,-0.63674641017,7.231425577037501,2.5006700330200737,1,1,0.8116999999999999,2,4,ok,False,12.199341871920678,0.780853955482372,0.780853955482372,10.668896241989586,13.72978750185177,18.18,0.5,1.0,5.2297369704764264e-17,4.7869215704871545e-18,12.980195827403051,0.5319346655687816,2.714196543365607,0.19598236791989349,True,0.962319186609787,4.6065464720760424e-18
140436-03-9,O=C(O)C=1C=C(C(=O)O)C(=CC1C(=O)O)[Si](C)(C)C,186.42242459501,262.71204400000005,0.53379,-0.65787,246.4000000000001,1.4297946181182808,-8.9838387742575,-1.169001101748,7.8148376725094995,3.29757833327798,0,2,1.3263999999999996,3,3,ok,False,12.203425494973601,0.780853955482372,0.780853955482372,10.672979865042509,13.733871124904693,18.18,0.5,1.0,5.4649996712820063e-17,5.005253199009178e-18,12.984279450455974,1.228073244864612,2.714196543365607,0.4524629020939654,True,0.8148732675500002,4.078647029191701e-18
2516206-98-5,O=C(O)C1=CC=C(C#CCCCCCCO)C=C1C(=O)O,188.96080593442468,295.64132433333333,0.53295,-0.66281,270.83200000000005,1.9496920808168656,-8.153619416382,-0.945323516637,7.208295899745,2.871370836110696,0,1,2.3773,3,3,ok,False,12.204460612807857,0.780853955482372,0.780853955482372,10.674014982876765,13.73490624273895,18.18,0.5,1.0,5.5262733210472714e-17,5.062138931396087e-18,12.98531456829023,1.2664181487726107,2.714196543365607,0.46659043607882966,True,0.80436137850051,4.071789049018855e-18
63196-15-6,O=C(O)C1=CC=C(OC2=CC=C(C=C2)C)C=C1C(=O)O,186.6732607705051,273.1227463333333,0.53315,-0.66083,235.36800000000005,3.758531022886468,-8.177021207525,-0.5363363993354999,7.6406848081895,2.484155631693437,0,1,3.183720000000001,2,3,ok,False,12.183647931371542,0.780853955482372,0.780853955482372,10.65320230144045,13.714093561302635,18.18,0.5,1.0,4.414964598588908e-17,4.031883461515534e-18,12.964501886853915,0.5266552137273057,2.714196543365607,0.19403724281302512,True,0.9630495144817631,3.882903410059585e-18
18019-70-0,O=C(O)C1=CC=CC(=C1C(=O)O)[Si](C)(C)C,155.22293078616067,233.73041366666664,0.53379,-0.65827,218.6080000000001,2.3299833733312347,-8.7563515952395,-0.558377621226,8.1979739740135,2.6459031417734145,1,0,1.6282,2,2,ok,False,12.467322423834268,0.780853955482372,0.780853955482372,10.936876793903176,13.99776805376536,18.18,0.5,1.0,8.8658348969875065e-16,8.445815478722936e-17,13.248176379316641,4.768976450702261,2.714196543365607,1.7570490472988092,False,0.04562856402044882,3.853704322758071e-18
2543218-41-1,O=C(O)C1=CC=C(C#CCCCCCO)C=C1C(=O)O,188.92167462460537,279.50980866666663,0.53249,-0.66281,254.41600000000005,1.909609687868178,-8.166136653505,-0.942058150431,7.224078503073999,2.8709271553162745,0,1,1.9872,3,3,ok,False,12.19807841657469,0.780853955482372,0.780853955482372,10.667632786643598,13.728524046505783,18.18,0.5,1.0,5.158991715638906e-17,4.721294096864526e-18,12.978932372057063,1.261136028817682,2.714196543365607,0.4646443279504998,True,0.8058204310990905,3.8045152444809634e-18
1391133-39-3,O=C(O)C1=CC=C(C=C1C(=O)O)C(N)CC,188.39836680518937,214.55528666666663,0.53164,-0.6672,201.50400000000005,0.49211882711394,-8.320969434439501,-0.635657954768,7.685311479671501,2.6095615773445178,0,1,1.4928,3,3,ok,False,12.194425371391604,0.780853955482372,0.780853955482372,10.663979741460512,13.724871001322697,18.18,0.5,1.0,4.9597108202993357e-17,4.536497274196415e-18,12.975279326873977,1.3740310496362147,2.714196543365607,0.5062385968307271,True,0.7739271611043039,3.510918456776245e-18
1498132-06-1,O=C(O)C1=CC=C(C=C1C(=O)O)C(Cl)C(=O)O,187.6932316599504,206.02285433333336,0.53322,-0.66085,199.40800000000004,1.808841731606168,-9.047785529125,-0.9972972620825,8.050488267042502,3.1334648575073927,0,1,1.4475,3,3,ok,False,12.187500438788032,0.780853955482372,0.780853955482372,10.65705480885694,13.717946068719124,18.18,0.5,1.0,4.602552594160647e-17,4.2055590093207014e-18,12.968354394270404,1.2021654644688695,2.714196543365607,0.4429176167832647,True,0.8218675607162556,3.456412524438677e-18
115897-04-6,O=C(O)C1=CC(Cl)=C(Cl)C(=C1C(=O)O)N(=O)=O,172.70189017442837,204.01588266666667,0.54069,-0.63303,193.26400000000004,5.1180438851186105,-9.177311721963,-1.912960369015,7.264351352948001,4.232798259476133,1,2,2.298000000000001,2,4,ok,False,12.228546846645322,0.780853955482372,0.780853955482372,10.69810121671423,13.758992476576415,18.18,0.5,1.0,7.159682352269216e-17,6.5815617121525e-18,13.009400802127695,2.3019352066484786,2.714196543365607,0.8481092543851213,True,0.48709831015364025,3.205867588161382e-18
1804039-12-0,O=C(O)C1=CC=CC(=C1C(=O)O)C(Br)C(=O)C,154.44842259981974,227.95677666666663,0.53322,-0.64999,211.45600000000005,2.9835267771548493,-8.822747374761502,-0.759197642895,8.063549731866502,2.846564893081517,1,0,2.108,2,3,ok,False,12.454315445436885,0.780853955482372,0.780853955482372,10.923869815505793,13.984761075367977,18.18,0.5,1.0,7.748550484321055e-16,7.366906912259226e-17,13.235169400919258,4.851566209038343,2.714196543365607,1.7874778526622082,False,0.04096336805369906,3.0177331926421436e-18
67389-67-7,O=C(O)C1=CC=CC(=C1C(=O)O)N(CC=C)CC=C,157.36684895481733,263.4715336666667,0.53425,-0.65383,240.4000000000001,1.6802697997643117,-7.7043594492065,-0.5657246951895,7.138634754017,2.39521610616455,1,0,2.2614,2,3,ok,False,12.407548330225847,0.780853955482372,0.780853955482372,10.877102700294754,13.93799396015694,18.18,0.5,1.0,4.763246697556874e-16,4.4967499580542615e-17,13.18840228570822,4.500306137501374,2.714196543365607,1.6580619957318894,False,0.06398097012140178,2.877064247096844e-18
1301739-50-3,O=C(O)C1=CC(Cl)=C(C=C1C(=O)O)C(F)(F)F,185.8486621613127,179.24709366666664,0.53607,-0.64854,186.26400000000004,4.477490518136247,-9.078262280381,-1.148864676811,7.929397603570001,3.297669351056144,0,2,2.7552000000000003,2,2,ok,False,12.172339381291549,0.780853955482372,0.780853955482372,10.641893751360456,13.702785011222641,18.18,0.5,1.0,3.9067917982813243e-17,3.561925822449125e-18,12.953193336773921,1.4435447169787001,2.714196543365607,0.5318497367138723,True,0.7536221661718132,2.6843462540574265e-18
39995-21-6,O=C(O)C1=CC=C(C=C1C(=O)O)C(=O)C=2C=CC=C(N)C2,190.8728850050313,291.2964193333333,0.53388,-0.65821,241.9360000000001,7.792449040577679,-7.365033477633,-1.2987994084365,6.066234069196501,3.0934348815723185,0,1,1.8962,3,4,ok,False,12.18469114073539,0.780853955482372,0.780853955482372,10.654245510804298,13.715136770666483,18.18,0.5,1.0,4.4650034005852634e-17,4.078201306892242e-18,12.965545096217763,1.8064200521599219,2.714196543365607,0.6655450418929348,True,0.6421391830324908,2.6187728554498206e-18
2535605-72-0,O=C(O)C1=CC=C(C#CC(N)C)C=C1C(=O)O,187.52911544908528,237.88177666666664,0.53297,-0.66209,207.20800000000008,0.4461177423057729,-8.153619416382,-0.97416758479,7.179451831592,2.901213682225151,0,1,0.7817000000000001,3,3,ok,False,12.163547663745575,0.780853955482372,0.780853955482372,10.633102033814483,13.693993293676668,18.18,0.5,1.0,3.551981563181887e-17,3.2342927272691223e-18,12.944401619227948,1.2770500850205575,2.714196543365607,0.4705075939110194,True,0.8014141727658393,2.592008030506954e-18
405898-35-3,O=C(O)C1=CC(=CC(=C1)C(=O)O)NC(=O)C2=CC=C(C(=O)O)C(=C2)C(=O)O,189.72016315751384,340.52753566666667,0.53408,-0.65816,297.1120000000001,8.530281736261704,-8.235253571532,-1.10478223303,7.130471338502001,3.058573013240212,0,1,1.7317,5,5,ok,False,12.191852405932385,0.780853955482372,0.780853955482372,10.661406776001293,13.722298035863478,18.18,0.5,1.0,4.823926018657901e-17,4.410640445369213e-18,12.972706361414758,2.238371487418615,2.714196543365607,0.8246902726664856,True,0.5065592181043566,2.2342505753456793e-18
1868072-45-0,O=C(O)C=1C=C(C=C(C1)C2=CC=C(C(=O)O)C(=C2)C(=O)O)C(=O)O,191.65594556914337,310.79424866666665,0.53262,-0.66348,266.03200000000004,3.2486314426231857,-8.3509019579945,-0.9923992127735,7.358502745221,2.9658641095286047,0,1,2.1464,4,4,ok,False,12.124883535026544,0.780853955482372,0.780853955482372,10.594437905095452,13.655329164957637,18.18,0.5,1.0,2.333346200737058e-17,2.1127626409587886e-18,12.905737490508917,1.3072846826513658,2.714196543365607,0.4816470221534993,True,0.7929589263583255,1.6753339954246615e-18
1824411-98-4,O=C(O)C=1C=C2C(=CC1C(=O)O)CN(C(=O)OC(C)(C)C)C2,186.2852334665183,280.2550306666667,0.53197,-0.66659,269.12800000000004,3.379533797730095,-8.2703562582465,-0.613888846728,7.656467411518499,2.5772267693100943,0,2,2.3337000000000003,2,4,ok,False,12.105700356074367,0.780853955482372,0.780853955482372,10.575254726143275,13.63614598600546,18.18,0.5,1.0,1.892544647564477e-17,1.7088868642797603e-18,12.88655431155674,0.5340017526060427,2.714196543365607,0.19674395132191858,True,0.9620314059017864,1.644002832570153e-18
3807-81-6,O=C(O)C=1C=C(C=C(C(=O)O)C1C(=O)O)N(=O)=O,172.89518666727852,200.54880766666668,0.53994,-0.64257,189.99200000000005,8.13108588320158,-9.635551446205,-2.0688816053515,7.566669840853502,4.526223422578845,1,1,0.6894,3,5,ok,False,12.226992257845168,0.780853955482372,0.780853955482372,10.696546627914076,13.75743788777626,18.18,0.5,1.0,7.041213411134092e-17,6.471181469390569e-18,13.007846213327541,3.214930932710576,2.714196543365607,1.1844871516651694,False,0.24585586916457974,1.5909779446787405e-18
85218-62-8,O=C(O)C1=CC=C(OC2=CC=C(C=C2)C(=O)C3=CC=C(C(=O)O)C(=C3)C(=O)O)C=C1,188.8951475862556,412.81429900000006,0.5338,-0.65859,337.95200000000006,5.080088173447386,-8.0461344454345,-1.3102281901575,6.735906255277,3.249062503657947,0,1,3.8045000000000018,3,5,ok,False,12.1227300899436,0.780853955482372,0.780853955482372,10.592284460012507,13.653175719874692,18.18,0.5,1.0,2.2792092759717273e-17,2.063100465913761e-18,12.903584045425973,1.5141562556906512,2.714196543365607,0.5578653688111678,True,0.7325572605705128,1.5113392255915334e-18
1810726-43-2,O=C(O)C=1C=C(C=C(C1)C=2C=C(C(=O)O)C(=CC2C=3C=C(C=C(C3)C(=O)O)C(=O)O)C(=O)O)C(=O)O,191.30592287422417,466.2962196666667,0.5329,-0.66215,393.4080000000001,2.369335463795703,-8.293758049389501,-1.0734891402225,7.220268909167001,3.0381596937439093,0,2,3.2098000000000004,6,6,ok,False,12.185387574755062,0.780853955482372,0.780853955482372,10.65494194482397,13.715833204686154,18.18,0.5,1.0,4.498719582776825e-17,4.109414369872689e-18,12.966241530237435,2.7430465124662406,2.714196543365607,1.0106292851824428,False,0.3601007044495305,1.4798030094661788e-18
328265-76-5,O=C(O)C1=CC=C(C=C1C(=O)O)C(=O)C2=CC=C(C=C2)NC(=O)C=CC=3C=CC=CC3,186.73813277659036,480.4549083333333,0.53437,-0.65778,359.6720000000001,10.949694192533414,-7.724767987994,-1.3902296622045,6.3345383257895005,3.2789754315982123,0,1,3.965900000000002,3,4,ok,False,12.179344672620484,0.780853955482372,0.780853955482372,10.648899042689392,13.709790302551577,18.18,0.5,1.0,4.2143339981466997e-17,3.846245934587761e-18,12.960198628102857,2.670179359942918,2.714196543365607,0.9837826101686404,True,0.3799072161620293,1.461216585683759e-18
223387-87-9,O=C(O)C1=CC=C(OC(C)C)C=C1C(=O)O,187.0311012155784,210.23592466666665,0.5326,-0.66245,197.94400000000005,4.3475302253118375,-8.090489003065999,-0.52245859296,7.568030410105999,2.450534097776273,0,1,1.8702,2,3,ok,False,12.09398999670695,0.780853955482372,0.780853955482372,10.563544366775858,13.624435626638043,18.18,0.5,1.0,1.6649797422501204e-17,1.5008679895517234e-18,12.874843952189323,0.6482428370285814,2.714196543365607,0.23883415466470218,True,0.9445546301433779,1.4176518087650632e-18
346712-17-2,O=C(O)C1=CC=2N=C(SC2C=C1C(=O)O)C,185.74865198851012,223.0035806666667,0.53243,-0.66561,186.52000000000004,2.935262313661251,-8.4385226178555,-0.8144367545465,7.624085863309001,2.8074597624666078,0,2,2.00112,2,4,ok,False,12.0916876255084,0.780853955482372,0.780853955482372,10.561241995577307,13.622133255439492,18.18,0.5,1.0,1.623524323679197e-17,1.4630131826707764e-18,12.872541580990772,0.7180241387821739,2.714196543365607,0.26454389993873584,True,0.9324092278459822,1.3641269919825515e-18
835-58-5,O=C(O)C1=CC=C(C=C1C(=O)O)C(F)(F)F,185.63109772257909,162.104823,0.53542,-0.65513,171.12800000000004,3.5849786066307283,-9.2728236834885,-0.9341668487665,8.338656834722,3.123484326988033,0,1,2.1018,2,2,ok,False,12.090501012610796,0.780853955482372,0.780853955482372,10.560055382679703,13.620946642541888,18.18,0.5,1.0,1.6025580638560096e-17,1.4438728936672397e-18,12.871354968093168,1.1181825057650556,2.714196543365607,0.41197551021066,True,0.843897851268676,1.2184812324708692e-18
3807-79-2,O=C(O)C1=CC=C(C(C(=O)O)=C1C(=O)O)N(=O)=O,158.09042625594466,198.779455,0.53885,-0.6372,190.39200000000005,4.463858364688558,-9.5498355832975,-2.071330630006,7.478504953291499,4.51465583698607,2,0,0.6893999999999998,3,5,ok,False,12.336550649520822,0.780853955482372,0.780853955482372,10.80610501958973,13.866996279451914,18.18,0.5,1.0,2.2602910229113947e-16,2.1112506239586646e-17,13.117404605003195,4.6296314264878085,2.714196543365607,1.7057097201763656,False,0.05450593688892007,1.1507569326618408e-18
681179-19-1,O=C(O)C=1C=CC(=CC1)C2=C(C(=O)O)C(C(=O)O)=C(C3=CC=C(C=C3)C(=O)O)C(C(=O)O)=C2C(=O)O,146.50080077441706,461.1122613333334,0.5359,-0.63696,392.7040000000001,4.453869010197763,-8.567232469142,-1.087366946598,7.479865522544,3.115406607159989,2,2,3.2098000000000004,6,6,ok,False,12.800873345082566,0.780853955482372,0.780853955482372,11.270427715151474,14.331318975013659,18.18,0.5,1.0,2.55458383488189e-14,2.5632421503809463e-15,13.581727300564939,7.555416801134224,2.714196543365607,2.7836660611782733,False,0.0004312611477249747,1.1054267516703191e-18
868946-72-9,O=C(O)C1=CC=2OCCCOC2C=C1C(=O)O,186.4800961992601,210.62599466666663,0.53103,-0.66989,195.92800000000005,3.7866073548758656,-7.996881838494,-0.5744323384055,7.4224495000885,2.474500726419304,0,2,1.2443000000000002,2,4,ok,False,12.067281835747668,0.780853955482372,0.780853955482372,10.536836205816575,13.59772746567876,18.18,0.5,1.0,1.2420952951441784e-17,1.1153717262042933e-18,12.84813579123004,0.5516986997184437,2.714196543365607,0.2032640934080391,True,0.9595255919961337,1.0702277158819242e-18
1344446-34-9,O=C(O)C1=CC=C(C=C1C(=O)O)CC(N)C,189.32136268467133,214.95737466666665,0.53169,-0.66682,201.67200000000005,1.944509858550478,-8.3030099203065,-0.654705924303,7.6483039960035,2.622825700792509,0,1,0.9727,3,3,ok,False,12.076209377388809,0.780853955482372,0.780853955482372,10.545763747457716,13.606655007319901,18.18,0.5,1.0,1.3700833655422348e-17,1.2318812802241493e-18,12.857063332871181,1.342051582499345,2.714196543365607,0.4944563008083414,True,0.7831061425165379,9.646937973946678e-19
1344895-99-3,O=C(O)C1=CC=2OCC(=O)C2C=C1C(=O)O,185.7225425619979,193.5522213333333,0.53523,-0.6524,173.53600000000003,4.3274417904808375,-8.507367422031999,-1.23539688127,7.271970540761999,3.263264604058382,0,2,0.6581,2,4,ok,False,12.077089305315624,0.780853955482372,0.780853955482372,10.546643675384532,13.607534935246717,18.18,0.5,1.0,1.3833815373179245e-17,1.2439954406176098e-18,12.857943260797997,1.3776629906372435,2.714196543365607,0.5075767243181807,True,0.7728779524142854,9.61456648957245e-19
2376596-98-2,O=C(O)C=1C=C(C=C(C1)C=2C(C(=O)O)=C(C(=O)O)C(C=3C=C(C=C(C3)C(=O)O)C(=O)O)=C(C(=O)O)C2C(=O)O)C(=O)O,147.19620047511637,504.4498563333333,0.53605,-0.63557,448.5840000000001,4.543072604526588,-8.9598927554135,-1.3417933968155,7.618099358598,3.48265139976323,2,2,2.6062,8,8,ok,False,13.060055203327758,0.780853955482372,0.780853955482372,11.529609573396666,14.59050083325885,18.18,0.5,1.0,3.0735779565434905e-13,3.216830326545125e-14,13.840909158810131,8.765370326346657,2.714196543365607,3.2294530577647804,False,2.9551766014133233e-05,9.506301711722935e-19
325780-76-5,O=C(O)C1=C(OCC)C=2C=CC=CC2C(OCC)=C1C(=O)O,151.67176444977432,309.36734466666667,0.53191,-0.65501,267.09600000000006,5.250387681876453,-7.6689846486415005,-0.689536497167,6.9794481514745,2.502521482667938,2,2,3.0336000000000007,2,4,ok,False,12.429973658980394,0.780853955482372,0.780853955482372,10.899528029049302,13.960419288911487,18.18,0.5,1.0,6.017604374618109e-16,5.700177449717889e-17,13.210827614462767,5.496800387901254,2.714196543365607,2.025203517901918,False,0.01654867420342505,9.433037951709163e-19
1344425-17-7,O=C(O)C1=CC=C(C=C1C(=O)O)C(N)CC,188.45094855432183,214.477695,0.53151,-0.66681,201.48000000000005,0.8787238815464161,-8.3285886222535,-0.6639577952200001,7.6646308270335,2.6376316386041,0,1,1.4928,3,3,ok,False,12.067390398011144,0.780853955482372,0.780853955482372,10.536944768080051,13.597836027942236,18.18,0.5,1.0,1.2435784541429701e-17,1.116720977889363e-18,12.848244353493516,1.3205101951129872,2.714196543365607,0.4865197394568755,True,0.7892268711015561,8.81346203273092e-19
213611-99-5,O=C(O)C1=CC=C(C=C1C(=O)O)C(=O)C,185.73104376777007,187.583573,0.53414,-0.65743,175.32000000000005,5.357903211145196,-9.1166303333015,-1.241383385981,7.875246947320501,3.405875680042917,0,1,1.2856,2,3,ok,False,12.058997745504886,0.780853955482372,0.780853955482372,10.528552115573794,13.589443375435978,18.18,0.5,1.0,1.1339203110470472e-17,1.0170232131910336e-18,12.839851700987259,1.6796355956339863,2.714196543365607,0.6188334443721737,True,0.6818436961927696,6.934508667960215e-19
1583-67-1,O=C(O)C=1C=CC=C(F)C1C(=O)O,184.02536886364527,145.66907923333335,0.53604,-0.64923,144.00000000000003,1.953368887332856,-8.899211366752,-0.792395532656,8.106815834096,2.8965516861012635,1,0,1.2221,2,2,ok,False,12.020512989540034,0.780853955482372,0.780853955482372,10.490067359608942,13.550958619471126,18.18,0.5,1.0,7.415004291517257e-18,6.61406490387193e-19,12.801366945022407,0.8697534499870112,2.714196543365607,0.32044600900880815,True,0.902410606464651,5.968602321099632e-19
167490-20-2,O=C(O)C=1C=C2C(=CC1C(=O)O)CCCC2,185.56039216844192,215.67358033333332,0.53034,-0.67309,194.65600000000003,2.9095221652360714,-8.405596841945,-0.530622008475,7.87497483347,2.5351194458171453,0,2,1.9618,2,2,ok,False,12.011072520939356,0.780853955482372,0.780853955482372,10.480626891008264,13.541518150870449,18.18,0.5,1.0,6.678836468131775e-18,5.949400062988066e-19,12.791926476421729,0.52687657334332,2.714196543365607,0.19411879903508847,True,0.9630190281485029,5.729385466725409e-19
444149-79-5,O=C(O)C1=CC=C(OC2=CC=CC(=C2)NC(=O)COC3=CC=C(C=C3C)C)C=C1C(=O)O,190.42025820358535,445.2919816666667,0.53303,-0.66054,380.3040000000001,3.4381799981967203,-7.4779607255905,-0.5564728242725,6.921487901318,2.331584024544493,0,1,4.509640000000003,3,5,ok,False,12.019756986114656,0.780853955482372,0.780853955482372,10.489311356183563,13.550202616045748,18.18,0.5,1.0,7.353213622849855e-18,6.558241108672695e-19,12.800610941597029,1.2616938533615103,2.714196543365607,0.4648498490079898,True,0.805666509419895,5.283755221958393e-19
101439-04-7,O=C(O)C=1C=C2C(=O)OC(=CC=3C=CC=CC3)C2=CC1C(=O)O,185.3529968077709,357.9635016666667,0.53583,-0.65375,255.49600000000007,7.53375929798663,-7.5835408995845,-1.6492820478805,5.9342588517040005,3.5912243512413724,0,2,2.751500000000001,2,4,ok,False,12.052483057678174,0.780853955482372,0.780853955482372,10.522037427747081,13.582928687609266,18.18,0.5,1.0,1.0554278299035635e-17,9.45738772220226e-19,12.833337013160547,2.1271584576535467,2.714196543365607,0.783715705059394,True,0.5410680046081802,5.117089903657878e-19
2519098-50-9,O=C(O)C1=CC=C(C#COCC)C=C1C(=O)O,187.3472249989905,233.93234966666668,0.53274,-0.66253,203.7680000000001,4.593318510619528,-7.779462871944499,-0.8721248908525001,6.907337981091999,2.709074430057988,0,1,1.4285,2,3,ok,False,12.000690196673851,0.780853955482372,0.780853955482372,10.470244566742759,13.531135826604944,18.18,0.5,1.0,5.9523344976828016e-18,5.294409671186717e-19,12.781544152156224,0.804213563445891,2.714196543365607,0.2962989417297928,True,0.9159504012598978,4.849416662757757e-19
7717-74-0,O=C(O)C1=CC=C(OC2=CC=C(C(=O)O)C(=C2)C(=O)O)C=C1,189.6605479692716,285.83664666666664,0.53274,-0.66014,247.00800000000007,2.646561678858061,-8.1430069762125,-0.7611024398485,7.381904536364001,2.6850511308643106,0,1,2.5735,3,4,ok,False,12.008220338669217,0.780853955482372,0.780853955482372,10.477774708738124,13.53866596860031,18.18,0.5,1.0,6.4709627281405254e-18,5.761887358488066e-19,12.78907429415159,1.2911273597581734,2.714196543365607,0.47569412867838007,True,0.7974908609129491,4.595052510004086e-19
1780827-63-5,O=C(O)C1=CC=2N=C(SC2C=C1C(=O)O)C(C)C,185.76123753930375,257.96909066666666,0.53243,-0.666,220.01600000000005,3.0830141387933985,-8.416481395965,-0.8019195174235,7.6145618785415,2.7900132914882447,0,2,2.8161000000000014,2,4,ok,False,11.991263824227657,0.780853955482372,0.780853955482372,10.460818194296564,13.52170945415875,18.18,0.5,1.0,5.360597242818549e-18,4.761690368141805e-19,12.77211777971003,0.7192437601286397,2.714196543365607,0.26499324888122383,True,0.9321873903005946,4.438787717697586e-19
174611-11-1,O=C(O)C1=CC=C(C(=C1C(=O)O)C)N(=O)=O,176.15993554418404,191.71775866666667,0.53777,-0.64995,178.94400000000005,5.010102363225726,-9.0616633355005,-1.8462924756425,7.215370859858,4.122570491830199,1,1,1.29962,2,4,ok,False,12.034428720671169,0.780853955482372,0.780853955482372,10.503983090740077,13.564874350602262,18.18,0.5,1.0,8.648377949787692e-18,7.729562738301897e-19,12.815282676153542,2.0339931075670714,2.714196543365607,0.7493905010448939,True,0.5703037741229133,4.408198801973412e-19
1028542-93-9,O=C(O)C1=C(OCC)C2=CC=C(C=C2C(OCC)=C1C(=O)O)C,152.3134151761172,330.06005466666664,0.53223,-0.65585,283.66400000000004,5.067283648070236,-7.5253085355775005,-0.6266781977015,6.898630337876001,2.408263830817808,2,2,3.342020000000001,2,4,ok,False,12.33433998466104,0.780853955482372,0.780853955482372,10.803894354729948,13.864785614592133,18.18,0.5,1.0,2.2081431947389394e-16,2.061861781271174e-17,13.115193940143413,5.389555505672959,2.714196543365607,1.9856909474175013,False,0.019390567574388198,3.9980670198787117e-19
2513864-14-5,O=C(O)C1=CC=C(C#CC(O)CC)C=C1C(=O)O,188.36769308529983,246.62711866666663,0.53337,-0.66129,220.40800000000004,1.9368553559829915,-8.2725331690505,-0.982875228006,7.289657941044501,2.93781221591962,0,1,1.2054,3,3,ok,False,11.976450874909505,0.780853955482372,0.780853955482372,10.446005244978412,13.506896504840597,18.18,0.5,1.0,4.545976257099624e-18,4.0295976179031133e-19,12.757304830391877,1.2327173823517619,2.714196543365607,0.4541739563278608,True,0.8136101307184216,3.2785214446447923e-19
39995-17-0,O=C(O)C1=CC=C(C=C1C(=O)O)C(=O)C2=CC=C(N)C=C2,191.5361275833066,304.584983,0.53332,-0.66009,241.89600000000004,8.661624688244117,-7.3582306313705,-1.150497359914,6.207733271456499,2.915655717786734,0,1,1.8962,3,4,ok,False,12.005333353298067,0.780853955482372,0.780853955482372,10.474887723366974,13.535778983229159,18.18,0.5,1.0,6.2670563611030456e-18,5.578030484487818e-19,12.78618730878044,1.989953194209368,2.714196543365607,0.7331647367518285,True,0.5841891093353528,3.258624660578385e-19
142671-47-4,O=C(O)C1=CC=2N=C(OC2C=C1C(=O)O)C,185.31075730471125,196.998094,0.53241,-0.66699,177.11200000000005,2.693426006037664,-8.4972992095635,-0.6522568996485001,7.845042309915001,2.667747785433093,0,2,1.53262,2,4,ok,False,11.96152421407048,0.780853955482372,0.780853955482372,10.431078584139387,13.491969844001572,18.18,0.5,1.0,3.848890119761387e-18,3.4044848982609514e-19,12.742378169552852,0.5933266943121165,2.714196543365607,0.21860122685750336,True,0.9533373063132268,3.2456224622921553e-19
351370-84-8,O=C(O)C1=CC=C(C=C1C(=O)O)C(=O)C2=CC=C(O)C=C2,189.70574747756777,285.090005,0.53352,-0.65905,238.9360000000001,7.082947415447894,-8.095387052375,-1.2359411089710002,6.859445943403999,3.1734955699468124,0,1,2.0196,3,4,ok,False,11.99000208680059,0.780853955482372,0.780853955482372,10.459556456869498,13.520447716731683,18.18,0.5,1.0,5.285932796144555e-18,4.69452582776116e-19,12.770856042282963,1.6705868930666585,2.714196543365607,0.6154996023225086,True,0.6846553127298408,3.2141320487241315e-19
128298-23-7,O=C(O)C=1C(C(=O)O)=C(C(C(=O)O)=C(C(=O)O)C1C(F)(F)F)C(F)(F)F,149.29017126709533,227.044376,0.54056,-0.62598,256.72800000000007,4.640252459726733,-9.716641373654,-1.4190737303575,8.297567643296501,3.736159685841526,2,2,2.5170000000000003,4,4,ok,False,12.424306794069722,0.780853955482372,0.780853955482372,10.89386116413863,13.954752424000814,18.18,0.5,1.0,5.67286954783665e-16,5.369030370104175e-17,13.205160749552094,6.15784842150472,2.714196543365607,2.2687555315610934,False,0.005815365373873831,3.1222873305580816e-19
59590-38-4,O=C(O)C=1C=C2C=CC=C(C2=CC1C(=O)O)N3C(=O)C=4C=CC=CC4C3=O,184.80039285817367,382.01872,0.53208,-0.66724,295.36000000000007,4.172499587777092,-8.0510324947435,-1.405740151683,6.6452923430605,3.3644324534341363,0,2,3.0368000000000013,2,4,ok,False,11.974325047804896,0.780853955482372,0.780853955482372,10.443879417873804,13.504770677735989,18.18,0.5,1.0,4.4395718724024554e-18,3.9340934152871307e-19,12.75517900328727,1.4245860995307331,2.714196543365607,0.5248647534434793,True,0.7592053313330381,2.98678469484819e-19
14597-16-1,O=C(O)C1=C(O)C=C2C(=O)C3=C(O)C(O)=C(C(O)=C3C(=O)C2=C1C(=O)O)C4=CC(=CC=C4O)CCN,167.77460065055922,512.103611,0.53535,-0.64526,393.9440000000001,4.049068842338939,-7.661365460827501,-2.161128200671,5.500237260156501,4.385328176162758,2,1,1.5546,8,10,ok,False,12.419691680363735,0.780853955482372,0.780853955482372,10.889246050432643,13.950137310294828,18.18,0.5,1.0,5.406552755755449e-16,5.113414914825164e-17,13.200545635846108,6.176304214116932,2.714196543365607,2.2755552574900517,False,0.005638418109283498,2.8831571256030543e-19
343779-22-6,O=C(O)C1=CC=2OC=CC2C=C1C(=O)O,185.10311888379331,189.52746166666668,0.53168,-0.67031,165.15200000000004,2.604303795642897,-8.118788843518,-0.6206916929905,7.498097150527501,2.546596773644016,0,2,1.8292,2,3,ok,False,11.949489127825515,0.780853955482372,0.780853955482372,10.419043497894423,13.479934757756608,18.18,0.5,1.0,3.3646043287017224e-18,2.9710542369144253e-19,12.730343083307888,0.5288503504013577,2.714196543365607,0.1948460039469296,True,0.9627466698853108,2.860372572638006e-19
92241-98-0,O=C(O)C=1C=CC=2C(=CC(=O)C2C1C(=O)O)C=3C=CC=CC3,177.03235136531214,322.93019533333336,0.5369,-0.65156,246.97600000000008,6.993838709178244,-8.0308960698065,-2.0199011122615,6.010994957545,4.201406119475596,1,1,2.711000000000001,2,3,ok,False,12.007622875865534,0.780853955482372,0.780853955482372,10.477177245934442,13.538068505796627,18.18,0.5,1.0,6.4282339217234645e-18,5.723353546595319e-19,12.788476831347907,2.371576784452434,2.714196543365607,0.873767520723343,True,0.46604658582525826,2.6673493798616315e-19
2571866-31-2,O=C(O)C=1C=CC=C(C#CC=2C=CC=CC2CO)C1C(=O)O,150.47839395140846,325.91159166666665,0.5376,-0.66291,256.2320000000001,7.711411931027936,-7.794973361423,-0.8013752897225,6.993598071700499,2.641601982786053,1,0,1.9751,3,3,ok,False,12.375314735659343,0.780853955482372,0.780853955482372,10.84486910572825,13.905760365590435,18.18,0.5,1.0,3.3990806974560423e-16,3.193403046128067e-17,13.156168691141715,5.988573184738435,2.714196543365607,2.206388921751627,False,0.0076875582085957975,2.4549471800616646e-19
328265-77-6,O=C(O)C1=CC=C(C=C1C(=O)O)C(=O)C2=CC=C(C=C2)NC(=O)C=3C=CC=CC3,186.7613383837821,421.324732,0.53427,-0.65773,332.36000000000007,10.551212508048543,-7.966405087238001,-1.340977055264,6.625428031974001,3.2687458805870957,0,1,3.566300000000002,3,4,ok,False,12.00677102617796,0.780853955482372,0.780853955482372,10.476325396246867,13.537216656109052,18.18,0.5,1.0,6.3677931975688714e-18,5.668852488060293e-19,12.787624981660333,2.519421982526246,2.714196543365607,0.9282385937321104,True,0.4224742051729636,2.3949439491360492e-19
869719-89-1,O=C(O)C=1C=C(C(=O)O)C(=CC1C(=O)O)C(=O)C=2C=C(C=C(C2C)C)C,187.2868256517853,353.480026,0.53503,-0.64979,307.5440000000001,7.322078462431279,-7.9704867949955,-1.484108940627,6.4863778543685,3.445273407247176,0,2,2.937460000000001,3,4,ok,False,11.961820125571657,0.780853955482372,0.780853955482372,10.431374495640565,13.49226575550275,18.18,0.5,1.0,3.8616256544759e-18,3.415893039509438e-19,12.74267408105403,1.6983174855966188,2.714196543365607,0.6257164720616375,True,0.6760277838531675,2.309238601379026e-19
35555-66-9,O=C(O)C=1C=C(C(=O)O)C(C(=O)O)=C(C1)N(=O)=O,173.81937020083367,200.7980533333333,0.53935,-0.63896,190.05600000000004,3.5027396734556224,-9.6428985201685,-2.0218059092150003,7.6210926109535,4.463445609797396,1,1,0.6894,3,5,ok,False,11.999952951138575,0.780853955482372,0.780853955482372,10.469507321207482,13.530398581069667,18.18,0.5,1.0,5.903818600361352e-18,5.250705432240958e-19,12.780806906620947,2.495456923782874,2.714196543365607,0.9194090714921125,True,0.42942291030153285,2.25477320784898e-19
698975-52-9,O=C(O)C1=CC(Br)=C(C=C1C(=O)O)S(=O)(=O)O,185.96280305189208,214.73483933333333,0.53765,-0.64372,201.45600000000005,8.366234403242597,-9.0616633355005,-1.379072994334,7.6825903411665,3.547272803451812,0,2,1.0922,3,4,ok,False,11.968193680018329,0.780853955482372,0.780853955482372,10.437748050087237,13.498639309949422,18.18,0.5,1.0,4.1462541724684696e-18,3.670980226362431e-19,12.749047635500702,1.9206573886317653,2.714196543365607,0.7076338643664131,True,0.6060785468802953,2.2249023612200397e-19
54408-07-0,O=C(O)C1=CC=C(N=NC2=CC=C(N)C=C2C)C=C1C(=O)O,187.11681680100637,384.7361350000001,0.53295,-0.6623,257.8400000000001,6.807187140809337,-6.993325957850001,-1.632683103,5.360642854850001,3.470107705951078,0,1,3.3890200000000004,3,5,ok,False,11.950289423312752,0.780853955482372,0.780853955482372,10.41984379338166,13.480735053243844,18.18,0.5,1.0,3.3948506951429987e-18,2.998101865485175e-19,12.731143378795124,1.6383831296471165,2.714196543365607,0.603634668112693,True,0.6946307896085636,2.0825738661488747e-19
2733421-78-6,O=CC(C)CC1=CC=C(C(=O)O)C(=C1)C(=O)O,188.2673990716613,218.7729163333333,0.53188,-0.66687,208.90400000000005,5.768714596857778,-8.562334419833,-0.6576991766585,7.9046352431745,2.688581348324568,0,1,1.4605,2,3,ok,False,11.929308162338485,0.780853955482372,0.780853955482372,10.398862532407392,13.459753792269577,18.18,0.5,1.0,2.6839542069187573e-18,2.3632771011936418e-19,12.710162117820857,1.0560318700451998,2.714196543365607,0.3890771553101011,True,0.8595201309075864,2.0312842433888603e-19
2588246-75-5,O=C(O)C=1C=CC=C(C#CCCC#C)C1C(=O)O,152.98883840812886,245.73785566666663,0.53631,-0.65039,216.92000000000004,5.3650306243301165,-8.191171127751,-0.719469020722,7.471702107028999,2.6566740321754763,1,0,1.8479,2,2,ok,False,12.249101741423098,0.780853955482372,0.780853955482372,10.718656111492006,13.779547371354191,18.18,0.5,1.0,8.923691407597103e-17,8.227966206032057e-18,13.029955696905471,5.22462487929522,2.714196543365607,1.924925036127516,False,0.024591943376379686,2.0234167904150596e-19
2618027-83-9,O=C(O)C1=CC=C(C#CC=2C=CC=C(O)C2)C=C1C(=O)O,186.60432429078995,319.41801133333337,0.53303,-0.66182,241.1920000000001,0.3894736704836413,-7.6363309865815,-1.17553183416,6.4607991524215,3.004617716001263,0,1,2.1884,3,3,ok,False,11.928170034194958,0.780853955482372,0.780853955482372,10.397724404263865,13.45861566412605,18.18,0.5,1.0,2.649907943416237e-18,2.3329244149839415e-19,12.70902398967733,1.2832829356409559,2.714196543365607,0.4728039827394679,True,0.7996800201849202,1.8655930432642516e-19
855253-98-4,O=C(O)C=1C=CC=CC1C=2C=C(C(=C(C(=O)O)C2C(=O)O)C)C,149.7092246817287,312.7633026666667,0.53211,-0.65503,270.9360000000001,5.3260493407402825,-8.278519673761501,-0.511029811239,7.767489862522501,2.48652336586969,2,1,3.065040000000001,3,3,ok,False,12.332772879545649,0.780853955482372,0.780853955482372,10.802327249614557,13.863218509476742,18.18,0.5,1.0,2.1718964050920417e-16,2.0275426410572678e-17,13.113626835028022,5.893021378857259,2.714196543365607,2.171184468295692,False,0.008968453772943355,1.8183922448993588e-19
75293-73-1,O=C(O)C1=CC=C(OC2=CC=C(OC)C=C2)C=C1C(=O)O,187.14253085655565,278.4138686666667,0.53319,-0.66071,244.39200000000005,4.8720109451847495,-7.76068701626,-0.5782419323125001,7.1824450839475,2.4204061150691825,0,1,2.883900000000001,2,4,ok,False,11.911010560256074,0.780853955482372,0.780853955482372,10.380564930324981,13.441456190187166,18.18,0.5,1.0,2.1853909021850292e-18,1.9193314619276971e-19,12.691864515738446,0.7422058697144649,2.714196543365607,0.2734532513972362,True,0.9279506924904655,1.781044959214544e-19
1785552-19-3,O=C(O)C1=CC=2N=C(OC2C=C1C(=O)O)C(C)(C)C,185.3991468203889,248.67821866666665,0.53231,-0.66744,227.03200000000007,2.877216538601153,-8.4831492893375,-0.6440934841335,7.839055805204,2.656779168180404,0,2,2.521700000000001,2,4,ok,False,11.88877367863814,0.780853955482372,0.780853955482372,10.358328048707047,13.419219308569232,18.18,0.5,1.0,1.7011883736825916e-18,1.4894207871919592e-19,12.669627634120513,0.5954809633833286,2.714196543365607,0.21939493101149243,True,0.953005946332952,1.4194268667858433e-19
4371-40-8,O=C(O)C1=CC(C(=O)O)=C(C=C1C(=O)O)C=2C=CC=CC2,186.7765118290436,282.0883836666667,0.53444,-0.65621,238.61600000000007,1.1618544056808495,-8.248315036356,-1.1545790676715,7.0937359686845,3.115932772303026,0,2,2.448200000000001,3,3,ok,False,11.890637413942773,0.780853955482372,0.780853955482372,10.36019178401168,13.421083043873866,18.18,0.5,1.0,1.73733129984107e-18,1.5214620746666022e-19,12.671491369425146,1.1878707142095881,2.714196543365607,0.43765095682298194,True,0.8256879511025103,1.2562529031116413e-19
2600829-78-3,N#CCCC#CC1=CC=C(C(=O)O)C(=C1)C(=O)O,185.8333204977734,240.408129,0.53335,-0.6615,212.73600000000005,3.548324859704928,-8.2660024366385,-0.9804262033515,7.285576233287,2.933757051494549,0,1,1.7382800000000005,2,3,ok,False,11.87671680705241,0.780853955482372,0.780853955482372,10.346271177121318,13.407162436983503,18.18,0.5,1.0,1.4846635750041834e-18,1.2976560659080055e-19,12.657570762534784,0.9029126601486253,2.714196543365607,0.3326629614777316,True,0.8952389206017916,1.16171221575585e-19
2997443-61-3,O=C(O)C1=CC=CC(=C1C(=O)O)CC(CC)CCCC,157.6897518085835,282.96411900000004,0.53328,-0.65847,272.49600000000004,2.4440488006584484,-8.532401896278,-0.5483094087575,7.984092487520499,2.581987806826111,1,0,3.841900000000003,2,2,ok,False,12.088159493329908,0.780853955482372,0.780853955482372,10.557713863398815,13.618605123261,18.18,0.5,1.0,1.5619662815470305e-17,1.4068259244650835e-18,12.86901344881228,4.327175859623297,2.714196543365607,1.594275060956932,False,0.07873141965614039,1.1076140224219815e-19
266684-18-8,O=C(O)C1=CC=C(C=C1C(=O)O)C=2C=CC(=CC2)C=3C=CC(=CC3)C=4C=CC(C(=O)O)=C(C4)C(=O)O,192.27603012032267,546.4918656666667,0.53272,-0.66426,408.3280000000001,4.295582519286528,-7.4420416973245,-1.1034216637775,6.338620033547,2.880159390744904,0,1,5.480400000000004,4,4,ok,False,11.87989297545963,0.780853955482372,0.780853955482372,10.349447345528537,13.410338605390722,18.18,0.5,1.0,1.5389100473437279e-18,1.3456678739449338e-19,12.660746930942002,1.333401340718129,2.714196543365607,0.49126926492386946,True,0.7855701723422203,1.0571165436503108e-19
2545565-97-5,O=C(O)C1=CC=C(C#CCCCC(=O)O)C=C1C(=O)O,190.1588976442123,263.519735,0.53323,-0.66172,239.51200000000009,4.3979233747303965,-8.182463484535,-0.952942704451,7.229520780084001,2.885932856976796,0,1,1.6894,3,3,ok,False,11.874407439311584,0.780853955482372,0.780853955482372,10.343961809380492,13.404853069242677,18.18,0.5,1.0,1.4464110502089186e-18,1.2638133171799473e-19,12.655261394793957,1.4170306948272924,2.714196543365607,0.5220810918394925,True,0.7614211432884084,9.622941808702713e-20
104941-69-7,O=C(O)C=1C=CC=CC1NS(=O)(=O)C2=CC=C(C(=O)O)C(=C2)C(=O)O,189.03305517675653,322.890683,0.53627,-0.65086,283.21600000000007,9.171786099773588,-8.175388524421999,-1.1393406920435,7.036047832378499,3.082845030444662,0,1,1.582,4,5,ok,False,11.886338626925454,0.780853955482372,0.780853955482372,10.355892996994362,13.416784256856547,18.18,0.5,1.0,1.6550825827010912e-18,1.4485598583718863e-19,12.667192582407827,1.919314295997943,2.714196543365607,0.7071390245077798,True,0.6065030025561684,8.78555903484887e-20
1806310-78-0,O=C(O)C1=CC=C(C=C1C(=O)O)C(Cl)C(=O)C,187.34690904253156,217.959454,0.53301,-0.66147,207.89600000000004,5.61819497970656,-8.91444974238,-0.9385206703745,7.9759290720055,3.042937853326632,0,1,1.9519,2,3,ok,False,11.86305879286809,0.780853955482372,0.780853955482372,10.332613162936997,13.393504422799182,18.18,0.5,1.0,1.2721211882085673e-18,1.109763915645454e-19,12.643912748350463,1.3263695166430285,2.714196543365607,0.4886785077834963,True,0.7875671170063246,8.740135676025402e-20
125592-09-8,O=C(O)C=1C=CC=2C=CC(=O)C2C1C(=O)O,175.58670463827363,207.871868,0.53709,-0.65135,175.79200000000003,5.493890652351937,-8.417025623666,-1.9475188280285,6.4695067956375,4.151158082235455,1,1,1.2925,2,3,ok,False,11.887676790680137,0.780853955482372,0.780853955482372,10.357231160749045,13.41812242061123,18.18,0.5,1.0,1.6802647944354203e-18,1.4708756445679738e-19,12.66853074616251,2.1324252694322494,2.714196543365607,0.7856561731480357,True,0.5394227879041027,7.934238408531005e-20
944-38-7,O=C(O)C1=C(C(=O)O)C(=CC=C1C)C,161.14193536759382,183.741667,0.5307,-0.66128,171.77600000000004,1.6531070171044582,-8.323962686795001,-0.458783951943,7.865178734852001,2.451839974673987,2,0,1.69984,2,2,ok,False,12.00361665527785,0.780853955482372,0.780853955482372,10.473171025346758,13.534062285208943,18.18,0.5,1.0,6.1488268916427516e-18,5.471462052384423e-19,12.784470610760224,3.812549481993713,2.714196543365607,1.4046696401971492,False,0.13902565450578802,7.606735929363266e-20
6279-83-0,O=C(O)C=1C(OC)=C(OC)C=C(C1C(=O)O)N(=O)=O,163.7340824981231,224.53200966666668,0.53593,-0.63957,213.59200000000004,5.827678207485379,-8.388725783214,-1.877041340749,6.511684442465,4.046033540729504,2,1,1.0084,2,6,ok,False,11.964865591740626,0.780853955482372,0.780853955482372,10.434419961809533,13.495311221671718,18.18,0.5,1.0,3.9951383953690426e-18,3.5355192178459814e-19,12.745719547222999,3.506834984194394,2.714196543365607,1.2920342827663889,False,0.18836897853712517,6.659821436640232e-20
2581670-73-5,O=C(O)C1=CC=C(C#CCC(N)CC)C=C1C(=O)O,188.45115855122955,271.106365,0.53274,-0.66279,240.52000000000007,1.966318583037856,-8.0940264831225,-0.946411972039,7.1476145110835,2.8586295236973243,0,1,1.5619,3,3,ok,False,11.834945907266615,0.780853955482372,0.780853955482372,10.304500277335523,13.365391537197707,18.18,0.5,1.0,9.247011637313953e-19,8.035279741397041e-20,12.615799862748988,1.2491356521911345,2.714196543365607,0.4602229913100563,True,0.8091222978394045,6.50152400814159e-20
905273-60-1,O=C(O)C1=CC(F)=C(C=C1C(=O)O)C(F)(F)F,186.35540961711004,160.61458199999998,0.53699,-0.6482,176.52000000000004,4.875489196993467,-9.2505103477475,-0.956208070657,8.2943022770905,3.1400200219475614,0,2,2.2409000000000003,2,2,ok,False,11.832084126244549,0.780853955482372,0.780853955482372,10.301638496313457,13.362529756175642,18.18,0.5,1.0,8.950941253350422e-19,7.774909648839297e-20,12.612938081726922,1.3240583636257266,2.714196543365607,0.4878270023820355,True,0.7882222511750019,6.128356786090354e-20
62268-16-0,O=C(O)C=1C(Cl)=CC(Cl)=C(Cl)C1C(=O)O,168.8601184568113,193.70494566666665,0.5374,-0.63167,184.52000000000004,1.2750610534401872,-8.7666919215585,-0.8645057030385,7.902186218520001,2.9346298960484347,2,1,3.043200000000001,2,2,ok,False,11.877360439801823,0.780853955482372,0.780853955482372,10.34691480987073,13.407806069732915,18.18,0.5,1.0,1.4955015820811167e-18,1.3072466836327193e-19,12.658214395284196,2.3945877101617965,2.714196543365607,0.8822455087178414,True,0.4591597282379872,6.002350319968094e-20
2408642-17-9,O=C(O)C1=CC=C(Br)C(F)=C1C(=O)O,183.79460686040056,172.52943266666668,0.53774,-0.64285,163.58400000000003,2.414856281437883,-8.8164887562,-0.973623357089,7.842865399111,3.0552065575941265,1,1,1.9846000000000004,2,2,ok,False,11.811954119091418,0.780853955482372,0.780853955482372,10.281508489160325,13.34239974902251,18.18,0.5,1.0,7.11697256192293e-19,6.164632996862173e-20,12.59280807457379,0.9427410536213998,2.714196543365607,0.347337062205672,True,0.8863502993564996,5.464024302191742e-20
2617119-31-8,O=C(O)C1=CC=C(C#CCCC(O)CC)C=C1C(=O)O,188.3466939689546,279.52161466666666,0.53257,-0.66287,253.94400000000007,1.9099006623382275,-8.1533473025315,-0.937704328823,7.2156429737085,2.863473846512826,0,1,1.9856,3,3,ok,False,11.804595532346122,0.780853955482372,0.780853955482372,10.27414990241503,13.335041162277214,18.18,0.5,1.0,6.543720611654057e-19,5.662307511321272e-20,12.585449487828495,1.2399313165156274,2.714196543365607,0.4568318088630793,True,0.8116425041515609,4.5957694477649905e-20
345947-09-3,O=C(O)C1=CC=C(OC2=CC=C(C=C2)S(=O)(=O)C3=CC=C(C(=O)O)C(=C3)C(=O)O)C=C1,189.47771007134244,420.051685,0.53575,-0.65192,352.8560000000001,8.438812931923543,-8.165592425804,-1.1643751662895,7.0012172595145,3.1083271680798883,0,1,3.4063000000000008,3,6,ok,False,11.817209210488485,0.780853955482372,0.780853955482372,10.286763580557393,13.347654840419578,18.18,0.5,1.0,7.556439192514725e-19,6.550069726961525e-20,12.598063165970858,1.8851255319790923,2.714196543365607,0.6945427502613847,True,0.6173064925743268,4.043400569267897e-20
2537814-75-6,O=C(O)C=1C=CC=C(C#CCCCOC)C1C(=O)O,158.86385432927057,257.39565300000004,0.53604,-0.65247,237.0240000000001,2.353764323376493,-8.144367545465,-0.699876823486,7.444490721979,2.626796827981261,1,0,1.8611,2,3,ok,False,11.97427537616264,0.780853955482372,0.780853955482372,10.443829746231547,13.504721006093732,18.18,0.5,1.0,4.437115267054293e-18,3.9318888172025694e-19,12.755129331645012,4.1105060902276005,2.714196543365607,1.5144467338870633,False,0.10090771327660006,3.9675790940174703e-20
1822789-72-9,O=C(O)C=1C=C2C(=CC1C(=O)O)C(N)CC2,188.35031379704503,211.16430266666663,0.53132,-0.66975,191.16800000000003,1.2199381869586672,-8.256478451871,-0.5744323384055,7.682046113465501,2.537897593751933,0,2,1.029,3,3,ok,False,11.787280206253874,0.780853955482372,0.780853955482372,10.256834576322781,13.317725836184966,18.18,0.5,1.0,5.368542532985531e-19,4.634296784442029e-20,12.568134161736246,1.347698773744139,2.714196543365607,0.4965369133043663,True,0.7814931406848596,3.621671148939347e-20
2248293-20-9,O=C(O)C1=CC=C(C=C1C(=O)O)CC(NC(=O)OC(C)(C)C)C,189.0325879198413,301.7061273333333,0.53124,-0.66734,296.22400000000005,2.2574491467140514,-8.532946123979,-0.648175191891,7.884770932088,2.6726517911155243,0,1,2.5387000000000004,3,4,ok,False,11.785292998067558,0.780853955482372,0.780853955482372,10.254847368136465,13.31573862799865,18.18,0.5,1.0,5.24779268360059e-19,4.528816935829801e-20,12.56614695354993,1.3033369619651949,2.714196543365607,0.48019255095987096,True,0.7940690267999629,3.5961932567895605e-20
858932-53-3,O=C(O)C1=CC2=CC=C(C=C2C=C1C(=O)O)N(C)C,187.50800186767452,301.62724,0.53022,-0.67332,227.92800000000005,6.478590548105352,-6.8461123647295,-0.5227307068105,6.323381657919,2.1467883464293744,0,2,2.3022,2,3,ok,False,11.783078234023138,0.780853955482372,0.780853955482372,10.252632604092046,13.31352386395423,18.18,0.5,1.0,5.116374614763054e-19,4.4140520857456804e-20,12.563932189505511,1.2370684768905338,2.714196543365607,0.4557770438232772,True,0.8124241575603008,3.586082547189223e-20
7717-76-2,O=C(O)C1=CC=C(OC2=CC=C(C(=O)O)C(=C2)C(=O)O)C=C1C(=O)O,190.7913684305582,310.066145,0.53315,-0.66018,275.12800000000004,1.2404259308801957,-8.2447775562995,-0.8147088683970001,7.4300686879025,2.761559069194475,0,1,2.2717,4,5,ok,False,11.785599081456551,0.780853955482372,0.780853955482372,10.255153451525459,13.316044711387644,18.18,0.5,1.0,5.266215101048454e-19,4.5449077352395975e-20,12.566453036938924,1.6743703818343518,2.714196543365607,0.6168935650320041,True,0.6834801461445587,3.1063542030950954e-20
2589350-65-0,O=C(O)C1=CC=C(C#CCC(=O)O)C=C1C(=O)O,187.6330400401284,229.110176,0.53306,-0.66255,206.08800000000005,1.3688571510570413,-8.303282034157,-0.9646436000225,7.3386384341345,2.926102925345022,0,1,0.9092,3,3,ok,False,11.767663392790302,0.780853955482372,0.780853955482372,10.23721776285921,13.298109022721395,18.18,0.5,1.0,4.287523609884219e-19,3.691111677172887e-20,12.548517348272675,1.1878935787048572,2.714196543365607,0.43765938086114714,True,0.8256818627929027,3.0476839653847445e-20
53656-45-4,O=C(O)C1=CC=C(SC=2C=CC=CC2)C=C1C(=O)O,185.5277628101565,284.4015373333333,0.53267,-0.66205,228.80800000000005,3.284911607638781,-7.787354173609,-0.7094008082535,7.0779533653555,2.5499901417540327,0,1,3.2342000000000013,2,3,ok,False,11.743801577656416,0.780853955482372,0.780853955482372,10.213355947725324,13.274247207587509,18.18,0.5,1.0,3.258820983842894e-19,2.796300397463034e-20,12.52465553313879,0.5588866653828434,2.714196543365607,0.20591237828702827,True,0.9584863979890995,2.6802158956598304e-20
723736-54-7,O=C(O)C1=CC=C(OC2=CC=CC(=C2)NC(=O)C=3OC=C(Br)C3)C=C1C(=O)O,189.34758714021063,387.945666,0.53327,-0.66091,323.56000000000006,2.54624662788191,-7.8387836913535,-0.6517126719474999,7.187071019406,2.507576740948412,0,1,4.483100000000002,3,5,ok,False,11.758639163849228,0.780853955482372,0.780853955482372,10.228193533918136,13.28908479378032,18.18,0.5,1.0,3.86539754301932e-19,3.323567458738328e-20,12.5394931193316,1.2741452242273117,2.714196543365607,0.4694373468795926,True,0.8022207796563953,2.6662348779896857e-20
2498044-76-9,O=C(O)C1=CC=C(C#CC(O)CCC)C=C1C(=O)O,188.96566578933968,261.4045976666667,0.53327,-0.66152,237.2800000000001,3.5290288366631404,-8.3824671646525,-1.0081818161025,7.37428534855,2.989587604482057,0,1,1.5955,3,3,ok,False,11.753954819016394,0.780853955482372,0.780853955482372,10.223509189085302,13.284400448947487,18.18,0.5,1.0,3.6627418706141073e-19,3.147287531725626e-20,12.534808774498767,1.3776843036875281,2.714196543365607,0.507584576752573,True,0.7728717914518938,2.4324497528589936e-20
830320-86-0,N#CC1=CC=C(C(=O)O)C(=C1)C(=O)O,185.79832377011144,170.580072,0.53599,-0.65279,157.37600000000003,5.715043180939231,-9.1974481469,-1.1665520770935,8.0308960698065,3.343727141693835,0,1,0.95468,2,3,ok,False,11.755768605067493,0.780853955482372,0.780853955482372,10.2253229751364,13.286214234998585,18.18,0.5,1.0,3.7399341949607405e-19,3.214419481132186e-20,12.536622560549866,1.6769953125556711,2.714196543365607,0.6178606765434146,True,0.6826644588389663,2.1943699355685347e-20
51419-12-6,O=C(O)C1=CC=C(OS(=O)(=O)C=2C=CC=CC2)C=C1C(=O)O,187.52323133151947,284.67329466666666,0.53371,-0.65803,253.9120000000001,6.1861309289409645,-9.072820003371,-0.894710340444,8.178109662927,3.0371218181768103,0,1,1.8507,2,5,ok,False,11.747132300310522,0.780853955482372,0.780853955482372,10.21668667037943,13.277577930241614,18.18,0.5,1.0,3.386221970314676e-19,2.90695097821402e-20,12.527986255792895,1.4600382590069203,2.714196543365607,0.537926504466206,True,0.7487389225841969,2.1765473434330428e-20
2865961-60-8,O=C(O)C1=CC=C(Cl)C(F)=C1C(=O)O,183.74717634378715,162.311311,0.53801,-0.64273,159.11200000000005,2.4802209841060536,-8.915538197782,-0.948588882843,7.966949314939001,3.053270430636111,1,1,1.8755,2,2,ok,False,11.73044326616964,0.780853955482372,0.780853955482372,10.199997636238548,13.260888896100733,18.18,0.5,1.0,2.7937352653284463e-19,2.3928279355709075e-20,12.511297221652013,0.9421545870616607,2.714196543365607,0.3471209884798497,True,0.8864833098661636,2.1212020282651173e-20
1245212-48-9,O=C(O)C1=CC=C(C=C1C(=O)O)NC(=O)C=2C=CN=CC2,189.6988088590182,281.34154199999995,0.53271,-0.66141,237.23200000000008,4.872239099223272,-8.234165116129999,-1.047638324425,7.186526791704999,2.996992761807374,0,1,1.7302999999999995,3,4,ok,False,11.736681485787612,0.780853955482372,0.780853955482372,10.20623585585652,13.267127115718704,18.18,0.5,1.0,3.002140862149095e-19,2.573530686352218e-20,12.517535441269985,1.4755322497429422,2.714196543365607,0.5436350043808104,True,0.744130379686358,1.9150423667697694e-20
52287-38-4,O=C(O)C=1C=C2N=CC=CC2=CC1C(=O)O,185.86845079499477,219.83492733333333,0.53264,-0.66427,178.53600000000003,3.950380798100356,-8.380834481549499,-0.998113603634,7.382720877915499,2.978734691423276,0,2,1.6312,2,3,ok,False,11.71873236965671,0.780853955482372,0.780853955482372,10.188286739725617,13.249177999587802,18.18,0.5,1.0,2.440360949888438e-19,2.0868086985661745e-20,12.499586325139083,0.9862601724098529,2.714196543365607,0.3633709485116686,True,0.8763073037263491,1.828685704033216e-20
1510005-73-8,O=C(O)C=1C=CN=C(C1)C2=NC(=CC(=C2)C3=CC=C(C(=O)O)C(=C3)C(=O)O)C4=NC=CC(=C4)C(=O)O,190.3683792454752,498.8483446666666,0.5325,-0.66385,395.9840000000001,3.9921569833863,-8.126680145182501,-1.1616540277845,6.965026117398001,3.096655714369976,0,1,3.665400000000001,4,7,ok,False,11.699560206687721,0.780853955482372,0.780853955482372,10.169114576756629,13.230005836618814,18.18,0.5,1.0,1.9547695980338388e-19,1.6671870150787404e-20,12.480414162170094,1.1683663472850934,2.714196543365607,0.4304649013502602,True,0.830854963961741,1.3851906073307292e-20
692256-96-5,O=C(O)C1=CC(Cl)=C(C=C1C(=O)O)S(=O)(=O)O,186.42052608407607,204.217757,0.53863,-0.6444,196.8400000000001,8.104322625611594,-9.22465953195,-1.2677784294795,7.956881102470501,3.458995206685477,0,2,0.9831,3,4,ok,False,11.720939629042212,0.780853955482372,0.780853955482372,10.19049399911112,13.251385258973304,18.18,0.5,1.0,2.5034046301368234e-19,2.1413666417044328e-20,12.501793584524584,1.8347994675813155,2.714196543365607,0.6760009594980038,True,0.6331947151658268,1.3559020407596415e-20
441772-77-6,O=C(O)C=1C=C(C(=CC1C(=O)O)C(C)(C)C)C(C)(C)C,184.8735036597111,292.518685,0.5318,-0.67172,269.6720000000001,2.7506014924012527,-8.4847819724405,-0.6310320193094999,7.853749953130999,2.645171581349395,0,2,3.6780000000000026,2,2,ok,False,11.68520280664275,0.780853955482372,0.780853955482372,10.154757176711657,13.215648436573842,18.18,0.5,1.0,1.6548797437319811e-19,1.4086512105909747e-20,12.466056762125122,0.6154867048822078,2.714196543365607,0.2267657095012742,True,0.9498770849651581,1.3380455056487961e-20
2639455-09-5,O=C(O)C=1C=C2C(=CC1C(=O)O)C(NC(=O)OC(C)(C)C)CC2,189.6959887211028,297.87495066666673,0.53206,-0.66626,286.2320000000001,3.320740653830106,-8.617301417634001,-0.6043648619605,8.012936555673502,2.6531824001526303,0,2,2.5950000000000006,3,4,ok,False,11.675648975897595,0.780853955482372,0.780853955482372,10.145203345966502,13.206094605828687,18.18,0.5,1.0,1.481003627184007e-19,1.2590045104572196e-20,12.456502931379967,1.2707110647734503,2.714196543365607,0.4681720886718716,True,0.8031730333607173,1.0111984716787501e-20
3002680-36-3,O=C(O)C=1C=C2C(=CC1C(=O)O)C(NCC3C4CCCCC34)CC2,189.1463710254557,334.2830823333333,0.53128,-0.66805,306.6160000000001,2.468873234898868,-7.9525272808625,-0.5711669721995001,7.381360308663,2.46070374164007,0,2,3.0961000000000016,3,3,ok,False,11.674722142481588,0.780853955482372,0.780853955482372,10.144276512550496,13.20516777241268,18.18,0.5,1.0,1.4651285716948883e-19,1.2453517721627448e-20,12.455576097963961,1.271799451284028,2.714196543365607,0.4685730863495225,True,0.8028713920107476,9.998573108593544e-21
56025-81-1,N#CC1=CC2=CC(C(=O)O)=C(C=C2C=C1C#N)C(=O)O,184.8664308861337,284.10398200000003,0.53394,-0.65945,218.78400000000005,9.701800006699788,-8.344643339433,-1.4588023525305,6.8858409869025,3.4893177034614604,0,2,1.97956,2,4,ok,False,11.725528953501051,0.780853955482372,0.780853955482372,10.195083323569959,13.255974583432144,18.18,0.5,1.0,2.6396800623158055e-19,2.259355774968218e-20,12.506382908983424,2.539955609604957,2.714196543365607,0.9358038627723728,True,0.4165582923356916,9.41153383399544e-21
2639420-64-5,O=C(O)C=1C=C2C(=CC1C(=O)O)C(NC(=O)OCC3C=4C=CC=CC4C=5C=CC=CC53)CC2,189.41638340015467,468.0648416666666,0.53198,-0.6659,384.8880000000001,2.927172183182944,-7.4888452796105,-0.605181203512,6.8836640760985,2.3793020688271214,0,2,4.609000000000004,3,4,ok,False,11.658410082586379,0.780853955482372,0.780853955482372,10.127964452655286,13.188855712517471,18.18,0.5,1.0,1.2117221165616628e-19,1.0276729564024038e-20,12.439264038068751,1.2516066964776764,2.714196543365607,0.4611334059565497,True,0.8084438773946405,8.308159095675727e-21
1812208-96-0,O=C(O)C1=CC=C(C=C1C(=O)O)CN(C)CC(=O)O,189.08779595897863,236.33318,0.53194,-0.66644,229.88000000000005,2.4879841016373074,-7.891845892201,-0.6778356015955,7.214010290605501,2.545028283393055,0,1,0.5994000000000002,3,4,ok,False,11.628056040041278,0.780853955482372,0.780853955482372,10.097610410110185,13.15850166997237,18.18,0.5,1.0,8.500340729434665e-20,7.179580217816614e-21,12.40890999552365,1.2830482615904664,2.714196543365607,0.472717521038283,True,0.7997453978166218,5.7418362374540965e-21
2613587-61-2,O=C(O)C1=CC=C(C#CCC(N)C)C=C1C(=O)O,188.50774146526845,255.576693,0.5329,-0.66253,223.43200000000004,2.433793294427446,-8.027902817451,-0.953486932152,7.0744158852990005,2.8506014893010674,0,1,1.1718000000000002,3,3,ok,False,11.614945096283437,0.780853955482372,0.780853955482372,10.084499466352344,13.14539072621453,18.18,0.5,1.0,7.290079320891731e-20,6.14644984235967e-21,12.39579905176581,1.2879603285610066,2.714196543365607,0.47452728937747973,True,0.7983755738214158,4.907175419858452e-21
104462-39-7,O=C(O)C1=CC=C(C=C1C(=O)O)C(=O)C=2C(=C(C(N)=C(C2C)C)C)C,188.68123770906328,357.98637933333333,0.53418,-0.65608,306.4560000000001,4.017585848491604,-7.027612303013,-1.3341742090015,5.6934380940115,3.070178006591951,0,1,3.1298800000000018,3,4,ok,False,11.617659280634754,0.780853955482372,0.780853955482372,10.087213650703662,13.148104910565847,18.18,0.5,1.0,7.525771839021275e-20,6.347497837109833e-21,12.398513236117127,1.4411982961249803,2.714196543365607,0.5309852374721149,True,0.7543149275253801,4.788012370967011e-21
2080747-16-4,O=C(O)C1=CC=C(Cl)C(=C1C(=O)O)N(=O)=O,172.54636497420435,188.46528666666669,0.53886,-0.63683,178.19200000000004,5.6889968825795645,-9.2238431903985,-1.853095321905,7.370747868493499,4.161672906009696,1,1,1.6446,2,4,ok,False,11.649586515461756,0.780853955482372,0.780853955482372,10.119140885530664,13.180032145392849,18.18,0.5,1.0,1.0932351456984947e-19,9.260717973320202e-21,12.430440470944129,2.366400321131063,2.714196543365607,0.8718603400020265,True,0.46760074671841234,4.3303186394731486e-21
1782406-14-7,O=C(O)C1=CC=2N=C(SC2C=C1C(=O)O)C(C)(C)C,185.17808012023747,276.248076,0.5323,-0.66585,236.33600000000007,3.168516114839879,-8.4015151341875,-0.7812388647855,7.620276269402,2.7664013752440977,0,2,2.990200000000001,2,4,ok,False,11.588734163077307,0.780853955482372,0.780853955482372,10.058288533146214,13.1191797930084,18.18,0.5,1.0,5.3581756834233565e-20,4.501656312871998e-21,12.36958811855968,0.7276202060785064,2.714196543365607,0.26807940930329843,True,0.9306550651186503,4.189489248997672e-21
22803-05-0,O=C(O)C1=CC=C(C=C1C(=O)O)C=2C=CC(C(=O)O)=C(C2)C(=O)O,189.31960836536464,313.2182956666667,0.53254,-0.6636,265.83200000000005,4.30511465700973,-8.358249031958,-1.2304988319610002,7.127750199996999,3.2248634919139665,0,1,2.1464,4,4,ok,False,11.586047766723006,0.780853955482372,0.780853955482372,10.055602136791913,13.116493396654098,18.18,0.5,1.0,5.191405366107168e-20,4.359966198919596e-21,12.366901722205379,1.1266834329499908,2.714196543365607,0.41510753364710357,True,0.8417146105860541,3.6698472512919664e-21
2733084-51-8,O=C(O)C1=CC=C(SC2=CC=C(C=C2)C(=O)OCC)C=C1C(=O)O,185.86479130121248,346.957834,0.5332,-0.66209,290.6240000000001,3.803118271892159,-7.679052861110001,-0.8906286326865,6.788424228423501,2.7045835098822826,0,1,3.4109000000000016,2,5,ok,False,11.571255953826284,0.780853955482372,0.780853955482372,10.040810323895192,13.101701583757377,18.18,0.5,1.0,4.36096745825711e-20,3.65524422591047e-21,12.352109909308657,0.7021642799122118,2.714196543365607,0.25870060207265877,True,0.9352644069274761,3.4186198231212374e-21
1784432-89-8,O=C(O)C1=CC=2ON=CC2C=C1C(=O)O,185.09294923978237,177.794619,0.53373,-0.65706,161.33600000000004,3.4178597776971484,-8.826284854817999,-0.8764787124605001,7.949806142357499,2.960563413644099,0,2,1.2242,2,4,ok,False,11.570603808455957,0.780853955482372,0.780853955482372,10.040158178524864,13.101049438387049,18.18,0.5,1.0,4.3275463241771716e-20,3.626913493821702e-21,12.35145776393833,0.9243609221215132,2.714196543365607,0.34056521233915676,True,0.8904888798587877,3.2297261344580094e-21
198625-32-0,O=C(O)C1=CC=C(C=C1C(=O)O)C(=O)C2=CC(=CC=C2C)C,185.0718672907736,308.05917466666665,0.5355,-0.65595,263.5760000000001,4.405526399875502,-8.0679035534745,-1.2944455868285,6.773457966645999,3.23518584807634,0,1,2.9308400000000017,2,3,ok,False,11.578867238784973,0.780853955482372,0.780853955482372,10.04842160885388,13.109312868716065,18.18,0.5,1.0,4.77040674193408e-20,4.00252138530724e-21,12.359721194267346,1.3473353109741275,2.714196543365607,0.4964030015687184,True,0.7815970598507516,3.1283589467458962e-21
2623094-09-5,O=C(O)C1=CC=C(C#CCN)C=C1C(=O)O,186.46411903604127,219.75972033333332,0.53324,-0.66181,190.39200000000005,0.406421197773935,-8.215117146595,-0.958384981461,7.256732165134,2.899140390552572,0,1,0.3932,3,3,ok,False,11.574763958995375,0.780853955482372,0.780853955482372,10.044318329064282,13.105209588926467,18.18,0.5,1.0,4.5451705556902475e-20,3.811436099264153e-21,12.355617914477747,1.2894238517407488,2.714196543365607,0.4750664998422928,True,0.7979668854905104,3.0413997933759163e-21
2961389-74-0,O=C(O)C1=CC=2OC3(CNCC3)CCC2C=C1C(=O)O,190.8263836537575,263.0130743333333,0.53123,-0.66655,238.84800000000007,4.8137020680553135,-7.972391591949001,-0.4683079367105,7.504083655238501,2.3735545806241523,0,2,1.1401,3,4,ok,False,11.572322361619428,0.780853955482372,0.780853955482372,10.041876731688335,13.10276799155052,18.18,0.5,1.0,4.416169171621073e-20,3.702043650555909e-21,12.3531763171018,1.3371193215461603,2.714196543365607,0.49263909233637543,True,0.7845121061138199,2.9042980612229103e-21
2549873-76-7,O=C(O)C=1C=CC=C(C#CCCCCCC#C)C1C(=O)O,158.13043004438808,295.23678133333334,0.53611,-0.65235,267.1360000000001,3.062279796164942,-8.1424627485115,-0.706407555898,7.4360551926135,2.6325283916007294,1,0,3.018200000000001,2,2,ok,False,11.754373847290827,0.780853955482372,0.780853955482372,10.223928217359735,13.28481947722192,18.18,0.5,1.0,3.6804341655163117e-19,3.1626724942387944e-20,12.5352278027732,4.208819159610252,2.714196543365607,1.5506685283709452,False,0.09030405760238217,2.8560215909720975e-21
3062824-86-3,O=C(O)C1=CC(F)=C(OC)C=C1C(=O)O,186.4434699497388,173.50962866666669,0.53352,-0.66092,169.40800000000004,4.477991318660633,-8.263553411984,-0.6375627517215,7.6259906602625,2.597363165307499,0,2,1.2307,2,3,ok,False,11.556077377093366,0.780853955482372,0.780853955482372,10.025631747162274,13.086523007024459,18.18,0.5,1.0,3.645366288266311e-20,3.04922311052524e-21,12.33693133257574,0.7590630484751335,2.714196543365607,0.2796639949787477,True,0.9247684010269704,2.8198251802949117e-21
858242-85-0,O=C(O)C1=CC(Br)=C(OC)C=C1C(=O)O,186.8295515286604,201.40108333333333,0.53431,-0.65811,184.13600000000005,4.914608494071526,-8.2012393402195,-0.6549780381535001,7.546261302066,2.598392207526753,0,2,1.8541,2,3,ok,False,11.55631473816755,0.780853955482372,0.780853955482372,10.025869108236458,13.086760368098643,18.18,0.5,1.0,3.65560869923824e-20,3.0578879412367772e-21,12.337168693649923,0.8366775364955995,2.714196543365607,0.30825974579501836,True,0.9093510453270711,2.780693595856709e-21
1547162-78-6,O=C(O)C1=CC(OC(C)C)=CC(=C1C(=O)O)N(=O)=O,173.67241164766796,234.16785066666668,0.53794,-0.65033,221.01600000000005,4.7202534624742345,-8.383283506204,-1.88302784546,6.500255660744,4.053577054123195,1,1,1.7784,2,5,ok,False,11.595587706763048,0.780853955482372,0.780853955482372,10.065142076831956,13.12603333669414,18.18,0.5,1.0,5.808006220417308e-20,4.884091233929041e-21,12.376441662245421,2.102180261963156,2.714196543365607,0.7745129095759772,True,0.5488828506154935,2.680793919145115e-21
1005516-72-2,O=C(O)C1=C(C(=O)O)C(=CC=C1N2CCC(O)CC2)C,152.35835349016796,268.123063,0.53087,-0.65713,247.85600000000005,3.4815488090790856,-7.2722426546125,-0.344496134733,6.927746519879499,2.0935635281488856,2,0,1.3525200000000002,3,4,ok,False,11.887827764557263,0.780853955482372,0.780853955482372,10.357382134626171,13.418273394488356,18.18,0.5,1.0,1.6831295320895065e-18,1.4734145673707582e-19,12.668681720039636,5.457529055165162,2.714196543365607,2.0107346568195905,False,0.01754381417021954,2.5849311365647e-21
13810-83-8,O=C(O)C=1C(Br)=C(Br)C(Br)=C(Br)C1C(=O)O,164.15901427485568,249.62973333333332,0.53874,-0.62611,216.74400000000009,2.086605762955714,-8.708731671401999,-0.9123977407265,7.796333930675499,2.968258286138593,2,2,4.133,2,2,ok,False,11.633215024073845,0.780853955482372,0.780853955482372,10.102769394142753,13.163660654004937,18.18,0.5,1.0,9.029221975194213e-20,7.631618279039353e-21,12.414068979556218,3.0895907827139566,2.714196543365607,1.1383076845580462,False,0.2736940548110861,2.0887285515606834e-21
861555-35-3,O=C(O)C1=CC=C(C=C1C(=O)O)S(=O)(=O)C,186.53716841320133,199.231643,0.53673,-0.65133,190.56800000000004,8.490443746353897,-9.3724173527715,-1.056345967641,8.3160713851305,3.269545779382294,0,1,0.4865000000000001,2,4,ok,False,11.571431422303208,0.780853955482372,0.780853955482372,10.040985792372116,13.1018770522343,18.18,0.5,1.0,4.3700033329042624e-20,3.662904273941501e-21,12.35228537778558,2.186957719992703,2.714196543365607,0.8057477360430474,True,0.522448212891528,1.913677791913477e-21
2620090-92-6,O=C(O)C=1C=CC=C(C#CCOC(C)CO)C1C(=O)O,153.0741320657737,262.1785823333333,0.53669,-0.64998,245.40800000000007,2.386002812236398,-8.248315036356,-0.744503494968,7.503811541388001,2.6943235678052986,1,0,0.8318999999999999,3,4,ok,False,11.814315256131971,0.780853955482372,0.780853955482372,10.283869626200879,13.344760886063064,18.18,0.5,1.0,7.3112133402825e-19,6.334957454824608e-20,12.595169211614344,5.173109877203894,2.714196543365607,1.905945201296746,False,0.026446614889908578,1.6753818015170183e-21
2474496-05-2,O=C(O)C1=CC=C(C#CC(O)C(C)C)C=C1C(=O)O,188.34193256809004,263.5504643333333,0.53299,-0.66122,236.76000000000005,2.7814451028197555,-8.263553411984,-0.9842357972585,7.2793176147255005,2.9371436233795603,0,1,1.4514,3,3,ok,False,11.524073334367184,0.780853955482372,0.780853955482372,9.993627704436092,13.054518964298277,18.18,0.5,1.0,2.4950553655792296e-20,2.078101410832667e-21,12.304927289849557,1.3054415705927576,2.714196543365607,0.4809679585598501,True,0.7934774346523609,1.6489265764149565e-21
1092449-37-0,O=C(O)C1=CC=C(F)C(F)=C1C(=O)O,183.9258585877241,144.2565383,0.53766,-0.64263,149.16800000000003,2.574850560712213,-9.0028867437925,-0.7872253694965,8.215661374296,2.916572714725024,1,1,1.3612000000000002,2,2,ok,False,11.492267250486396,0.780853955482372,0.780853955482372,9.961821620555304,13.022712880417489,18.18,0.5,1.0,1.7089248023368357e-20,1.4173172749311447e-21,12.273121205968769,0.8712986759625314,2.714196543365607,0.32101532149256956,True,0.9020811135493584,1.278535145622629e-21
250207-95-5,O=C(O)C=1C=C(C=C(C1C(=O)O)N(=O)=O)C(C)(C)C,174.16115636372905,245.306361,0.53768,-0.64896,228.38400000000004,5.531707335895492,-9.0045194268955,-1.846564589493,7.1579548374025,4.112418526150202,1,1,2.2887000000000004,2,4,ok,False,11.526083905767324,0.780853955482372,0.780853955482372,9.995638275836232,13.056529535698417,18.18,0.5,1.0,2.5553231251059297e-20,2.1288697612568056e-21,12.306937861249697,2.18530536937124,2.714196543365607,0.8051389552878357,True,0.5229608170501623,1.113315469740243e-21
15908-31-3,O=C(O)C1=CC=2OC(=C(C2C=C1C(=O)O)C)C,185.48622100125525,228.7586253333333,0.53116,-0.67274,198.14400000000003,3.981074294709909,-7.679052861110001,-0.5692621752460001,7.1097906858640005,2.392289166622236,0,2,2.446040000000001,2,3,ok,False,11.474726863608788,0.780853955482372,0.780853955482372,9.944281233677696,13.005172493539881,18.18,0.5,1.0,1.386048874465239e-20,1.1468584281413819e-21,12.255580819091161,0.6680929808904368,2.714196543365607,0.24614760582592177,True,0.9412103328092387,1.0794350028360305e-21
81568-57-2,O=C(O)C=1C=2C=CC=CC2C=3C=CC=CC3C1C(=O)O,166.09180893078295,307.39481333333333,0.53286,-0.65337,225.8400000000001,1.631729419971338,-7.7680340902235,-0.939337011926,6.8286970782975,2.7757239280502275,2,2,3.389400000000001,2,2,ok,False,11.560158614222418,0.780853955482372,0.780853955482372,10.029712984291326,13.09060424415351,18.18,0.5,1.0,3.825492018065441e-20,3.201645629791468e-21,12.341012569704791,2.843198274186153,2.714196543365607,1.0475285148880868,False,0.33376571324113224,1.0685995371727034e-21
1344583-93-2,O=C(O)C1=CC=C(C=C1C(=O)O)CC(N)C,188.9153675347032,214.408885,0.53144,-0.66735,201.3760000000001,2.694156378163673,-8.42464481148,-0.6530732412,7.771571570280001,2.650846238072521,0,1,0.9727,3,3,ok,False,11.470007048656859,0.780853955482372,0.780853955482372,9.939561418725766,13.000452678587951,18.18,0.5,1.0,1.3099960034380729e-20,1.083250951897235e-21,12.250861004139232,1.2675526175060607,2.714196543365607,0.4670084119753148,True,0.8040475603764164,8.709852851484027e-22
92439-37-7,O=C(O)C=1C=CC(C=2C=CC=CC2)=C(C(=O)O)C1C(=O)O,153.37394830745575,279.63574066666666,0.53415,-0.64661,237.89600000000004,2.4954812161184465,-8.263009184283,-0.8571586290750001,7.405850555208,2.8078294425384582,2,0,2.4482,3,3,ok,False,11.7434564782308,0.780853955482372,0.780853955482372,10.213010848299708,13.273902108161893,18.18,0.5,1.0,3.245894688594877e-19,2.7850765438484997e-20,12.524310433713174,5.093381918948577,2.714196543365607,1.8765707779705507,False,0.02955454071806493,8.231165811809803e-22
165051-67-2,O=C(O)C1=CC=C(C=C1C(=O)O)N2N=C(C=CC=3C=CC=CC3)CC2C=4C=CC=CC4,188.73598319880503,541.685036,0.53122,-0.66445,368.1040000000001,8.798360991116471,-6.678218118971,-0.91974481469,5.758473304281001,2.5062650155193555,0,1,5.103800000000004,2,4,ok,False,11.49749833049289,0.780853955482372,0.780853955482372,9.967052700561798,13.027943960423983,18.18,0.5,1.0,1.8188773011101118e-20,1.5095588059526442e-21,12.278352285975263,2.1296974064289715,2.714196543365607,0.7846511379710712,True,0.5402747846862729,8.155765588573321e-22
2667597-92-2,O=C(O)C1=CC(F)=C2OCOC2=C1C(=O)O,183.92681708744237,173.28084133333334,0.53421,-0.65408,168.54400000000004,2.3934900208691072,-8.043413306929502,-0.7289930054895001,7.314420301440001,2.6302532989189333,1,2,0.9508,2,4,ok,False,11.45188346356443,0.780853955482372,0.780853955482372,9.921437833633338,12.982329093495522,18.18,0.5,1.0,1.0544205004502526e-20,8.698200440561022e-22,12.232737419046803,0.7235098624803126,2.714196543365607,0.2665650224368643,True,0.9314088830343034,8.101581156751427e-22
114473-23-3,O=C(O)C=1C=CC=C(NS(=O)(=O)C=2C=CC=CC2)C1C(=O)O,154.1719820620406,292.70717933333333,0.53583,-0.6601,255.7680000000001,8.293137684857282,-8.594988081893,-0.870220093899,7.724767987993999,2.899445198558801,1,0,1.8838,3,4,ok,False,11.773090908433813,0.780853955482372,0.780853955482372,10.24264527850272,13.303536538364906,18.18,0.5,1.0,4.563006337295084e-19,3.931216995333605e-20,12.553944863916186,5.384723782976656,2.714196543365607,1.9839107805728733,False,0.019528077343105583,7.676910953740578e-22
89-08-7,O=C(O)C1=CC=C(C=C1C(=O)O)S(=O)(=O)O,187.00570715352623,186.43785666666668,0.53725,-0.64986,181.72800000000004,7.500861459859127,-9.4366362214895,-1.1360753258375,8.300560895652001,3.3667071077550745,0,1,0.3297,3,4,ok,False,11.47294474036843,0.780853955482372,0.780853955482372,9.942499110437337,13.003390370299522,18.18,0.5,1.0,1.356832884443486e-20,1.1224185753532612e-21,12.253798695850803,1.7105160285016017,2.714196543365607,0.6302108197295689,True,0.6722226443706867,7.545151828147481e-22
325818-19-7,O=C(O)C=1C=C(C=C(C1C(=O)O)C(C)(C)C)C(C)(C)C,158.40591167605203,288.081694,0.53291,-0.65763,270.5040000000001,3.027977381025162,-8.4532167657825,-0.4236812652285,8.029535500554,2.4534208313647223,1,1,3.6780000000000026,2,2,ok,False,11.6365040601029,0.780853955482372,0.780853955482372,10.106058430171808,13.166949690033993,18.18,0.5,1.0,9.383241699565215e-20,7.934377686873672e-21,12.417358015585274,4.213583474257769,2.714196543365607,1.552423859855381,False,0.08981351259625575,7.126143303234791e-22
2637372-92-8,O=C(O)C1=CC=C(C=C1C(=O)O)S(=O)(=O)N2CCN(C3=CC(F)=CC=C3F)CC2,188.36954115741463,366.4613706666667,0.53511,-0.65331,334.92800000000005,8.560731277758928,-7.1911527271635,-1.069951660166,6.1212010669975,2.787273484051304,0,1,1.8721,2,5,ok,False,11.480241267905805,0.780853955482372,0.780853955482372,9.949795637974713,13.010686897836898,18.18,0.5,1.0,1.4804484957365585e-20,1.2258652999556715e-21,12.261095223388178,2.100029013230845,2.714196543365607,0.7737203182149832,True,0.5495568071248598,6.736826202087974e-22
2645887-49-4,O=C(O)C1=CC=C(C#CCO)C=C1C(=O)O,187.6006998979002,211.86522666666667,0.53307,-0.66151,186.90400000000005,2.1949385822842515,-8.3645076505195,-1.01226352386,7.3522441266595,2.9896938996441684,0,1,0.4268,3,3,ok,False,11.447638959047463,0.780853955482372,0.780853955482372,9.91719332911637,12.978084588978556,18.18,0.5,1.0,1.0020878967456131e-20,8.261850643622972e-22,12.228492914529836,1.2367523992001384,2.714196543365607,0.4556605903220862,True,0.8125103929209965,6.712839512704688e-22
1222800-55-6,O=C(O)C=1C=C2C(=O)OC(=CC3=CC=C(OC)C=C3)C2=CC1C(=O)O,184.70570185587127,369.5933963333334,0.5352,-0.65304,281.5280000000001,9.164438337945212,-7.361768111427001,-1.5861516345645,5.775616476862501,3.4656589517955063,0,2,2.7601000000000004,2,5,ok,False,11.488270657569078,0.780853955482372,0.780853955482372,9.957825027637986,13.01871628750017,18.18,0.5,1.0,1.629372013698516e-20,1.3506206935085116e-21,12.269124613051451,2.395760776874167,2.714196543365607,0.8826777053895369,True,0.4588096175284237,6.196777638146146e-22
13629-83-9,O=C(O)C=1C=CC=C(C1)C=2C=CC(C(=O)O)=C(C2)C(=O)O,189.4202735763778,284.96476133333334,0.53234,-0.66411,238.44000000000003,4.211437031465626,-8.187361533844,-0.928452457906,7.258909075937999,2.8619336550047323,0,1,2.4482,3,3,ok,False,11.44067550251532,0.780853955482372,0.780853955482372,9.910229872584228,12.971121132446413,18.18,0.5,1.0,9.217397236030612e-21,7.592411393827464e-22,12.221529457997693,1.3945076145286168,2.714196543365607,0.5137828422695674,True,0.7679944219009893,5.830929599237008e-22
90273-39-5,O=C(O)C1=CC(Cl)=C(OC)C=C1C(=O)O,186.72255287663967,191.02114266666663,0.53457,-0.6582,179.14400000000003,5.068373472821434,-8.2366141407845,-0.6362021824690001,7.6004119583155,2.589559287640318,0,2,1.745,2,3,ok,False,11.421844695593839,0.780853955482372,0.780853955482372,9.891399065662746,12.952290325524931,18.18,0.5,1.0,7.349880571349583e-21,6.039090351976451e-22,12.202698651076211,0.8731166514522904,2.714196543365607,0.3216851239408126,True,0.9016928671406957,5.44540469439536e-22
330634-73-6,O=C(O)C1=CC=C(C=C1)NC(=O)C2=CC=C(C(=O)O)C(=C2)C(=O)O,189.1690965951581,320.2972876666667,0.53448,-0.65764,269.5040000000001,8.038823561939894,-8.074162172035999,-1.155939636924,6.918222535111999,3.0786368525794834,0,1,2.0335,4,4,ok,False,11.440258873843055,0.780853955482372,0.780853955482372,9.909813243911962,12.970704503774147,18.18,0.5,1.0,9.171397457592232e-21,7.554104977232189e-22,12.221112829325428,1.5806128284787444,2.714196543365607,0.5823501736977318,True,0.7123886036579863,5.381458296616284e-22
10210-28-3,O=C(O)C=1C=C2C=C3C=CC=CC3=CC2=CC1C(=O)O,184.74518753493743,333.67565866666666,0.53101,-0.67405,226.4000000000001,3.391101422841847,-7.083667756216,-1.2405670444295,5.8431007117865,2.964730903769228,0,2,3.389400000000002,2,2,ok,False,11.39514619593828,0.780853955482372,0.780853955482372,9.864700566007187,12.925591825869372,18.18,0.5,1.0,5.326496532681176e-21,4.361197992387112e-22,12.176000151420652,0.9342203010000751,2.714196543365607,0.3441977344211193,True,0.8882766156556028,3.8739501928816334e-22
1344574-24-8,O=C(O)C=1C=C2C(=CC1C(=O)O)C(N)CC2,187.5078293705727,211.19686133333332,0.53088,-0.67071,191.00000000000009,0.9820657462716028,-8.273621624452499,-0.5727996553025,7.700821969149999,2.540610917003843,0,2,1.029,3,3,ok,False,11.39871564938573,0.780853955482372,0.780853955482372,9.868270019454638,12.929161279316823,18.18,0.5,1.0,5.561173522193569e-21,4.555483388000423e-22,12.179569604868103,1.3464559424820361,2.714196543365607,0.4960790130593966,True,0.7818484249605651,3.561697511842149e-22
2365462-88-8,O=C(O)C=1C=C2C(=CC1C(=O)O)CC3N(C(=O)CC3)C2,187.2938826273106,256.75815600000004,0.53168,-0.66806,232.59200000000004,5.870349882247225,-8.394712287925,-0.608990797419,7.785721490506,2.6030557780639443,0,2,1.1301,2,3,ok,False,11.389011959441685,0.780853955482372,0.780853955482372,9.858566329510593,12.919457589372778,18.18,0.5,1.0,4.945855540662524e-21,4.0462754599761903e-22,12.169865914924058,1.0641372066447645,2.714196543365607,0.39206343005847066,True,0.8575174646683993,3.4697518737887437e-22
1073323-59-7,O=C(O)C1=CC=CC(=C1C(=O)O)CC=2C=CC=CC2,161.32567214472755,263.45548833333334,0.53423,-0.65773,226.97600000000008,2.3177304977067545,-8.2257295867645,-0.6114398220735,7.614289764691,2.564111873002491,1,0,2.673800000000001,2,2,ok,False,11.526141761412891,0.780853955482372,0.780853955482372,9.995696131481798,13.056587391343983,18.18,0.5,1.0,2.5570785067845804e-20,2.130348667682052e-21,12.306995716895264,3.702262511684952,2.714196543365607,1.3640362635987082,False,0.15558004384107865,3.3143973911475717e-22
2151858-40-9,O=C(O)C1=CC=C(C(F)=C1C(=O)O)C(F)(F)F,183.91086934668377,160.45914333333334,0.53848,-0.64136,176.11200000000005,4.088675654781143,-9.1928222114415,-1.1458714244555002,8.046950786986,3.320779166122266,1,1,2.2409000000000003,2,2,ok,False,11.381553008700966,0.780853955482372,0.780853955482372,9.851107378769873,12.911998638632058,18.18,0.5,1.0,4.519097500970336e-21,3.6935190498036556e-22,12.162406964183338,1.357840699462138,2.714196543365607,0.500273535010259,True,0.7785877246690174,2.875728593008299e-22
62155-89-9,O=C(O)C1=CC=C(C=C1C(=O)O)S(=O)(=O)NC=2C=CC=C(OC)C2,187.3651097624277,315.81244466666664,0.53685,-0.65133,282.61600000000004,10.549080160848147,-7.862185482496501,-1.0664141801095002,6.795771302387001,2.932702131511052,0,1,1.8924,3,5,ok,False,11.414968690122402,0.780853955482372,0.780853955482372,9.88452306019131,12.945414320053494,18.18,0.5,1.0,6.765717656222447e-21,5.554069772722025e-22,12.195822645604775,2.4789657486606744,2.714196543365607,0.9133331757864351,True,0.4342314943393436,2.411752017074063e-22
339100-35-5,O=C(O)C1=CC=C(OC2=CC=CC(=C2)NC(=O)C=CC=3C=CC=CC3)C=C1C(=O)O,189.58620128770124,451.48448033333335,0.53263,-0.66151,348.8560000000001,4.11000197688517,-7.672522128698,-0.919200586989,6.753321541709,2.732644179880544,0,1,4.527200000000003,3,4,ok,False,11.348112208799789,0.780853955482372,0.780853955482372,9.817666578868696,12.878557838730881,18.18,0.5,1.0,3.0121051401319947e-21,2.4510745501900693e-22,12.128966164282161,1.3279033208259485,2.714196543365607,0.4892436121001565,True,0.7871320055951356,1.9293192265543042e-22
4741-50-8,O=C(O)C1=CC(OC)=C(OC)C(=C1C(=O)O)C(C)C,158.26130900005006,248.552325,0.534,-0.65945,238.92800000000005,3.311464055368864,-8.008310620215001,-0.4693963921125,7.538914228102501,2.383351037439662,1,2,2.2236,2,4,ok,False,11.518617595326917,0.780853955482372,0.780853955482372,9.988171965395825,13.04906322525801,18.18,0.5,1.0,2.338505558458531e-20,1.9462937625243524e-21,12.29947155080929,4.258847467844448,2.714196543365607,1.5691006158910923,False,0.08525770865595038,1.6593654656419471e-22
671215-11-5,O=C(O)C1=CC=2C=C(CC2C=C1C(=O)O)S(=O)(=O)S,186.62293660288248,273.681411,0.53243,-0.66409,226.12800000000004,6.488759661137096,-8.410494891254,-1.382882588241,7.027612303013001,3.411907142869831,0,2,1.2396,3,4,ok,False,11.339678989910647,0.780853955482372,0.780853955482372,9.809233359979554,12.87012461984174,18.18,0.5,1.0,2.718414082232282e-21,2.2096503205999437e-22,12.12053294539302,1.5854226127713242,2.714196543365607,0.584122257707026,True,0.7109175552509847,1.5708792038804664e-22
2707039-96-9,O=CC(C1=CC=C(C(=O)O)C(=C1)C(=O)O)C,186.7744148586536,201.208292,0.53176,-0.66639,192.5360000000001,5.328417296909092,-8.770229401615,-0.6549780381535001,8.1152513634615,2.7366538417602317,0,1,1.3854,2,3,ok,False,11.322525193743058,0.780853955482372,0.780853955482372,9.792079563811965,12.85297082367415,18.18,0.5,1.0,2.2056355245454428e-21,1.7888339864939692e-22,12.10337914922543,1.0081020495402098,2.714196543365607,0.3714182202480304,True,0.8711409459943257,1.558326531221157e-22
1344467-49-7,O=C(O)C1=CC=CC(=C1C(=O)O)C2CNCC2,154.3738459110624,223.50052,0.53366,-0.65605,207.49600000000004,1.9624759463494068,-8.002868343205,-0.537152740887,7.465715602317999,2.442229385689818,1,0,1.1599,3,3,ok,False,11.584504953269535,0.780853955482372,0.780853955482372,10.054059323338443,13.114950583200628,18.18,0.5,1.0,5.0979582028141745e-20,4.2805955129872544e-21,12.365358908751908,5.016614942938788,2.714196543365607,1.8482872786795976,False,0.032838099599889224,1.4056662180231437e-22
499793-28-1,O=C(O)C1=CC(OC2=CC=C(C(=O)O)C(=C2)C(=O)O)=CC(=C1)C(=O)O,190.2251980457164,308.0568786666667,0.5333,-0.65993,275.02400000000006,3.379372807193666,-8.399066109532999,-1.004644336046,7.394421773486999,2.989745948133502,0,1,2.2717,4,5,ok,False,11.317791503484969,0.780853955482372,0.780853955482372,9.787345873553877,12.848237133416061,18.18,0.5,1.0,2.081830918389762e-21,1.6873841994088195e-22,12.098645458967342,1.185237358520268,2.714196543365607,0.43668074127401707,True,0.8263886712716724,1.394435186474269e-22
1344440-61-4,O=C(O)C1=CC=C(C=C1C(=O)O)CCC(N)C,189.7693688649027,231.588394,0.5317,-0.66698,218.12800000000004,4.055659263301098,-8.0951149385245,-0.6152494159805001,7.479865522543999,2.5358225679178643,0,1,1.3628000000000002,3,3,ok,False,11.31364334747381,0.780853955482372,0.780853955482372,9.783197717542718,12.844088977404903,18.18,0.5,1.0,1.979007665692965e-21,1.6031770465664326e-22,12.094497302956183,1.2670601191629474,2.714196543365607,0.4668269592561603,True,0.8041838153407987,1.2892490339745871e-22
2865961-61-9,O=C(O)C1=CC(F)=C(Cl)C(F)=C1C(=O)O,183.3875562912281,161.17032433333335,0.5398,-0.64074,164.20000000000005,3.289808325723552,-9.090235289803,-1.061788244651,8.028447045152001,3.20932495613654,1,2,2.0146,2,2,ok,False,11.296675999798808,0.780853955482372,0.780853955482372,9.766230369867715,12.8271216297299,18.18,0.5,1.0,1.6082076667192505e-21,1.2999245945832103e-22,12.07752995528118,1.114446795194856,2.714196543365607,0.41059915057328183,True,0.8448538184974319,1.0982462574923513e-22
2733858-31-4,O=C(O)C1=CC=C(SC2=CC=C(OC)C=C2)C=C1C(=O)O,186.0290258411457,309.3357256666667,0.53263,-0.66216,254.39200000000005,4.543077948924055,-7.7484418929875005,-0.738516990257,7.009924902730501,2.5688032356033608,0,1,3.2428000000000017,2,4,ok,False,11.2857779783775,0.780853955482372,0.780853955482372,9.755332348446407,12.816223608308592,18.18,0.5,1.0,1.4072168008273687e-21,1.1358547796235585e-22,12.066631933859872,0.7866902776549531,2.714196543365607,0.28984278223251153,True,0.919423129818529,1.0443311565008278e-22
862190-14-5,O=C(O)C1=CC=C(SC2=NN=C(S2)N)C=C1C(=O)O,190.50675157956724,270.4660236666667,0.53315,-0.65964,224.56800000000004,6.7025408383686855,-8.028991272853,-0.903962211361,7.125029061492,2.799906402571964,0,1,1.6679,3,7,ok,False,11.300585472898197,0.780853955482372,0.780853955482372,9.770139842967104,12.83103110282929,18.18,0.5,1.0,1.6870246627161664e-21,1.3643255530994735e-22,12.08143942838057,1.5285846925600903,2.714196543365607,0.563181283351221,True,0.728204649807546,9.935082116182885e-23
2251-54-9,O=C(O)C=1C(F)=CC(F)=C(F)C1C(=O)O,178.933550138803,142.96994456666667,0.53684,-0.63726,154.63200000000003,1.4186176546201588,-8.971865764835501,-0.8884517218825,8.083414042953,3.0069553663293065,2,1,1.5003000000000002,2,2,ok,False,11.257401054370478,0.780853955482372,0.780853955482372,9.726955424439385,12.78784668430157,18.18,0.5,1.0,9.931012450816976e-22,7.986561661443055e-23,12.03825500985285,0.8471160917296917,2.714196543365607,0.3121056556498546,True,0.9071840386096206,7.245281262632672e-23
1010100-11-4,O=C(O)C1=CC=C(C=C1C(=O)O)NCC=2C=CC=CC2,190.68787801461588,288.644406,0.53085,-0.6654,238.99200000000005,6.04235653863623,-7.3538768097625,-0.3752449998395,6.978631809923,2.140080089292046,0,1,2.695100000000001,3,3,ok,False,11.262511340232251,0.780853955482372,0.780853955482372,9.732065710301159,12.792956970163344,18.18,0.5,1.0,1.0575346100297826e-21,8.510357801241679e-23,12.043365295714624,1.4597988704380511,2.714196543365607,0.5378383057801329,True,0.7488099670842822,6.372640745023246e-23
82520-81-8,O=C(O)C1=CC(Br)=C(S)C=C1C(=O)O,186.6394644772027,205.33360033333332,0.53436,-0.65689,176.50400000000005,0.7752465736783363,-8.118516729667501,-0.891444974238,7.227071755429501,2.8081708834859658,0,2,2.1342,3,3,ok,False,11.252408740044647,0.780853955482372,0.780853955482372,9.721963110113554,12.78285436997574,18.18,0.5,1.0,9.339098078280108e-22,7.505699115352636e-23,12.03326269552702,1.2508766243347915,2.714196543365607,0.46086442317242915,True,0.8086443975873202,6.069441539606015e-23
339252-13-0,O=C(O)C1=CC=C(OC2=CC=C(C=C2)NC(=O)C=CC=CC)C=C1C(=O)O,189.48530690843936,398.6494923333333,0.5332,-0.66062,322.28800000000007,10.17649819977383,-7.642589605143,-0.668311616828,6.974277988315,2.4759222114849617,0,1,3.946100000000002,3,4,ok,False,11.284726739788544,0.780853955482372,0.780853955482372,9.754281109857452,12.815172369719637,18.18,0.5,1.0,1.3891963838307827e-21,1.1211564936368546e-22,12.065580695270917,2.4133717403102777,2.714196543365607,0.8891661682383891,True,0.453565097652422,5.0851745452004697e-23
144152-92-1,O=C(O)C1=CC=CC(C=2C=CC=CC2C)=C1C(=O)O,163.26999439530607,266.802675,0.53458,-0.65629,226.5600000000001,2.10002294749367,-8.1898105584985,-0.6326647024125001,7.557145856086,2.574916218756809,1,0,3.058420000000001,2,2,ok,False,11.34101579337504,0.780853955482372,0.780853955482372,9.810570163443948,12.871461423306133,18.18,0.5,1.0,2.7630043915460406e-21,2.246287417293595e-22,12.121869748857414,3.3704110962466536,2.714196543365607,1.2417711990994358,False,0.21395368536466275,4.806014713182347e-23
1159694-47-9,O=C(O)C1=CC=C(C=C1C(=O)O)N2C=NN=C2,187.2312532412946,208.250529,0.53364,-0.65827,187.89600000000004,7.449242193001917,-8.776760134027,-0.8955266819955001,7.8812334520315,2.967591710764767,0,1,0.6637,2,5,ok,False,11.241300148901148,0.780853955482372,0.780853955482372,9.710854518970056,12.77174577883224,18.18,0.5,1.0,8.144343613631326e-22,6.536114401213014e-23,12.022154104383521,1.754420629241027,2.714196543365607,0.6463867303675596,True,0.6584835064959897,4.3039235297696816e-23
2595725-80-5,O=C(O)C1=CC=C(C#CCCCC#C)C=C1C(=O)O,184.59733464668344,266.849125,0.533,-0.66194,234.44000000000003,3.378792356745232,-8.1636876288505,-0.9548475014045,7.208840127446,2.883531936196259,0,1,2.238,2,2,ok,False,11.204711894757967,0.780853955482372,0.780853955482372,9.674266264826874,12.73515752468906,18.18,0.5,1.0,5.181254589262623e-22,4.1386022813438754e-23,11.98556585024034,0.8605734774455918,2.714196543365607,0.31706380274822676,True,0.9043584741296942,3.7427800441858186e-23
2587035-40-1,O=C(O)C1=CC=C(C#CCCCN)C=C1C(=O)O,186.03469003189824,253.38941366666663,0.53275,-0.66267,223.87200000000004,0.4645631711618991,-8.137292585352,-0.94151392273,7.195778662622001,2.8636486569320807,0,1,1.1734,3,3,ok,False,11.2114783131969,0.780853955482372,0.780853955482372,9.681032683265807,12.741923943127992,18.18,0.5,1.0,5.634184180362512e-22,4.504299460430642e-23,11.992332268679272,1.297172849253379,2.714196543365607,0.4779214874560569,True,0.7957987528368246,3.5845158930142864e-23
1804038-62-7,N#CCCC1=CC=C(C(=O)O)C(=C1)C(=O)O,187.2203026923808,199.972497,0.53208,-0.66515,190.60800000000003,6.4747565375078,-8.795808103562,-0.7074960113,8.088312092262,2.7914597035008786,0,1,1.53918,2,3,ok,False,11.196907784686774,0.780853955482372,0.780853955482372,9.666462154755681,12.727353414617866,18.18,0.5,1.0,4.703455844566581e-22,3.7531928515715315e-23,11.977761740169147,1.3288435221877495,2.714196543365607,0.48959001345568803,True,0.7868651585435146,2.9532566881962186e-23
146598-55-2,O=C(O)C1=CC=C(C#CC#CC2=CC=C(C(=O)O)C(=C2)C(=O)O)C=C1C(=O)O,185.6722350388762,427.7631263333333,0.53353,-0.66025,310.5040000000001,1.295200061766521,-7.818375152566,-1.5641104126740002,6.254264739892,3.5188403050978416,0,1,1.8826000000000005,4,4,ok,False,11.189913969020445,0.780853955482372,0.780853955482372,9.659468339089353,12.720359598951537,18.18,0.5,1.0,4.312463276902648e-22,3.43811013111635e-23,11.970767924502818,1.6576812729912682,2.714196543365607,0.6107447439807514,True,0.6886589368884992,2.367685267800164e-23
6219-66-5,O=C(O)C1=C(O)C=C2C(=O)C=3C(O)=C(C(C(=O)C)=C(O)C3C(=O)C2=C1C(=O)O)CC,164.61314158439035,426.61637866666666,0.54302,-0.65761,326.87200000000007,6.994417089364918,-7.744904412931,-2.3314714710840003,5.413432941846999,4.688953943212471,2,1,1.7402,5,8,ok,False,11.399003049791702,0.780853955482372,0.780853955482372,9.86855741986061,12.929448679722794,18.18,0.5,1.0,5.5805077250657265e-21,4.571493990673889e-22,12.179857005274075,4.6926502676400865,2.714196543365607,1.7289279507449355,False,0.05032809249526523,2.3007457240418464e-23
669704-09-0,O=C(O)C1=CC=C(OC2=CC=CC(=C2)NC(=O)C3=CC=C(C=C3)C)C=C1C(=O)O,190.5243012508521,414.3369,0.53308,-0.66098,338.24000000000007,9.274236465068162,-7.823273201875,-0.5442277010000001,7.279045500875,2.4046789977888428,0,1,4.436020000000003,3,4,ok,False,11.203799161161593,0.780853955482372,0.780853955482372,9.6733535312305,12.734244791092685,18.18,0.5,1.0,5.122983176841706e-22,4.091577657361524e-23,11.984653116643965,2.1432282150329507,2.714196543365607,0.7896363364958623,True,0.5360512301103406,2.1932952363206307e-23
149967-37-3,O=C(O)C1=CC=2C=CC=C(OC)C2C=C1C(=O)O,185.6106284068815,257.72294266666665,0.53165,-0.66959,207.72800000000004,4.556181047763576,-7.426259093995499,-0.6816451955025,6.744613898492999,2.4366892218377547,0,2,2.2448,2,3,ok,False,11.1516458195452,0.780853955482372,0.780853955482372,9.621200189614108,12.682091449476292,18.18,0.5,1.0,2.6784090134767967e-22,2.1249382815121963e-23,11.932499775027573,0.7998488633917742,2.714196543365607,0.2946908415114112,True,0.9168213075514414,1.9481886937221246e-23
39519-77-2,O=C(O)C1=CC=C(C=C1C(=O)O)N(C)C,186.1634745131228,214.2883003333333,0.53056,-0.66616,183.94400000000005,6.753950113822281,-7.112783938219501,-0.3703469505305,6.7424369876890005,2.076298525311012,0,1,1.1489999999999998,2,3,ok,False,11.141749972719246,0.780853955482372,0.780853955482372,9.611304342788154,12.672195602650339,18.18,0.5,1.0,2.3671155341149773e-22,1.8756033745121048e-23,11.92260392820162,1.3877483259451702,2.714196543365607,0.5112924962406593,True,0.7699574566905748,1.4441348039996e-23
294890-67-8,O=C(O)C1=CC=C(OC2=CC=CC(=C2)NC(=O)C=3C=CC(=CC3)C=4C=CC=CC4)C=C1C(=O)O,190.3452075715656,507.1276423333333,0.53332,-0.66034,392.3760000000001,9.184069177657582,-7.712794978572001,-0.6416444594790001,7.071150519093001,2.4676556571523305,0,1,5.794600000000004,3,4,ok,False,11.158802007023056,0.780853955482372,0.780853955482372,9.628356377091963,12.689247636954148,18.18,0.5,1.0,2.928439730506176e-22,2.325424919923453e-23,11.939655962505428,2.0890512537092847,2.714196543365607,0.7696757476224837,True,0.5529980761061565,1.2859555068469825e-23
82520-82-9,O=C(O)C1=CC=2SC=3C=C(C(=O)O)C(=CC3SC2C=C1C(=O)O)C(=O)O,189.8394730742197,367.7922683333333,0.53438,-0.65823,291.9200000000001,3.267762465357603,-7.8616412547955,-1.1273676826215,6.734273572174,2.999665844094807,0,2,3.0952,4,6,ok,False,11.125557941935277,0.780853955482372,0.780853955482372,9.595112312004185,12.65600357186637,18.18,0.5,1.0,1.9331867494298604e-22,1.528622813616587e-23,11.90641189741765,1.1804719991622767,2.714196543365607,0.4349250248836033,True,0.8276542557921741,1.2651711771907756e-23
2538750-81-9,O=C(O)C1=CC=C(C#CC(O)C)C=C1C(=O)O,187.07342794132668,229.31386066666667,0.53292,-0.66171,203.43200000000004,1.9327225434603903,-8.3204252067385,-0.988317505016,7.3321077017225,2.954562807816012,0,1,0.8152999999999999,3,3,ok,False,11.124731748270255,0.780853955482372,0.780853955482372,9.594286118339163,12.655177378201348,18.18,0.5,1.0,1.9132928639781036e-22,1.5127332683832443e-23,11.905585703752628,1.1982265228750304,2.714196543365607,0.4414663800983359,True,0.8229230642462351,1.2448630966051617e-23
2830605-80-4,O=C(O)C1=CC(Br)=C(O)C=C1C(=O)O,187.16851445447583,182.17053066666668,0.53461,-0.65656,166.66400000000004,1.1884199299910785,-8.4134881436095,-0.6620529982665,7.751435145343001,2.656457980796254,0,2,1.5510999999999997,3,3,ok,False,11.12628536587728,0.780853955482372,0.780853955482372,9.595839735946187,12.656730995808372,18.18,0.5,1.0,1.9508717382664388e-22,1.5427495026830754e-23,11.907139321359653,1.2789025466188955,2.714196543365607,0.47119010218510365,True,0.8008992561687088,1.2355869291535206e-23
22179-20-0,O=C(O)C1=CC=C(C=C1C(=O)O)S(=O)(=O)N,186.30338436632076,193.958432,0.53646,-0.65168,185.16800000000003,9.03406064402935,-9.312280191811,-1.0555296260895,8.2567505657215,3.2546544662016523,0,1,-0.2695999999999997,3,4,ok,False,11.147263356664523,0.780853955482372,0.780853955482372,9.61681772673343,12.677708986595615,18.18,0.5,1.0,2.5358452381288094e-22,2.0107100822313118e-23,11.928117312146895,2.0434507486529117,2.714196543365607,0.7528750096037741,True,0.5673262294743551,1.1407285695183606e-23
104825-39-0,O=C(O)C1=CC=C(C(=C1C(=O)O)N(=O)=O)CS(=O)(=O)C=2C=CC=CC2,173.54753054025412,325.865962,0.53822,-0.64005,285.4080000000001,8.383201069400638,-8.991730075922,-1.850918411101,7.140811664820999,4.11588457066838,1,1,1.9651,2,6,ok,False,11.187539695223816,0.780853955482372,0.780853955482372,9.657094065292723,12.717985325154908,18.18,0.5,1.0,4.187182911078897e-22,3.337214925571604e-23,11.968393650706188,2.896768251764767,2.714196543365607,1.0672654708242943,False,0.3201212063007016,1.068313267658688e-23
138455-20-6,O=C(O)C1=CC=C(C=C1C(=O)O)C(=O)C2=CC=C(OC3=CC=C(N)C=C3)C=C2,188.98150885551772,399.56251,0.53337,-0.65904,322.21600000000007,7.177771797709928,-7.2216294784195005,-1.258254444712,5.9633750337075,3.014586158984109,0,1,3.688500000000001,3,5,ok,False,11.120666524288842,0.780853955482372,0.780853955482372,9.59022089435775,12.651112154219934,18.18,0.5,1.0,1.8183192252398855e-22,1.4369002842116293e-23,11.901520479771214,1.5923266183105063,2.714196543365607,0.5866659222607437,True,0.7088035265362979,1.0184799887302115e-23
105553-71-7,O=C(O)C1=CC=C(OC2=CC=C(C=C2)C(=O)C3=CC=C(C(=O)O)C(=C3)C(=O)O)C=C1C(=O)O,188.44074978322075,437.3948423333334,0.53327,-0.65997,365.63200000000006,5.302563223574048,-8.123686892827001,-1.292540789875,6.831146102952001,3.244892673799196,0,1,3.502700000000001,4,6,ok,False,11.09608818805508,0.780853955482372,0.780853955482372,9.565642558123988,12.626533817986173,18.18,0.5,1.0,1.3357860901824037e-22,1.0522986854838316e-23,11.876942143537454,1.1919921627083747,2.714196543365607,0.4391694351029948,True,0.8245893346766201,8.677142729441945e-24
99807-59-7,O=C(O)C=1C=C(C(=O)O)C(=CC1Cl)C(=O)O,185.7889923986136,191.11426733333332,0.53578,-0.65062,182.39200000000005,2.8873728283683766,-8.9974444667825,-1.197845169901,7.7995992968815,3.331707399937382,0,2,1.4346,3,3,ok,False,11.085735636567192,0.780853955482372,0.780853955482372,9.555290006636099,12.616181266498284,18.18,0.5,1.0,1.1727242224716428e-22,9.226324892570714e-24,11.866589592049564,1.3189902274952376,2.714196543365607,0.48595973298959705,True,0.7896567970038151,7.285630162783958e-24
42760-51-0,O=C(O)C1=CC=C(C(=C1C(=O)O)N(=O)=O)C,172.6061529913601,192.453904,0.53695,-0.64579,178.86400000000003,4.813653947886158,-9.1117322839925,-1.7232970152165,7.388435268775999,3.9723519136334704,1,1,1.29962,2,4,ok,False,11.11397534989719,0.780853955482372,0.780853955482372,9.583529719966098,12.644420979828283,18.18,0.5,1.0,1.6720548641654353e-22,1.3201944535239859e-23,11.894829305379563,2.147254517236907,2.714196543365607,0.7911197597261356,True,0.5347956999713698,7.0603431687068e-24
42297-17-6,O=C(O)C1=CC=C(C=C1C(=O)O)[Si](C2=CC=C(C(=O)O)C(=C2)C(=O)O)(C)C,190.9319657360725,368.8077913333333,0.53191,-0.66637,330.12000000000006,6.445756384630124,-8.686418335661001,-0.823416511613,7.863001824048001,2.875395454756124,0,1,1.3019999999999994,4,4,ok,False,11.075113246138388,0.780853955482372,0.780853955482372,9.544667616207295,12.60555887606948,18.18,0.5,1.0,1.0258942033318353e-22,8.060316003187027e-24,11.85596720162076,1.4764807022289126,2.714196543365607,0.5439844457240649,True,0.7438476198245195,5.995646874004154e-24
89939-54-8,O=C(O)C=1C(=CC=C(C1C(=O)O)N(=O)=O)NO,158.6511056562827,207.2874003333333,0.53597,-0.64135,182.99200000000005,8.077857790899763,-8.202055681771,-1.8544558911575,6.3475997906135,3.983136474908031,2,0,0.7923,4,6,ok,False,11.323514271212234,0.780853955482372,0.780853955482372,9.793068641281142,12.853959901143327,18.18,0.5,1.0,2.232409226631543e-21,1.8107815734875858e-22,12.104368226694607,5.027263076876603,2.714196543365607,1.8522104042777945,False,0.03236481569058034,5.860561188182478e-24
53624-86-5,O=C(O)C1=CC=C(C=C1C(=O)O)C(=O)OC2=CC=C(OC(=O)C3=CC=C(C(=O)O)C(=C3)C(=O)O)C=C2,188.2579073233604,444.4034676666667,0.53483,-0.65505,393.82400000000007,4.248168406501796,-8.6850577664085,-1.200022080705,7.4850356857035,3.2636719344720637,0,1,2.9178000000000006,4,8,ok,False,11.049614160589819,0.780853955482372,0.780853955482372,9.519168530658726,12.580059790520911,18.18,0.5,1.0,7.435746707924477e-23,5.823402437175756e-24,11.830468116072192,1.0921259692265626,2.714196543365607,0.4023754182047277,True,0.8505211691836069,4.95292704949339e-24
874374-20-6,O=C(O)C1=CC(OC=2C=CC=CC2OC)=C(OC=3C=CC=CC3OC)C=C1C(=O)O,186.2487624725825,407.12604166666665,0.53317,-0.65757,349.9120000000001,5.523299528361648,-7.5732005732655,-0.655794379705,6.9174061935605,2.447317536414587,0,2,4.684800000000004,2,6,ok,False,11.042786745498244,0.780853955482372,0.780853955482372,9.512341115567152,12.573232375429336,18.18,0.5,1.0,6.820575410682502e-23,5.337032433315647e-24,11.823640700980617,0.9782449275337545,2.714196543365607,0.36041786654135577,True,0.8781823328419353,4.686887592742205e-24
2083629-97-2,O=C(O)C1=CC=C(C=C1C(=O)O)CN(CC=2C=CC=C(C2)C)CCC(=O)O,188.38311557275065,368.1123023333334,0.53167,-0.66668,334.9440000000001,2.7086484489501403,-7.744904412931,-0.6713048691835001,7.073599543747499,2.5034135111225173,0,1,2.8683200000000006,3,4,ok,False,11.046109031532977,0.780853955482372,0.780853955482372,9.515663401601884,12.576554661464069,18.18,0.5,1.0,7.113358902053881e-23,5.56846128710267e-24,11.82696298701535,1.2367155642030945,2.714196543365607,0.45564701908785343,True,0.8125204417615045,4.524488624928497e-24
1344893-80-6,O=C(O)C=1C=C2C(=O)CCC2=CC1C(=O)O,185.1798458004633,202.84443666666667,0.53414,-0.65722,181.62400000000005,5.979877691893037,-8.9011161637055,-1.145055082904,7.7560610808015005,3.253118937073081,0,2,1.2119,2,3,ok,False,11.048715510028245,0.780853955482372,0.780853955482372,9.518269880097153,12.579161139959337,18.18,0.5,1.0,7.351739368381147e-23,5.756959231379374e-24,11.829569465510618,1.6519682214030635,2.714196543365607,0.6086398663505116,True,0.6904287573480291,3.9747702082245256e-24
2577934-20-2,O=C(O)C=1C=CC=C(C#CCCCCl)C1C(=O)O,179.6534519571836,250.105064,0.53602,-0.65282,226.48800000000008,1.30057956696236,-8.1816471429835,-0.7066796697485,7.474967473235001,2.6422306790232803,1,0,2.4535,2,2,ok,False,11.028738930414463,0.780853955482372,0.780853955482372,9.49829330048337,12.559184560345555,18.18,0.5,1.0,5.708891136208261e-23,4.459265066700504e-24,11.809592885896835,0.9332098035989785,2.714196543365607,0.34382543367393625,True,0.8885041782222656,3.962075643563988e-24
202597-63-5,O=C(O)C=1C=CC2=C(OC=3C=CC=CC32)C1C(=O)O,184.0090414748283,267.93741933333337,0.53506,-0.65144,208.28800000000004,3.299370176260918,-7.992255903035501,-1.059611333847,6.932644569188501,2.9547274368537937,1,1,2.982400000000001,2,3,ok,False,11.026840827639377,0.780853955482372,0.780853955482372,9.496395197708285,12.55728645757047,18.18,0.5,1.0,5.573149275624018e-23,4.352197820268705e-24,11.80769478312175,0.9229957437693066,2.714196543365607,0.3400622353695841,True,0.8907937819476274,3.87691075610138e-24
2620557-98-2,O=C(C#CC1=CC=C(C(=O)O)C(=C1)C(=O)O)N,186.27069790613328,224.858433,0.53382,-0.65862,192.99200000000005,6.618053494797394,-8.649410851993,-1.323017541131,7.326393310862,3.3935295252489257,0,1,-0.0801999999999997,3,3,ok,False,11.034109622952043,0.780853955482372,0.780853955482372,9.50366399302095,12.564555252883135,18.18,0.5,1.0,6.110959440535979e-23,4.776547759703603e-24,11.814963578434416,1.5956328556826076,2.714196543365607,0.5878840497320879,True,0.7077901298978834,3.380793359304057e-24
87255-79-6,O=C(O)C1=CC=2C=NN=CC2C=C1C(=O)O,185.3791279055637,206.9220303333333,0.53452,-0.6564,174.69600000000003,6.217200008042206,-8.7373036257045,-1.1589328892795,7.578370736425001,3.2307569979976494,0,2,1.0262,2,4,ok,False,11.035705392256489,0.780853955482372,0.780853955482372,9.505259762325396,12.566151022187581,18.18,0.5,1.0,6.235737249010893e-23,4.875056837661616e-24,11.816559347738862,1.6647898755413215,2.714196543365607,0.6133637888570074,True,0.6864546350341638,3.346505362267809e-24
114026-06-1,O=C(O)C1=CC=C(OC=2C=CC=CC2N)C=C1C(=O)O,188.21166165951345,271.59708033333334,0.53302,-0.6609,230.66400000000004,2.871810615273925,-7.341087458789,-0.539873879392,6.801213579397,2.2830319504320853,0,1,2.4575,3,4,ok,False,11.018533487841774,0.780853955482372,0.780853955482372,9.488087857910681,12.548979117772866,18.18,0.5,1.0,5.015681937491326e-23,3.912775274286834e-24,11.799387443324147,1.2276292230893153,2.714196543365607,0.4522993097497109,True,0.8149938876380066,3.1888879322448943e-24
2588579-64-8,O=C(O)C=1C=CC=C(C#CCC#CCCCCC)C1C(=O)O,161.41525551436615,311.413131,0.53657,-0.65178,283.6000000000001,2.9098216818217573,-8.1957970632095,-0.730353574742,7.465443488467501,2.6681658408668043,1,0,3.408300000000001,2,2,ok,False,11.135611504335026,0.780853955482372,0.780853955482372,9.605165874403934,12.666057134266119,18.18,0.5,1.0,2.1923033146113165e-22,1.7357320175344873e-23,11.916465459817399,3.623528767738594,2.714196543365607,1.3350281417886614,False,0.16825070178729112,2.920381300648482e-24
330635-68-2,O=C(O)C1=CC=C(OC2=CC=C(C=C2)NC(=O)C=3SC=CC3)C=C1C(=O)O,190.74610803472228,384.5656753333333,0.53336,-0.66081,312.38400000000007,7.995585012993108,-7.839327919054501,-0.612800391326,7.226527527728501,2.471396971125585,0,1,4.189100000000002,3,5,ok,False,11.025497572006472,0.780853955482372,0.780853955482372,9.49505194207538,12.555943201937565,18.18,0.5,1.0,5.479022469329052e-23,4.277970137094617e-24,11.806351527488845,1.7662107612305449,2.714196543365607,0.6507306059127322,True,0.6547837035493027,2.8011451300401318e-24
93305-71-6,O=C(O)C1=CC=CC(=C1C(=O)O)C(C(=O)O)(C)C,154.345817894731,222.950298,0.53262,-0.65523,215.2800000000001,3.801736512437442,-8.801250380572,-0.575248679957,8.226001700615,2.671976551668113,1,0,1.4452,3,3,ok,False,11.24913060059654,0.780853955482372,0.780853955482372,9.718684970665448,12.779576230527633,18.18,0.5,1.0,8.969550086379754e-22,7.205647927917191e-23,12.029984556078913,4.911291558146223,2.714196543365607,1.8094826515607507,False,0.03784609532287632,2.7270563834304024e-24
294890-18-9,O=C(O)C1=CC=C(OC2=CC=CC(=C2)NC(=O)C=3C=CC=CC3)C=C1C(=O)O,190.24026346087877,395.350827,0.53306,-0.66049,321.46400000000006,5.578151871363848,-7.818919380266999,-0.6299435639075001,7.188975816359499,2.4823871603171392,0,1,4.127600000000003,3,4,ok,False,11.004817082081473,0.780853955482372,0.780853955482372,9.47437145215038,12.535262712012566,18.18,0.5,1.0,4.213573859199644e-23,3.2813949745773343e-24,11.785671037563846,1.3018304860877032,2.714196543365607,0.47963751529704324,True,0.7944921717705143,2.607042619788798e-24
263745-24-0,O=C(O)C1=CC(F)=C(F)C(F)=C1C(=O)O,183.8414221919976,143.11948470000002,0.53873,-0.64028,154.16800000000003,3.542658244877708,-9.207788473219,-0.9036900975105,8.3040983757085,3.0780583954004124,1,2,1.5003000000000002,2,2,ok,False,10.998383048593608,0.780853955482372,0.780853955482372,9.467937418662515,12.5288286785247,18.18,0.5,1.0,3.882446927832072e-23,3.0210884645790297e-24,11.77923700407598,1.0423941660129532,2.714196543365607,0.3840525729652515,True,0.8628655629234333,2.6067931986304754e-24
1391103-19-7,O=C(O)C1=CC=C(C=C1C(=O)O)C2NCC2,187.03390018464356,208.52198533333333,0.53249,-0.66531,192.88800000000003,1.162996895954585,-7.999330863148501,-0.6734817799875,7.325849083161001,2.566858745282952,0,1,1.1174,3,3,ok,False,11.003778882298928,0.780853955482372,0.780853955482372,9.473333252367835,12.53422451223002,18.18,0.5,1.0,4.1583114023604517e-23,3.2379371521571563e-24,11.7846328377813,1.3122977450635491,2.714196543365607,0.4834940005620589,True,0.7915466611564088,2.5629783418242878e-24
90829-94-0,O=C(O)C=1C=C2C(=O)OC3(C4=CC=C(O)C=C4OC5=CC(O)=CC=C53)C2=CC1C(=O)O,188.9382845186644,408.502414,0.53539,-0.65012,331.2320000000001,7.678215561574187,-7.802048321536,-1.1665520770935,6.6354962444425,3.0305115905108635,0,2,3.0622000000000016,4,7,ok,False,11.005596208223999,0.780853955482372,0.780853955482372,9.475150578292906,12.536041838155091,18.18,0.5,1.0,4.2555230143423617e-23,3.3143871813601924e-24,11.786450163706371,1.4969934540839858,2.714196543365607,0.5515420236397884,True,0.7377143389995707,2.4450709486857846e-24
727656-48-6,O=C(O)C1=CC=C(OC2=CC=C(C=C2)NC(=O)C3=CC=C(OC)C=C3)C=C1C(=O)O,188.6825559674774,421.85085733333335,0.53297,-0.66075,346.4720000000001,10.24610039429636,-7.6395963527875,-0.5994668126515,7.040129540135999,2.410543778246386,0,1,4.136200000000002,3,5,ok,False,11.035187339238004,0.780853955482372,0.780853955482372,9.504741709306911,12.565632969169096,18.18,0.5,1.0,6.194955183240726e-23,4.842858163332912e-24,11.816041294720376,2.4363464752624493,2.714196543365607,0.8976308223579773,True,0.4467567154604552,2.1635794064914644e-24
2603824-83-3,O=C(O)C=1C=CC=C(C#CCC=2C=CC=CC2)C1C(=O)O,161.69066338905347,300.2990876666667,0.53588,-0.65191,248.8880000000001,2.8371716585360147,-8.1707625889635,-0.6985162542335,7.47224633473,2.631876134515322,1,0,2.6772,2,2,ok,False,11.093931660006685,0.780853955482372,0.780853955482372,9.563486030075593,12.624377289937778,18.18,0.5,1.0,1.300065261407157e-22,1.023878970737741e-23,11.874785615489058,3.589365248711039,2.714196543365607,1.3224411686340967,False,0.17397378631164565,1.7812810126411544e-24
294667-39-3,O=C(O)C1=CC=C(OC2=CC=CC(=C2)NC(=O)C(C=3C=CC=CC3)C=4C=CC=CC4)C=C1C(=O)O,189.9930870175473,504.60853133333336,0.53333,-0.66039,409.6160000000001,5.287331544361485,-7.935656222131501,-0.5412344486445001,7.394421773487,2.429455528961636,0,1,5.645900000000004,3,4,ok,False,10.960496583905197,0.780853955482372,0.780853955482372,9.430050953974105,12.49094221383629,18.18,0.5,1.0,2.3944622772593114e-23,1.8544304548460312e-24,11.74135053938757,1.2791874992790626,2.714196543365607,0.4712950881931596,True,0.8008200129036319,1.4850650207786867e-24
2151858-37-4,O=C(O)C1=CC(=CC(F)=C1C(=O)O)C,183.31756019025585,164.62064233333334,0.5354,-0.6521,160.83200000000005,2.6987215584420707,-8.6910442711195,-0.741238128762,7.9498061423575,2.7978025400230395,1,1,1.53052,2,2,ok,False,10.946411354077586,0.780853955482372,0.780853955482372,9.415965724146494,12.476856984008679,18.18,0.5,1.0,1.9994715229510875e-23,1.545809691289464e-24,11.727265309559959,0.8382791699552079,2.714196543365607,0.3088498406661961,True,0.9090199625183322,1.4051718676364232e-24
770744-13-3,O=C(O)C1=CC(OC=2C=CC=CC2)=C(OC3=CC=C(N)C=C3)C=C1C(=O)O,190.22420951607376,376.0870003333334,0.5337,-0.65688,310.5280000000001,5.829192319695757,-7.248024521917999,-0.640011776376,6.608012745541999,2.354002596513615,0,2,4.249800000000003,3,5,ok,False,10.940657819274755,0.780853955482372,0.780853955482372,9.410212189343662,12.471103449205847,18.18,0.5,1.0,1.8573507699877928e-23,1.4349076252448132e-24,11.721511774757127,1.3324305323836714,2.714196543365607,0.49091158694478915,True,0.7858461951303054,1.1276166976620987e-24
304449-33-0,O=C(O)C1=CC=C(OC=2C=CC=CC2NC(=O)CCCCCCCCCCC)C=C1C(=O)O,190.5539725848153,466.9686630000001,0.53261,-0.66107,434.5360000000001,7.213659846430243,-8.25049194716,-0.57143908605,7.679052861110001,2.533726117086005,0,1,6.7347000000000055,3,4,ok,False,10.943775818106374,0.780853955482372,0.780853955482372,9.413330188175282,12.474221448037467,18.18,0.5,1.0,1.9330809830982446e-23,1.4939926482961057e-24,11.724629773588747,1.5830003880638999,2.714196543365607,0.5832298298121689,True,0.7116585591249247,1.063212655429637e-24
2534423-97-5,O=C(O)C1=CC=C(C#CC(C)(C)CO)C=C1C(=O)O,188.5791431642062,264.889093,0.53288,-0.66229,237.08800000000005,4.199623317632189,-8.1903547861995,-0.9521263628995,7.238228423299999,2.8869274590923704,0,1,1.453,3,3,ok,False,10.937075178898393,0.780853955482372,0.780853955482372,9.4066295489673,12.467520808829486,18.18,0.5,1.0,1.7739564368110582e-23,1.3698706104557221e-24,11.717929134380766,1.3853020817271529,2.714196543365607,0.5103912187616954,True,0.7706667758461964,1.0557137666863722e-24
113006-47-6,O=C(O)C1=CC=C(OC2=CC=CC(N)=C2)C=C1C(=O)O,189.1124162743025,272.757933,0.53293,-0.66147,231.32000000000005,4.169239722059646,-7.323127944656001,-0.597562015698,6.725565928958001,2.3320464816918625,0,1,2.4575000000000005,3,4,ok,False,10.929808760867765,0.780853955482372,0.780853955482372,9.399363130936672,12.460254390798857,18.18,0.5,1.0,1.6160320621205182e-23,1.246793513051299e-24,11.710662716350138,1.269117646083365,2.714196543365607,0.46758502039415967,True,0.8036143803452264,1.0019411964091676e-24
2386131-64-0,O=C(O)C1=CC=CC(=C1C(=O)O)S(=O)(=O)Cl,166.9738414830469,201.64725866666663,0.53887,-0.63596,188.24000000000004,5.705940501792846,-9.4965012685995,-1.6035669209965002,7.892934347603,3.902588960818453,1,0,1.0105000000000002,2,4,ok,False,10.991850789249726,0.780853955482372,0.780853955482372,9.461405159318634,12.522296419180819,18.18,0.5,1.0,3.572629016400522e-23,2.777734852326556e-24,11.7727047447321,2.931277245752507,2.714196543365607,1.079979728408953,False,0.3114999149543917,8.65264170265572e-25
90322-77-3,O=C(O)C=1C(OC)=CC=C(C1C(=O)O)N(=O)=O,167.30998490824996,205.54304566666667,0.53593,-0.64253,187.85600000000005,7.816911375984763,-8.5724026323015,-1.8114619027785,6.760940729523,3.9870428907938185,2,0,0.9998,2,5,ok,False,11.018317905162192,0.780853955482372,0.780853955482372,9.4878722752311,12.548763535093284,18.18,0.5,1.0,5.0019753997993174e-23,3.9019771138949445e-24,11.799171860644565,3.3950454521202276,2.714196543365607,1.2508473125937913,False,0.20916769100460877,8.161675432662329e-25
2419694-45-2,O=C(O)C1=CC=C(C=C1C(=O)O)NS(=O)(=O)C=2C(=CC(=CC2C)C)C,189.61749232643027,353.98214433333334,0.53322,-0.6598,305.80000000000007,8.628142535331692,-8.259743818077,-0.706951783599,7.552792034478,2.6613214572203097,0,1,2.809060000000001,3,4,ok,False,10.93272327482528,0.780853955482372,0.780853955482372,9.402277644894188,12.463168904756373,18.18,0.5,1.0,1.6776289888765304e-23,1.2947850775373021e-24,11.713577230307653,1.8597847109980754,2.714196543365607,0.6852063515974934,True,0.6253100049671677,8.09642063266265e-25
2520422-38-0,O=C(O)C1=CC=C(C#CC(O)CCCCC)C=C1C(=O)O,186.8907828035568,295.0352166666667,0.53296,-0.66182,270.36800000000005,2.099460704562007,-8.332670330011,-0.9891338465675,7.3435364834435,2.9582488390433324,0,1,2.3757,3,3,ok,False,10.901872471328922,0.780853955482372,0.780853955482372,9.37142684139783,12.432318101260014,18.18,0.5,1.0,1.1283005389510923e-23,8.674916649638011e-25,11.682726426811294,1.2137432216708284,2.714196543365607,0.44718324641508284,True,0.8187529771100557,7.102613833072711e-25
2440660-75-1,O=C(O)C=1C=CC=C(C#CC(Cl)C)C1C(=O)O,170.92559212998466,237.681996,0.536,-0.65004,210.3760000000001,1.4957627151390025,-8.3933517186725,-0.7542995935860001,7.6390521250865,2.738544100774712,1,0,2.0618,2,2,ok,False,10.91662743683719,0.780853955482372,0.780853955482372,9.386181806906098,12.447073066768283,18.18,0.5,1.0,1.3642702525600294e-23,1.0508353725439104e-24,11.697481392319563,2.099736613735175,2.714196543365607,0.7736125885458167,True,0.5496484223972217,5.77590004717957e-25
67532-48-3,O=C(O)C1=CC=C(OC2=CC=C(OC3=CC=C(C(=O)O)C(=C3)C(=O)O)C=C2)C=C1,188.22206023905565,388.4245736666667,0.53334,-0.66058,327.16800000000006,2.8246983007039885,-8.177021207525,-0.6054533173625,7.5715678901625,2.546759795963558,0,1,4.365800000000002,3,5,ok,False,10.875177836375725,0.780853955482372,0.780853955482372,9.344732206444633,12.405623466306817,18.18,0.5,1.0,7.995025911881285e-24,6.126717693760922e-25,11.656031791858098,1.236250688181708,2.714196543365607,0.45547574334788427,True,0.8126472480911062,4.978860273665902e-25
109803-50-1,O=C(O)C1=CC(Cl)=C(O)C=C1C(=O)O,186.86968861219916,172.231932,0.53473,-0.65685,162.30400000000003,1.2716092992739554,-8.431175543892,-0.6484473057415,7.7827282381505,2.6481571940117568,0,2,1.442,3,3,ok,False,10.872694221900694,0.780853955482372,0.780853955482372,9.342248591969602,12.403139851831787,18.18,0.5,1.0,7.742395899934682e-24,5.931305875519369e-25,11.653548177383067,1.2744747391227247,2.714196543365607,0.4695587510926436,True,0.8021293332383646,4.757674427163145e-25
1344436-42-5,O=C(O)C1=CC=C(C=C1C(=O)O)CCC(N)C,188.8830945885265,231.125506,0.53191,-0.6668,217.92800000000005,3.829092084293612,-8.358793259659,-0.6168820990835,7.7419111605755,2.6015135821950137,0,1,1.3628000000000002,3,3,ok,False,10.871674177040676,0.780853955482372,0.780853955482372,9.341228547109584,12.402119806971768,18.18,0.5,1.0,7.640943186665917e-24,5.852848522141775e-25,11.652528132523049,1.2514205180034934,2.714196543365607,0.4610648116336227,True,0.8084950192011493,4.731998878290433e-25
2733408-22-3,O=CC(C=1C=CC=C(C(=O)O)C1C(=O)O)C,158.1740392200448,200.31882766666664,0.53262,-0.65865,191.68800000000005,5.224104073427328,-8.7900937127015,-0.599738926502,8.1903547861995,2.691243520391004,1,0,1.3854,2,3,ok,False,11.039694897092222,0.780853955482372,0.780853955482372,9.50924926716113,12.570140527023314,18.18,0.5,1.0,6.558830593747674e-23,5.130223079608011e-24,11.820548852574595,4.256363664348703,2.714196543365607,1.568185500328877,False,0.08550283348255268,4.386486097040723e-25
596790-80-6,O=C(O)C1=CC=C(OC2=CC=CC(=C2)NC(=O)C=3SC=CC3)C=C1C(=O)O,189.83953107459703,385.328579,0.53349,-0.66086,312.82400000000007,8.612013405702525,-7.875519061171,-0.676475032343,7.199044028828,2.539802600269863,0,1,4.1891000000000025,3,5,ok,False,10.875791795554605,0.780853955482372,0.780853955482372,9.345346165623512,12.406237425485697,18.18,0.5,1.0,8.058725069890109e-24,6.175999176489342e-25,11.656645751036978,1.8750554463082156,2.714196543365607,0.6908325968108208,True,0.6204875885859682,3.832130836128797e-25
497147-06-5,O=C(O)C=1C(=CC=C(NC(=O)OC(C)(C)C)C1C(=O)O)NC(=O)OC(C)(C)C,153.78693627993468,360.44382966666666,0.53491,-0.65899,351.2720000000001,1.5345689231833153,-7.840144260605999,-0.65851551821,7.181628742396,2.514304923954052,2,0,3.777000000000002,4,6,ok,False,11.146145953879309,0.780853955482372,0.780853955482372,9.615700323948216,12.676591583810401,18.18,0.5,1.0,2.5007135573542965e-22,1.9825712097296735e-23,11.926999909361681,5.395564986368,2.714196543365607,1.9879050393592694,False,0.01922071941671861,3.810644494587844e-25
1391002-69-9,O=C(O)C1=CC=C(C=C1C(=O)O)C(N)C=C,188.1319508929864,215.3274123333333,0.53189,-0.66554,196.18400000000003,2.94670925101205,-8.433896682397,-0.7099450359545,7.7239516464425,2.706187363587858,0,1,1.2688,3,3,ok,False,10.851320269404624,0.780853955482372,0.780853955482372,9.320874639473532,12.381765899335717,18.18,0.5,1.0,5.870692033395669e-24,4.485603285875752e-25,11.632174224886997,1.2392359327469387,2.714196543365607,0.45657560642615974,True,0.811832464688558,3.6415583711876064e-25
443905-30-4,O=C(O)C1=CC=C(OC2=CC=CC(=C2)NC(=O)COC3=CC=CC(=C3)C)C=C1C(=O)O,189.7828552743837,428.493866,0.53269,-0.6616,363.8320000000001,8.830060879744828,-7.750618803791501,-0.6479030780405001,7.102715725751001,2.4826831216081424,0,1,4.201220000000003,3,5,ok,False,10.874551909482093,0.780853955482372,0.780853955482372,9.344106279551001,12.404997539413186,18.18,0.5,1.0,7.930598379380727e-24,6.076876580311572e-25,11.655405864964466,1.950461938311826,2.714196543365607,0.7186148486849264,True,0.5966603229791647,3.6258311431132245e-25
669704-08-9,O=C(O)C1=CC=C(OC2=CC=C(C=C2)NC(=O)C=3C=CC=CC3OCC)C=C1C(=O)O,188.938947604125,438.475935,0.53323,-0.6608,361.5440000000001,9.7265182084855,-7.6695288763425,-0.587221689379,7.0823071869635,2.4064873248519563,0,1,4.526300000000003,3,5,ok,False,10.875580068213264,0.780853955482372,0.780853955482372,9.345134438282171,12.406025698144356,18.18,0.5,1.0,8.036701478651475e-24,6.158959977670241e-25,11.656434023695637,2.2538389880086362,2.714196543365607,0.830389012732981,True,0.50180388022473,3.0905900149437435e-25
2637122-42-8,O=C(O)C1=CC=C(C=C1C(=O)O)S(=O)(=O)N(C)CC=2OC(=CC2)C,159.38183799350253,309.20452100000006,0.53519,-0.65164,289.8880000000001,9.21377429938459,-7.604493666073,-1.065053610857,6.539440055216,2.873374836083033,0,1,1.80512,2,5,ok,False,11.033908787035307,0.780853955482372,0.780853955482372,9.503463157104214,12.564354416966399,18.18,0.5,1.0,6.095431648827092e-23,4.764290357526049e-24,11.81476274251768,4.680174032252704,2.714196543365607,1.72433129195916,False,0.05113334735857173,2.4361411376847334e-25
302927-72-6,O=C(O)C1=CC=C(OC2=CC=CC(=C2)N3C(=O)C=4C=CC=CC4C3=O)C=C1C(=O)O,183.4335272782524,407.5684893333334,0.53333,-0.65985,331.36000000000007,5.40163502932214,-8.336479923918,-1.4005699885235,6.9359099353945,3.4173649124808176,0,1,3.675900000000002,2,5,ok,False,10.827659529775886,0.780853955482372,0.780853955482372,9.297213899844794,12.358105159706978,18.18,0.5,1.0,4.31786109502554e-24,3.289560606592694e-25,11.608513485258259,1.6991149866601494,2.714196543365607,0.6260102978958351,True,0.6757791935400672,2.223016613824385e-25
144907-46-0,N#CC1=CC=C(C=C1)C(=O)NC2=CC=C(C(=O)O)C(=C2)C(=O)O,187.3752922081238,316.531085,0.53338,-0.66119,259.40000000000003,4.7123488591147416,-8.2017835679205,-1.202198991509,6.9995845764115,3.158576305945304,0,1,2.20698,3,4,ok,False,10.802184810675264,0.780853955482372,0.780853955482372,9.271739180744172,12.332630440606357,18.18,0.5,1.0,3.098685979302651e-24,2.3533776301980163e-25,11.583038766157637,1.4136621130512448,2.714196543365607,0.5208399946226083,True,0.7624073393884577,1.7942323776155834e-25
36752-26-8,O=C(O)C=1C(O)=C(C(=O)O)C(C(=O)O)=C(C(=O)O)C1C(=O)O,156.24381112882705,236.544492,0.5384,-0.64025,228.1440000000001,4.359624874917565,-8.7677803769605,-1.3782566527825,7.389523724178,3.4827030554113048,2,2,-0.1168000000000001,6,6,ok,False,11.154929550217192,0.780853955482372,0.780853955482372,9.6244839202861,12.685375180148284,18.18,0.5,1.0,2.7904018139191717e-22,2.2147163686088585e-23,11.935783505699565,5.993034427885307,2.714196543365607,2.208032591646417,False,0.007631980302316974,1.6902671700441788e-25
723736-52-5,O=C(O)C1=CC=C(OC2=CC=CC(=C2)NC(=O)C=3OC=CC3)C=C1C(=O)O,189.9855346086287,365.701427,0.53339,-0.66049,303.78400000000005,5.8825887787605895,-7.794701247572499,-0.608990797419,7.1857104501535,2.4570305357052344,0,1,3.720600000000002,3,5,ok,False,10.79383691767287,0.780853955482372,0.780853955482372,9.263391287741777,12.324282547603962,18.18,0.5,1.0,2.7788190692501658e-24,2.108293791712942e-25,11.574690873155243,1.3141069246759767,2.714196543365607,0.48416056231745197,True,0.7910362769705919,1.6677368717568182e-25
13124-84-0,O=C(O)C=1C=C(C(=O)O)C(=CC1Br)C(=O)O,185.9298257817201,200.97979366666664,0.53593,-0.65122,187.00800000000004,3.048617819602844,-8.873088437104,-1.163558824738,7.709529612366,3.2665510518652088,0,2,1.5437,3,3,ok,False,10.793147283939696,0.780853955482372,0.780853955482372,9.262701654008604,12.323592913870788,18.18,0.5,1.0,2.7539059765897362e-24,2.0892161502855264e-25,11.574001239422069,1.326002561187242,2.714196543365607,0.48854330922660344,True,0.7876711764440134,1.6456153429412332e-25
293761-62-3,O=C(O)C1=CC=C(C(=O)C2=CC=C(OC3=CC=C(C(=O)O)C(=C3)C(=O)O)C=C2)C(=C1)C(=O)O,190.1341070993284,437.0786123333333,0.53302,-0.66054,364.9120000000001,5.554354985954714,-8.133482991445,-1.010630840757,7.122852150688,2.934737939499121,0,1,3.502700000000001,4,6,ok,False,10.784381044190331,0.780853955482372,0.780853955482372,9.253935414259239,12.314826674121424,18.18,0.5,1.0,2.4558585543131514e-24,1.8611128940181683e-25,11.565234999672704,1.2777182839372894,2.714196543365607,0.47075378054712175,True,0.8012284858031813,1.4911766659829536e-25
343217-37-8,O=C(O)C1=CC(F)=CC(=C1C(=O)O)C(F)(F)F,168.74411380445304,159.89096166666664,0.53834,-0.64326,175.56000000000003,2.2314164873460984,-9.1813934297205,-0.907227577567,8.2741658521535,3.075242738885651,1,1,2.2409000000000003,2,2,ok,False,10.811553912832634,0.780853955482372,0.780853955482372,9.281108282901542,12.341999542763727,18.18,0.5,1.0,3.501262615735876e-24,2.6621754362046497e-25,11.592407868315007,2.3123289599924552,2.714196543365607,0.8519386577381624,True,0.48393751756039505,1.28832657190714e-25
1010100-15-8,O=C(O)C1=CC=C(C=C1C(=O)O)NCC=2C=CC=C(Cl)C2,188.8899783928446,307.662666,0.53135,-0.66525,254.24800000000005,4.856090017699424,-7.3005424950645,-0.3986467909825,6.901895704082,2.147146168382489,0,1,3.3485000000000014,3,3,ok,False,10.772582732885736,0.780853955482372,0.780853955482372,9.242137102954644,12.303028362816828,18.18,0.5,1.0,2.10458220264285e-24,1.592613239631028e-25,11.553436688368109,1.3053628247840527,2.714196543365607,0.480938945992983,True,0.7934995788442989,1.2637379349090752e-25
2961389-69-3,O=C(O)C1=CC=2OC3(CCNCC3)CCC2C=C1C(=O)O,189.5973047684504,280.44981,0.53105,-0.66696,254.85600000000005,5.34939830728653,-7.8344298697455,-0.460960862747,7.3734690069985,2.333145610953555,0,2,1.5302,3,4,ok,False,10.765534273271799,0.780853955482372,0.780853955482372,9.235088643340706,12.295979903202891,18.18,0.5,1.0,1.918978022197273e-24,1.450913414042525e-25,11.546388228754171,1.277594911446087,2.714196543365607,0.4707083260307552,True,0.8012627740720814,1.1625629070741078e-25
54451-50-2,O=C(O)C1=CC=C(N=NC2=CC=C(N)C=3C=CC=CC23)C=C1C(=O)O,188.4830824950733,400.1893883333334,0.53336,-0.66083,284.85600000000005,7.927654306918282,-6.740804304586,-1.269683226433,5.471121078153,2.9321189189562475,0,1,4.233800000000001,3,5,ok,False,10.772383833294743,0.780853955482372,0.780853955482372,9.24193820336365,12.302829463225835,18.18,0.5,1.0,2.0991086257904373e-24,1.588432680037999e-25,11.553237788777116,1.6869427734742501,2.714196543365607,0.6215256509694169,True,0.6795706109062847,1.07945216675693e-25
1390722-01-6,O=C(O)C1=CC=C(C=C1C(=O)O)C(N)CC(=O)O,191.0482953067603,217.72923133333333,0.53168,-0.66609,213.1920000000001,5.267635873900169,-8.70220093899,-0.6925297495225,8.0096711894675,2.7548248430515887,0,1,0.5575000000000001,4,4,ok,False,10.74564634921687,0.780853955482372,0.780853955482372,9.215200719285777,12.276091979147962,18.18,0.5,1.0,1.4782451234289102e-24,1.1149806880321456e-25,11.526500304699242,1.3371206139724592,2.714196543365607,0.49263956850907636,True,0.7845117380500091,8.747154374602936e-26
1812209-09-8,O=C(O)C1=CC=C(C=C1C(=O)O)CN(CC(=O)O)CC2=CC=C(C=C2)C,188.5579132418715,351.23613933333337,0.53168,-0.66674,317.9440000000001,3.5757950682330777,-7.7810955550475,-0.7061354420475,7.074960113,2.5453532192249333,0,1,2.4782200000000003,3,4,ok,False,10.741211114439459,0.780853955482372,0.780853955482372,9.210765484508366,12.271656744370551,18.18,0.5,1.0,1.3945559396894002e-24,1.051290808353498e-25,11.522065069921831,1.225091446800611,2.714196543365607,0.45136430882101714,True,0.8156827884206408,8.575198179987707e-26
119252-37-8,O=C(O)C1=CC=C(C=C1C(=O)O)C=2C=CC(N)=CC2,189.4265379801512,287.2826733333334,0.53224,-0.66533,222.15200000000004,4.9673480741739855,-7.0110133581325,-0.8035522005265,6.207461157606,2.459436850271449,0,1,2.3322000000000003,3,3,ok,False,10.741380150652569,0.780853955482372,0.780853955482372,9.210934520721477,12.271825780583661,18.18,0.5,1.0,1.3976577329090168e-24,1.0536507335189756e-25,11.522234106134942,1.2602808003796753,2.714196543365607,0.464329233437504,True,0.8060563409264611,8.493018548747871e-26
93305-72-7,O=C(O)C1=CC=C(C=C1C(=O)O)C(C(=O)O)(C)C,188.6786115838424,223.36292666666668,0.53215,-0.66505,216.6320000000001,4.164109280506457,-8.8178493254525,-0.6495357611435,8.168313564308999,2.7432645573726435,0,1,1.4452,3,3,ok,False,10.738213126398673,0.780853955482372,0.780853955482372,9.20776749646758,12.268658756329765,18.18,0.5,1.0,1.3406625689401454e-24,1.0102953029959248e-25,11.519067081881046,1.3259762552923522,2.714196543365607,0.48853361726271305,True,0.7876786355633403,7.957880257798815e-26
2870646-24-3,O=C(O)C=1C=C2C(=CC1C(=O)O)CNC2,186.57602906749173,191.577055,0.53118,-0.66987,174.63200000000003,1.147418367466723,-8.397161312579499,-0.576337135359,7.820824177220499,2.574014981365191,0,2,0.6861999999999999,3,3,ok,False,10.721474494549529,0.780853955482372,0.780853955482372,9.191028864618437,12.251920124480622,18.18,0.5,1.0,1.0755653353652344e-24,8.088799528967109e-26,11.502328450031902,1.308758622328443,2.714196543365607,0.48219007040130585,True,0.7925439922913678,6.410729471532128e-26
1344476-10-3,O=C(O)C=1C=C2C(=CC1C(=O)O)C(N)CC2,188.1198051599052,209.75825,0.5315,-0.66892,191.11200000000005,3.024179943389613,-8.495122298759501,-0.579058273864,7.916064024895501,2.600432260452338,0,2,1.029,3,3,ok,False,10.716503068992278,0.780853955482372,0.780853955482372,9.186057439061186,12.24694869892337,18.18,0.5,1.0,1.007350612687693e-24,7.571229874134627e-26,11.49735702447465,1.2327306052892593,2.714196543365607,0.45417882809646193,True,0.8136065302700275,6.160002067771451e-26
2445920-90-9,O=C(O)C=1C=CC=C(C#CC=2C=CC=CC2C)C1C(=O)O,159.5922777940335,324.6062836666667,0.53647,-0.65345,248.71200000000005,4.230399676153543,-7.600956186016501,-0.8182463484535,6.782709837563001,2.6126346627668084,1,0,2.791220000000001,2,2,ok,False,10.848953340979314,0.780853955482372,0.780853955482372,9.318507711048222,12.379398970910406,18.18,0.5,1.0,5.693249260428133e-24,4.348758816969789e-25,11.629807296461687,3.959763921149141,2.714196543365607,1.4589083207065872,False,0.1190259802552106,5.176152810833192e-26
669704-10-3,O=C(O)C1=CC=C(OC2=CC=CC(=C2)NC(=O)C3=CC=C(F)C=C3)C=C1C(=O)O,190.03020812060635,392.7358793333333,0.53326,-0.66072,326.9200000000001,7.432294825960552,-7.833069300493,-0.6125282774755,7.220541023017501,2.4696251368702504,0,1,4.266700000000003,3,4,ok,False,10.69525218202732,0.780853955482372,0.780853955482372,9.164806552096227,12.225697811958412,18.18,0.5,1.0,7.609308646193156e-25,5.704464570651493e-26,11.476106137509692,1.6035236691650598,2.714196543365607,0.5907912870512644,True,0.7053689040607162,4.023751922453627e-26
2620962-27-6,O=C(O)C1=CC=C(C#CC(N)C(C)C)C=C1C(=O)O,185.3363235432384,271.7298243333334,0.53266,-0.66275,240.82400000000007,0.6533715099390239,-8.1043668094415,-0.962738803069,7.1416280063725,2.87792937811452,0,1,1.4178000000000002,3,3,ok,False,10.686017027053019,0.780853955482372,0.780853955482372,9.155571397121927,12.216462656984111,18.18,0.5,1.0,6.734399988143632e-25,5.042947291368548e-26,11.466870982535392,1.2958511072400012,2.714196543365607,0.47743451387390845,True,0.7961690709202369,4.0150386596686224e-26
1344461-24-0,O=C(O)C1=CC=C(C=C1C(=O)O)C(N)(C)CCO,190.0036782914989,235.817716,0.53147,-0.66779,226.9840000000001,2.199805409576038,-8.565055558337999,-0.6092629112695,7.955792647068499,2.6448690631974623,0,1,0.6393,4,4,ok,False,10.686313439878207,0.780853955482372,0.780853955482372,9.155867809947114,12.2167590698093,18.18,0.5,1.0,6.760867488264371e-25,5.062948117751454e-26,11.46716739536058,1.3642798474833593,2.714196543365607,0.5026459306412832,True,0.7767374160674159,3.9325812386656513e-26
2167659-32-5,O=C(O)C=1C(F)=CC=C(Br)C1C(=O)O,173.56959289278254,170.39888566666664,0.53747,-0.63904,163.84000000000003,1.547381598055244,-8.637437842571,-0.8144367545465,7.8230010880245,2.854976382925288,2,0,1.9846000000000004,2,2,ok,False,10.68582913082206,0.780853955482372,0.780853955482372,9.155383500890968,12.216274760753153,18.18,0.5,1.0,6.717675414822366e-25,5.030309326478351e-26,11.466683086304434,1.6613023618450584,2.714196543365607,0.6120788731773423,True,0.6875363713973733,3.4585206213332904e-26
1344447-81-9,O=C(O)C1=CC=CC(=C1C(=O)O)C(N)(C)CCO,154.04775590081553,234.386674,0.53399,-0.65911,225.54400000000004,5.612562796085225,-8.2872273169775,-0.4585118380925,7.828715478885,2.442544807472626,1,0,0.6393,4,4,ok,False,10.951688293099842,0.780853955482372,0.780853955482372,9.42124266316875,12.482133923030934,18.18,0.5,1.0,2.1392596146348622e-23,1.6549677248071226e-24,11.732542248582215,5.3842483806181445,2.714196543365607,1.9837356265812902,False,0.01954165307966204,3.2340805136218387e-26
2520521-48-4,O=C(O)C1=CC=C(C#CC(N)CCC)C=C1C(=O)O,187.78831621838071,269.5146306666666,0.53288,-0.66168,240.57600000000005,3.5601419114973494,-8.199334543266,-0.9695416493315,7.2297928939344995,2.907008951311423,0,1,1.5619,3,3,ok,False,10.66950175273776,0.780853955482372,0.780853955482372,9.139056122806668,12.199947382668853,18.18,0.5,1.0,5.4111038217925815e-25,4.0439599844247783e-26,11.450355708220133,1.321139736897544,2.714196543365607,0.486751683523747,True,0.7890487275591067,3.1908814800103164e-26
1344514-16-4,O=C(O)C1=CC=C(C=C1C(=O)O)C(N)CCO,189.9879404130184,219.1940903333333,0.53158,-0.66677,210.3280000000001,2.330328463972408,-8.3792017984465,-0.6903528387185001,7.688848959728,2.6745492643749067,0,1,0.4651999999999999,4,4,ok,False,10.667925346335572,0.780853955482372,0.780853955482372,9.13747971640448,12.198370976266665,18.18,0.5,1.0,5.299155595139552e-25,3.95954442286521e-26,11.448779301817945,1.3262259790006756,2.714196543365607,0.4886256237568388,True,0.787607822502057,3.118568160993032e-26
1585-40-6,O=C(O)C=1C=C(C(=O)O)C(C(=O)O)=C(C(=O)O)C1C(=O)O,155.9023997526738,225.56609100000003,0.53974,-0.63965,221.6800000000001,5.774793525313265,-9.469017769699,-1.374174945025,8.094842824674,3.6311646438106937,2,1,0.1776,5,5,ok,False,10.96307101612857,0.780853955482372,0.780853955482372,9.432625386197477,12.493516646059662,18.18,0.5,1.0,2.4745877504181567e-23,1.9171000495623826e-24,11.743924971610943,5.530648920638444,2.714196543365607,2.0376744396632502,False,0.01573107659575991,3.015804772140096e-26
1391300-19-8,O=C(O)C1=CC=C(C=C1C(=O)O)CC(N)C,187.82351470897905,215.43821233333333,0.53198,-0.66656,201.42400000000004,2.697908163744645,-8.221647879007001,-0.6223243760935,7.599323502913501,2.573118686781801,0,1,0.9727,3,3,ok,False,10.662912826538909,0.780853955482372,0.780853955482372,9.132467196607816,12.193358456470001,18.18,0.5,1.0,4.958219865908683e-25,3.7025617587797467e-26,11.443766782021282,1.2349061986345005,2.714196543365607,0.45498038882004294,True,0.8130138334943863,3.0102339292552387e-26
2631258-05-2,O=C(O)C=1C=CC=C(C#CC2=CC(=CC=C2C)C)C1C(=O)O,159.20564965263057,343.4015063333333,0.53646,-0.65304,265.32000000000005,4.6294334480581965,-7.5166008923615,-0.8138925268455,6.702708365516,2.5883984809962968,1,0,3.099640000000001,2,2,ok,False,10.806914990035692,0.780853955482372,0.780853955482372,9.276469360104599,12.337360619966784,18.18,0.5,1.0,3.295848289783726e-24,2.504566620800586e-25,11.587768945518064,4.054735356543104,2.714196543365607,1.4938989464319439,False,0.10734213072905485,2.6884551762960367e-26
2383895-38-1,O=C(O)C1=CC=C(C=C1C(=O)O)NC(=O)OCC2C=3C=CC=CC3C=4C=CC=CC42,188.9492815938384,430.851489,0.53282,-0.66204,344.8800000000001,4.414533549538389,-7.491838531966001,-0.690624952569,6.801213579397,2.4610574235813343,0,1,4.444000000000003,3,4,ok,False,10.64631132026962,0.780853955482372,0.780853955482372,9.115865690338527,12.176756950200712,18.18,0.5,1.0,3.9769066256231353e-25,2.963843087397329e-26,11.427165275751992,1.2586257903586244,2.714196543365607,0.4637194728713076,True,0.8065126072233306,2.3903768158176655e-26
1824208-72-1,O=C(O)C=1C(C(=O)O)=C(C(=CC1C)C)C,163.1554066783879,202.84262066666665,0.53067,-0.66439,188.2800000000001,2.6160737623392807,-8.1908990139005,-0.3213664574404999,7.86953255646,2.3018731714599685,2,1,2.00826,2,2,ok,False,10.742801209905464,0.780853955482372,0.780853955482372,9.212355579974371,12.273246839836556,18.18,0.5,1.0,1.4240056746427935e-24,1.0736989107525171e-25,11.523655165387837,3.4826306135147385,2.714196543365607,1.2831165900743033,False,0.19274481178237726,2.069498944639374e-26
1388735-09-8,O=C(O)C1=CC=C(C=C1C(=O)O)C2NCC2,187.6764417056577,208.09589866666667,0.53207,-0.66581,192.73600000000005,2.603255980498268,-8.113618680358499,-0.690624952569,7.422993727789499,2.610628164003164,0,1,1.1174,3,3,ok,False,10.622052820940315,0.780853955482372,0.780853955482372,9.091607191009222,12.152498450871407,18.18,0.5,1.0,2.8789827697351755e-25,2.139367574402751e-26,11.402906776422688,1.2302233611808298,2.714196543365607,0.4532550762353235,True,0.8142888167867395,1.7420630908323328e-26
2595194-30-0,O=C(O)C1=CC=C(C#CCC(O)C)C=C1C(=O)O,186.544949947954,246.93137,0.53297,-0.66197,220.61600000000004,1.8893008865715384,-8.2006951125185,-0.9564801845075,7.244214928011001,2.893821492520462,0,1,1.2054,3,3,ok,False,10.619998757924925,0.780853955482372,0.780853955482372,9.089553127993833,12.150444387856018,18.18,0.5,1.0,2.8011714910214237e-25,2.0810342164199395e-26,11.400852713407298,1.2061468292068442,2.714196543365607,0.4443844835610986,True,0.8207985515648761,1.7081098705944334e-26
2522108-69-4,O=C(O)C1=CC=C(C#CC=CCO)C=C1C(=O)O,187.2305778607282,267.25721766666663,0.53296,-0.66186,214.69600000000003,3.494756934323187,-7.800687752283499,-1.1632867108875,6.637401041395999,3.026517370098588,0,1,0.983,3,3,ok,False,10.620762796649629,0.780853955482372,0.780853955482372,9.090317166718537,12.151208426580721,18.18,0.5,1.0,2.8298680716809886e-25,2.1025456933268173e-26,11.401616752132002,1.3645016738526512,2.714196543365607,0.5027276588307299,True,0.7766735962240404,1.6329917248615075e-26
723735-73-7,O=C(O)C1=CC=C(OC2=CC=C(C=C2)NC(=O)C3=CC=C(C(=C3)C)C)C=C1C(=O)O,189.9382198410158,432.8733546666666,0.53344,-0.66086,354.75200000000007,7.182180021414112,-7.7223189633395,-0.5308941223255,7.191424841014,2.367942644999806,0,1,4.744440000000004,3,4,ok,False,10.626616502833027,0.780853955482372,0.780853955482372,9.096170872901935,12.15706213276412,18.18,0.5,1.0,3.059611023939648e-25,2.2748354230343927e-26,11.4074704583154,1.5825806625077785,2.714196543365607,0.5830751890006376,True,0.711786924267202,1.6191981089757297e-26
111036-22-7,O=C(O)C=1C=CC2=CC=CC(=C2C1C(=O)O)C,163.36353309233175,249.1841843333333,0.5346,-0.65493,198.52000000000004,2.902350823039834,-7.628439684917,-0.9200169285405,6.7084227563765,2.7232970075829246,1,1,2.54462,2,2,ok,False,10.694240240010485,0.780853955482372,0.780853955482372,9.163794610079393,12.224685869941577,18.18,0.5,1.0,7.508195803579844e-25,5.627975510954279e-26,11.475094195492858,3.27947335748872,2.714196543365607,1.208266720958302,False,0.23225753252681017,1.3071397052955546e-26
209324-65-2,O=C(O)C1=CC=C(C(NC(=O)C)=C1C(=O)O)N(=O)=O,176.13414896229574,225.185437,0.53741,-0.6488,210.00000000000009,9.056427894595087,-8.7563515952395,-1.8087407642735,6.947610830966001,4.016530980244906,1,1,0.9496,3,5,ok,False,10.665545529412952,0.780853955482372,0.780853955482372,9.13509989948186,12.195991159344045,18.18,0.5,1.0,5.134485958454108e-25,3.835403852867824e-26,11.446399484895325,2.882809446581464,2.714196543365607,1.0621225841687858,False,0.3236461842502405,1.2413138220393421e-26
7717-75-1,O=C(O)C=1C=CC=C(OC2=CC=C(C(=O)O)C(=C2)C(=O)O)C1,189.2634972925746,282.04557300000005,0.53296,-0.66018,246.97600000000008,5.401488942874917,-8.3226021175425,-0.6666789337250001,7.6559231838174995,2.6387142307501503,0,1,2.5735,3,4,ok,False,10.597447253420723,0.780853955482372,0.780853955482372,9.067001623489631,12.127892883351816,18.18,0.5,1.0,2.0725307516504323e-25,1.535569218783946e-26,11.378301208903096,1.2755130340700576,2.714196543365607,0.4699412933775311,True,0.8018411009625007,1.2312825129938463e-26
405902-91-2,O=C(O)C1=CC=C(OC2=CC=C(C=C2)NC(=O)CC=3C=CC=CC3)C=C1C(=O)O,189.6300989845967,405.0949546666666,0.53326,-0.66024,338.2320000000001,8.11057257966415,-7.8164703556125,-0.579602501565,7.2368678540475,2.4352399699963505,0,1,4.0565000000000015,3,4,ok,False,10.605811224432644,0.780853955482372,0.780853955482372,9.075365594501552,12.136256854363737,18.18,0.5,1.0,2.3177614312277755e-25,1.7189812310883502e-26,11.386665179915017,1.7498997041093767,2.714196543365607,0.6447210716507283,True,0.6599011286690454,1.1343576545561075e-26
2639625-50-4,O=C(O)C1=CC(F)=C(O)C=C1C(=O)O,185.8280393360363,155.3995623,0.53341,-0.66059,152.72800000000004,0.7225209339527817,-8.424100583779001,-0.630759905459,7.793340678320002,2.630146103700102,0,2,0.9277,3,3,ok,False,10.578036422196947,0.780853955482372,0.780853955482372,9.047590792265854,12.10848205212804,18.18,0.5,1.0,1.5980715855594136e-25,1.1812969157827796e-26,11.35889037767932,1.353550474123804,2.714196543365607,0.4986928737464973,True,0.7798181072505219,9.211967249666063e-27
66918-88-5,O=C(O)C1=CC=C(C=C1C(=O)O)CN,188.0740097548627,179.31776766666667,0.53171,-0.66688,167.93600000000004,3.382208376194465,-8.522605797659999,-0.6484473057415,7.874158491918499,2.670387417008853,0,1,0.5417000000000001,3,3,ok,False,10.555268232814278,0.780853955482372,0.780853955482372,9.024822602883185,12.08571386274537,18.18,0.5,1.0,1.1771291569593695e-25,8.677813590100619e-27,11.33612218829665,1.2463129543150033,2.714196543365607,0.4591830158215343,True,0.8098963179666681,7.028129274623604e-27
17013-02-4,O=C(O)C1=CC=C(C=C1C(=O)O)C(=O)NN,186.441467134118,193.60697,0.53379,-0.65927,183.06400000000005,8.708786977530224,-9.020574144075,-0.960017664564,8.060556479511,3.0894955299883646,0,1,-0.3135,4,4,ok,False,10.561901825349144,0.780853955482372,0.780853955482372,9.031456195418052,12.092347455280237,18.18,0.5,1.0,1.2869021439725465e-25,9.494546471620335e-27,11.342755780831517,1.7523347410551238,2.714196543365607,0.6456182199989934,True,0.6591376521159953,6.258213069210035e-27
883843-62-7,O=C(O)C=1C=2C=CC=CC2C=3C=4C=CC=CC4C=CC3C1C(=O)O,170.00597130059532,393.8886483333333,0.53317,-0.65256,268.73600000000005,1.85497539067234,-7.338366320283999,-1.0446450720695,6.293721248214499,2.7914677673508823,2,2,4.542600000000002,2,2,ok,False,10.57532805919735,0.780853955482372,0.780853955482372,9.044882429266258,12.105773689128442,18.18,0.5,1.0,1.5410674898652868e-25,1.138791905930115e-26,11.356182014679723,2.2191154171667336,2.714196543365607,0.8175956979206185,True,0.5124958194065774,5.8362609096323236e-27
62155-87-7,O=C(O)C1=CC=C(C=C1C(=O)O)S(=O)(=O)NC=2C=CC=CC2,186.38630266903223,291.874176,0.53665,-0.6515,257.0880000000001,9.159376379426712,-8.3432827701805,-1.0658699524085,7.277412817771999,3.04133340975249,0,1,1.8838,3,4,ok,False,10.5552500240094,0.780853955482372,0.780853955482372,9.024804394078307,12.085695653940492,18.18,0.5,1.0,1.1768409893937379e-25,8.675670440964362e-27,11.336103979491773,2.044036396085283,2.714196543365607,0.7530907815359146,True,0.567141909517035,4.9203363002290254e-27
2603259-87-4,O=C(O)C=1C=CC=C(C#CC[Si](C)(C)C)C1C(=O)O,160.47089567987666,289.791261,0.53603,-0.65434,257.68000000000006,4.004209372647739,-7.919057277251,-0.697699912682,7.221357364569,2.5704483493143644,1,0,2.7727000000000004,2,2,ok,False,10.650132803127644,0.780853955482372,0.780853955482372,9.119687173196551,12.180578433058736,18.18,0.5,1.0,4.184178616138118e-25,3.119747098284561e-26,11.430986758610016,3.8106340281749462,2.714196543365607,1.4039639235004535,False,0.13930149047696247,4.3458542070221805e-27
294667-38-2,O=C(O)C1=CC=C(OC2=CC=C(C=C2)NC(=O)C(C=3C=CC=CC3)C=4C=CC=CC4)C=C1C(=O)O,189.602827376871,504.5740233333333,0.53276,-0.66119,409.8400000000001,6.28837747356184,-7.852661497729001,-0.556200710422,7.296460787307001,2.422714439810195,0,1,5.645900000000004,3,4,ok,False,10.52218440455815,0.780853955482372,0.780853955482372,8.991738774627057,12.052630034489242,18.18,0.5,1.0,7.537794893179664e-26,5.535109855402148e-27,11.303038360040523,1.3549088824324405,2.714196543365607,0.4991933564075473,True,0.779428744019579,4.314223722606489e-27
129321-45-5,O=C(O)C1=C(F)C(F)=C(C(F)=C1C(=O)O)C,178.99208572891308,161.732122,0.53654,-0.64168,170.93600000000004,1.8566674958107063,-8.8793470556655,-0.8201511454070001,8.0591959102585,2.9184135241350337,2,2,1.8087200000000003,2,2,ok,False,10.489125928647844,0.780853955482372,0.780853955482372,8.958680298716752,12.019571558578937,18.18,0.5,1.0,4.81993203133474e-26,3.525545409026304e-27,11.269979884130217,0.7997515786405132,2.714196543365607,0.2946549985834188,True,0.916840674579743,3.232363431073193e-27
1803746-96-4,O=C(O)C1=CC=CC(=C1C(=O)O)CCCCl,170.5112401627053,212.59103566666667,0.53513,-0.65922,204.39200000000005,1.719146442278842,-8.648866624292001,-0.610079252821,8.038787371471,2.666076200110411,1,0,2.2544000000000004,2,2,ok,False,10.52906065543758,0.780853955482372,0.780853955482372,8.998615025506487,12.059506285368672,18.18,0.5,1.0,8.270698573183986e-26,6.0782395392114674e-27,11.309914610919952,2.167750460672194,2.714196543365607,0.7986711448627006,True,0.528413796015946,3.2118256280089456e-27
40513-55-1,O=C(O)C1=CC=C(C=C1C(=O)O)C(=O)C2=CC=C(N)C(N)=C2,189.43447192324277,320.48890766666665,0.53298,-0.6604,253.97600000000008,6.993668297109894,-7.018088318245499,-1.188593298984,5.829495019261499,2.888312921789951,0,1,1.4784,4,5,ok,False,10.494509531375293,0.780853955482372,0.780853955482372,8.9640639014442,12.024955161306385,18.18,0.5,1.0,5.184653242987279e-26,3.794730685384327e-27,11.275363486857666,1.4340178001225092,2.714196543365607,0.5283397046642486,True,0.7564318441066475,2.8704551302333486e-27
861017-07-4,O=C(O)C=1C=CC=C(C2=CC=CC=3C=CC=CC32)C1C(=O)O,164.11836831004464,327.70109766666667,0.535,-0.65463,254.1440000000001,2.5847686182712755,-7.4904779627135,-0.668311616828,6.8221663458855,2.439322204572941,1,0,3.903200000000002,2,2,ok,False,10.576027519798817,0.780853955482372,0.780853955482372,9.045581889867725,12.10647314972991,18.18,0.5,1.0,1.5555933871143383e-25,1.1496217886106617e-26,11.35688147528119,3.268372306178916,2.714196543365607,1.2041767255830818,False,0.23456053335435992,2.6965589989231003e-27
2512635-26-4,O=C(O)C=1C=CC=C(C#CC2=CC=C(C#C)C=C2)C1C(=O)O,170.93785479581533,351.621697,0.53596,-0.65064,254.9120000000001,1.8529291486724475,-7.588438948893501,-1.0348489734515,6.553589975442001,2.836654981098582,1,0,2.4641,2,2,ok,False,10.495031579486877,0.780853955482372,0.780853955482372,8.964585949555785,12.02547720941797,18.18,0.5,1.0,5.221442757995445e-26,3.821892987051368e-27,11.27588553496925,2.05750391225654,2.714196543365607,0.7580526610299315,True,0.562905319214877,2.1513638918812498e-27
73606-83-4,O=C(O)C=1C=2OC(=CC2C=C(C1C(=O)O)CCC=3C=CC=CC3)C,162.00136309111588,342.0470193333333,0.53386,-0.66025,286.0640000000001,3.348090358697029,-7.8137492171075005,-0.718924793021,7.0948244240865,2.565480180029144,2,1,3.9228200000000015,2,3,ok,False,10.577088512739797,0.780853955482372,0.780853955482372,9.046642882808705,12.10753414267089,18.18,0.5,1.0,1.5778867211510911e-25,1.1662445120509986e-26,11.35794246822217,3.543672331590656,2.714196543365607,1.3056063829469395,False,0.1818436499738548,2.1207415883333086e-27
114571-71-0,O=C(O)C=1C=C(Br)C=C(Br)C1C(=O)O,177.51844510480382,198.466241,0.53889,-0.64175,178.26400000000004,1.916222596672944,-8.711997037608,-0.980698317202,7.731298720406,3.037922431880298,1,1,2.6080000000000005,2,2,ok,False,10.459817798649196,0.780853955482372,0.780853955482372,8.929372168718103,11.990263428580288,18.18,0.5,1.0,3.2376040373768254e-26,2.359991328338476e-27,11.240671754131569,0.9836847569596424,2.714196543365607,0.3624220800678908,True,0.8769110087384259,2.0695023763472305e-27
2733732-98-2,O=C(O)C1=CC=C(SC2=CC=C(C=C2)CC)C=C1C(=O)O,183.93704328334957,320.053338,0.53261,-0.662,262.0880000000001,3.7741624514586016,-7.755788966951,-0.7338910547985,7.0218979121525,2.5660678841170568,0,1,3.7966000000000015,2,3,ok,False,10.451922112832182,0.780853955482372,0.780853955482372,8.92147648290109,11.982367742763275,18.18,0.5,1.0,2.90778721011373e-26,2.1176120028463186e-27,11.232776068314555,0.7205694582803717,2.714196543365607,0.26548168003591394,True,0.9319458913859863,1.9734998056022762e-27
2570239-87-9,O=C(O)C=1C=CC=C(C#CCC(C(=O)O)C)C1C(=O)O,155.88815832908537,258.13957566666664,0.53684,-0.65123,239.04000000000005,5.710885845470911,-8.1968855186115,-0.752122682782,7.444762835829501,2.689298153434226,1,0,1.5453,3,3,ok,False,10.662568684913689,0.780853955482372,0.780853955482372,9.132123054982596,12.193014314844781,18.18,0.5,1.0,4.935626327371237e-25,3.68553736655677e-26,11.443422640396061,4.737186659974904,2.714196543365607,1.7453366343547057,False,0.047539232227093206,1.7520761675037182e-27
2607327-61-5,O=C(O)C1=CC=C(C#CCC(O)CN)C=C1C(=O)O,189.83485516852244,258.2108063333333,0.53272,-0.66276,232.55200000000005,4.186219825809438,-8.1321224221925,-0.943690833534,7.1884315886585,2.864685614549778,0,1,0.1442000000000001,4,4,ok,False,10.448360021069714,0.780853955482372,0.780853955482372,8.917914391138622,11.978805651000807,18.18,0.5,1.0,2.770111996438079e-26,2.016505660983869e-27,11.229213976552087,1.1238032319515172,2.714196543365607,0.41404637210170486,True,0.8424555327640274,1.6988163509458427e-27
306765-81-1,O=C(O)C1=CC=CC(C2=CC=C(Cl)C=C2)=C1C(=O)O,168.21514122303194,266.7747286666667,0.53465,-0.65462,225.33600000000004,1.94063456374455,-8.114707135760499,-0.6272224254025001,7.4874847103579985,2.551635676351237,1,0,3.4034000000000013,2,2,ok,False,10.497491144009137,0.780853955482372,0.780853955482372,8.967045514078045,12.02793677394023,18.18,0.5,1.0,5.398283025229856e-26,3.952480525703898e-27,11.27834509949151,2.5766601805775777,2.714196543365607,0.9493270437160443,True,0.40607320167892996,1.604996421646202e-27
2476120-34-8,O=C(O)C=1C=CC=C(C#CC(C)(C)CC)C1C(=O)O,162.3376445410473,272.3539193333333,0.53628,-0.65426,244.1920000000001,3.3246637123173826,-8.1261359174815,-0.7088565805525,7.417279336929,2.630920614371633,1,0,2.870700000000001,2,2,ok,False,10.543051425173147,0.780853955482372,0.780853955482372,9.012605795242054,12.073497055104239,18.18,0.5,1.0,9.986912328952981e-26,7.351692791579338e-27,11.32390538065552,3.4661779265202717,2.714196543365607,1.2770548746710166,False,0.19575935534903513,1.4391626416037197e-27
2639425-20-8,O=C(O)C1=CC=C(C=C1C(=O)O)CC(NC(=O)OCC2C=3C=CC=CC3C=4C=CC=CC42)C,188.75255372214227,472.733164,0.53243,-0.66568,395.4000000000001,4.684549793736854,-7.4828587748995,-0.6359300686185,6.846928706281,2.4067262532310933,0,1,4.552700000000003,3,4,ok,False,10.436401218934886,0.780853955482372,0.780853955482372,8.905955589003794,11.966846848865979,18.18,0.5,1.0,2.353479999786142e-26,1.7108160739260782e-27,11.217255174417259,1.2427490295294121,2.714196543365607,0.45786994776303186,True,0.8108721444149752,1.3872530985640479e-27
6518-97-4,O=C(O)C1=C(OC)C(OC)=C(OC)C(=C1C(=O)O)N(=O)=O,165.834482156446,243.8963883333333,0.53978,-0.64484,239.3280000000001,8.860410737657707,-8.613491823727,-1.5872400899665,7.0262517337605,3.70236277882952,2,2,1.017,2,7,ok,False,10.550573236078652,0.780853955482372,0.780853955482372,9.02012760614756,12.081018866009744,18.18,0.5,1.0,1.1050955930693435e-25,8.142238058547933e-27,11.331427191561025,3.754828496483023,2.714196543365607,1.3834033153056156,False,0.1475180507389605,1.2011270870495691e-27
632-58-6,O=C(O)C=1C(Cl)=C(Cl)C(Cl)=C(Cl)C1C(=O)O,167.8580076710036,209.50301133333332,0.53853,-0.6275,199.18400000000003,2.563406620105363,-8.8733605509545,-0.945323516637,7.9280370343175,3.0400512889214357,2,2,3.6966,2,2,ok,False,10.463816139778281,0.780853955482372,0.780853955482372,8.933370509847189,11.994261769709373,18.18,0.5,1.0,3.418502691922202e-26,2.4930257738775385e-27,11.244670095260654,2.450797782900678,2.714196543365607,0.9029551632475686,True,0.44249415359530125,1.1031493297032123e-27
67193-42-4,O=C(O)C1=CC(OC)=C(C=C1C(=O)O)S(=O)(=O)C(F)(F)F,185.15793895092096,227.9912653333333,0.53791,-0.64736,230.83200000000005,8.857897279828887,-8.6747174400895,-0.944235061235,7.7304823788545,2.9921886723337656,0,2,1.3851,2,5,ok,False,10.449238215008968,0.780853955482372,0.780853955482372,8.918792585077876,11.97968384494006,18.18,0.5,1.0,2.803441985557789e-26,2.0409786784449656e-27,11.230092170491341,2.1808243350828675,2.714196543365607,0.8034879936803113,True,0.5243515325269641,1.0701902978974755e-27
113845-03-7,O=C(O)C=1C=CC(=CC1C(=O)O)C=2C=CC(=CC2)C3=CC=C(C(=O)O)C(=C3)C(=O)O,188.9629761728402,431.5867796666666,0.5322,-0.66518,336.92800000000005,4.305880757754446,-7.737829452818,-1.164103052439,6.573726400379001,3.013678905300289,0,1,3.8134000000000015,4,4,ok,False,10.358651871824893,0.780853955482372,0.780853955482372,8.8282062418938,11.889097501755986,18.18,0.5,1.0,8.110206307599793e-27,5.842293694240634e-28,11.139505827307266,1.0838745856894483,2.714196543365607,0.3993353349221507,True,0.8525966449690233,4.981120002633246e-28
1812208-91-5,O=C(O)C1=CC=C(C=C1C(=O)O)CNCC(=O)O,190.4459398954804,218.18355133333336,0.532,-0.66689,212.9120000000001,4.209427240136121,-8.333214557712001,-0.694978774177,7.638235783535001,2.667771627764636,0,1,0.2571999999999999,4,4,ok,False,10.344332126013065,0.780853955482372,0.780853955482372,8.813886496081972,11.874777755944157,18.18,0.5,1.0,6.658109635071521e-27,4.788288164547325e-28,11.125186081495437,1.2049048458526506,2.714196543365607,0.4439268957135164,True,0.8211322579819492,3.931817872422988e-28
294892-14-1,O=C(O)C1=CC=C(OC2=CC=C(C=C2)NC(=O)C(C)C)C=C1C(=O)O,189.10484134971512,341.77177266666666,0.53338,-0.66074,300.3280000000001,8.043499130353654,-7.795789702974501,-0.5336152608304999,7.262174442144001,2.3883682361180214,0,1,3.469800000000001,3,4,ok,False,10.356037892942206,0.780853955482372,0.780853955482372,8.825592263011114,11.886483522873299,18.18,0.5,1.0,7.8235199013543e-27,5.634063856507418e-28,11.136891848424579,1.7300538073116183,2.714196543365607,0.6374091852487401,True,0.6661166527904504,3.7529437577043775e-28
37390-38-8,O=C(O)C1=CC=C(C=C1C(=O)O)NC(=O)C=2C=CC=CC2,188.4970256065636,293.090353,0.53289,-0.66191,241.29600000000005,7.056266034525626,-8.1168840465645,-0.905594894464,7.2112891521005,2.822141940376609,0,1,2.3353,3,3,ok,False,10.343897415116405,0.780853955482372,0.780853955482372,8.813451785185313,11.874343045047498,18.18,0.5,1.0,6.618317869946445e-27,4.759431211694553e-28,11.124751370598778,1.4951254781912324,2.714196543365607,0.5508537993852409,True,0.7382742519558331,3.51376551754904e-28
312317-46-7,O=C(O)C1=CC=C(OC2=CC=C(C=C2)NC(=O)C=3C=CC=C(C3)NC(=O)C(C)(C)C)C=C1C(=O)O,190.62937164203217,497.2702586666667,0.53325,-0.6609,419.0160000000001,7.7285159985601375,-7.794429133722,-0.5962014464455,7.1982276872765,2.445139435408695,0,1,5.112200000000003,4,5,ok,False,10.35546754619571,0.780853955482372,0.780853955482372,8.825021916264618,11.885913176126802,18.18,0.5,1.0,7.762315445777331e-27,5.589617430603464e-28,11.136321501678083,1.8509137582574424,2.714196543365607,0.6819379984775558,True,0.6281103359442727,3.510896482136304e-28
1388089-72-2,O=C(O)C1=CC=C(C=C1C(=O)O)C2NCC2,187.9626973541886,208.285398,0.53148,-0.66693,193.0720000000001,3.5438631280002904,-8.214572918894,-0.6136167328775001,7.600956186016499,2.563392375258858,0,1,1.1174,3,3,ok,False,10.333694252384454,0.780853955482372,0.780853955482372,8.803248622453362,11.864139882315547,18.18,0.5,1.0,5.749186308890138e-27,4.1295240676840085e-28,11.114548207866827,1.2317926624916489,2.714196543365607,0.4538332588708644,True,0.8138618646255863,3.360862157741543e-28
34240-10-3,O=C(O)C=1C=C(C(=O)O)C(=CC1C(=O)O)C,186.96029061909843,194.771365,0.53431,-0.65752,183.25600000000009,4.5726500522126114,-8.8858777880775,-1.0136240931125,7.872253694965001,3.1122008160879044,0,2,1.08962,3,3,ok,False,10.337515365075568,0.780853955482372,0.780853955482372,8.807069735144475,11.86796099500666,18.18,0.5,1.0,6.060557257288295e-27,4.355104027210998e-28,11.11836932055794,1.4037509320201298,2.714196543365607,0.517188386910064,True,0.7653027073389674,3.3329729027674166e-28
104941-70-0,O=C(O)C1=CC=C(C=C1)NS(=O)(=O)C2=CC=C(C(=O)O)C(=C2)C(=O)O,188.69778564367604,322.4174473333333,0.53708,-0.65099,284.72800000000007,5.956434242900697,-8.3285886222535,-1.060155561548,7.2684330607055,3.031895479144389,0,1,1.582,4,5,ok,False,10.331797547985236,0.780853955482372,0.780853955482372,8.801351918054143,11.862243177916328,18.18,0.5,1.0,5.6005735104741e-27,4.0218944699892055e-28,11.112651503467609,1.23668550793785,2.714196543365607,0.455635945363175,True,0.8125286411876899,3.267904448700613e-28
176796-64-8,O=C(O)C1=CC=C(C=C1C(=O)O)C(N)C(=O)O,189.34761836663955,202.44308433333333,0.53263,-0.66404,195.99200000000005,2.7760466674751707,-8.636349387169,-0.764639919905,7.871709467264,2.806842666108895,0,1,0.1674000000000002,4,4,ok,False,10.319659233698324,0.780853955482372,0.780853955482372,8.789213603767232,11.850104863629417,18.18,0.5,1.0,4.735687750097998e-27,3.3960248500615504e-28,11.100513189180697,1.2153206300984718,2.714196543365607,0.44776441598126593,True,0.818327241030124,2.779059646020609e-28
1192548-76-7,O=C(O)C1=CC(Br)=CC(Cl)=C1C(=O)O,178.31642088043654,188.0995303333333,0.53962,-0.64305,173.29600000000005,2.1667953802793654,-8.75118143208,-1.007365474551,7.743815957529,3.07436405549934,1,1,2.4989,2,2,ok,False,10.30391287464379,0.780853955482372,0.780853955482372,8.773467244712698,11.834358504574883,18.18,0.5,1.0,3.808241306483008e-27,2.7259739283218304e-28,11.084766830126163,0.8955589792444961,2.714196543365607,0.3299536216098787,True,0.8968475449425284,2.4447830251927733e-28
106321-13-5,O=C(O)C1=CC=C(C=C1C(=O)O)NC=2C=CC=CC2,188.23580303124004,285.1525863333334,0.53181,-0.66385,222.00000000000009,4.795892603051073,-7.081218731561501,-0.5232749345115,6.557943797050001,2.2045143152704987,0,1,2.826600000000001,3,3,ok,False,10.289999284239478,0.780853955482372,0.780853955482372,8.759553654308386,11.82044491417057,18.18,0.5,1.0,3.140058366801568e-27,2.244076053367951e-28,11.07085323972185,1.2735327082109849,2.714196543365607,0.46921167567025296,True,0.8023907289226578,1.8006258202197913e-28
62155-83-3,O=C(O)C1=CC=C(C=C1C(=O)O)S(=O)(=O)OC2=CC=CC(=C2)C,183.8983644234304,300.58441366666665,0.53697,-0.64946,270.2080000000001,9.101251374399018,-8.4232842422275,-1.1621982554855,7.261085986742,3.1634894174827437,0,1,2.1591200000000006,2,5,ok,False,10.323792176861062,0.780853955482372,0.780853955482372,8.79334654692997,11.854237806792154,18.18,0.5,1.0,5.01417009318451e-27,3.5974485554956508e-28,11.104646132343435,2.299801671856385,2.714196543365607,0.847323189427037,True,0.487747908599847,1.7546480092385444e-28
201730-11-2,O=C(O)C1=CC=C(C=C1C(=O)O)C(N)C(=O)O,189.1025801889332,202.4670923333333,0.53223,-0.66463,195.76000000000005,2.574404770039086,-8.631995565561,-0.782599434038,7.849396131523001,2.822975090100241,0,1,0.1674000000000002,4,4,ok,False,10.25595520198344,0.780853955482372,0.780853955482372,8.725509572052347,11.786400831914532,18.18,0.5,1.0,1.9559141945906995e-27,1.39234809541215e-28,11.036809157465813,1.244595841217015,2.714196543365607,0.4585503744226697,True,0.8103666771704243,1.1283124995437128e-28
91497-58-4,O=C(O)C=1C(C(=O)O)=C(C(=C(C1C)C)C)C,162.84542941366155,220.71348566666663,0.52966,-0.66641,204.20800000000008,3.152400515480227,-8.1163398188635,-0.1961940862105,7.920145732652999,2.1810905460403403,2,2,2.3166800000000007,2,2,ok,False,10.358585461936293,0.780853955482372,0.780853955482372,8.828139832005201,11.889031091867386,18.18,0.5,1.0,8.10279550326082e-27,5.8369101763917585e-28,11.139439417418666,3.5793231512468315,2.714196543365607,1.3187413269668624,False,0.1756821842800258,1.0254411292348147e-28
201730-10-1,O=C(O)C1=CC=C(C=C1C(=O)O)C(N)C(=O)O,189.4308525292656,202.51384466666664,0.53274,-0.66311,195.97600000000008,3.447903074333732,-8.650771421245501,-0.789674394151,7.861097027094502,2.834274175928128,0,1,0.1674000000000002,4,4,ok,False,10.23817826953041,0.780853955482372,0.780853955482372,8.707732639599318,11.768623899461502,18.18,0.5,1.0,1.526411931029296e-27,1.0843854737530157e-28,11.019032225012783,1.1367775334459265,2.714196543365607,0.41882653495546823,True,0.8391081592158978,9.099166987613522e-29
28889-41-0,O=C(O)C1=C(F)C(F)=C(OC)C(F)=C1C(=O)O,179.731522203902,170.770766,0.53699,-0.64083,179.75200000000004,2.030243044563877,-8.5125375851915,-0.7741639046725,7.738373680519,2.786206382710446,2,2,1.5089,2,3,ok,False,10.22875047349763,0.780853955482372,0.780853955482372,8.698304843566538,11.759196103428723,18.18,0.5,1.0,1.338059157967234e-27,9.495504356749642e-29,11.009604428980003,0.791796298025158,2.714196543365607,0.2917240094349725,True,0.9184177764799979,8.720839997882139e-29
99684-25-0,O=C(O)C1=CC(OC)=C(N)C=C1C(=O)O,187.19256732641023,198.0087563333333,0.53063,-0.67037,176.10400000000004,3.409948860320342,-7.3027194058685,-0.4340215915475,6.868697814321,2.178621147675816,0,2,0.6738,3,4,ok,False,10.235640417239738,0.780853955482372,0.780853955482372,8.705194787308645,11.76608604717083,18.18,0.5,1.0,1.4732665126583565e-27,1.0463257194575976e-28,11.01649437272211,1.2670786158727014,2.714196543365607,0.466833774057321,True,0.8041786985668646,8.414328553504492e-29
36528-51-5,O=C(O)C=1C=CC2=CC(C(=O)O)=C(C=C2C1)C(=O)O,186.0776487354537,261.8937876666667,0.53265,-0.66526,210.52800000000005,3.1168206701701653,-8.019739401936,-1.2024711053595,6.817268296576501,3.1188873219050794,0,2,1.9344,3,3,ok,False,10.23198553086144,0.780853955482372,0.780853955482372,8.701539900930348,11.762431160792532,18.18,0.5,1.0,1.3999379857420324e-27,9.938308463914897e-29,11.012839486343813,1.3326710118466107,2.714196543365607,0.4910001875524081,True,0.785777831072668,7.809302469306186e-29
67193-45-7,O=C(O)C1=CC=CC(=C1C(=O)O)S(=O)(=O)C(F)(F)F,161.98821400495248,200.18799533333333,0.53855,-0.63808,205.48800000000008,6.914914042126626,-9.4730994774565,-1.065053610857,8.408045866599501,3.301976234272281,1,0,1.3765,2,4,ok,False,10.351829636291871,0.780853955482372,0.780853955482372,8.821384006360779,11.882275266222964,18.18,0.5,1.0,7.382946307406943e-27,5.3141890742428565e-28,11.132683591774244,3.7635769051018455,2.714196543365607,1.3866265191079368,False,0.14620681719783768,7.769706705325716e-29
2439732-48-4,O=C(O)C1=CC=C(C#CC(NC)C)C=C1C(=O)O,186.60207741735852,253.91498666666664,0.53295,-0.66198,223.88000000000005,2.5303146227297506,-8.073617944335,-0.967092624677,7.106525319658,2.875330907727588,0,1,1.0424,3,3,ok,False,10.21762783771748,0.780853955482372,0.780853955482372,8.687182207786387,11.748073467648572,18.18,0.5,1.0,1.1452911442835257e-27,8.117189560443604e-29,10.998481793199852,1.2231306096069225,2.714196543365607,0.45064187138424366,True,0.8162144956495151,6.625367783168985e-29
378216-04-7,O=C(O)C1=CC=C(OC2=CC=C(C=C2)NC(=O)CC3=CC=C(OC)C=C3)C=C1C(=O)O,188.3075902140467,428.12945800000006,0.53329,-0.66048,364.2240000000001,8.80838393236807,-7.617010903196,-0.5428671317475,7.0741437714485,2.353062494074804,0,1,4.065100000000002,3,5,ok,False,10.235270413045871,0.780853955482372,0.780853955482372,8.704824783114779,11.765716042976964,18.18,0.5,1.0,1.4656730454604852e-27,1.0408886316455836e-28,11.016124368528244,1.9520259302134897,2.714196543365607,0.7191910751580927,True,0.5961661935275979,6.205426134142976e-29
88330-43-2,O=C(O)C1=CC=2C=CN(C2C=C1C(=O)O)C,184.38474702794872,223.44776766666664,0.52953,-0.68004,185.03200000000004,5.821112224480816,-7.4594569837565,-0.3959256524775,7.063531331279,2.184000943281484,0,2,1.5746999999999998,2,3,ok,False,10.212061785562604,0.780853955482372,0.780853955482372,8.681616155631511,11.742507415493696,18.18,0.5,1.0,1.059435758520276e-27,7.503916017348895e-29,10.992915741044976,1.1938754326173133,2.714196543365607,0.439863294180202,True,0.8240865505058051,6.18387626602231e-29
856806-24-1,O=C(O)C1=CC=C(C=C1C(=O)O)C(O)(C)C,186.4866223629768,207.000797,0.53186,-0.66653,197.52800000000005,1.9564214729960412,-8.738664194957,-0.628038766954,8.110625428003,2.704326724106726,0,1,1.3104,3,3,ok,False,10.210610159614266,0.780853955482372,0.780853955482372,8.680164529683173,11.741055789545358,18.18,0.5,1.0,1.0381144277371555e-27,7.351678303570483e-29,10.991464115096639,1.2125065602971627,2.714196543365607,0.4467276193615858,True,0.8190865149073926,6.021660560391839e-29
405903-64-2,O=C(O)C1=CC=C(OC2=CC=C(C=C2)NC(=O)CC3=CC=C(Cl)C=C3)C=C1C(=O)O,189.0749042382424,419.66916,0.53301,-0.66141,353.8080000000001,6.807614180459995,-7.826538568080999,-0.6054533173625,7.2210852507185,2.4614889828752093,0,1,4.709900000000003,3,4,ok,False,10.214069598191326,0.780853955482372,0.780853955482372,8.683623968260234,11.744515228122419,18.18,0.5,1.0,1.089643759007965e-27,7.719649375272961e-29,10.994923553673699,1.4383493258102087,2.714196543365607,0.5299355823460942,True,0.7551554012548322,5.829534921530867e-29
1344445-95-9,O=C(O)C1=CC=C(C=C1C(=O)O)C(N)CCO,189.62708154174115,219.436421,0.53156,-0.66724,210.6080000000001,2.635915129513847,-8.33756837932,-0.639467548675,7.698100830645,2.617112188622792,0,1,0.4651999999999999,4,4,ok,False,10.203971177214136,0.780853955482372,0.780853955482372,8.673525547283043,11.734416807145228,18.18,0.5,1.0,9.458998689592504e-28,6.693557092210181e-29,10.984825132696509,1.2596158035670448,2.714196543365607,0.4640842265627233,True,0.8062397135474357,5.396611552636943e-29
2167532-99-0,O=C(O)C1=CC=C(OCCN)C=C1C(=O)O,188.33875560956787,204.3746723333333,0.53244,-0.66236,192.86400000000003,4.541751043375231,-8.151170391727499,-0.4963356633119999,7.654834728415499,2.442226502107108,0,1,0.4204999999999999,3,4,ok,False,10.194728727736662,0.780853955482372,0.780853955482372,8.66428309780557,11.725174357667754,18.18,0.5,1.0,8.309031919955499e-28,5.873594738262582e-29,10.975582683219034,1.242563843736565,2.714196543365607,0.45780171917682283,True,0.8109228052211293,4.763031921883957e-29
89939-47-9,O=C(O)C=1C(N)=CC=C(C1C(=O)O)N(=O)=O,163.9432031868318,211.83694033333333,0.53689,-0.65261,172.68000000000004,9.078081166193655,-7.898920852313999,-1.7276508368245005,6.171270015489499,3.7541252551551296,2,0,0.5734,3,5,ok,False,10.334400835005919,0.780853955482372,0.780853955482372,8.803955205074827,11.864846464937012,18.18,0.5,1.0,5.805543250060909e-27,4.170345602251597e-28,11.115254790488292,4.127816782058157,2.714196543365607,1.5208245667204554,False,0.09897308220469785,4.1275195811364745e-29
140188-81-4,O=C(O)C1=C(F)C(F)=C(Br)C(F)=C1C(=O)O,178.9874508032391,169.442331,0.53824,-0.63327,173.71200000000005,2.683187136597073,-9.0388057720585,-1.071584343269,7.9672214287895,3.207516861359621,2,2,2.2628000000000004,2,2,ok,False,10.173872828357442,0.780853955482372,0.780853955482372,8.64342719842635,11.704318458288535,18.18,0.5,1.0,6.198658287389465e-28,4.371383363285385e-29,10.954726783839815,0.9682588522993927,2.714196543365607,0.3567386653211011,True,0.8805025320669962,3.849014120008324e-29
945681-55-0,O=C(O)C=1C=C2C(=CC1C(=O)O)C3C=4C=CC=CC4C2C5=CC(C(=O)O)=C(C=C53)C(=O)O,190.0590800128043,433.699933,0.53216,-0.66286,348.8400000000001,4.88565374233582,-7.9432754099455005,-0.8696758661980001,7.0735995437475,2.744999547802073,0,2,3.466600000000001,4,4,ok,False,10.167514192688373,0.780853955482372,0.780853955482372,8.63706856275728,11.697959822619465,18.18,0.5,1.0,5.668122224300408e-28,3.9943501295172327e-29,10.948368148170745,1.2107840817946203,2.714196543365607,0.44609300116978506,True,0.8195507409998294,3.2735726084586127e-29
332933-35-4,O=C(O)C1=CC=C(OC2=CC=C(C=C2)NC(=O)COC=3C=CC=CC3Cl)C=C1C(=O)O,188.9545984611517,424.43301966666667,0.53324,-0.66062,361.9520000000001,7.35493207718467,-7.853477839280499,-0.5379690824385,7.315508756841999,2.406407530240761,0,1,4.5462000000000025,3,5,ok,False,10.17476190045134,0.780853955482372,0.780853955482372,8.644316270520248,11.705207530382433,18.18,0.5,1.0,6.276660809467548e-28,4.4268399368897456e-29,10.955615855933713,1.5628909033187521,2.714196543365607,0.5758208288706924,True,0.7177961765101625,3.1775687807219485e-29
1391038-53-1,O=C(O)C1=CC=C(C=C1C(=O)O)C(N)C,187.1164135198718,197.09004666666667,0.53144,-0.66747,184.89600000000004,2.78646961045693,-8.451311968829001,-0.6751144630904999,7.776197505738501,2.6777759745612566,0,1,1.1027,3,3,ok,False,10.150186731686269,0.780853955482372,0.780853955482372,8.619741101755176,11.680632361617361,18.18,0.5,1.0,4.440212313692559e-28,3.122880528275436e-29,10.931040687168641,1.2122642728056447,2.714196543365607,0.4466383526162905,True,0.819151837919145,2.5581133243387336e-29
35157-38-1,O=C(O)C1=CC=CC(=C1C(=O)O)CCC=2C=CC=CC2,167.5146176221336,280.9485256666666,0.53415,-0.66072,243.64000000000007,2.238452744643049,-8.159878034943501,-0.574704452256,7.585173582687501,2.514541374498805,1,0,2.8682000000000016,2,2,ok,False,10.199805483686387,0.780853955482372,0.780853955482372,8.669359853755294,11.730251113617479,18.18,0.5,1.0,8.92236236614393e-28,6.310809405023082e-29,10.98065943916876,2.681969682867332,2.714196543365607,0.9881265560605594,True,0.3766668795405559,2.3770728859652366e-29
50919-66-9,O=C(O)C1=CC(=CC(OC)=C1C(=O)O)CC,184.34966614931707,207.515049,0.53508,-0.6615,197.44000000000003,4.811064725193375,-8.0053173678595,-0.596473560296,7.408843807563501,2.496705595823296,1,1,1.654,2,3,ok,False,10.135183361800582,0.780853955482372,0.780853955482372,8.60473773186949,11.665628991731674,18.18,0.5,1.0,3.592685336219805e-28,2.5225022248704813e-29,10.916037317282955,0.9327129634482967,2.714196543365607,0.3436423812889141,True,0.8886159969543709,2.2415358293729013e-29
2566985-63-3,O=C(O)C=1C=CC=C(C#CC=2C=CC=C(C#C)C2)C1C(=O)O,171.00428971824073,340.6843583333333,0.536,-0.65119,254.89600000000007,1.9155910550010409,-7.738917908219999,-0.866954727693,6.871963180527,2.694318998805977,1,0,2.4641,2,2,ok,False,10.166871741639046,0.780853955482372,0.780853955482372,8.636426111707953,11.697317371570138,18.18,0.5,1.0,5.617091671348544e-28,3.958099387025396e-29,10.947725697121419,2.0688396113458674,2.714196543365607,0.7622291084272415,True,0.5593425438892539,2.2139333801052813e-29
1344418-88-7,O=C(O)C1=CC=C(C=C1C(=O)O)C(N)C(O)C,190.3058375225367,218.51282,0.53147,-0.66715,209.61600000000004,4.9899242429119095,-8.505734738929,-0.6506242165455001,7.8551105223835,2.668291842698942,0,1,0.4636000000000001,4,4,ok,False,10.138362701654325,0.780853955482372,0.780853955482372,8.607917071723232,11.668808331585417,18.18,0.5,1.0,3.7577229840534397e-28,2.639329977483433e-29,10.919216657136698,1.2582432805320465,2.714196543365607,0.46357854356848577,True,0.8066180119709462,2.1289310993730087e-29
2476585-29-0,O=C(O)C1=CC=C(C#CCC(N)CO)C=C1C(=O)O,188.6938443760487,258.59942433333333,0.53255,-0.66274,232.34400000000005,2.5784928330325063,-8.220015195904,-0.948044655142,7.271970540762,2.889633592477192,0,1,0.1442000000000002,4,4,ok,False,10.13285823244719,0.780853955482372,0.780853955482372,8.602412602516097,11.663303862378282,18.18,0.5,1.0,3.4765601668763686e-28,2.440325006275044e-29,10.913712187929562,1.2404484794906518,2.714196543365607,0.45702234885042414,True,0.8115011885876617,1.9803266431323914e-29
25641-98-9,O=C(O)C=1C=C(Cl)C=C(Cl)C1C(=O)O,177.6067080512451,177.93857633333332,0.5397,-0.6434,169.29600000000005,2.252488743590076,-8.8347203841835,-1.001923197541,7.8327971866425,3.088282341807877,1,1,2.3898,2,2,ok,False,10.121337291206308,0.780853955482372,0.780853955482372,8.590891661275215,11.6517829211374,18.18,0.5,1.0,2.9538525762195594e-28,2.0707136229110164e-29,10.90219124668868,0.9926300401320713,2.714196543365607,0.3657178189834436,True,0.8748091566298377,1.811479238080702e-29
65190-26-3,O=C(O)C=1C=C2C=CC=C(C2=CC1C(=O)O)S(=O)(=O)O,184.99281805509588,268.5967283333334,0.53344,-0.66077,225.17600000000004,8.459610446113935,-8.32124154829,-1.24628143529,7.074960113,3.234558731756469,0,2,1.4829,3,4,ok,False,10.135028515085436,0.780853955482372,0.780853955482372,8.604582885154343,11.665474145016528,18.18,0.5,1.0,3.584833573803916e-28,2.5169451509406933e-29,10.915882470567809,1.9460121305066598,2.714196543365607,0.7169753919491778,True,0.598066269469426,1.5052999968822618e-29
73606-84-5,O=C(O)C=1C=2OC(=CC2C=C(C1C(=O)O)CCC3=CC=CC=4C=CC=CC43)C,163.12704021628397,421.991463,0.53373,-0.6601,330.44000000000005,3.2917528552429327,-7.3244885139085,-0.7164757683665,6.608012745542,2.446163055316528,2,1,5.076020000000003,2,3,ok,False,10.20562510564335,0.780853955482372,0.780853955482372,8.675179475712257,11.736070735574442,18.18,0.5,1.0,9.680832237624683e-28,6.851829615843793e-29,10.986479061125722,3.4020484763296936,2.714196543365607,1.2534274589087604,False,0.20782053281191915,1.4239508815011444e-29
302927-96-4,O=C(O)C1=CC=C(OC2=CC=C(C=C2)NC(=O)C=3C=CC=CC3)C=C1C(=O)O,188.3728896588587,394.47528933333336,0.53306,-0.6609,321.6400000000001,8.283273145924865,-7.796606044526,-0.592663966389,7.2039420781370005,2.44240759269953,0,1,4.127600000000002,3,4,ok,False,10.100410948131092,0.780853955482372,0.780853955482372,8.5699653182,11.630856578062184,18.18,0.5,1.0,2.1959404905473726e-28,1.5357633152196822e-29,10.881264903613465,1.7666218909574471,2.714196543365607,0.6508820797357711,True,0.6546546189564632,1.0053945479324557e-29
2447566-58-5,O=C(O)C=1C=CC=C(C#CCOCC)C1C(=O)O,174.744807087114,239.996335,0.53634,-0.6518,220.4720000000001,1.7386782134713714,-8.363419195117501,-0.739605445659,7.623813749458501,2.717309877109401,1,0,1.471,2,3,ok,False,10.078116058237624,0.780853955482372,0.780853955482372,8.547670428306532,11.608561688168717,18.18,0.5,1.0,1.5998918608107602e-28,1.1160977713667061e-29,10.858970013719997,1.465412666656482,2.714196543365607,0.5399066144411814,True,0.7471426469425695,8.338842431456235e-30
1344490-97-6,O=C(O)C1=CC=C(C=C1C(=O)O)C2CNCC2,186.79155940834696,226.43745766666663,0.53171,-0.66725,208.38400000000004,2.44083250961634,-8.0548420886505,-0.606813886615,7.448028202035499,2.5182599407098403,0,1,1.1599,3,3,ok,False,10.047740945779609,0.780853955482372,0.780853955482372,8.517295315848516,11.578186575710701,18.18,0.5,1.0,1.037889531322185e-28,7.215710462845636e-30,10.828594901261981,1.215190970649451,2.714196543365607,0.4477166451411852,True,0.8183622480855,5.905065035908418e-30
2549261-62-1,O=C(O)C1=CC=C(C#CCCN)C=C1C(=O)O,185.8809087962541,236.797004,0.53268,-0.66247,207.27200000000005,1.9429781702324915,-8.140013723857,-0.9461398581885,7.1938738656685,2.869044844896181,0,1,0.7833000000000001,3,3,ok,False,10.04265320145632,0.780853955482372,0.780853955482372,8.512207571525227,11.573098831387412,18.18,0.5,1.0,9.651794142643738e-29,6.706377424991618e-30,10.823507156938692,1.221972688193867,2.714196543365607,0.4502152547429817,True,0.816528244014132,5.475946582524423e-30
2616679-38-8,O=C(O)C1=CC=C(C#CC(N)CC)C=C1C(=O)O,186.70094029959276,253.42281366666668,0.53299,-0.66194,223.5600000000001,3.061991139765104,-8.1685856781595,-0.963827258471,7.2047584196885,2.8939542864208203,0,1,1.1718,3,3,ok,False,10.036623338665285,0.780853955482372,0.780853955482372,8.506177708734192,11.567068968596377,18.18,0.5,1.0,8.855239664009595e-29,6.148745022122437e-30,10.817477294147658,1.2600075194260114,2.714196543365607,0.4642285476731175,True,0.8061317047121136,4.956698306523683e-30
2558873-26-8,O=C(O)C=1C=CC=C(C#CC2COCC2)C1C(=O)O,168.63071263256387,253.80789833333333,0.53636,-0.6531,226.4240000000001,2.243844945623472,-8.1800144598805,-0.725455525433,7.454558934447499,2.6596944352012684,1,0,1.471,2,3,ok,False,10.077856918483423,0.780853955482372,0.780853955482372,8.54741128855233,11.608302548414516,18.18,0.5,1.0,1.594006231607809e-28,1.1119594461812105e-29,10.858710873965796,2.463337340887441,2.714196543365607,0.9075751521785154,True,0.4388082906466962,4.8793702384722395e-30
78324-74-0,O=C(O)C1=CC=C(Br)C(Br)=C1C(=O)O,174.7470287795245,199.20880033333333,0.53913,-0.64317,177.72800000000004,2.1710671707710936,-8.7394805365085,-0.9891338465675,7.750346689941,3.052958196613064,1,1,2.6080000000000005,2,2,ok,False,10.03376556515217,0.780853955482372,0.780853955482372,8.503319935221077,11.564211195083262,18.18,0.5,1.0,8.500851835434461e-29,5.9007803237647175e-30,10.814619520634542,1.4487933542001594,2.714196543365607,0.5337835086930197,True,0.7520707822324997,4.437804473875874e-30
18959-88-1,O=C(O)C1=CC=C(OC2=CC=C(OC3=CC=C(C(=O)O)C(=C3)C(=O)O)C=C2)C=C1C(=O)O,187.7381999650501,413.1078933333333,0.53315,-0.66064,354.8160000000001,0.3931307161746586,-8.3155271574295,-0.611167708223,7.7043594492065,2.5857399875298475,0,1,4.064000000000002,4,6,ok,False,10.021067789689432,0.780853955482372,0.780853955482372,8.49062215975834,11.551513419620525,18.18,0.5,1.0,7.0889026345972e-29,4.913694985562997e-30,10.801921745171805,1.8772290928177022,2.714196543365607,0.6916334402555593,True,0.6198010028054458,3.045513079532036e-30
1344431-51-1,O=C(O)C1=CC=C(C=C1C(=O)O)C2CNCC2,186.1214701076232,226.41198933333337,0.53153,-0.66682,207.77600000000004,1.7662446517965738,-8.0189230603845,-0.6568828351070001,7.3620402252775,2.556003690315612,0,1,1.1599,3,3,ok,False,9.991172830356945,0.780853955482372,0.780853955482372,8.460727200425852,11.521618460288037,18.18,0.5,1.0,4.617534411126016e-29,3.189981225105441e-30,10.772026785839317,1.2448196004301089,2.714196543365607,0.45863281473585954,True,0.8103054053372231,2.5848590296271957e-30
1005516-37-9,O=C(O)C1=CC=CC(=C1C(=O)O)N2CCCCC2,159.8750513192011,248.6849543333333,0.53169,-0.66648,222.6080000000001,6.907486825177447,-7.0746879991495,-0.3861295538595,6.68855844529,2.080560370915386,1,0,2.0733,2,3,ok,False,10.155534346563766,0.780853955482372,0.780853955482372,8.625088716632673,11.685979976494858,18.18,0.5,1.0,4.787966698881526e-28,3.369508378315496e-29,10.936388302046138,4.358754532378766,2.714196543365607,1.6059096910402462,False,0.07585391679872108,2.5559040818133723e-30
937611-48-8,O=C(O)C1=CC=C(C(=O)O)C(=C1C(=O)O)N(=O)=O,171.69592647589906,197.66266600000003,0.53911,-0.6372,190.77600000000004,7.165764786120181,-9.556094201859,-1.8212580013965,7.7348362004625,4.183803632104801,1,1,0.6893999999999998,3,5,ok,False,10.056550599915045,0.780853955482372,0.780853955482372,8.526104969983953,11.586996229846138,18.18,0.5,1.0,1.176863540326726e-28,8.189999383162595e-30,10.837404555397418,2.944102788913635,2.714196543365607,1.0847050837604206,False,0.3083298527019663,2.5252213034397176e-30
2646187-18-8,O=C(O)C=1C=CC=C(C#CC2CCCCC2)C1C(=O)O,164.37325944271691,282.2688313333333,0.53593,-0.65329,250.33600000000007,3.1548377026401853,-8.0907611169165,-0.7020537342900001,7.3887073826265,2.6159377075004207,1,0,3.014800000000001,2,2,ok,False,10.056647755315035,0.780853955482372,0.780853955482372,8.526202125383943,11.587093385246128,18.18,0.5,1.0,1.178494801754094e-28,8.20144117044748e-30,10.837501710797408,3.138541888765305,2.714196543365607,1.1563428950777122,False,0.26259853630233426,2.1536864469292113e-30
1613510-57-8,O=C(O)C1=CC=C(OCCCC(=O)O)C=C1C(=O)O,188.63214036529337,230.74843633333333,0.53303,-0.66186,225.69600000000003,6.528865464228835,-8.159878034943501,-0.5232749345115,7.636603100432001,2.468281528428851,0,1,1.3266,3,4,ok,False,9.97214117261449,0.780853955482372,0.780853955482372,8.441695542683398,11.502586802545583,18.18,0.5,1.0,3.512066250597983e-29,2.421136496119805e-30,10.752995128096863,1.3582469004377862,2.714196543365607,0.5004231929179154,True,0.7784711304061407,1.8847848650019474e-30
2550644-45-4,O=C(O)C1=CC=C(C#CCCO)C=C1C(=O)O,186.16223741464896,229.5954323333333,0.53315,-0.66208,203.5600000000001,2.496751972062904,-8.2208315374555,-0.9613782338165,7.259453303638999,2.9035580489710844,0,1,0.8169,3,3,ok,False,9.96544577635989,0.780853955482372,0.780853955482372,8.435000146428797,11.495891406290982,18.18,0.5,1.0,3.1892673536408656e-29,2.1969683327080556e-30,10.746299731842262,1.2258580088160052,2.714196543365607,0.4516467356840488,True,0.8154747876308944,1.7915722845469018e-30
1236108-27-2,O=C(O)C1=CC(N=NC=2C=C(C(=O)O)C(C(=O)O)=C(C2)C(=O)O)=CC(C(=O)O)=C1C(=O)O,174.71400016198197,404.487116,0.53816,-0.65265,339.4240000000001,4.255446614634003,-8.593899626491,-1.988063791753,6.605835834738,4.237841833587418,1,1,2.2912,6,8,ok,False,10.060204375067748,0.780853955482372,0.780853955482372,8.529758745136656,11.59065000499884,18.18,0.5,1.0,1.2397805251678383e-28,8.631394115948142e-30,10.841058330550121,3.722343887277438,2.714196543365607,1.3714349081963413,False,0.15246294326909132,1.3159677514329701e-30
13133-05-6,O=C(O)C=1C=C(OC)C=C(OC)C1C(=O)O,182.3377970765532,196.51356733333333,0.53576,-0.66181,189.36000000000004,3.298583686978397,-7.931574514374001,-0.633481043964,7.29809347041,2.512991133055993,1,1,1.1002,2,4,ok,False,9.924289980090492,0.780853955482372,0.780853955482372,8.3938443501594,11.454735610021585,18.18,0.5,1.0,1.7604114342864186e-29,1.2071532375072723e-30,10.705143935572865,0.8548696362439895,2.714196543365607,0.31496231852979595,True,0.9055604346927816,1.0931502104978841e-30
769138-06-9,O=C(O)C1=CC=C(C=C1C(=O)O)NC(=S)N,188.6026688574713,227.8703646666667,0.53235,-0.66386,191.42400000000004,8.362571279815796,-7.583268785734,-0.770082196915,6.813186588819,2.560419846486929,0,1,0.7384999999999999,4,3,ok,False,9.929747503424203,0.780853955482372,0.780853955482372,8.39930187349311,11.460193133355295,18.18,0.5,1.0,1.9050469014726078e-29,1.3071233299775183e-30,10.710601458906575,1.9049210004302128,2.714196543365607,0.7018360571884409,True,0.6110516125192721,7.987198185443232e-31
2580345-11-3,O=C(O)C=1C=CC=C(C#CCN(C)C)C1C(=O)O,165.000037518104,249.52127233333337,0.53653,-0.65246,223.0240000000001,3.033451331404544,-7.915247683344001,-0.7355237379014999,7.179723945442501,2.605805137889101,1,0,0.9961,2,3,ok,False,9.979320719731822,0.780853955482372,0.780853955482372,8.44887508980073,11.509766349662915,18.18,0.5,1.0,3.894278957355911e-29,2.686773185085711e-30,10.760174675214195,3.046079060896018,2.714196543365607,1.1222765235412453,False,0.2837945848537521,7.624916806575926e-31
1780884-15-2,O=C(O)C1=CC=2N=NN(C2C=C1C(=O)O)C,184.7941116549021,198.5952,0.53296,-0.66276,177.03200000000004,6.10942720801222,-8.502197258872501,-0.8182463484535,7.683950910419001,2.8263672572254595,0,2,0.3646999999999999,2,5,ok,False,9.904753114633946,0.780853955482372,0.780853955482372,8.374307484702854,11.435198744565039,18.18,0.5,1.0,1.3264313167537843e-29,9.075988581093068e-31,10.685607070116319,1.315975715446799,2.714196543365607,0.4848490868000987,True,0.7905086839761385,7.174647789022342e-31
2920140-58-3,O=C(O)C1=CC=C(O[Si](C)(C)C(C)(C)C)C=C1C(=O)O,183.57446335976107,292.786709,0.53234,-0.66261,277.15200000000004,4.504661395710004,-8.0298076144045,-0.5172884298004999,7.512519184604001,2.4310370793653924,0,1,3.4670000000000014,2,3,ok,False,9.888609380024064,0.780853955482372,0.780853955482372,8.358163750092972,11.419055009955157,18.18,0.5,1.0,1.0493054890139543e-29,7.1669875021146605e-31,10.669463335506437,0.9044657101055129,2.714196543365607,0.3332351565756452,True,0.8948978783873136,6.413721910070802e-31
80347-30-4,O=C(O)C=1C(OC)=C(C(=O)O)C(C(=O)O)=C(C(=O)O)C1C(=O)O,156.5840782219921,247.369507,0.53829,-0.63838,248.0480000000001,4.581886304787582,-9.1247937488165,-1.20274321921,7.9220505296065,3.3658589852257563,2,2,0.1861999999999999,5,6,ok,False,10.145517169659914,0.780853955482372,0.780853955482372,8.615071539728822,11.675962799591007,18.18,0.5,1.0,4.15711505151895e-28,2.9222237383606467e-29,10.926371125142287,5.310994089474406,2.714196543365607,1.956746316863541,False,0.02173446241277471,6.351296200311747e-31
917766-59-7,O=C(O)C1=CC(Cl)=C(C=C1C(=O)O)P(=O)(O)O,186.765787866096,206.447756,0.53649,-0.64903,201.40000000000003,4.10315870275572,-9.029826014992,-1.1273676826215,7.9024583323705,3.263812964006225,0,2,0.5393999999999999,4,3,ok,False,9.881489150170458,0.780853955482372,0.780853955482372,8.351043520239365,11.41193478010155,18.18,0.5,1.0,9.461322778499045e-30,6.457217346752524e-31,10.66234310565283,1.0824988097297037,2.714196543365607,0.3988284534425808,True,0.8529416535670249,5.507629641180775e-31
98589-66-3,O=C(O)C1=CC=C(OC)C(=C1C(=O)O)N(=O)=O,173.08295746637077,201.587475,0.53652,-0.64326,187.36800000000005,6.950261498677586,-8.578661250863,-1.726834495273,6.85182675559,3.874997367927547,1,1,0.9997999999999998,2,5,ok,False,9.914378334941524,0.780853955482372,0.780853955482372,8.383932705010432,11.444823964872617,18.18,0.5,1.0,1.525042947673188e-29,1.0446087098897674e-30,10.695232290423897,2.4705451923675055,2.714196543365607,0.9102307636513406,True,0.43669509824177266,4.561755031895234e-31
72066-79-6,O=C(O)C1=CC=C(OC2=CC=C(C=C2)C(C3=CC=C(OC4=CC=CC(C(=O)O)=C4C(=O)O)C=C3)(C)C)C=C1C(=O)O,189.8979044553012,562.35103,0.53261,-0.66181,476.1200000000001,3.963998128152938,-7.7544283976985,-0.7284487777884999,7.02597961991,2.560468755505729,0,1,6.389900000000005,4,6,ok,False,9.871316360265734,0.780853955482372,0.780853955482372,8.340870730334641,11.401761990196826,18.18,0.5,1.0,8.15959776544881e-30,5.562567976573873e-31,10.652170315748107,1.216077755220264,2.714196543365607,0.4480433659797997,True,0.8181227784005027,4.55086356803628e-31
2866253-76-9,O=C(O)C1=CC(F)=C(C=C1C(=O)O)NC(C(=O)N)C,186.1094025885553,237.76227699999995,0.5331,-0.66189,220.1920000000001,10.10433262615597,-7.4240821831915005,-0.468580050561,6.9555021326305,2.2390230046750057,0,2,0.5078000000000003,4,4,ok,False,9.909019511606843,0.780853955482372,0.780853955482372,8.37857388167575,11.439465141537935,18.18,0.5,1.0,1.4110835135596585e-29,9.659770088251304e-31,10.689873467089216,2.6016406640296545,2.714196543365607,0.9585306820867205,True,0.3990051046753188,3.8542975752022252e-31
2501649-02-9,O=C(O)C=1C=CC=C(C#CC2CCCCCC2)C1C(=O)O,164.25315716646048,299.8393476666667,0.53584,-0.65288,266.90400000000005,3.3101498410192853,-8.087767864561,-0.690624952569,7.397142911992,2.604390011409412,1,0,3.4049000000000014,2,2,ok,False,9.935516047590202,0.780853955482372,0.780853955482372,8.40507041765911,11.465961677521294,18.18,0.5,1.0,2.0707540873041663e-29,1.4217303336254906e-30,10.716370003072575,3.158806933739724,2.714196543365607,1.1638092095654944,False,0.2580887202410178,3.6693256233323814e-31
4445-49-2,O=C(O)C1=CC=CC(C=2C=CC=CC2)=C1C(=O)O,168.77443829935794,251.570177,0.53447,-0.65586,209.73600000000005,2.2767742488002627,-8.1783817767775,-0.618786896037,7.559594880740499,2.559336111221877,1,0,2.750000000000001,2,2,ok,False,9.896283280564251,0.780853955482372,0.780853955482372,8.365837650633159,11.426728910495344,18.18,0.5,1.0,1.1730249040970536e-29,8.018809784829193e-31,10.677137236046624,2.464520228994716,2.714196543365607,0.9080109673777375,True,0.4384612165181053,3.515937093283494e-31
213612-01-2,O=C(O)C1=CC=C(C=C1C(=O)O)C(=O)N,186.21843276965336,181.39013866666667,0.53386,-0.65876,170.41600000000005,6.778235971844001,-9.061935449351,-1.0021953113915,8.0597401379595,3.141749182839236,0,1,0.1819,3,3,ok,False,9.862305696431129,0.780853955482372,0.780853955482372,8.331860066500036,11.392751326362221,18.18,0.5,1.0,7.155964238011482e-30,4.873532315623854e-31,10.643159651913502,1.5700014397456368,2.714196543365607,0.5784405862512938,True,0.7156289219340137,3.4876406770404765e-31
2517324-04-6,O=C(O)C1=CC=C(C#CCON)C=C1C(=O)O,186.8216205067205,225.342048,0.53309,-0.66139,199.97600000000008,4.190910169640957,-8.334303013114,-1.0032837667935,7.331019246320501,2.9733425852095863,0,1,0.3248,3,4,ok,False,9.853965479210894,0.780853955482372,0.780853955482372,8.323519849279801,11.384411109141986,18.18,0.5,1.0,6.336619115587743e-30,4.311563931261827e-31,10.634819434693267,1.3893395646658644,2.714196543365607,0.5118787613453673,True,0.7694957365099043,3.317730062795858e-31
1257323-85-5,O=C(O)C1=CC=C(C=C1C(=O)O)C(NC(=O)OC(C=2C=CC=CC2N(=O)=O)C)C(=O)O,157.28263510133442,376.4149076666667,0.53262,-0.66037,353.16800000000006,4.685796927951532,-8.8396184334925,-1.4574417832780002,7.3821766502145,3.590724461487822,0,1,2.6043000000000003,4,7,ok,False,10.040949899053967,0.780853955482372,0.780853955482372,8.510504269122874,11.57139552898506,18.18,0.5,1.0,9.419845959177701e-29,6.543961517588908e-30,10.82180385453634,4.702938788249341,2.714196543365607,1.7327185828693492,False,0.04967200981016036,3.2505172069898806e-31
2548436-37-7,O=C(O)C=1C=CC=C(C#CCC(N)CC)C1C(=O)O,159.34910103576442,265.83197633333333,0.53606,-0.65207,239.8400000000001,1.928361680287181,-8.124231120528,-0.7137546298615,7.4104764906665,2.63512043464639,1,0,1.5619,3,3,ok,False,9.987728266495282,0.780853955482372,0.780853955482372,8.457282636564189,11.518173896426374,18.18,0.5,1.0,4.394594072518675e-29,3.0347983817193814e-30,10.768582221977654,4.061088576398058,2.714196543365607,1.4962396832774325,False,0.10659345255578581,3.2348963731818044e-31
610-35-5,O=C(O)C1=CC=C(O)C=C1C(=O)O,186.8990096392595,157.7776031,0.53324,-0.66097,147.14400000000003,2.963805116737604,-8.289948455482499,-0.5039548511259999,7.785993604356499,2.483072145175854,0,1,0.7886,3,3,ok,False,9.837975184345808,0.780853955482372,0.780853955482372,8.307529554414716,11.3684208142769,18.18,0.5,1.0,5.017287137583274e-30,3.4078716033042002e-31,10.61882913982818,1.2042728411192911,2.714196543365607,0.4436940442146431,True,0.8213019903116301,2.7988917305202255e-31
438461-42-8,O=C(O)C=1C=CC=C(SC)C1C(=O)O,172.82851804858078,192.6732376666667,0.53704,-0.65929,174.10400000000004,1.9420816203239244,-8.158517465691,-0.7523947966325001,7.4061226690585,2.680361941565085,1,0,1.8049,2,3,ok,False,9.848080394574424,0.780853955482372,0.780853955482372,8.317634764643332,11.378526024505517,18.18,0.5,1.0,5.815183746256922e-30,3.9542098820049845e-31,10.628934350056797,1.7837786515241962,2.714196543365607,0.6572031991877451,True,0.6492638833317105,2.567325663499181e-31
1391277-41-0,O=C(O)C1=CC=C(C=C1C(=O)O)C(N)CN,188.76066260570192,209.617905,0.53176,-0.66703,197.0960000000001,2.0355470935352984,-8.3547115519015,-0.620963806841,7.733747745060499,2.6042596293948264,0,1,0.0415000000000002,4,4,ok,False,9.826275620518455,0.780853955482372,0.780853955482372,8.295829990587363,11.356721250449548,18.18,0.5,1.0,4.228358116781137e-30,2.8683267389736556e-31,10.607129576000828,1.3889834106364494,2.714196543365607,0.5117475423920879,True,0.7695991014819799,2.2074616810708626e-31
296779-99-2,O=C(O)C=1C=CC=C(C=C)C1C(=O)O,169.54676614377118,186.987582,0.53445,-0.65865,166.30400000000003,2.1923411185305994,-8.285866747725,-0.5738881107045001,7.711978637020501,2.544588744536238,1,0,1.726,2,2,ok,False,9.846305782453125,0.780853955482372,0.780853955482372,8.315860152522033,11.376751412384218,18.18,0.5,1.0,5.6664727641103844e-30,3.852338101493489e-31,10.627159737935498,2.348364618287816,2.714196543365607,0.8652153890726871,True,0.47302943144956494,1.8222693019009615e-31
62155-85-5,O=C(O)C1=CC=C(C=C1C(=O)O)S(=O)(=O)NC2=CC=CC(=C2)C,186.07491798687275,310.402777,0.53626,-0.65161,273.56800000000004,8.025870067475552,-8.18518462304,-1.0979793867674998,7.087205236272499,3.039884240685188,0,1,2.19222,3,4,ok,False,9.82189484485274,0.780853955482372,0.780853955482372,8.291449214921647,11.352340474783832,18.18,0.5,1.0,3.965765928779185e-30,2.688904634002814e-31,10.602748800335112,1.7589114221578632,2.714196543365607,0.6480412873773728,True,0.6570747382318046,1.7668113085176854e-31
1389861-03-3,O=C(O)C1=CC=C(C=C1C(=O)O)C(N)CN,188.60946396657744,209.09525633333337,0.53156,-0.66684,196.92800000000005,1.9227427337010008,-8.272805282901,-0.6756586907915001,7.5971465921095005,2.635035618887477,0,1,0.0415000000000002,4,4,ok,False,9.807277625961445,0.780853955482372,0.780853955482372,8.276831996030353,11.337723255892538,18.18,0.5,1.0,3.2012551168275214e-30,2.167072752638295e-31,10.588131581443818,1.4130733160827358,2.714196543365607,0.5206230622969268,True,0.7625796072529968,1.6525654885955817e-31
56962-06-2,O=C(O)C1=CC=C(Cl)C(Cl)=C1C(=O)O,176.85903829704296,179.18033533333332,0.53903,-0.64329,168.98400000000004,2.362879264795389,-8.86002697228,-0.9635551446205,7.8964718276595,3.055249474501404,1,1,2.3898,2,2,ok,False,9.793433817708472,0.780853955482372,0.780853955482372,8.26298818777738,11.323879447639564,18.18,0.5,1.0,2.612734552893706e-30,1.766001844661812e-31,10.574287773190845,1.0915711651705593,2.714196543365607,0.4021710099951014,True,0.8506610539057768,1.502268990379563e-31
1780469-46-6,O=C(O)C1=CC=2C=NNC2C=C1C(=O)O,186.0144382467396,189.45640566666668,0.53161,-0.66652,164.22400000000005,1.990281688605912,-8.100285101684,-0.52245859296,7.577826508724,2.452936496300264,0,2,0.9593,3,3,ok,False,9.791284404752208,0.780853955482372,0.780853955482372,8.260838774821115,11.3217300346833,18.18,0.5,1.0,2.5315422232278917e-30,1.7107205252043245e-31,10.57213836023458,1.2581976592031174,2.714196543365607,0.4635617351582619,True,0.8066305822056751,1.3799194932367624e-31
2474245-38-8,O=C(O)C1=CC=C(C#CCCC(O)C)C=C1C(=O)O,186.4317337070844,263.107965,0.53274,-0.66265,237.1440000000001,3.015106507239836,-8.168313564309,-0.938792784225,7.229520780084001,2.8680803529879557,0,1,1.5955,3,3,ok,False,9.788047124479576,0.780853955482372,0.780853955482372,8.257601494548483,11.318492754410668,18.18,0.5,1.0,2.4139590231896156e-30,1.6306856293285366e-31,10.568901079961948,1.2486034385583005,2.714196543365607,0.4600269061613463,True,0.8092683149779686,1.319662211505493e-31
1344491-15-1,O=C(O)C1=CC=2OCC(N)C2C=C1C(=O)O,187.45975492180403,199.4946463333333,0.53291,-0.6622,183.38400000000004,4.005518629341274,-8.07633908284,-0.500145257219,7.576193825621001,2.4272109890631017,0,2,0.4751999999999999,3,4,ok,False,9.783204468755667,0.780853955482372,0.780853955482372,8.252758838824574,11.31365009868676,18.18,0.5,1.0,2.248111119129049e-30,1.5178489014050825e-31,10.56405842423804,1.239773513701578,2.714196543365607,0.45677366907418476,True,0.8116856171731698,1.232016122312602e-31
195384-92-0,O=C(O)C1=CC=C(C=C1C(=O)O)CCC(=O)CCCCCCCCC,184.79135794369896,348.663112,0.53144,-0.66649,343.63200000000006,6.332303799566158,-8.57158629075,-0.6691279583795,7.9024583323705,2.7013998759184314,0,1,4.725400000000005,2,3,ok,False,9.768482101469374,0.780853955482372,0.780853955482372,8.238036471538281,11.298927731400466,18.18,0.5,1.0,1.8102504842620354e-30,1.2202594982652988e-31,10.549336056951747,1.2980899593736193,2.714196543365607,0.4782593812325714,True,0.79554168168622,9.707672933435588e-32
116-69-8,O=C(O)C=1C=CC=C(Br)C1C(=O)O,176.64985705900244,172.6130146666667,0.53785,-0.64726,158.62400000000002,2.104034004002787,-8.68587410796,-0.8209674869585,7.8649066210015,2.8728897069652595,1,0,1.8455,2,2,ok,False,9.749513288137875,0.780853955482372,0.780853955482372,8.219067658206782,11.279958918068967,18.18,0.5,1.0,1.3686674442517814e-30,9.206927231990282e-32,10.530367243620248,1.085757269036296,2.714196543365607,0.4000289778904352,True,0.8521240338161636,7.845443971975445e-32
343982-49-0,O=C(O)C1=CC=C(OC2=CC=C(O)C=C2)C=C1C(=O)O,186.6484039261757,261.3140936666667,0.53308,-0.66093,227.60000000000005,2.897477145725225,-7.858103774739,-0.5401459932425,7.3179577814965,2.4095041701298947,0,1,2.5809,3,4,ok,False,9.735102150241664,0.780853955482372,0.780853955482372,8.204656520310571,11.265547780172756,18.18,0.5,1.0,1.1062822697437118e-30,7.430236545069397e-32,10.515956105724037,1.1993846529857097,2.714196543365607,0.44189307363072217,True,0.8226129434356192,6.112208754762442e-32
1133-27-3,O=CC1=CC=CC(C(=O)O)=C1C(=O)O,177.69157722813137,170.92329266666664,0.5369,-0.64722,158.32000000000005,3.37975892779352,-9.188196275983,-1.198933625303,7.9892626506800015,3.3761710029963323,1,0,0.8955,2,3,ok,False,9.731147283487568,0.780853955482372,0.780853955482372,8.200701653556475,11.26159291341866,18.18,0.5,1.0,1.0434557742561871e-30,7.00526032144599e-32,10.51200123896994,1.319285936469345,2.714196543365607,0.4860686819803509,True,0.78957317558074,5.531165637773866e-32
56113-32-7,O=C(O)C=1C(N)=C2C(=O)C=3C=CC=CC3C(=O)C2=C(N)C1C(=O)O,165.7442747978744,378.170582,0.53634,-0.65333,256.97600000000006,2.21066606478681,-6.931556113786501,-2.230789346399,4.700766767387501,4.464621331257684,2,2,1.0228000000000002,4,6,ok,False,9.838722525419689,0.780853955482372,0.780853955482372,8.308276895488596,11.369168155350781,18.18,0.5,1.0,5.072377892242636e-30,3.4455733369805887e-31,10.619576480902062,3.7117247893775227,2.714196543365607,1.367522480437242,False,0.15410551721082436,5.309818611832196e-32
2610957-45-2,O=C(O)C=1C=CC=C(C#CC=2C=NC=CC2)C1C(=O)O,171.32100068966554,295.3483493333334,0.53592,-0.65073,228.46400000000008,2.18384499907846,-7.8496682453735005,-0.884914241826,6.9647540035475,2.7385364647061605,1,0,1.8778,2,3,ok,False,9.742006831266027,0.780853955482372,0.780853955482372,8.211561201334934,11.272452461197119,18.18,0.5,1.0,1.2250967703487119e-30,8.234415876996936e-32,10.5228607867484,1.9991903562349165,2.714196543365607,0.7365680135145696,True,0.581274345321973,4.786454698010254e-32
2620457-58-9,O=C(O)C1=CC=C(C#CCNC)C=C1C(=O)O,186.0852098699724,236.159527,0.53311,-0.66174,207.34400000000005,2.6805289962990515,-8.074162172035999,-0.9630109169195,7.111151255116499,2.871212216902968,0,1,0.6539000000000001,3,3,ok,False,9.715237023432682,0.780853955482372,0.780853955482372,8.18479139350159,11.245682653363774,18.18,0.5,1.0,8.245400503181345e-31,5.526022749683486e-32,10.496090978915054,1.2299142541088461,2.714196543365607,0.4531411909410772,True,0.8143728762557162,4.5002430409142624e-32
330971-87-4,O=C(O)C1=CC=C(OC2=CC=C(C=C2)NC(=O)C)C=C1C(=O)O,188.0858683295561,308.170491,0.53323,-0.66062,266.6960000000001,5.929606945658371,-7.809123281649001,-0.540418107093,7.268705174556,2.397773734390532,0,1,2.8337000000000003,3,4,ok,False,9.690757750178001,0.780853955482372,0.780853955482372,8.160312120246909,11.221203380109094,18.18,0.5,1.0,5.734863189133085e-31,3.8333063946190214e-32,10.471611705660374,1.2538527617766602,2.714196543365607,0.46196093088449713,True,0.8078265562065027,3.096646703649449e-32
142118-89-6,O=C(O)C1=CC=2N=C(N(C2C=C1C(=O)O)C)C,184.69444555767225,227.76826366666668,0.53042,-0.67628,197.22400000000005,7.478609179519947,-8.082869815252002,-0.4307562253415,7.652113589910502,2.3680329463039094,0,2,1.27812,2,4,ok,False,9.69226766422289,0.780853955482372,0.780853955482372,8.161822034291797,11.222713294153982,18.18,0.5,1.0,5.864915666272921e-31,3.9208760972892285e-32,10.473121619705262,1.5388002222971082,2.714196543365607,0.5669450232181764,True,0.7251138083940335,2.8430813991465273e-32
2588231-51-8,O=C(O)C1=CC=C(C#CCOCCO)C=C1C(=O)O,186.65481766736383,249.66105566666667,0.53308,-0.66164,229.32000000000005,3.987450828536949,-8.282057153818,-0.977432950996,7.304624202822,2.934379463628845,0,1,0.4434,3,4,ok,False,9.679205377995459,0.780853955482372,0.780853955482372,8.148759748064366,11.209651007926551,18.18,0.5,1.0,4.8301288070667215e-31,3.224536445892397e-32,10.460059333477831,1.3794180608005757,2.714196543365607,0.5082233503584437,True,0.7723704598011065,2.4905366973593364e-32
62384-68-3,O=C(O)C1=CC=C(OC(OC2=CC=C(C(=O)O)C(=C2)C(=O)O)(C)C)C=C1C(=O)O,188.93786892050525,360.32772100000005,0.53243,-0.66243,334.2000000000001,5.119919668315119,-8.7732226539705,-0.7619187814,8.0113038725705,2.837207389667621,0,1,2.6733,4,6,ok,False,9.668478754390094,0.780853955482372,0.780853955482372,8.138033124459001,11.198924384321186,18.18,0.5,1.0,4.117557102800258e-31,2.745652914029781e-32,10.449332709872467,1.1598666835412779,2.714196543365607,0.4273333434074165,True,0.8330898442509187,2.2873755585161513e-32
1344588-48-2,O=C(O)C1=CC=C(C=C1C(=O)O)C(N)CC,186.9153880428293,213.005387,0.5318,-0.66629,201.67200000000005,3.4122681283861622,-8.476346443075,-0.671032755333,7.805313687742,2.680050717592415,0,1,1.4928,3,3,ok,False,9.663809910628682,0.780853955482372,0.780853955482372,8.13336428069759,11.194255540559775,18.18,0.5,1.0,3.840984578828832e-31,2.5599412403306126e-32,10.444663866111055,1.2449201081352583,2.714196543365607,0.45866984510692654,True,0.81027788130379,2.074263764477285e-32
2552003-47-9,O=C(O)C1=CC=C(C#CCC(O)(C)C)C=C1C(=O)O,185.8200086686199,263.97510600000004,0.53269,-0.66229,236.95200000000008,2.4849242141361176,-8.202599909472,-0.947500427441,7.255099482030999,2.885016821028397,0,1,1.5955,3,3,ok,False,9.66306182224863,0.780853955482372,0.780853955482372,8.132616192317538,11.193507452179723,18.18,0.5,1.0,3.7984171451000846e-31,2.531366795598263e-32,10.443915777731004,1.2274273717214033,2.714196543365607,0.45222494101307487,True,0.8150487127563301,2.0631872482664804e-32
331675-79-7,O=C(O)C1=CC=C(OC2=CC=C(C=C2)NC(=O)C=3C=CC(=CC3)C=4C=CC=CC4)C=C1C(=O)O,188.0488283924587,505.67851,0.53315,-0.66086,393.1200000000001,7.154879077943945,-7.6983729444955,-0.607902342017,7.0904706024785,2.4326385723682127,0,1,5.794600000000004,3,4,ok,False,9.667216643620566,0.780853955482372,0.780853955482372,8.136771013689474,11.197662273551659,18.18,0.5,1.0,4.04089990327314e-31,2.694170035802324e-32,10.44807059910294,1.5017782349198419,2.714196543365607,0.553304895546597,True,0.7362788884991397,1.9836605193882224e-32
1081825-97-9,O=C(O)C=1C=C(C(=O)O)C(C(=O)O)=C(O)C1C(=O)O,183.2193879787508,209.6770593333333,0.53943,-0.64935,200.5360000000001,4.459612281353616,-8.5353951486335,-1.5320009783150002,7.003394170318499,3.617976595064632,1,2,0.1849999999999999,5,5,ok,False,9.676040033380012,0.780853955482372,0.780853955482372,8.14559440344892,11.206485663311105,18.18,0.5,1.0,4.6079912292038265e-31,3.0751893169102e-32,10.456893988862385,1.9407326658440767,2.714196543365607,0.7150302621185884,True,0.5997344675859281,1.8442970277030727e-32
52060-72-7,O=C(O)C=1C=C(C(=O)O)C(=CC1OC)C(=O)O,187.0186580267648,203.651753,0.53548,-0.65402,191.90400000000005,4.188746520141796,-8.385460417008,-0.8560701736730001,7.529390243334999,2.8357504691065065,0,2,0.7898000000000001,3,4,ok,False,9.652836736290027,0.780853955482372,0.780853955482372,8.122391106358934,11.18328236622112,18.18,0.5,1.0,3.2614428031017765e-31,2.1711204177256614e-32,10.4336906917724,1.3536145259496222,2.714196543365607,0.498716472562867,True,0.7797997523574649,1.6930391640807064e-32
1804039-21-1,O=C(O)C1=CC=CC(=C1C(=O)O)CC(=O)CBr,162.7466551982599,223.23240566666664,0.5345,-0.65412,211.8160000000001,4.417734714760496,-8.668458821528,-0.6544338104524999,8.0140250110755,2.711381824592408,1,0,1.5895,2,3,ok,False,9.731328380142825,0.780853955482372,0.780853955482372,8.200882750211733,11.261774010073918,18.18,0.5,1.0,1.0462536952455947e-30,7.024182279978918e-32,10.512182335625198,3.3985202089220166,2.714196543365607,1.2521275282105575,False,0.20849851774553396,1.4645315937500497e-32
2504662-89-7,O=C(O)C=1C=CC=C(C#COCC)C1C(=O)O,163.0656666400075,226.487531,0.53626,-0.65704,203.23200000000008,4.016140242820213,-7.7827282381505,-0.697699912682,7.0850283254685,2.53766316511786,1,0,1.4285,2,3,ok,False,9.71830430147643,0.780853955482372,0.780853955482372,8.187858671545337,11.248749931407522,18.18,0.5,1.0,8.628602008558062e-31,5.784764873397594e-32,10.499158256958802,3.3823103779830186,2.714196543365607,1.246155289030377,False,0.21163271051755225,1.2242454698638578e-32
2541881-22-3,O=C(O)C1=CC=C(C#CC2=CC=C(O)C=C2)C=C1C(=O)O,186.46530963934475,326.46371600000003,0.53319,-0.66205,241.06400000000005,3.454952192143909,-7.3408153449385,-1.1202927225085,6.22052262243,2.8771838828652343,0,1,2.1884,3,3,ok,False,9.608323720986888,0.780853955482372,0.780853955482372,8.077878091055796,11.13876935091798,18.18,0.5,1.0,1.676446705492433e-31,1.1106769447752462e-32,10.389177676469261,1.292190980309306,2.714196543365607,0.47608600175541727,True,0.7971934706207568,8.854244083438372e-33
1005516-70-0,O=C(O)C=1C(F)=CC=C(C1C(=O)O)N2CCC(O)CC2,159.6845012443207,248.31720100000004,0.53419,-0.64926,236.69600000000003,2.148944326873081,-7.4393205588195,-0.552935344216,6.8863852146035,2.318929032758285,2,0,1.1832,3,4,ok,False,9.74136188700993,0.780853955482372,0.780853955482372,8.210916257078837,11.271807516941022,18.18,0.5,1.0,1.2134824099442431e-30,8.155779085424751e-32,10.522215842492303,4.101388443646009,2.714196543365607,1.511087490576597,False,0.1019385188116701,8.313880397233965e-33
1344503-70-3,O=C(O)C1=CC=CC(=C1C(=O)O)C(N)(C(=O)O)C,156.4487510116137,217.96489466666665,0.53359,-0.64958,211.4480000000001,2.521677031263124,-8.730772893292501,-0.6057254312129999,8.125047462079502,2.6821443619353307,1,0,0.3414999999999999,4,4,ok,False,9.790098683646878,0.780853955482372,0.780853955482372,8.259653053715786,11.32054431357797,18.18,0.5,1.0,2.4878294788030964e-30,1.6809633970430322e-31,10.570952639129251,4.826533980645793,2.714196543365607,1.7782551497397774,False,0.042332872055574275,7.116000841712618e-33
82520-79-4,O=C(O)C1=CC=C(S)C=C1C(=O)O,185.4354236529518,180.37899233333331,0.53283,-0.66101,157.56800000000004,1.685542319255141,-7.956064760918999,-0.7480409750245001,7.2080237858944995,2.627677811314364,0,1,1.3717,3,3,ok,False,9.583942003796569,0.780853955482372,0.780853955482372,8.053496373865476,11.114387633727661,18.18,0.5,1.0,1.1627515541633776e-31,7.68337129380385e-33,10.364795959278942,1.2517852989192173,2.714196543365607,0.46119920901785616,True,0.8083948125574771,6.211197496864063e-33
93203-79-3,O=C(O)C1=CC=2C(Cl)=CC=CC2C(C=3C=CC=CC3Cl)=C1C(=O)O,162.47947322010933,361.39771,0.53641,-0.65154,283.44000000000005,5.674174216571077,-7.881505565882001,-1.0990678421695002,6.7824377237125,2.97277697277757,1,2,5.210000000000003,2,2,ok,False,9.671249494285291,0.780853955482372,0.780853955482372,8.140803864354199,11.201695124216384,18.18,0.5,1.0,4.290944390064484e-31,2.8621253757053925e-32,10.452103449767664,3.4999323672507794,2.714196543365607,1.2894911298173193,False,0.18960972962742081,5.4268681864727966e-33
1344553-98-5,O=C(O)C1=CC=C(C=C1C(=O)O)C(N)(C(=O)O)C,188.58567856972155,219.65998366666668,0.53247,-0.6647,212.47200000000004,3.093754657370232,-8.523694253062,-0.7681773999615,7.755516853100499,2.783143936491645,0,1,0.3414999999999999,4,4,ok,False,9.568050218366634,0.780853955482372,0.780853955482372,8.037604588435542,11.098495848297727,18.18,0.5,1.0,9.155649662615077e-32,6.0397234082615686e-33,10.348904173849007,1.1682575810449491,2.714196543365607,0.4304248282610766,True,0.8308836277152071,5.0183072958528267e-33
36439-94-8,O=C(O)C1=CC=CC2=CC(C(=O)O)=C(C=C21)C(=O)O,186.2604777167588,258.2197213333333,0.53261,-0.66613,210.16000000000005,4.5538155221747845,-8.0640939595675,-1.134170528884,6.929923430683501,3.0522728874928937,0,2,1.9344,3,3,ok,False,9.563938275155012,0.780853955482372,0.780853955482372,8.03349264522392,11.094383905086104,18.18,0.5,1.0,8.606028410338058e-32,5.6746640996878836e-33,10.344792230637385,1.3952000473348034,2.714196543365607,0.5140379574740573,True,0.767793070399281,4.3569677725839315e-33
2510871-92-6,O=C(O)C1=CC=C(C#CC=2C=CC=CC2O)C=C1C(=O)O,186.4407398375797,322.43662666666665,0.53332,-0.66163,240.7040000000001,4.135384373912538,-7.517961461614001,-1.1665520770935,6.351409384520501,2.9686629706080487,0,1,2.1884,3,3,ok,False,9.553069416670164,0.780853955482372,0.780853955482372,8.022623786739072,11.083515046601256,18.18,0.5,1.0,7.305971517781385e-32,4.8118514555356e-33,10.333923372152537,1.3884875446627862,2.714196543365607,0.5115648489261798,True,0.7697429933984185,3.70388894317251e-33
338450-76-3,O=C(O)C1=CC=2N=CN(C2C=C1C(=O)O)C,184.4352328270028,207.7041093333333,0.53085,-0.6735,180.98400000000004,6.920758964882392,-8.185456736890501,-0.446810942521,7.738645794369501,2.407270188772205,0,2,0.9697,2,4,ok,False,9.548463505001136,0.780853955482372,0.780853955482372,8.018017875070043,11.078909134932228,18.18,0.5,1.0,6.815725812571783e-32,4.4867647577609634e-33,10.329317460483509,1.377439940591703,2.714196543365607,0.507494545285831,True,0.7729424267077236,3.468010839930451e-33
1804200-45-0,O=C(O)C1=CC=CC(C(=O)C(Cl)C)=C1C(=O)O,169.4983371145173,218.291455,0.5362,-0.65726,207.5600000000001,3.706574878509808,-9.1242495211155,-1.1741712649075,7.950078256208,3.3351077583158752,1,0,1.893,2,3,ok,False,9.555387113086223,0.780853955482372,0.780853955482372,8.02494148315513,11.085832743017315,18.18,0.5,1.0,7.565746290572606e-32,4.984174686816027e-33,10.336241068568595,2.2382521263424033,2.714196543365607,0.8246462960884063,True,0.5065959612804469,2.5249627666572357e-33
59590-46-4,O=C(O)C1=CC=2C=CC=C(N)C2C=C1C(=O)O,186.8416398690403,253.680165,0.53146,-0.67076,194.88000000000005,3.763902221099799,-7.0278844168635,-0.672121210735,6.3557632061285005,2.3321387511683302,0,2,1.8184,3,3,ok,False,9.523900999733712,0.780853955482372,0.780853955482372,7.9934553698026205,11.054346629664805,18.18,0.5,1.0,4.703158058813177e-32,3.0879931554537246e-33,10.304754955216085,1.2529441277145552,2.714196543365607,0.46162615996883666,True,0.8080763667945356,2.4953342897454395e-33
100303-99-9,O=C(O)C1=CC=C(OC2=C(F)C(F)=C(OC3=CC=C(C(=O)O)C(=C3)C(=O)O)C(F)=C2F)C=C1C(=O)O,188.7875082446165,404.4698743333333,0.53413,-0.65855,375.28800000000007,4.636124813893603,-8.571042063049,-0.7964772404135,7.774564822635499,2.8217147809115586,0,1,4.620400000000002,4,6,ok,False,9.518538956450277,0.780853955482372,0.780853955482372,7.988093326519185,11.04898458638137,18.18,0.5,1.0,4.336700818288878e-32,2.845764454730069e-33,10.29939291193265,1.11603603947885,2.714196543365607,0.41118468086138077,True,0.8444473900988403,2.403098366632856e-33
1780805-27-7,O=C(O)C1=CC=2N=C(N(C2C=C1C(=O)O)C)C3CC3,184.27418494761827,261.6161856666667,0.52999,-0.67693,222.96800000000005,7.633540859260531,-7.867899873357,-0.4084428896005,7.459456983756501,2.295671443615734,0,2,1.8471,2,4,ok,False,9.526339772265185,0.780853955482372,0.780853955482372,7.995894142334094,11.056785402196278,18.18,0.5,1.0,4.8798475955184755e-32,3.20483386178022e-33,10.307193727747558,1.5943704205372018,2.714196543365607,0.5874189267665121,True,0.7081771565139958,2.2695901313352843e-33
1344454-69-8,O=C(O)C1=CC=C(C=C1C(=O)O)C(N)CO,188.1635424509793,201.54286666666667,0.53186,-0.66595,193.35200000000003,1.9885251645377788,-8.482877175487001,-0.6830057647550001,7.799871410732001,2.692781895052257,0,1,0.0751,4,4,ok,False,9.519696507827419,0.780853955482372,0.780853955482372,7.989250877896327,11.050142137758511,18.18,0.5,1.0,4.413332180200709e-32,2.8964062328695666e-33,10.300550463309792,1.3848065586360168,2.714196543365607,0.510208651625079,True,0.7708103860209811,2.232580006431766e-33
1390653-46-9,O=C(O)C1=CC=C(C=C1C(=O)O)C(N)CN,188.1725568463957,209.50567966666668,0.53191,-0.66676,197.04000000000005,1.821018022975061,-8.3465481363865,-0.6430050287315,7.703543107655,2.6225616245393697,0,1,0.0415000000000002,4,4,ok,False,9.514166746911405,0.780853955482372,0.780853955482372,7.9837211169803135,11.044612376842498,18.18,0.5,1.0,4.0589881214406217e-32,2.6622923818152273e-33,10.295020702393778,1.4490058147336602,2.714196543365607,0.533861786198022,True,0.7520079323406916,2.002064989335244e-33
1219463-88-3,O=C(O)C1=CC=C(C#CC(O)(C)C)C=C1C(=O)O,186.21545236947935,247.05735166666668,0.53329,-0.66144,220.08800000000005,3.578744809287189,-8.2790639014625,-0.982331000305,7.2967329011575,2.9387616584155967,0,1,1.2054,3,3,ok,False,9.506475448726013,0.780853955482372,0.780853955482372,7.976029818794921,11.036921078657105,18.18,0.5,1.0,3.6126386623989037e-32,2.3675993693998787e-33,10.287329404208386,1.3353294678352212,2.714196543365607,0.4919796508838712,True,0.7850216539866455,1.8586167729440315e-33
1243151-51-0,O=C(O)C=1C=C2C=CC(N)=CC2=CC1C(=O)O,187.43922864521124,260.5179626666667,0.53057,-0.67226,194.41600000000005,5.6002167868753086,-7.116865645977,-0.5336152608304999,6.5832503851465,2.222680844613037,0,2,1.8184,3,3,ok,False,9.495211233148334,0.780853955482372,0.780853955482372,7.964765603217242,11.025656863079426,18.18,0.5,1.0,3.045461790649909e-32,1.993510358946362e-33,10.276065188630707,1.2753778054992924,2.714196543365607,0.4698914706883468,True,0.801878648047661,1.598553391500916e-33
63035-28-9,O=C(O)C1=CC(O)=C(OC)C=C1C(=O)O,187.25169166799537,183.21175466666668,0.53124,-0.67023,172.38400000000004,4.365885319153493,-7.875791175021501,-0.5450440425515,7.330747132470001,2.4182550727822387,0,2,0.7971999999999999,3,4,ok,False,9.487619841100766,0.780853955482372,0.780853955482372,7.957174211169675,11.018065471031859,18.18,0.5,1.0,2.7140357633655725e-32,1.7751371458896354e-33,10.26847379658314,1.2407801488845678,2.714196543365607,0.4571445468521594,True,0.8114105413659948,1.4403649925451958e-33
77764-02-4,O=C(O)C=1C=CC=C(OCCCC)C1C(=O)O,183.7082579571242,221.1519933333333,0.53563,-0.66012,214.0720000000001,5.179450985384454,-8.024637451245,-0.6500799888445,7.3745574624005,2.5510250292665693,1,0,2.2619,2,3,ok,False,9.482978604680286,0.780853955482372,0.780853955482372,7.952532974749194,11.013424234611378,18.18,0.5,1.0,2.529317984786631e-32,1.6535089224636326e-33,10.263832560162658,1.0762160486604324,2.714196543365607,0.3965136759499086,True,0.8545133997000168,1.4129455307687101e-33
100118-71-6,O=C(O)C=1C(OC)=C(OC)C(OC)=C(OC)C1C(=O)O,162.37453107204,241.370404,0.53242,-0.65282,241.4240000000001,4.609315552226817,-8.25049194716,-0.476743466076,7.773748481084,2.44941800417692,2,2,1.1174,2,6,ok,False,9.578387616508842,0.780853955482372,0.780853955482372,8.047941986577749,11.108833246439934,18.18,0.5,1.0,1.0696176350674191e-31,7.06375640992858e-33,10.359241571991214,3.5590801469010658,2.714196543365607,1.3112831329774675,False,0.17916225076750633,1.2655584972762044e-33
2639442-25-2,O=C(O)C1=CC(O)=C(C=C1C(=O)O)NC(=O)OC(C)(C)C,189.52236462530303,259.88563700000003,0.53367,-0.65935,254.20000000000007,6.170112744512859,-8.280424470715001,-0.5551122550200001,7.725312215695001,2.52632861469369,0,2,2.1356,4,5,ok,False,9.475587387720761,0.780853955482372,0.780853955482372,7.94514175778967,11.006033017651854,18.18,0.5,1.0,2.2605901897332756e-32,1.4766772367577247e-33,10.256441343203134,1.4230408140521533,2.714196543365607,0.5242954190368178,True,0.7596589575944488,1.1217710903788241e-33
136682-13-8,O=C(O)C1=CC(Br)=CC(C=2C=CC=CC2)=C1C(=O)O,166.86776628598705,277.66820533333333,0.5361,-0.65111,230.17600000000004,3.087819583460148,-8.2703562582465,-0.7801504093835,7.490205848862999,2.733959272736448,1,1,3.512500000000002,2,2,ok,False,9.50130115190891,0.780853955482372,0.780853955482372,7.9708555219778185,11.031746781840003,18.18,0.5,1.0,3.3401389048016394e-32,2.187812182793754e-33,10.282155107391283,2.7139112254623727,2.714196543365607,0.9998948794242879,True,0.3679567886336458,8.050203449143565e-34
1344471-68-6,O=C(O)C1=CC=2OCC(N)C2C=C1C(=O)O,187.07165683260152,199.7588683333333,0.53278,-0.66236,183.28800000000004,4.143950968580588,-8.050760380893001,-0.4835463123385,7.567214068554501,2.4062485240373586,0,2,0.4751999999999999,3,4,ok,False,9.447833687661516,0.780853955482372,0.780853955482372,7.917388057730425,10.978279317592609,18.18,0.5,1.0,1.48150828474755e-32,9.649300019834859e-34,10.22868764314389,1.241737514228452,2.714196543365607,0.457497271987789,True,0.8111488086238745,7.827018215143374e-34
159113-89-0,O=C(O)C=1C=C2C=C3C=C(C(=O)O)C(=CC3=CC2=CC1C(=O)O)C(=O)O,184.9697685323048,394.16636666666665,0.53201,-0.66898,282.58400000000006,4.548705602696222,-7.383809333317499,-1.558123907963,5.825685425354499,3.431277362811416,0,2,2.7858,4,4,ok,False,9.444918845864189,0.780853955482372,0.780853955482372,7.914473215933097,10.975364475795281,18.18,0.5,1.0,1.4170933251706532e-32,9.226920827848395e-34,10.225772801346562,1.1511034437374499,2.714196543365607,0.42410467530478846,True,0.8353831679486685,7.708014351579543e-34
24913-62-0,O=C(O)C1=CC=CC(=C1C(=O)O)C(F)(F)F,169.02918528342695,161.48979566666665,0.53699,-0.646,170.47200000000004,2.9913793540773126,-9.263843926422,-0.7815109786359999,8.482332947786,2.974097921813816,1,0,2.1018,2,2,ok,False,9.46789491422582,0.780853955482372,0.780853955482372,7.937449284294728,10.998340544156912,18.18,0.5,1.0,2.010994729453327e-32,1.312567802365558e-33,10.248748869708193,2.2963230804906587,2.714196543365607,0.8460415610297755,True,0.4888075999874962,6.415931172951706e-34
2639416-45-6,O=C(O)C1=CC(O)=C(C=C1C(=O)O)NC(=O)OCC=2C=CC=CC2,189.30468154952152,304.27575833333333,0.5339,-0.65862,275.7680000000001,4.108190162346432,-8.365323992071001,-0.575248679957,7.790075312114001,2.5652460503017323,0,2,2.537300000000001,4,5,ok,False,9.4289459576115,0.780853955482372,0.780853955482372,7.898500327680408,10.959391587542592,18.18,0.5,1.0,1.1104520962933721e-32,7.218184106893533e-34,10.209799913093873,1.1938087088802367,2.714196543365607,0.43983871094313326,True,0.8241043723307497,5.948537082779288e-34
425420-61-7,O=C(O)C1=CC=2C=CC=CC2C(C=3C=CC(=CC3)C=4C=CC=CC4)=C1C(=O)O,166.6444767379747,441.483471,0.53426,-0.65761,325.41600000000005,3.060336193949939,-7.646399199050001,-0.8264097639685001,6.819989435081501,2.631547028303745,1,2,5.570200000000004,2,2,ok,False,9.476514846712828,0.780853955482372,0.780853955482372,7.946069216781736,11.00696047664392,18.18,0.5,1.0,2.292688925247147e-32,1.4977917877310406e-33,10.2573688021952,2.782004177578351,2.714196543365607,1.0249825807119561,False,0.349731594776388,5.23825110566154e-34
623904-16-5,O=C(O)C=1C=CC(=CC1)C2=CC(C(=O)O)=C(C=C2C3=CC=C(C=C3)C(=O)O)C(=O)O,187.13512481149752,420.0165406666667,0.53285,-0.66259,337.5920000000001,4.962400073553119,-8.141646406960001,-1.174987606459,6.966658800501001,3.114824187089288,0,2,3.8134000000000015,4,4,ok,False,9.417940180035401,0.780853955482372,0.780853955482372,7.88749455010431,10.948385809966494,18.18,0.5,1.0,9.384856184683215e-33,6.093310428082364e-34,10.198794135517774,1.1212448229854033,2.714196543365607,0.4131037694105447,True,0.843112629523763,5.137346977525088e-34
42200-15-7,O=C(O)C1=CC=2C=C(C(=O)O)C(=CC2C=C1C(=O)O)C(=O)O,184.5509803531571,287.58272199999993,0.53303,-0.66326,238.49600000000007,0.0043840620433565,-8.1952528355085,-1.188049071283,7.007203764225499,3.141279946913628,0,2,1.6326,4,4,ok,False,9.434854541991522,0.780853955482372,0.780853955482372,7.90440891206043,10.965300171922614,18.18,0.5,1.0,1.2153298769327812e-32,7.904825333737392e-34,10.215708497473894,2.072908853727799,2.714196543365607,0.7637283522428296,True,0.5580643525948714,4.4114012322476966e-34
1807074-67-4,O=C(O)C1=CC=CC(=C1C(=O)O)CCCBr,172.4769948789018,223.493966,0.53446,-0.66097,208.97600000000008,2.2014179725804,-8.6066889774645,-0.591575510987,8.015113466477501,2.639016588890901,1,0,2.4105000000000008,2,2,ok,False,9.419449480924614,0.780853955482372,0.780853955482372,7.8890038509935225,10.949895110855707,18.18,0.5,1.0,9.604032146449789e-33,6.236603838688995e-34,10.200303436406987,1.8443740111421463,2.714196543365607,0.6795285388047545,True,0.6301741715357883,3.930146657242754e-34
141573-91-3,O=C(O)C1=CC=C(C=C1C(=O)O)C2CCC(C(=O)O)C(C(=O)O)C2,188.3138100241487,292.9714676666667,0.5314,-0.66762,284.2320000000001,2.4567203503858552,-8.649410851993,-0.629127222356,8.020283629637,2.6835481378431183,0,1,1.7521,4,4,ok,False,9.397077705721705,0.780853955482372,0.780853955482372,7.866632075790613,10.927523335652797,18.18,0.5,1.0,6.81831874982828e-33,4.417251259843453e-34,10.177931661204077,1.267949241355015,2.714196543365607,0.46715454135195256,True,0.8039378084205914,3.5511952970816415e-34
108347-31-5,O=C(O)C1=CC=C2C(=O)C(Cl)CC2=C1C(=O)O,175.4075111544167,218.24189866666663,0.53473,-0.65343,197.40800000000004,6.073009249128475,-9.0170366640185,-1.55104894785,7.4659877161685,3.7397742182831295,1,1,1.4292,2,3,ok,False,9.41292034302278,0.780853955482372,0.780853955482372,7.882474713091688,10.943365972953872,18.18,0.5,1.0,8.691010167493498e-33,5.639842275822562e-34,10.193774298505152,2.044999962714237,2.714196543365607,0.7534457914305773,True,0.5668386630533299,3.1968806554589103e-34
67614-42-0,O=C(O)C1=CC=C(C=C1C(=O)O)NC(=O)C,187.43236514630397,205.521697,0.53298,-0.66225,186.75200000000004,6.475269812139104,-8.169946247412,-0.754843821287,7.415102426124999,2.6854611437907328,0,1,1.0414,3,3,ok,False,9.38003032139823,0.780853955482372,0.780853955482372,7.849584691467139,10.910475951329323,18.18,0.5,1.0,5.248938112188555e-33,3.394460539356319e-34,10.160884276880603,1.3644986610462149,2.714196543365607,0.5027265488129444,True,0.7766744630482192,2.6363908167429374e-34
77764-00-2,O=C(O)C=1C=CC=C(OCC)C1C(=O)O,183.5207806992117,188.305079,0.53575,-0.66004,180.37600000000003,5.1404590563489565,-8.0515767224445,-0.655250152004,7.3963265704404995,2.5623812543847597,1,0,1.4817,2,3,ok,False,9.371682500593499,0.780853955482372,0.780853955482372,7.841236870662407,10.902128130524591,18.18,0.5,1.0,4.617060538047156e-33,2.9832223731535944e-34,10.152536456075872,1.078543878320388,2.714196543365607,0.39737132557946314,True,0.8539317807647624,2.5474683935243295e-34
170846-97-6,O=C(O)C1=CC=C(C=C1C(=O)O)C(N)(C(=O)O)C,188.12798305098403,219.82005666666663,0.53217,-0.66483,212.33600000000004,2.4520193208863588,-8.5272317331185,-0.7311699162935,7.796061816824999,2.7487596659650424,0,1,0.3414999999999999,4,4,ok,False,9.375426771174046,0.780853955482372,0.780853955482372,7.844981141242955,10.905872401105139,18.18,0.5,1.0,4.890548567639905e-33,3.1611689130864244e-34,10.15628072665642,1.2657615610175266,2.714196543365607,0.46634852737966453,True,0.8045429321299318,2.5432961062925414e-34
1344492-48-3,O=C(O)C1=CC=C(C=C1C(=O)O)C(N)C(O)C,188.647833113456,218.61658866666664,0.53189,-0.66579,209.95200000000008,3.3155199531898463,-8.6159408483815,-0.650896330396,7.9650445179855005,2.695348127184481,0,1,0.4636000000000001,4,4,ok,False,9.350576335786391,0.780853955482372,0.780853955482372,7.820130705855299,10.881021965717483,18.18,0.5,1.0,3.336583656826971e-33,2.151119955726651e-34,10.131430291268764,1.1585363626565137,2.714196543365607,0.42684320908460344,True,0.8334386997042753,1.7928266188087385e-34
91827-38-2,O=C(O)C1=CC=2C=CC=CC2C(C=3C=CC=CC3)=C1C(=O)O,166.7743441721107,332.594225,0.53425,-0.65826,253.72000000000008,3.1266871701531,-7.745448640632,-0.8411039118955,6.9043447287365005,2.669655399391137,1,2,3.9032000000000022,2,2,ok,False,9.400730365819005,0.780853955482372,0.780853955482372,7.870284735887913,10.931175995750097,18.18,0.5,1.0,7.21094740284328e-33,4.6734055191189885e-34,10.181584321301377,2.7504903043858304,2.714196543365607,1.013371824936163,False,0.35810735774260927,1.6735809021114282e-34
373600-09-0,O=C(O)C1=CC(S)=C(S)C=C1C(=O)O,186.99457524182344,208.64197733333336,0.53351,-0.65936,175.39200000000005,0.984905112180864,-7.995249155391001,-0.8813767617695001,7.1138723936215005,2.7690434728578657,0,2,1.6604,4,4,ok,False,9.347885867229651,0.780853955482372,0.780853955482372,7.81744023729856,10.878331497160744,18.18,0.5,1.0,3.201087610136451e-33,2.0631854682317854e-34,10.128739822712024,1.67255148929159,2.714196543365607,0.6162234247110285,True,0.6840451811948888,1.411312077455273e-34
1344468-30-9,O=C(O)C1=CC=C(C=C1C(=O)O)CC(N)CC(=O)O,188.9435296180926,236.426032,0.53187,-0.6667,229.7920000000001,4.122993287649156,-8.513898154444,-0.653617468901,7.860280685543,2.673038854033901,0,1,0.4274999999999998,4,4,ok,False,9.330908095721375,0.780853955482372,0.780853955482372,7.800462465790283,10.861353725652467,18.18,0.5,1.0,2.4635715865627063e-33,1.585029779759507e-34,10.111762051203748,1.1434046538247369,2.714196543365607,0.42126818583554515,True,0.8373887295091802,1.3272860735070293e-34
1344425-44-0,O=C(O)C1=CC=C(C=C1C(=O)O)C(N)CO,188.4605038744089,202.6438263333333,0.53207,-0.66611,193.59200000000004,2.8120217388917887,-8.4085900943005,-0.6634135675189999,7.7451765267815,2.65653242877947,0,1,0.0751,4,4,ok,False,9.317041445014844,0.780853955482372,0.780853955482372,7.786595815083753,10.847487074945937,18.18,0.5,1.0,1.9884862616536523e-33,1.277521345638058e-34,10.097895400497217,1.206973345726135,2.714196543365607,0.4446889996512509,True,0.820576360957871,1.0483038168496801e-34
91144-02-4,O=C(O)C1=C(C(=O)O)C(=C(OC)C=C1C)C,164.31374363357034,210.43927700000003,0.53032,-0.66293,196.96000000000004,3.754534369266048,-7.8866757290414995,-0.2435418961975,7.643133832844,2.1620856077941726,2,1,1.70844,2,3,ok,False,9.390586777201879,0.780853955482372,0.780853955482372,7.860141147270787,10.921032407132971,18.18,0.5,1.0,6.172274018468925e-33,3.995991612656315e-34,10.171440732684252,3.358044221286285,2.714196543365607,1.2372148323209882,False,0.2163840282557849,8.646687620229036e-35
33561-98-7,O=C(O)C1=CC(OC)=C(C(OC)=C1C(=O)O)C,176.05838724927224,214.1754696666667,0.53574,-0.66101,205.83200000000005,2.15621521653104,-8.0276307036005,-0.629671450057,7.397959253543501,2.5327552508424374,1,2,1.40862,2,4,ok,False,9.296140386883796,0.780853955482372,0.780853955482372,7.765694756952704,10.826586016814888,18.18,0.5,1.0,1.438876093489779e-33,9.224143639832067e-35,10.076994342366168,1.3102544163952483,2.714196543365607,0.4827411705309046,True,0.79212265025411,7.306653106308369e-35
778601-70-0,O=C(O)C1=CC=C(C=C1C(=O)O)NC(=O)OCC=2C=CC=CC2,187.34194666763497,306.922556,0.533,-0.66229,266.9920000000001,5.280222515197631,-8.1163398188635,-0.6840942201569999,7.4322455987064995,2.6051224440372898,0,1,2.831700000000001,3,4,ok,False,9.290619591991554,0.780853955482372,0.780853955482372,7.760173962060462,10.821065221922646,18.18,0.5,1.0,1.3208710046278162e-33,8.462805115015847e-35,10.071473547473927,1.2326532983578704,2.714196543365607,0.4541503456597063,True,0.8136275797052831,6.885571643247833e-35
63196-13-4,O=C(O)C=1C=CC=C(OC2=CC=C(Cl)C=C2)C1C(=O)O,180.58835626909803,267.47427466666664,0.53605,-0.65509,234.5600000000001,3.015061689252809,-7.9416427268425,-0.7469525196225,7.19469020722,2.623173659414026,1,0,3.5287000000000024,2,3,ok,False,9.283752395470671,0.780853955482372,0.780853955482372,7.7533067655395795,10.814198025401764,18.18,0.5,1.0,1.187419228254283e-33,7.602366765261553e-35,10.064606350953044,0.8970948044591127,2.714196543365607,0.33051947054162634,True,0.8965124305336726,6.81561630653305e-35
2639436-60-3,O=C(O)C1=CC(O)=C(C=C1C(=O)O)NC(=O)OCC2C=3C=CC=CC3C=4C=CC=CC42,189.5260712141877,430.020143,0.5336,-0.65906,353.31200000000007,5.705091826605423,-7.496736581275001,-0.570350630648,6.926385950627001,2.3489124252049702,0,2,4.149600000000002,4,5,ok,False,9.291174077175903,0.780853955482372,0.780853955482372,7.760728447244811,10.821619707106995,18.18,0.5,1.0,1.3322749856943183e-33,8.53636117225156e-35,10.072028032658276,1.4459575711866524,2.714196543365607,0.5327387122060303,True,0.7529092807868061,6.427105550736339e-35
2851890-93-0,O=C(O)C1=CC=C(F)C(=C1C(=O)O)C,176.77017268253002,163.87596933333333,0.53595,-0.65671,160.29600000000005,2.2432510470297347,-8.721248908525,-0.58776591708,8.133482991445,2.663611552224382,1,1,1.53052,2,2,ok,False,9.280444286757987,0.780853955482372,0.780853955482372,7.749998656826896,10.81088991668908,18.18,0.5,1.0,1.1280004727324246e-33,7.219467277781405e-35,10.06129824224036,1.1289600598103882,2.714196543365607,0.415946318467592,True,0.8411280765270623,6.07249662491034e-35
2574407-01-3,O=C(O)C1=CC=C(C#CCC(O)CC)C=C1C(=O)O,186.4009610782744,263.16513933333334,0.53294,-0.66209,236.95200000000008,4.179546121291162,-8.184640395339,-0.945323516637,7.239316878702001,2.8785948464010938,0,1,1.5955,3,3,ok,False,9.25668888985464,0.780853955482372,0.780853955482372,7.726243259923549,10.787134519785733,18.18,0.5,1.0,7.798010172076294e-34,4.97865575803125e-35,10.037542845337013,1.3702998202269954,2.714196543365607,0.5048638882016341,True,0.775003645623081,3.858476362776563e-35
859322-15-9,O=C(O)C=1C=C(C(C(=O)O)=C(C(=O)O)C1OC)C,162.6853900910657,215.5701273333333,0.53402,-0.64857,208.8640000000001,1.476836920583989,-8.569409379946,-1.0258692163849998,7.543540163561,3.051265365628595,2,1,1.09822,3,4,ok,False,9.331980190934349,0.780853955482372,0.780853955482372,7.801534561003257,10.862425820865441,18.18,0.5,1.0,2.504684776537396e-33,1.6116613953075282e-34,10.112834146416722,3.389475064930495,2.714196543365607,1.2487949972582095,False,0.2102434896994435,3.3884131596332904e-35
1344389-78-1,O=C(O)C1=CC=C(C=C1C(=O)O)C(N)(C)CCO,188.31288092729716,235.84112666666667,0.53152,-0.66711,226.60000000000005,2.791467232478289,-8.51716352065,-0.6587876320605,7.858375888589499,2.678609446488372,0,1,0.6393,4,4,ok,False,9.244626185750924,0.780853955482372,0.780853955482372,7.714180555819833,10.775071815682017,18.18,0.5,1.0,6.462783283986048e-34,4.1210394590825464e-35,10.025480141233297,1.2084419129980286,2.714196543365607,0.44523006852685737,True,0.8201813423877057,3.379999675583027e-35
1344436-52-7,O=C(O)C1=CC=C(C=C1C(=O)O)C(N)(C)CO,188.69304302910095,218.6325316666667,0.53142,-0.66753,209.61600000000004,5.323179818491951,-8.670091504631001,-0.6903528387185001,7.979738665912501,2.7450121480552383,0,1,0.2492000000000002,4,4,ok,False,9.244143669499575,0.780853955482372,0.780853955482372,7.7136980395684835,10.774589299430668,18.18,0.5,1.0,6.414382123642495e-34,4.089972396501131e-35,10.024997624981948,1.1959239747422907,2.714196543365607,0.44061804502165625,True,0.8235390906328486,3.3682521481279937e-35
1391046-76-6,O=C(O)C1=CC=C(C=C1C(=O)O)C(N)CO,188.7601648611173,201.7572543333333,0.53171,-0.66656,193.99200000000005,4.753827016204943,-8.530224985474,-0.7017816204395,7.8284433650345,2.7218037481214785,0,1,0.0751,4,4,ok,False,9.225593363214138,0.780853955482372,0.780853955482372,7.695147733283046,10.75603899314523,18.18,0.5,1.0,4.803040595590951e-34,3.0566870513972153e-35,10.00644731869651,1.1584867275689095,2.714196543365607,0.4268249218726012,True,0.8334517107924729,2.5476010523442086e-35
210173-64-1,O=C(O)C1=CC=C(OC)C(F)=C1C(=O)O,182.40389135491623,173.39366533333336,0.53559,-0.64743,169.06400000000005,4.204386313125853,-8.263553411984,-0.591031283286,7.672522128698,2.554690257342228,1,1,1.2307,2,3,ok,False,9.219427838678257,0.780853955482372,0.780853955482372,7.6889822087471655,10.74987346860935,18.18,0.5,1.0,4.362185478191598e-34,2.7743615029508555e-35,10.00028179416063,0.9128440266272968,2.714196543365607,0.33632200617843583,True,0.8930501936058993,2.4776440773430154e-35
1803862-23-8,O=C(O)C1=CC=CC(=C1C(=O)O)CCC(=O)OC,171.11989475841918,220.061413,0.53484,-0.65954,217.29600000000005,2.47098572031487,-8.678254920146,-0.611167708223,8.067087211922999,2.6742419692982264,1,0,1.1886,2,4,ok,False,9.235790381533308,0.780853955482372,0.780853955482372,7.705344751602216,10.7662360114644,18.18,0.5,1.0,5.6313087565524745e-34,3.587571542976631e-35,10.01664433701568,2.048398125967865,2.714196543365607,0.7546977874446222,True,0.5657693739282859,2.029738105792823e-35
1344454-58-5,O=C(O)C1=CC=C(C=C1C(=O)O)C(N)C,186.1527256585576,196.464794,0.53207,-0.66665,184.72000000000008,3.1111733011839764,-8.55525945972,-0.6266781977015,7.928581262018499,2.658356405724453,0,1,1.1027,3,3,ok,False,9.194822516047692,0.780853955482372,0.780853955482372,7.6643768861166,10.725268145978784,18.18,0.5,1.0,2.9687440877104647e-34,1.8833573398399427e-35,9.975676471530065,1.2200519879506335,2.714196543365607,0.44950760508955906,True,0.8170482837482362,1.538793882200869e-35
116751-33-8,O=C(O)C1=C(F)C(F)=C(OC(=O)C=2C=CC=CC2)C(F)=C1C(=O)O,180.03999108325854,269.750107,0.53803,-0.63497,254.1200000000001,3.622666303981088,-8.848326076708501,-1.023692305581,7.824633771127501,3.1137798199537534,2,2,2.719500000000001,2,4,ok,False,9.178330967390192,0.780853955482372,0.780853955482372,7.6478853374591,10.708776597321284,18.18,0.5,1.0,2.2925262327909803e-34,1.4519084345306548e-35,9.959184922872565,1.0658939567833874,2.714196543365607,0.39271067505733304,True,0.8570820068942745,1.244404594894258e-35
77856-04-3,O=C(O)C=1C=C(C=C)C=C(OC)C1C(=O)O,182.6792423940555,215.865636,0.53598,-0.65941,191.43200000000004,4.531733047080333,-7.8692604426095,-0.7055912143465001,7.163669228263,2.5660062809959494,1,1,1.7346,2,3,ok,False,9.164060745893929,0.780853955482372,0.780853955482372,7.633615115962837,10.694506375825021,18.18,0.5,1.0,1.8324038017664811e-34,1.1588067895617057e-35,9.944914701376302,0.9795834054723764,2.714196543365607,0.36091100619326993,True,0.8778700050033559,1.0172817221504574e-35
65616-07-1,O=C(O)C1=C(Cl)C(Cl)=C(Cl)C(=C1C(=O)O)C,166.5893232091739,211.713,0.53604,-0.63595,200.44800000000004,3.523850614030056,-8.732133462545,-0.7485852027255,7.983548259819501,2.8146640906020104,2,2,3.3516200000000005,2,2,ok,False,9.214474055273792,0.780853955482372,0.780853955482372,7.6840284253427,10.744919685204884,18.18,0.5,1.0,4.037291011764203e-34,2.5664186725749556e-35,9.995328010756165,2.7315738475571076,2.714196543365607,1.0064023750358007,False,0.36318398024681886,9.320821484855297e-36
1215122-34-1,O=C(O)C=1C(C(=O)O)=C(C(=O)O)C(=C(C(=O)O)C1C(=O)O)C,158.24221476272945,241.621293,0.53858,-0.6404,238.3280000000001,1.648772840630267,-9.132412936630502,-1.162470369336,7.969942567294502,3.3245102266604416,2,2,0.4860200000000004,5,5,ok,False,9.369385491808854,0.780853955482372,0.780853955482372,7.838939861877763,10.899831121739947,18.18,0.5,1.0,4.4568574072856806e-33,2.879018781519192e-34,10.150239447291227,5.040536385167077,2.714196543365607,1.8571007311492653,False,0.0317830189967257,9.150390862495455e-36
332368-63-5,O=C(O)C1=CC=C(OC=2C=CC=CC2NC(=O)C=3C=CC=CC3)C=C1C(=O)O,187.25624225777176,388.1655293333333,0.5336,-0.66017,321.4560000000001,6.730914183080928,-8.2806965845655,-0.5839563231730001,7.696740261392501,2.5524465067650444,0,1,4.127600000000003,3,4,ok,False,9.1608522658179,0.780853955482372,0.780853955482372,7.630406635886808,10.691297895748992,18.18,0.5,1.0,1.742313105058474e-34,1.1014718129463305e-35,9.941706221300272,1.3847845424257765,2.714196543365607,0.5102005401232448,True,0.7708167660842851,8.49032940788285e-36
2616551-92-7,O=C(O)C=1C=C2C(=CC1C(=O)O)CC(O)C2,185.87682749129945,203.39811566666663,0.53091,-0.67054,187.40800000000004,2.758954533876918,-8.447502374922,-0.5839563231730001,7.863546051748999,2.5932081302319627,0,2,0.5425,3,3,ok,False,9.152162612314084,0.780853955482372,0.780853955482372,7.621716982382993,10.682608242245177,18.18,0.5,1.0,1.519814478630175e-34,9.599566322674242e-36,9.933016567796457,1.2182523930499771,2.714196543365607,0.44884457465977856,True,0.8175350911306507,7.847982328422212e-36
61214-97-9,O=C(O)C1=C(OC)C=C(OC)C(=C1C(=O)O)CCCC,162.0222827210792,267.64627466666667,0.53023,-0.66054,256.20000000000005,6.1024240978483295,-7.6455828574985,-0.260140841078,7.3854420164205,2.1156644063846493,2,1,2.442800000000001,2,4,ok,False,9.254300676894823,0.780853955482372,0.780853955482372,7.723855046963732,10.784746306825916,18.18,0.5,1.0,7.513523134986104e-34,4.795840646166613e-35,10.035154632377196,3.8877866283045366,2.714196543365607,1.4323894995031112,False,0.12851114096520505,6.163189533261776e-36
2604139-92-4,O=C(O)C=1C=CC=C(C#CC2CC2)C1C(=O)O,167.90486119854666,237.6478153333333,0.5357,-0.65275,203.12800000000004,2.957453020759586,-7.9138871140915,-0.69116918027,7.2227179338214995,2.5629892551387723,1,0,1.8445,2,2,ok,False,9.170274825439838,0.780853955482372,0.780853955482372,7.639829195508747,10.70072045537093,18.18,0.5,1.0,2.0202538886810636e-34,1.2784161021074644e-35,9.951128780922211,2.5884227818379286,2.714196543365607,0.9536607760277674,True,0.40273807120140287,5.148668351555759e-36
2503826-47-7,O=C(O)C=1C=CC=C(C#CCCCC#C)C1C(=O)O,178.566610190377,261.88851033333333,0.53656,-0.65382,234.06400000000005,2.5862933669636163,-8.168313564309,-0.7328025993964999,7.435510964912501,2.663901288480975,1,0,2.238,2,2,ok,False,9.111859845824448,0.780853955482372,0.780853955482372,7.581414215893356,10.64230547575554,18.18,0.5,1.0,8.051786132959915e-35,5.0648509208459245e-36,9.89271380130682,0.9308662836045183,2.714196543365607,0.3429620032049127,True,0.8890312114051094,4.502810549745936e-36
62351-70-6,O=C(O)C1=CC(N)=C(C=C1C(=O)O)C(=O)OCC,186.08279351076152,234.12127266666667,0.53234,-0.65913,211.31200000000004,8.709394186738823,-7.619732041701,-0.6198753514390001,6.999856690262,2.424732855157433,0,2,0.8419000000000001,3,5,ok,False,9.120835838247622,0.780853955482372,0.780853955482372,7.59039020831653,10.651281468178714,18.18,0.5,1.0,9.277653893107027e-35,5.8413050085715334e-36,9.901689793729995,1.8898217854498562,2.714196543365607,0.6962730057516302,True,0.615822751122526,3.597208520524312e-36
40532-23-8,O=C(O)C1=CC=C(OC2=CC=C(N)C=C2)C=C1C(=O)O,186.7856729614695,271.8001996666667,0.53306,-0.66113,230.9600000000001,5.233600772890496,-7.235507284795001,-0.5265403007175,6.708966984077501,2.2451065440756857,0,1,2.4575,3,4,ok,False,9.081933597351942,0.780853955482372,0.780853955482372,7.55148796742085,10.612379227283034,18.18,0.5,1.0,5.01515239877229e-35,3.145115349463613e-36,9.862787552834314,1.2717950028640055,2.714196543365607,0.46857144740409185,True,0.8028726251649494,2.525127017070428e-36
92724-35-1,O=C(O)C1=CC=CC(C2=CC=C(C=C2)C)=C1C(=O)O,168.66414158664622,270.879895,0.53441,-0.65665,226.74400000000009,2.807031089959639,-7.915791911045,-0.6021879511565,7.3136039598885,2.480171927916932,1,0,3.058420000000001,2,2,ok,False,9.110593597141337,0.780853955482372,0.780853955482372,7.580147967210245,10.64103922707243,18.18,0.5,1.0,7.892331512862378e-35,4.963908174520952e-36,9.89144755262371,2.4935974975882305,2.714196543365607,0.9187239972298272,True,0.42996400500633,2.134301839200689e-36
2617464-26-1,O=C(O)C=1C=CC=C(C#CC(C)(C)C)C1C(=O)O,168.49421990794755,255.801951,0.53554,-0.6529,227.56800000000004,2.939378968421731,-8.14708868397,-0.6859990171105,7.4610896668595,2.6143446138150024,1,0,2.4806,2,2,ok,False,9.079049984371363,0.780853955482372,0.780853955482372,7.548604354440271,10.609495614302455,18.18,0.5,1.0,4.7911394462403296e-35,3.0037520348708304e-36,9.859903939853735,2.480494566814211,2.714196543365607,0.9138964430845508,True,0.43378480507928274,1.302981990952942e-36
2602832-72-2,N#CCCCC#CC1=CC=CC(C(=O)O)=C1C(=O)O,162.74647947915685,252.594385,0.53631,-0.65126,229.2160000000001,5.688568101904028,-8.1898105584985,-0.7164757683665,7.473334790132,2.653498684444104,1,0,2.1283800000000004,2,3,ok,False,9.129077733995508,0.780853955482372,0.780853955482372,7.598632104064417,10.659523363926601,18.18,0.5,1.0,1.0565751398690385e-34,6.657899064845955e-36,9.909931689477881,3.522211574983203,2.714196543365607,1.2976995286478614,False,0.18562550170278458,1.2358758541985305e-36
176796-67-1,O=C(O)C1=CC=C(C=C1C(=O)O)CC(N)C(=O)O,188.49868123604745,219.065402,0.53183,-0.66635,213.13600000000005,4.096998943128982,-8.622199466943,-0.6446377118345,7.9775617551085,2.691118976389704,0,1,0.0373999999999999,4,4,ok,False,9.031257309520122,0.780853955482372,0.780853955482372,7.50081167958903,10.561702939451214,18.18,0.5,1.0,2.2421651499281266e-35,1.3989117839779375e-36,9.812111265002494,1.1328483825894184,2.714196543365607,0.4173789055027994,True,0.84012452779384,1.175260101939703e-36
294892-13-0,O=C(O)C1=CC=C(OC2=CC=C(C=C2)NC(=O)C3CCCCC3)C=C1C(=O)O,187.12291351784077,386.2679816666667,0.5331,-0.66097,339.46400000000006,6.258919975522933,-7.783000352001,-0.5379690824385,7.2450312695625,2.3891729984575165,0,1,4.394100000000003,3,4,ok,False,9.03322764805672,0.780853955482372,0.780853955482372,7.502782018125628,10.563673277987812,18.18,0.5,1.0,2.313635592576822e-35,1.4437904742917305e-36,9.814081603539092,1.2879814096584514,2.714196543365607,0.4745350563527551,True,0.7983696887422909,1.1526785515693734e-36
1822662-75-8,O=C(O)C=1C(F)=CC=C(SC)C1C(=O)O,168.390173722461,190.803888,0.53648,-0.64892,179.40000000000003,2.9954668868141408,-8.194980721658,-0.7055912143465001,7.4893895073115,2.6444138307485665,2,0,1.944,2,3,ok,False,9.06453175453494,0.780853955482372,0.780853955482372,7.534086124603848,10.594977384466032,18.18,0.5,1.0,3.8056903139223715e-35,2.3824234907889717e-36,9.845385710017313,2.490941481470486,2.714196543365607,0.9177454328276888,True,0.4307373895898119,1.0261988753198889e-36
1061606-45-8,O=C(O)C=1C=CC=C(OC(C=2C=CC=3C=CC=CC3C2)C)C1C(=O)O,170.18517277952932,365.24975466666666,0.53625,-0.65602,296.20000000000005,2.6048753866548013,-7.4306129156035,-0.7268160946855,6.703796820918,2.481565664783687,1,0,4.3762000000000025,2,3,ok,False,9.050494152217679,0.780853955482372,0.780853955482372,7.520048522286587,10.580939782148771,18.18,0.5,1.0,3.0450674309489096e-35,1.9035519544624082e-36,9.831348107700052,2.2658786243416276,2.714196543365607,0.8348248139509954,True,0.4981109328743369,9.481800398120374e-37
706811-16-7,O=C(O)C1=CC(O)=C(C=C1C(=O)O)C,185.4321122513718,176.57671466666667,0.5312,-0.66596,164.25600000000003,2.4781998890323598,-8.13620412995,-0.5254518453155,7.610752284634501,2.464417492122315,0,2,1.09702,3,3,ok,False,9.019003315605834,0.780853955482372,0.780853955482372,7.488557685674743,10.549448945536927,18.18,0.5,1.0,1.844396109779375e-35,1.1493159547319544e-36,9.799857271088207,1.2455610908527588,2.714196543365607,0.45890600439283646,True,0.8101023179245376,9.310635189560092e-37
25437-78-9,O=C(O)C1=CC=C(OC)C(OS(=O)(=O)C)=C1C(=O)O,166.73865417286996,230.4431363333333,0.53599,-0.64693,223.29600000000005,3.337465496450862,-8.317976182084001,-0.598106243399,7.719869938685001,2.574412731348044,1,1,0.4299999999999999,2,6,ok,False,9.068348061668,0.780853955482372,0.780853955482372,7.537902431736909,10.598793691599093,18.18,0.5,1.0,4.043296779358048e-35,2.5321487524733813e-36,9.849202017150374,2.785178668778662,2.714196543365607,1.026152168525363,False,0.348893600472125,8.834504951814376e-37
25809-28-3,O=C(O)C1=CC=CC(=C1C(=O)O)CCC,166.4467269185733,199.20712766666668,0.53492,-0.65973,188.7680000000001,3.4986215699901013,-8.572674746152,-0.613344619027,7.959330127125,2.6504413823052366,1,0,2.0355,2,2,ok,False,9.061603731819176,0.780853955482372,0.780853955482372,7.531158101888084,10.592049361750268,18.18,0.5,1.0,3.6328409246116744e-35,2.273542025354735e-36,9.842457687301549,2.800842161664404,2.714196543365607,1.0319231186520326,False,0.3447742848729872,7.838588259203618e-37
36440-39-8,O=C(O)C=1C=CC=C2C=CC(C(=O)O)=C(C(=O)O)C21,160.56112258628028,255.216781,0.53322,-0.65679,209.56800000000004,3.3717084408352984,-8.037426802218501,-1.20274321921,6.834683583008501,3.123068573253649,1,1,1.9344,3,3,ok,False,9.107666510505194,0.780853955482372,0.780853955482372,7.577220880574102,10.638112140436286,18.18,0.5,1.0,7.535639803894801e-35,4.738153105359817e-36,9.888520465987567,3.7192348083130407,2.714196543365607,1.37028942041949,False,0.15294252286589782,7.246650896586186e-37
6660-53-3,O=C(O)C1=C(Cl)C(Cl)=C(Cl)C(C(=O)O)=C1C(=O)O,161.68576674788426,221.309089,0.54244,-0.6348,211.49600000000004,3.454513108963404,-9.138127327491,-1.2334920843165,7.9046352431745,3.4021332393631702,2,2,2.7414000000000005,3,3,ok,False,9.094504038051761,0.780853955482372,0.780853955482372,7.56405840812067,10.624949667982854,18.18,0.5,1.0,6.119648358244484e-35,3.84267568785595e-36,9.875357993534134,3.533842331587503,2.714196543365607,1.30198468501678,False,0.18356909919142256,7.053965145044968e-37
1427081-29-5,O=C(O)C1=CC(OC)=C(C=C1C(=O)O)NC,186.11410896814868,219.29316666666668,0.53095,-0.66881,192.44000000000003,5.165876000253974,-7.048020841800501,-0.379870935298,6.6681499065025,2.068548886344193,0,2,1.1333,3,4,ok,False,9.003245891611536,0.780853955482372,0.780853955482372,7.472800261680445,10.533691521542629,18.18,0.5,1.0,1.4342879480261765e-35,8.92342088778355e-37,9.78409984709391,1.37331551731064,2.714196543365607,0.505974970997394,True,0.7741337077538585,6.907920897708107e-37
1389368-64-2,O=C(O)C1=CC=C(C=C1C(=O)O)C(N)CC(=O)O,188.2996215567169,218.33807666666667,0.53191,-0.6665,213.0240000000001,3.863259020567997,-8.661111747564501,-0.670488527632,7.990623219932501,2.724404633384246,0,1,0.5575000000000001,4,4,ok,False,8.98956527638124,0.780853955482372,0.780853955482372,7.459119646450149,10.520010906312333,18.18,0.5,1.0,1.1525791248546184e-35,7.160896621870197e-37,9.770419231863613,1.1216473072196016,2.714196543365607,0.4132520579474166,True,0.8430093215935901,6.036702603204626e-37
2644109-09-9,O=C(O)C=1C=CC=C(C#CC(OC)(C)C)C1C(=O)O,167.90819380090082,258.60878933333333,0.5357,-0.65258,236.51200000000009,3.159663319089552,-8.320969434439501,-0.7104892636555,7.610480170784001,2.6794382346768906,1,0,1.8595,2,3,ok,False,9.03062187752754,0.780853955482372,0.780853955482372,7.500176247596449,10.561067507458633,18.18,0.5,1.0,2.2195871608296104e-35,1.3847362033946266e-36,9.811475833009913,2.5653145505479613,2.714196543365607,0.9451469374310558,True,0.4093017035709163,5.667748870457435e-37
1804397-98-5,O=C(O)C1=CC=CC(=C1C(=O)O)C(Cl)C(=O)C,165.60398237039664,216.12976433333336,0.53639,-0.65041,207.13600000000005,4.165891718467968,-8.8788028279645,-0.7692658553635,8.109536972601001,2.869622200155003,1,0,1.9519,2,3,ok,False,9.0425804397867,0.780853955482372,0.780853955482372,7.512134809855609,10.573026069717793,18.18,0.5,1.0,2.684996648149294e-35,1.6771183792797638e-36,9.823434395269073,2.886748762161031,2.714196543365607,1.0635739586424566,False,0.3226492156703915,5.41120929661014e-37
63018-89-3,O=C(O)C1=CC=C2C=CC=3C=CC=CC3C2=C1C(=O)O,170.74786281650867,311.841512,0.53438,-0.65313,225.1920000000001,2.7388143054979097,-7.603677324521501,-0.9309014825605,6.672775841961,2.728963070970148,1,1,3.389400000000002,2,2,ok,False,8.967693464239769,0.780853955482372,0.780853955482372,7.437247834308677,10.498139094170861,18.18,0.5,1.0,8.12025737553394e-36,5.033979819792526e-37,9.748547419722142,2.10486712989853,2.714196543365607,0.7755028408106704,True,0.5480412856440551,2.7588287723453245e-37
2601427-59-0,O=C(O)C=1C=CC=C(C#CC=2C=CN=CC2)C1C(=O)O,171.617119042571,294.542306,0.53609,-0.64984,228.36000000000004,2.9745408603682013,-8.079876562896501,-1.064509383156,7.015367179740501,2.979879462754493,1,0,1.8778,2,3,ok,False,8.945394937161002,0.780853955482372,0.780853955482372,7.41494930722991,10.475840567092094,18.18,0.5,1.0,5.677443137539429e-36,3.511744926164221e-37,9.726248892643374,1.9307006449772341,2.714196543365607,0.7113341330039287,True,0.6029046331296578,2.117247286353977e-37
706809-24-7,O=C(O)C=1C=C(C(OC)=C(C(=O)O)C1C(=O)O)C,159.59613159772863,215.5080903333333,0.53416,-0.64816,208.80000000000004,3.7650635200485,-8.663560772219,-0.6459982810870001,8.017562491132,2.702438860403414,2,1,1.09822,3,4,ok,False,9.04428050280547,0.780853955482372,0.780853955482372,7.513834872874379,10.574726132736563,18.18,0.5,1.0,2.7585975798573935e-35,1.723387843834383e-36,9.825134458287843,3.9433023869514194,2.714196543365607,1.4528433457002785,False,0.12114661324748222,2.0878260059241627e-37
916849-61-1,O=C(O)C1=CC=C(OC2=CC=C(O)C(N)=C2)C=C1C(=O)O,188.6832591933836,278.49424400000004,0.53281,-0.66093,239.8400000000001,4.229085987539151,-7.149519308036999,-0.5444998148505,6.605019493186499,2.240641769658098,0,1,2.1631,4,5,ok,False,8.904277193528308,0.780853955482372,0.780853955482372,7.373831563597217,10.434722823459401,18.18,0.5,1.0,2.928505993534005e-36,1.8039745551058376e-37,9.685131149010681,1.3579764748808365,2.714196543365607,0.5003235591763535,True,0.7785487541869376,1.4044821424625848e-37
770744-15-5,O=C(O)C1=CC(OC2=CC=C(N)C=C2)=C(C=C1C(=O)O)N3CCOCC3,186.7518329584796,353.70897800000006,0.53282,-0.66222,307.9200000000001,5.913165654706454,-7.2270717554295,-0.5659968090399999,6.6610749463895,2.2793587423693977,0,2,2.2941000000000003,3,6,ok,False,8.890712293488857,0.780853955482372,0.780853955482372,7.360266663557765,10.42115792341995,18.18,0.5,1.0,2.3525238220091472e-36,1.4472072209979604e-37,9.67156624897123,1.2771172866052038,2.714196543365607,0.47053235320297654,True,0.8013955004476385,1.1597853551230966e-37
2639451-53-7,O=C(O)C1=CC=C(C=C1C(=O)O)NC(=O)OC(C)(C)C,186.89853448139797,260.5389553333334,0.53245,-0.66202,245.3040000000001,5.717844378784719,-8.054025747099,-0.654161696602,7.399864050497,2.56195681559645,0,1,2.4300000000000006,3,4,ok,False,8.882840800532811,0.780853955482372,0.780853955482372,7.35239517060172,10.413286430463904,18.18,0.5,1.0,2.071487388200875e-36,1.2733223602067847e-37,9.663694756015184,1.2351855841637014,2.714196543365607,0.455083323712464,True,0.8129376761123556,1.0351317204484032e-37
1344902-26-6,O=C(O)C1=CC=C2C(=O)CCC2=C1C(=O)O,175.8867159129789,202.562256,0.5342,-0.65595,181.88000000000005,4.479006858668559,-8.883972991124,-1.35512697549,7.528846015634,3.4812495802348526,1,1,1.2119,2,3,ok,False,8.891883633064522,0.780853955482372,0.780853955482372,7.36143800313343,10.422329262995614,18.18,0.5,1.0,2.3974644175479562e-36,1.4750256421334913e-37,9.672737588546894,1.6540455045290443,2.714196543365607,0.6094052063296882,True,0.6897854267339398,1.0174511920025539e-37
1381801-67-7,O=C(O)C=1C=CC=C(OC=2C=NC=CC2)C1C(=O)O,180.4691437082196,243.82698733333336,0.53642,-0.65534,214.69600000000003,3.393259480204837,-8.153891530232501,-0.7556601628385,7.3982313673940014,2.682401625115223,1,0,2.2703,2,4,ok,False,8.850700246613664,0.780853955482372,0.780853955482372,7.320254616682573,10.381145876544757,18.18,0.5,1.0,1.2309077312393198e-36,7.542120574037657e-38,9.631554202096037,0.93584337020687,2.714196543365607,0.3447957269322962,True,0.887910709588604,6.696729630696585e-38
863962-12-3,O=C(O)C1=CC(OC2=CC=CC(N)=C2)=C(OC3=CC=CC(N)=C3)C=C1C(=O)O,188.2920321479965,393.69675466666666,0.53323,-0.66053,322.6640000000001,7.0337589665839415,-7.2085680135954995,-0.6446377118345,6.563930301760999,2.348929579179896,0,2,3.8320000000000007,4,6,ok,False,8.862706319429071,0.780853955482372,0.780853955482372,7.332260689497979,10.393151949360163,18.18,0.5,1.0,1.4953896193334126e-36,9.173611627964956e-38,9.643560274911444,1.6545480142875864,2.714196543365607,0.6095903475862308,True,0.6896297691314468,6.326395669095029e-38
343968-68-3,O=C(O)C1=CC(=CC(Br)=C1C(=O)O)C(C)(C)C,177.47814848562007,244.1046183333333,0.53638,-0.64732,224.72000000000008,2.68534457565505,-8.581382389367999,-0.7436871534165,7.837695235951498,2.773676423998213,1,1,3.1430000000000016,2,2,ok,False,8.844444101038981,0.780853955482372,0.780853955482372,7.313998471107889,10.374889730970073,18.18,0.5,1.0,1.112086605449513e-36,6.809839737006934e-38,9.625298056521354,1.013051772579265,2.714196543365607,0.37324186233141377,True,0.8699587451752596,5.924279632451172e-38
1042969-21-0,O=C(O)C=1C=CC=C(C#CC=2C=CC=CC2)C1C(=O)O,171.0752213712945,306.0647466666667,0.53582,-0.65133,232.52800000000005,2.669095258697224,-7.679869202661499,-0.8008310620215,6.879038140639999,2.613820257605917,1,0,2.4828,2,2,ok,False,8.871303225822823,0.780853955482372,0.780853955482372,7.340857595891731,10.401748855753915,18.18,0.5,1.0,1.7187719698355995e-36,1.0552990473554622e-37,9.652157181305196,2.0797494686965337,2.714196543365607,0.7662486616085812,True,0.5559165914198375,5.866582493344502e-38
62268-15-9,O=C(O)C1=CC(Cl)=C(Cl)C(Cl)=C1C(=O)O,177.04437196018074,194.738511,0.54032,-0.63887,184.08000000000004,3.559856419857408,-8.9686003986295,-1.1121293069935,7.856471091635999,3.2336754699580017,1,2,3.043200000000001,2,2,ok,False,8.837649591828042,0.780853955482372,0.780853955482372,7.30720396189695,10.368095221759134,18.18,0.5,1.0,9.959246890285625e-37,6.094415603625474e-38,9.618503547310414,1.3313434110949172,2.714196543365607,0.49051105541680845,True,0.7861551646920781,4.791156302570155e-38
1344479-36-2,O=C(O)C1=CC=C(C=C1C(=O)O)C(N)(C(=O)O)C,187.2570999188465,219.07552866666663,0.53209,-0.66458,212.77600000000004,2.421823137638255,-8.739752650359002,-0.7442313811175,7.995521269241501,2.8123855243597524,0,1,0.3414999999999999,4,4,ok,False,8.820646743025453,0.780853955482372,0.780853955482372,7.290201113094361,10.351092372956545,18.18,0.5,1.0,7.554158771581268e-37,4.6148758706193544e-38,9.601500698507826,1.2822154933790413,2.714196543365607,0.47241070161746374,True,0.7999773445700032,3.691796144498253e-38
927672-65-9,O=C(O)C=1C=CC=C(NC2=CC=C(C=C2)C3CCCCC3)C1C(=O)O,160.54233134784397,368.0290033333333,0.53235,-0.65709,311.19200000000006,2.9879880103507777,-7.025163278358501,-0.5488536364585,6.4763096419,2.2144452395695,1,0,4.874300000000003,3,3,ok,False,8.933596348707619,0.780853955482372,0.780853955482372,7.403150718776527,10.464041978638711,18.18,0.5,1.0,4.696520506004899e-36,2.901571037678024e-37,9.714450304189992,3.960305437858099,2.714196543365607,1.4591078334169991,False,0.11895670572099748,3.45161332057634e-38
313229-50-4,O=C(O)C1=CC=CC(=C1C(=O)O)CCCC,168.36943283489632,215.80494266666665,0.53459,-0.66378,205.54400000000004,3.14705006950954,-8.555531573570502,-0.5839563231730001,7.971575250397501,2.619627752073084,1,0,2.4256,2,2,ok,False,8.843587758879533,0.780853955482372,0.780853955482372,7.313142128948441,10.374033388810625,18.18,0.5,1.0,1.096735329625448e-36,6.715265883069989e-38,9.624441714361906,2.502490598915794,2.714196543365607,0.9220005106235611,True,0.42737862818664274,2.8699611210150157e-38
2580116-81-8,O=C(O)C1=CC=C(C#CC(N)CO)C=C1C(=O)O,186.7707927108026,241.249872,0.53277,-0.66212,215.99200000000005,2.359442359965592,-8.291309024735002,-0.9777050648465,7.313603959888502,2.9368086740839257,0,1,-0.2459000000000002,4,4,ok,False,8.803528445524606,0.780853955482372,0.780853955482372,7.273082815593514,10.333974075455698,18.18,0.5,1.0,5.716416836373947e-37,3.486281074710648e-38,9.584382401006978,1.2808169426470823,2.714196543365607,0.471895429156677,True,0.8003666882161804,2.7903032379569075e-38
2091808-05-6,O=C(O)C1=CC(OC)=CC(F)=C1C(=O)O,181.95430797486185,172.34940766666668,0.53456,-0.65626,169.48000000000005,4.4036364121030696,-8.300560895652,-0.7390612179580001,7.561499677694,2.701672004229561,1,1,1.2307,2,3,ok,False,8.78666860273049,0.780853955482372,0.780853955482372,7.2562229727993985,10.317114232661583,18.18,0.5,1.0,4.34196880670395e-37,2.6436386410362635e-38,9.567522558212863,1.0247911990892797,2.714196543365607,0.37756705629671805,True,0.8671382283321911,2.292400127538707e-38
1785448-67-0,O=C(O)C1=CC=2N=C(NC2C=C1C(=O)O)CC,186.641812636176,225.50308733333333,0.53033,-0.67435,197.31200000000004,6.921433503256388,-8.1250474620795,-0.411436141956,7.7136113201235,2.36178455517513,0,2,1.5217,3,3,ok,False,8.77922730709966,0.780853955482372,0.780853955482372,7.2487816771685685,10.309672937030752,18.18,0.5,1.0,3.845099976221312e-37,2.3393987086198261e-38,9.560081262582033,1.4424701020155102,2.714196543365607,0.5314538129308961,True,0.7539394982218204,1.7637650885176064e-38
91136-83-3,O=C(O)C=1C=C(C(C(=O)O)=C(C(=O)O)C1C(=O)O)C,158.67372020569064,217.2996336666667,0.53743,-0.64636,211.04000000000005,2.273184772516304,-8.971593650985,-1.0560738537905,7.9155197971944995,3.175853202400236,2,1,0.78782,4,4,ok,False,8.918029599340796,0.780853955482372,0.780853955482372,7.387583969409705,10.448475229271889,18.18,0.5,1.0,3.655442495271154e-36,2.2548661224749616e-37,9.698883554823169,4.3860973496145395,2.714196543365607,1.6159836915037014,False,0.07343142575368208,1.6557803425701315e-38
1630294-43-7,O=C(O)C1=CC=2NC(C)CC2C=C1C(=O)O,186.16017946395817,221.31833633333332,0.53113,-0.66668,190.77600000000004,6.046679289494358,-7.243126472609001,-0.3714354059325,6.871691066676501,2.109435364582691,0,2,1.4395,3,3,ok,False,8.765438450955521,0.780853955482372,0.780853955482372,7.23499282102443,10.295884080886614,18.18,0.5,1.0,3.069046322999055e-37,1.864704189843281e-38,9.546292406437894,1.394855255661033,2.714196543365607,0.5139109247893341,True,0.7678933377498566,1.4318939242548993e-38
1344509-94-9,O=C(O)C1=CC=C(C=C1C(=O)O)C(N)C,185.74652414651345,196.6598876666667,0.53163,-0.66655,184.99200000000005,3.3578826691830668,-8.5462797026535,-0.669944299931,7.8763354027225,2.6960121846910905,0,1,1.1027,3,3,ok,False,8.761613079152564,0.780853955482372,0.780853955482372,7.231167449221473,10.292058709083657,18.18,0.5,1.0,2.88282667037417e-37,1.7509004843617e-38,9.542467034634937,1.251700758029554,2.714196543365607,0.461168061351019,True,0.8084180377413615,1.415459533848085e-38
1344509-94-9,O=C(O)C1=CC=C(C=C1C(=O)O)C(N)C,185.74652414651345,196.6598876666667,0.53163,-0.66655,184.99200000000005,3.3578826691830668,-8.5462797026535,-0.669944299931,7.8763354027225,2.6960121846910905,0,1,1.1027,3,3,ok,False,8.761613079152564,0.780853955482372,0.780853955482372,7.231167449221473,10.292058709083657,18.18,0.5,1.0,2.88282667037417e-37,1.7509004843617e-38,9.542467034634937,1.251700758029554,2.714196543365607,0.461168061351019,True,0.8084180377413615,1.415459533848085e-38
2539389-74-5,O=C(O)C=1C=CC=C(C#CCSC)C1C(=O)O,178.8661408675781,248.47249666666667,0.536,-0.65217,213.1680000000001,2.9229542538329265,-7.860552799393501,-0.723278614629,7.137274184764501,2.580892923437224,1,0,1.7975,2,3,ok,False,8.752534469841317,0.780853955482372,0.780853955482372,7.222088839910225,10.28298009977241,18.18,0.5,1.0,2.4846209431845145e-37,1.507700628722198e-38,9.53338842532369,0.9917685745328848,2.714196543365607,0.3654004264934663,True,0.8750121809098358,1.319256415297341e-38
1061605-95-5,O=C(O)C=1C=CC=C(OCC=2C=CC=C(F)C2)C1C(=O)O,181.40273062685415,267.11990733333334,0.53572,-0.65846,240.4240000000001,4.036720572444914,-8.1212378681725,-0.6555222658545,7.465715602318,2.5795088693952004,1,0,2.801100000000001,2,3,ok,False,8.749091737621995,0.780853955482372,0.780853955482372,7.218646107690904,10.279537367553088,18.18,0.5,1.0,2.348353439521958e-37,1.424529361976726e-38,9.529945693104368,0.9739548747388349,2.714196543365607,0.35883726884830885,True,0.8791812647801449,1.2524195261791508e-38
50276-60-3,O=C(O)C1=CC(OC)=C(OC)C(OC)=C1C(=O)O,173.40809383367525,218.9963266666667,0.53592,-0.65843,215.33600000000004,2.5178727807417114,-8.1130744526575,-0.6576991766585,7.455375275999,2.5795639793060934,1,2,1.1088,2,5,ok,False,8.76375503467747,0.780853955482372,0.780853955482372,7.233309404746378,10.294200664608562,18.18,0.5,1.0,2.9856683401671582e-37,1.8137443657072927e-38,9.544608990159842,1.7188958789793234,2.714196543365607,0.6332982344925878,True,0.6696054277965473,1.214493071913009e-38
81722-05-6,O=C(O)C1=CC(=CC(OC)=C1C(=O)O)C,182.35870300074623,190.509826,0.53553,-0.66162,180.44000000000003,4.956982624540861,-8.0189230603845,-0.632936816263,7.3859862441215,2.533672445731931,1,1,1.40002,2,3,ok,False,8.73413786748161,0.780853955482372,0.780853955482372,7.203692237550519,10.264583497412703,18.18,0.5,1.0,1.8376472927571841e-37,1.1130944719413032e-38,9.514991822963983,1.1014033170075828,2.714196543365607,0.4057935007322061,True,0.8481749417474599,9.440988388982345e-39
1344567-53-8,O=C(O)C1=CC=C(C=C1C(=O)O)CC(N)CC(=O)O,188.12861622217943,236.42640733333332,0.53166,-0.66659,229.92000000000004,4.130200282068655,-8.436617820901999,-0.66940007223,7.767217748671999,2.6688952387171487,0,1,0.4274999999999998,4,4,ok,False,8.689860528013622,0.780853955482372,0.780853955482372,7.15941489808253,10.220306157944714,18.18,0.5,1.0,8.871375635119851e-38,5.3502846413464095e-39,9.470714483495994,1.1454164191684664,2.714196543365607,0.4220093868913961,True,0.8368654930805624,4.477468594501723e-39
2828433-78-7,O=C(O)C1=CC=C(F)C(Br)=C1C(=O)O,175.0860107210737,171.26600800000003,0.53827,-0.64267,163.40000000000003,2.7606936610207224,-8.8069647714325,-0.788585938749,8.018378832683501,2.870735947781673,1,1,1.9846000000000004,2,2,ok,False,8.690740213638072,0.780853955482372,0.780853955482372,7.160294583706981,10.221185843569165,18.18,0.5,1.0,9.000943632079499e-38,5.4288933841122107e-39,9.471594169120445,1.3885110709913562,2.714196543365607,0.5115735168056772,True,0.7697361670090871,4.1788155845875246e-39
1936621-53-2,O=C(O)C1=CC(Br)=C(N)C=C1C(=O)O,186.23805992694952,197.06928233333332,0.53282,-0.66059,170.43200000000004,4.771209323641125,-7.6564674115185,-0.4917097278535,7.164757683665,2.3166446663630382,0,2,1.4277,3,3,ok,False,8.68130741831089,0.780853955482372,0.780853955482372,7.150861788379799,10.211753048241983,18.18,0.5,1.0,7.704358598531045e-38,4.6425800582453856e-39,9.462161373793263,1.2732690826763702,2.714196543365607,0.4691145472823847,True,0.8024638606323377,3.7255027168342955e-39
2556783-50-5,O=C(O)C=1C=CC=C(C#CCCCCC#C)C1C(=O)O,171.01893572852816,279.19033600000006,0.53598,-0.653,251.00800000000007,2.792783833382025,-8.134027219146,-0.6990604819345,7.434966737211501,2.623530174804873,1,0,2.6281000000000008,2,2,ok,False,8.703231751557173,0.780853955482372,0.780853955482372,7.172786121626081,10.233677381488265,18.18,0.5,1.0,1.1057255982537851e-37,6.677307417318522e-39,9.484085707039545,2.0838885176010424,2.714196543365607,0.767773624461631,True,0.5546176406543353,3.703352485716892e-39
346419-81-6,O=C(O)C=1C=CC=2C=NN=CC2C1C(=O)O,178.33240258970707,205.985738,0.5379,-0.64589,174.57600000000005,6.055824490521501,-8.7269632993855,-1.39322291456,7.333740384825501,3.491334695213973,1,1,1.0262,2,4,ok,False,8.688298456780718,0.780853955482372,0.780853955482372,7.157852826849626,10.21874408671181,18.18,0.5,1.0,8.645852237271369e-38,5.213476366693586e-39,9.46915241226309,1.8542213522884332,2.714196543365607,0.6831566257870171,True,0.6270663169031815,3.2691954235243276e-39
1421750-77-7,O=C(O)C=1C=CC2=CC=CN=C2C1C(=O)O,180.49869949091388,219.082126,0.53711,-0.65984,177.63200000000003,5.27681609306218,-8.3356635823665,-1.250635256898,7.0850283254685,3.24265201260177,1,1,1.6312,2,3,ok,False,8.670280200115805,0.780853955482372,0.780853955482372,7.139834570184713,10.200725830046897,18.18,0.5,1.0,6.422244528961091e-38,3.8658248786715355e-39,9.451134155598178,1.5735037477030431,2.714196543365607,0.5797309526272908,True,0.7145602378743467,2.7623647448841e-39
1026786-41-3,O=C(O)C=1C=C(C=C)C=2C=CC=CC2C1C(=O)O,178.1640907978078,272.7613503333334,0.53573,-0.65617,209.72800000000004,3.042593517050873,-7.567486182405,-1.071040115568,6.4964460668370005,2.87172924369032,1,2,2.879200000000001,2,2,ok,False,8.656375810387715,0.780853955482372,0.780853955482372,7.125930180456623,10.186821440318807,18.18,0.5,1.0,5.10374748507341e-38,3.06800206615451e-39,9.437229765870088,0.9775473400178714,2.714196543365607,0.36016085217090116,True,0.8783449864682884,2.694764233281164e-39
2552030-06-3,O=C(O)C=1C=CC=C(C#CCCCC)C1C(=O)O,179.7798346794437,252.95929266666667,0.53617,-0.6537,228.23200000000008,3.300041383073854,-8.123414778976501,-0.7031421896919999,7.420272589284502,2.6248398217087185,1,0,2.6247000000000007,2,2,ok,False,8.64450821135513,0.780853955482372,0.780853955482372,7.114062581424039,10.174953841286223,18.18,0.5,1.0,4.1937461458135566e-38,2.5180631314751188e-39,9.425362166837504,0.96767610085099,2.714196543365607,0.3565239603654754,True,0.8806373834485952,2.2175005274606248e-39
63196-14-5,O=C(O)C=1C=CC=C(OC2=CC=C(OC)C=C2)C1C(=O)O,181.83965430903652,275.0981003333333,0.5366,-0.65785,243.92000000000004,4.555230657167648,-7.744360185230001,-0.7227343869280001,7.021625798302001,2.5525317267407024,1,0,2.883900000000001,2,4,ok,False,8.640863788198399,0.780853955482372,0.780853955482372,7.110418158267307,10.171309418129491,18.18,0.5,1.0,3.948128780434601e-38,2.369745693243197e-39,9.421717743680771,1.0480419888094559,2.714196543365607,0.38613341814586594,True,0.86148380947017,2.0414975472906783e-39
4961-03-9,O=C(O)C=1C=C(C(=O)O)C(=CC1O)C(=O)O,186.9252035027146,185.9663623333333,0.53483,-0.65359,174.05600000000004,3.600695057902016,-8.485054086290999,-0.966004169275,7.519049917015999,2.9698732930327,0,2,0.4868,4,4,ok,False,8.639870680600792,0.780853955482372,0.780853955482372,7.1094250506697,10.170316310531884,18.18,0.5,1.0,3.883713746962402e-38,2.3308572533669577e-39,9.420724636083165,1.1277971053861506,2.714196543365607,0.4155178474981332,True,0.841427788734044,1.9612480645552666e-39
1010100-13-6,O=C(O)C1=CC=C(C=C1C(=O)O)NCC=2OC=CC2,186.1249479640881,258.33662166666664,0.53161,-0.66461,221.31200000000004,6.29255899773693,-7.351427785108,-0.386945895411,6.964481889697,2.1495650418711354,0,1,2.2881,3,4,ok,False,8.643147497921813,0.780853955482372,0.780853955482372,7.1127018679907215,10.173593127852905,18.18,0.5,1.0,4.100312304365207e-38,2.461636320634377e-39,9.424001453404186,1.403084203742274,2.714196543365607,0.5169427421060848,True,0.7654971410681768,1.8843755657952014e-39
2417932-11-5,O=C(O)C=1C=C(F)C=C(Br)C1C(=O)O,175.28798832968715,170.82686233333334,0.53959,-0.6449,163.51200000000003,3.1031697504326123,-8.8036994052265,-0.960561892265,7.8431375129614995,3.0389878581158056,1,1,1.9846000000000004,2,2,ok,False,8.604320265745741,0.780853955482372,0.780853955482372,7.07387463581465,10.134765895676834,18.18,0.5,1.0,2.1530243848337802e-38,1.2877088972359288e-39,9.385174221228114,1.4175154682150062,2.714196543365607,0.5222596984289447,True,0.7612791315813373,9.803059110173295e-40
2557465-51-5,O=C(O)C1=CC=C(C#CC(O)C(=O)O)C=C1C(=O)O,186.67087541296533,234.129741,0.53302,-0.6613,215.32000000000005,3.301250120787578,-8.411583346656,-1.010086613056,7.4014967336,2.9983079107083483,0,1,-0.1200000000000001,4,4,ok,False,8.598772619152916,0.780853955482372,0.780853955482372,7.068326989221824,10.129218249084008,18.18,0.5,1.0,1.963308071789452e-38,1.1736095229706134e-39,9.379626574635289,1.1753230817283526,2.714196543365607,0.43302799298054906,True,0.8290181396652416,9.729435834265095e-40
1824583-06-3,O=C(O)C=1C(Cl)=CC=C(SC)C1C(=O)O,167.42688908259788,213.4995236666667,0.53558,-0.64375,188.92000000000004,3.467915330569649,-7.6336098480765,-0.7020537342900001,6.931556113786501,2.506049371085394,2,0,2.4583000000000004,2,3,ok,False,8.64251865422597,0.780853955482372,0.780853955482372,7.112073024294879,10.172964284157063,18.18,0.5,1.0,4.0578345394608957e-38,2.4359855550006986e-39,9.423372609708343,2.695384053608034,2.714196543365607,0.9930688550158399,True,0.3729966834986165,9.086145330657972e-40
927673-21-0,O=C(O)C1=CC=CC(=C1C(=O)O)CNC(=O)N,159.83082685153994,207.3515393333333,0.53435,-0.65709,198.68800000000005,7.186081003579072,-8.536211490185,-0.607902342017,7.928309148168,2.6365904827131046,1,0,0.2513000000000002,4,3,ok,False,8.748858855202908,0.780853955482372,0.780853955482372,7.218413225271816,10.279304485134,18.18,0.5,1.0,2.3394086353417185e-37,1.419070881700572e-38,9.52971281068528,4.552663678588217,2.714196543365607,1.6773522498643036,False,0.05999400909722257,8.513575138634777e-40
64819-48-3,O=C(O)C=1C=C2OC=3C=C(C(=O)O)C(=CC3C2=CC1C(=O)O)C(=O)O,185.3094092226461,323.0754176666666,0.53302,-0.66135,264.58400000000006,3.959079153035463,-8.311989677373,-1.2677784294795,7.044211247893501,3.2569990362126,0,2,2.3788,4,5,ok,False,8.587691040418306,0.780853955482372,0.780853955482372,7.057245410487215,10.118136670349399,18.18,0.5,1.0,1.6326806501989747e-38,9.749227684040746e-40,9.36854499590068,1.1274359808538787,2.714196543365607,0.41538479724679656,True,0.8415208152375004,8.204178028609976e-40
876478-22-7,O=C(O)C1=C(Br)C=C(OC)C(OC)=C1C(=O)O,165.25497300964557,221.57238933333332,0.53369,-0.64531,209.78400000000005,4.214686984818683,-8.130217625239,-0.465314684355,7.664902940884,2.4097883644157854,2,1,1.8627,2,4,ok,False,8.654266431685471,0.780853955482372,0.780853955482372,7.12382080175438,10.184712061616564,18.18,0.5,1.0,4.928756020631941e-38,2.962200987629716e-39,9.435120387167844,3.097587316684184,2.714196543365607,1.1412538728102468,False,0.271862079429927,8.053101201863982e-40
1061606-52-7,O=C(O)C=1C=CC=C(OCC=2OC=3C=CC=CC3C2)C1C(=O)O,181.9208010158424,308.9673683333333,0.53603,-0.65798,261.8160000000001,4.775773471386598,-7.77701384729,-0.672121210735,7.104892636555,2.511926881957834,1,0,3.4082000000000017,2,4,ok,False,8.581618454416681,0.780853955482372,0.780853955482372,7.051172824485589,10.112064084347773,18.18,0.5,1.0,1.4756298559794311e-38,8.806252479870345e-40,9.362472409899054,1.0873747898126715,2.714196543365607,0.40062492617587875,True,0.851717541250171,7.50043970978339e-40
4721-00-0,O=C(O)C=1C=CC=C(C=CC=2C=CC=CC2)C1C(=O)O,177.29732590796382,310.87892566666665,0.53498,-0.6577,237.74400000000009,2.76729972536406,-7.419728361583501,-0.749945771978,6.669782589605501,2.501714806738984,1,0,3.253400000000001,2,2,ok,False,8.571636894378456,0.780853955482372,0.780853955482372,7.041191264447364,10.102082524309548,18.18,0.5,1.0,1.2494611567564008e-38,7.449329603530167e-40,9.352490849860828,1.1840738359430916,2.714196543365607,0.4362520609781776,True,0.8266979712937507,6.1583456707368686e-40
100047-06-1,O=C(O)C=1C=C2SC=CC2=C(C=3C=CC(=CC3)C)C1C(=O)O,166.20563812357506,335.6893136666667,0.53436,-0.65579,261.6000000000001,3.96759727164943,-7.701910424552,-0.7850484586925001,6.916861965859501,2.6033652052550527,1,2,4.273120000000003,2,3,ok,False,8.623359830104295,0.780853955482372,0.780853955482372,7.092914200173204,10.153805460035388,18.18,0.5,1.0,2.9537322227773574e-38,1.7698743499498795e-39,9.404213785586668,2.8619430116924978,2.714196543365607,1.0544346976964627,False,0.32895558684999837,5.82210055438522e-40
64208-34-0,O=C(O)C=1C=CC=C(OCC=C)C1C(=O)O,181.77525156318083,205.91116266666668,0.53601,-0.6588,191.82400000000004,4.5870926184240055,-8.122054209724,-0.661236656715,7.460817553009,2.5850450669899154,1,0,1.6478,2,3,ok,False,8.564915136258545,0.780853955482372,0.780853955482372,7.034469506327453,10.095360766189637,18.18,0.5,1.0,1.1169286623088728e-38,6.654841977700794e-40,9.345769091740918,1.0662703903110782,2.714196543365607,0.39284936565017564,True,0.8569886330781523,5.7031239298209114e-40
444288-03-3,O=C(O)C=1C=CC=C(NCCOCC=2C=CC=CC2)C1C(=O)O,160.5117571350199,324.44560099999995,0.53169,-0.66975,280.61600000000004,3.3938790211202288,-7.234418829392999,-0.644909825685,6.589509003708,2.355403870751141,1,0,2.7117000000000004,3,4,ok,False,8.677744629534395,0.780853955482372,0.780853955482372,7.147298999603303,10.208190259465487,18.18,0.5,1.0,7.264499824037005e-38,4.3760019619637684e-39,9.458598585016768,3.8944520895829617,2.714196543365607,1.4348452764418587,False,0.12760943518774406,5.584191387466564e-40
37102-74-2,O=C(O)C1=CC=CC(=C1C(=O)O)C,175.32527797139346,165.89380033333333,0.53436,-0.66174,155.27200000000005,2.639867636833332,-8.6164850760825,-0.5902149417345001,8.026270134348,2.6401841639783385,1,0,1.39142,2,2,ok,False,8.565582663809012,0.780853955482372,0.780853955482372,7.035137033877921,10.096028293740105,18.18,0.5,1.0,1.1294393737820694e-38,6.729816834685892e-40,9.346436619291385,1.3842708550570488,2.714196543365607,0.5100112806644987,True,0.7709656134064569,5.188457364066709e-40
65770-15-2,O=C(O)C1=CC=C(C(Cl)=C1C(=O)O)C,178.6092670767743,182.5143853333333,0.53714,-0.66527,170.23200000000003,3.115068959108289,-8.661928089116,-0.7279045500875,7.9340235390285,2.7781918139811634,1,1,2.0448200000000005,2,2,ok,False,8.546607386108292,0.780853955482372,0.780853955482372,7.0161617561772,10.077053016039384,18.18,0.5,1.0,8.22675326849721e-39,4.892978358985074e-40,9.327461341590665,0.9607250558805893,2.714196543365607,0.353962964925631,True,0.8822412092058203,4.316787144048902e-40
2520512-63-2,O=C(O)C=1C=CC=C(C#CC(=C)C)C1C(=O)O,167.73454922897844,250.819888,0.53722,-0.65209,204.89600000000004,3.5439578171868806,-7.79334067832,-0.8185184623039999,6.974822216016,2.658279865816834,1,0,2.0106,2,2,ok,False,8.591631431339522,0.780853955482372,0.780853955482372,7.06118580140843,10.122077061270614,18.18,0.5,1.0,1.7433662760985895e-38,1.041413793043456e-39,9.372485386821895,2.611442967685485,2.714196543365607,0.9621421757642107,True,0.39624698352125076,4.126570740908936e-40
1073323-63-3,O=C(O)C1=CC=C2OCCOC2=C1C(=O)O,182.25844183464952,193.26254333333333,0.53437,-0.65597,178.84800000000004,5.414643570910277,-7.9302139451215,-0.542595017897,7.3876189272245,2.429351474101321,1,1,0.8541999999999998,2,4,ok,False,8.54756370774772,0.780853955482372,0.780853955482372,7.017118077816629,10.078009337678813,18.18,0.5,1.0,8.359323177884586e-39,4.97228479903778e-40,9.328417663230093,1.1830444438294516,2.714196543365607,0.43587279879240987,True,0.8269714584328264,4.111937612003646e-40
916849-62-2,O=C(O)C1=CC=C(OC2=CC=C(N)C(O)=C2)C=C1C(=O)O,188.2812605321749,277.2943413333333,0.53307,-0.66129,239.20000000000005,5.96352822245355,-7.307345341327,-0.579602501565,6.7277428397620005,2.311471609351053,0,1,2.1631,4,5,ok,False,8.53204180802451,0.780853955482372,0.780853955482372,7.001596178093419,10.062487437955603,18.18,0.5,1.0,6.447719789675077e-39,3.82949328397435e-40,9.312895763506884,1.4886901339039775,2.714196543365607,0.5484828051759287,True,0.7402010891728477,2.834595099777919e-40
1451010-90-4,O=C(O)C1=CC=C(O)C(=C1C(=O)O)N(=O)=O,172.8304414618674,184.354578,0.53668,-0.64412,170.67200000000005,6.945757459053692,-8.726691185535,-1.7616650681370003,6.965026117397999,3.9484997992023527,1,1,0.6967999999999999,3,5,ok,False,8.571656260982158,0.780853955482372,0.780853955482372,7.041210631051066,10.10210189091325,18.18,0.5,1.0,1.2498647474531756e-38,7.451749776207096e-40,9.35251021646453,2.710095723300898,2.714196543365607,0.9984891219190694,True,0.36899192206990045,2.749635472706607e-40
86528-18-9,O=C(O)C=1C=CC=C(OC(C)(C)C)C1C(=O)O,166.3246559009706,222.16629133333333,0.53562,-0.65773,213.92000000000004,4.039023442615802,-8.377841229193999,-0.6661347060239999,7.711706523169999,2.6516018364758764,1,0,2.2603,2,3,ok,False,8.562224131610458,0.780853955482372,0.780853955482372,7.031778501679367,10.09266976154155,18.18,0.5,1.0,1.0678760945516804e-38,6.360925101307522e-40,9.343078087092831,2.8295150213946862,2.714196543365607,1.0424871508701004,False,0.3373010379361896,2.1455466389053892e-40
125592-10-1,O=C(O)C1=CC=C2C(C(=O)C(Br)C2)=C1C(=O)O,178.49761208514823,227.92435866666665,0.53724,-0.64993,201.5840000000001,7.067271859777294,-9.041799024414,-1.294717700679,7.747081323735001,3.447865510356364,1,1,1.5853000000000002,2,3,ok,False,8.488743038993103,0.780853955482372,0.780853955482372,6.958297409062012,10.019188668924196,18.18,0.5,1.0,3.118482623041223e-39,1.8444677762763446e-40,9.269596994475476,2.029736491811262,2.714196543365607,0.7478222226657125,True,0.5716444471797726,1.0543797623103955e-40
61415-58-5,O=C(O)C=1C=CC2=CC=3C=CC=CC3C=C2C1C(=O)O,178.4353026451153,330.93609333333336,0.53597,-0.65593,225.7680000000001,3.90450255474369,-7.055367915764,-1.38778063755,5.667587278214,3.1444931499931195,1,1,3.389400000000001,2,2,ok,False,8.463124092652592,0.780853955482372,0.780853955482372,6.9326784627215,9.993569722583684,18.18,0.5,1.0,2.026121885525509e-39,1.1954388294006538e-40,9.243978048134965,1.2524008414634606,2.714196543365607,0.46142599530042955,True,0.8082256827401079,9.661843640663788e-41
2631647-72-6,O=C(O)C=1C=CC=C(C#CCC(O)C)C1C(=O)O,160.04610616434883,241.503868,0.53653,-0.65282,219.64800000000005,5.357246524101724,-8.161782831897,-0.7289930054895001,7.432789826407499,2.6586886228713995,1,0,1.2054,3,3,ok,False,8.574520499386626,0.780853955482372,0.780853955482372,7.044074869455534,10.104966129317718,18.18,0.5,1.0,1.3110036232685713e-38,7.818427371604482e-40,9.355374454868999,3.9725720528625934,2.714196543365607,1.4636272611034273,False,0.11739572814331298,9.178499742251168e-41
2088-87-1,O=C(O)C=1C=CC=2C=CC=CC2C1C(=O)O,177.47256104056743,230.54824266666665,0.53534,-0.65756,182.12000000000003,3.071451497256631,-7.821640518771999,-0.9934876681755,6.828152850596499,2.845077089389114,1,1,2.2362,2,2,ok,False,8.426855374738825,0.780853955482372,0.780853955482372,6.896409744807733,9.957301004669917,18.18,0.5,1.0,1.0983525300902023e-39,6.45801186685573e-41,9.207709330221197,1.064166294829581,2.714196543365607,0.3920741471102212,True,0.8575102584280445,5.537811424878835e-41
1005516-33-5,O=C(O)C1=CC=CC(=C1C(=O)O)N2CCCC2,164.3892000626907,233.34231533333332,0.53246,-0.66559,206.16800000000003,5.229525888644209,-6.954685791078999,-0.3496662978925,6.605019493186499,2.019432323201314,1,0,1.6832,2,3,ok,False,8.509797710395945,0.780853955482372,0.780853955482372,6.979352080464854,10.040243340327038,18.18,0.5,1.0,4.441275048344657e-39,2.6321666152722613e-40,9.290651665878318,3.4908360055403223,2.714196543365607,1.286139728559112,False,0.19125351996901716,5.034111303157537e-41
2592108-14-8,O=C(O)C1=CC=C(C#CCCCCO)C=C1C(=O)O,185.5494948451569,262.75337533333334,0.5325,-0.66303,237.52800000000005,4.455641240046151,-8.148177139371999,-0.930085141009,7.218091998362999,2.8544539904063084,0,1,1.5971,3,3,ok,False,8.406412907500712,0.780853955482372,0.780853955482372,6.875967277569621,9.936858537431805,18.18,0.5,1.0,7.77044950322233e-40,4.5599214030497047e-41,9.187266862983085,1.3535941562234513,2.714196543365607,0.49870896768035555,True,0.7798055896177261,3.5558521983156635e-41
2630498-66-5,O=C(O)C=1C=CC=C(C#CC(C)C)C1C(=O)O,170.5956672209862,237.558352,0.5358,-0.65272,210.74400000000009,3.039511399879921,-8.148177139371999,-0.695523001878,7.452654137493999,2.6235965987898435,1,0,2.0905,2,2,ok,False,8.426064030175338,0.780853955482372,0.780853955482372,6.895618400244246,9.95650966010643,18.18,0.5,1.0,1.0837502142430044e-39,6.371673391129112e-41,9.20691798565771,2.1512395490156018,2.714196543365607,0.7925879775633573,True,0.5335536226789239,3.3996294203638415e-41
97325-40-1,O=C(O)C=1C=CC=C(OCC#C)C1C(=O)O,181.2389774796337,196.876989,0.53636,-0.65709,186.7920000000001,4.362492210881299,-8.218382512801,-0.6925297495225,7.5258527632785,2.637719599507427,1,0,1.095,2,3,ok,False,8.396572991879154,0.780853955482372,0.780853955482372,6.866127361948062,9.927018621810246,18.18,0.5,1.0,6.576522466545062e-40,3.855679621152966e-41,9.177426947361527,1.0492899975650622,2.714196543365607,0.3865932259511102,True,0.8611777736971407,3.3204255922339457e-41
706807-33-2,O=C(O)C=1C(OC)=C(C(=O)O)C(C(=O)O)=C(C(=O)O)C1OC,158.53176069041172,245.07303766666664,0.53598,-0.64281,245.7040000000001,3.1805423279686127,-8.924790068699,-0.7572928459415,8.1674972227575,2.869383576426983,2,2,0.4965999999999997,4,6,ok,False,8.53971821643715,0.780853955482372,0.780853955482372,7.009272586506058,10.070163846368242,18.18,0.5,1.0,7.33154958643545e-39,4.357647910992681e-40,9.320572171919522,4.41682365903611,2.714196543365607,1.6273042826733701,False,0.07078421689066475,3.084526948648581e-41
102653-80-5,O=C(O)C=1C=C(C=C(C1C(=O)O)C)C,175.51778867190487,184.772636,0.53361,-0.66406,171.85600000000005,2.7306638698309245,-8.4314476577425,-0.5444998148505,7.886947842892001,2.553828002785612,1,1,1.69984,2,2,ok,False,8.396216303871613,0.780853955482372,0.780853955482372,6.8657706739405215,9.926661933802706,18.18,0.5,1.0,6.536853912256906e-40,3.8322927716223307e-41,9.177070259353986,1.3990270196469388,2.714196543365607,0.5154479409630901,True,0.7666793826210551,2.9381398561705407e-41
2501659-57-8,O=C(O)C=1C=CC=C(C#CCCCl)C1C(=O)O,164.54117417566167,232.79025566666667,0.53608,-0.65187,209.8880000000001,5.2879595478785575,-8.219743082053501,-0.7115777190575,7.508165362996001,2.6560580180311795,1,0,2.0634,2,2,ok,False,8.45981286161895,0.780853955482372,0.780853955482372,6.929367231687858,9.990258491550042,18.18,0.5,1.0,1.9161350902672656e-39,1.1301870520714361e-40,9.240666817101323,3.1899700423127806,2.714196543365607,1.1752907320253285,False,0.2512496268498621,2.83959075103494e-41
61415-82-5,O=C(O)C=1C=C2C=C3C=CC=C(N)C3=CC2=CC1C(=O)O,185.60289934581857,355.37842300000005,0.53117,-0.67314,238.24000000000007,4.332521996481956,-6.64502022921,-1.1798856557680002,5.465134573442,2.8008986460419663,0,2,2.9716000000000005,3,3,ok,False,8.37414281074931,0.780853955482372,0.780853955482372,6.843697180818219,9.904588440680403,18.18,0.5,1.0,4.4935531124960924e-40,2.6288698893130814e-41,9.154996766231683,1.3422057303400643,2.714196543365607,0.4945130939838747,True,0.7830621592542338,2.05856853192394e-41
1344539-61-2,O=C(O)C1=CC=C(C=C1C(=O)O)CC(N)C(=O)O,187.5322322303965,218.352311,0.53154,-0.66702,213.05600000000004,5.502052029016083,-8.6616559752655,-0.6604203151635,8.001235660102001,2.715240184647638,0,1,0.0373999999999999,4,4,ok,False,8.336694038569778,0.780853955482372,0.780853955482372,6.8062484086386865,9.86713966850087,18.18,0.5,1.0,2.3748599013427775e-40,1.3844473423445803e-41,9.11754799405215,1.2213880556460492,2.714196543365607,0.44999985672796067,True,0.8166865879056049,1.1306595761543781e-41
2639440-92-7,O=C(O)C1=CC=C(C=C1C(=O)O)CC(NC(=O)OCC=2C=CC=CC2)C,162.88121978853678,347.05054766666666,0.53207,-0.66358,318.0800000000001,1.975373172339849,-8.417025623666,-0.640011776376,7.777013847289999,2.63693520663924,0,1,2.940400000000001,3,4,ok,False,8.415326744255895,0.780853955482372,0.780853955482372,6.884881114324803,9.945772374186987,18.18,0.5,1.0,9.036873317746825e-40,5.307598317684246e-41,9.196180699738267,3.4317965731606925,2.714196543365607,1.2643876441258968,False,0.20216398285079945,1.0730052152752498e-41
61837-54-5,O=C(O)C=1C=C(C(=O)O)C(=CC1N)C(=O)O,186.17858579653569,201.493426,0.53253,-0.65822,177.56800000000004,7.985781109572188,-7.665719282435501,-0.7175642237685,6.948155058667001,2.5287087634049987,0,2,0.3633999999999999,4,4,ok,False,8.344527569960611,0.780853955482372,0.780853955482372,6.81408194002952,9.874973199891704,18.18,0.5,1.0,2.714269290200291e-40,1.5834823807859044e-41,9.125381525442984,1.8148578544975789,2.714196543365607,0.6686538080426383,True,0.6394812903923422,1.0126073561785084e-41
108604-58-6,O=C(O)C=1C=2OC(=CC2C=C(C1C(=O)O)CC)C,167.95111863079606,243.46379466666667,0.53424,-0.66162,214.87200000000004,3.5838274358568105,-7.8061300292935005,-0.708584466702,7.097545562591501,2.5537124879633786,2,1,2.700020000000001,2,3,ok,False,8.37138557564734,0.780853955482372,0.780853955482372,6.840939945716248,9.901831205578432,18.18,0.5,1.0,4.2877816494031494e-40,2.50783090334266e-41,9.152239531129712,2.603349309960663,2.714196543365607,0.9591602039005277,True,0.39852370508116775,9.994300633171686e-42
1344889-47-9,O=C(O)C1=CC=C2OCC(=O)C2=C1C(=O)O,176.45613562050832,193.102466,0.53695,-0.64662,173.70400000000004,3.7842745500293713,-8.524782708464,-1.163558824738,7.361223883726001,3.1877838232674485,1,1,0.6580999999999999,2,4,ok,False,8.331378732913397,0.780853955482372,0.780853955482372,6.800933102982305,9.861824362844489,18.18,0.5,1.0,2.1689434065720196e-40,1.2637710756498285e-41,9.11223268839577,1.4043798886014662,2.714196543365607,0.5174201153686657,True,0.7651192493595402,9.669355767634955e-42
19617-71-1,O=C(O)C1=CC=CC(C=2C=CC=CC2OC)=C1C(=O)O,167.4517111991227,272.967023,0.5346,-0.65664,235.75200000000007,3.674912890124064,-7.746537096033999,-0.6201474652895,7.1263896307445,2.4557108920445,1,0,2.7586000000000004,2,3,ok,False,8.373296036566435,0.780853955482372,0.780853955482372,6.8428504066353435,9.903741666497528,18.18,0.5,1.0,4.42933521412834e-40,2.591092180545793e-41,9.154149992048808,2.7180814653052243,2.714196543365607,1.0014313340532075,False,0.3668270788270162,9.504827755611368e-42
2547742-09-4,O=C(O)C=1C=CC=C(C#CCC(N)C)C1C(=O)O,160.26953708633434,249.29522800000004,0.53641,-0.65251,223.27200000000005,5.250409611639839,-8.088312092262,-0.718924793021,7.369387299241,2.6314067372153978,1,0,1.1718,3,3,ok,False,8.428110287841076,0.780853955482372,0.780853955482372,6.897664657909984,9.958555917772168,18.18,0.5,1.0,1.1219109645312878e-39,6.597318555807383e-41,9.208964243323448,3.9303310876659254,2.714196543365607,1.4480642889598223,False,0.12283783784447926,8.104003469666414e-42
60949-00-0,O=C(O)C1=CC=2C=CC=C(O)C2C=C1C(=O)O,185.8498721719923,240.70716366666664,0.5317,-0.66935,191.24000000000004,4.4978480076587735,-7.4654434884675,-0.6838221063065,6.781621382161,2.4481803831182467,0,2,1.9418,3,3,ok,False,8.31512870463614,0.780853955482372,0.780853955482372,6.784683074705048,9.845574334567232,18.18,0.5,1.0,1.6432404768924186e-40,9.559930255333182e-42,9.095982660118512,1.2669932582536396,2.714196543365607,0.4668023254802935,True,0.8042023108279125,7.688118002692621e-42
2559074-07-4,O=C(O)C=1C=CC=C(C#CCCCCC)C1C(=O)O,170.20890617046638,269.4273093333333,0.53594,-0.65342,244.78400000000005,3.165425780207143,-8.1315781944915,-0.6914412941204999,7.440136900371,2.615733888328903,1,0,3.014800000000001,2,2,ok,False,8.327495206838453,0.780853955482372,0.780853955482372,6.797049576907361,9.857940836769545,18.18,0.5,1.0,2.0298137265620366e-40,1.1822708429433895e-41,9.108349162320826,2.2190922401660687,2.714196543365607,0.8175871587451038,True,0.5125029754937872,6.05917324848035e-42
2630457-40-6,O=C(O)C=1C=CC=C(C#CCCBr)C1C(=O)O,175.5009418555019,242.64863,0.53587,-0.65249,214.64000000000004,2.836855206033611,-8.228178611419,-0.7061354420475,7.522043169371501,2.652935040674544,1,0,2.2195,2,2,ok,False,8.287853283980505,0.780853955482372,0.780853955482372,6.7574076540494135,9.818298913911597,18.18,0.5,1.0,1.0302537796721598e-40,5.978348104727218e-42,9.068707239462878,1.3668958319373672,2.714196543365607,0.5036097460511886,True,0.7759844665608633,4.6391052649618984e-42
60803-96-5,O=C(O)C1=CC=C2C(=C1C(=O)O)C3C=CC4C=CC2C43,172.57739491647646,270.6036153333333,0.5329,-0.6611,230.13600000000005,2.8758115950110503,-8.317159840532499,-0.6076302281665,7.709529612365999,2.582903295506757,1,1,2.6358000000000006,2,2,ok,False,8.29257855005709,0.780853955482372,0.780853955482372,6.762132920125999,9.823024179988183,18.18,0.5,1.0,1.1171412809661455e-40,6.485423303075058e-42,9.073432505539463,1.833602247412485,2.714196543365607,0.6755598638921027,True,0.6335723178477489,4.108984674353068e-42
744958-76-7,O=C(O)C=1C=CC=C(NC=2C=CC=CC2)C1C(=O)O,161.87212181579343,269.61457966666666,0.53286,-0.6555,222.46400000000008,2.7395262619657434,-7.144077031027,-0.568173719844,6.575903311183,2.261241111284303,1,0,2.826600000000001,3,3,ok,False,8.37253342714379,0.780853955482372,0.780853955482372,6.842087797212698,9.902979057074882,18.18,0.5,1.0,4.3722816743133164e-40,2.557531668096771e-41,9.153387382626162,3.7253882081067244,2.714196543365607,1.3725565369290607,False,0.15199442338481373,3.887305511807695e-42
169739-72-4,O=C(O)C1=CC=C(C=C1C(=O)O)NN,187.0265878025659,187.216898,0.5312,-0.66509,162.96000000000004,7.207310746041134,-7.3827208779155,-0.3485778424905,7.034143035425,2.124387420156434,0,1,0.3686000000000001,4,4,ok,False,8.273663810806466,0.780853955482372,0.780853955482372,6.743218180875375,9.804109440737559,18.18,0.5,1.0,8.077105199020664e-41,4.6807229334662626e-42,9.05451776628884,1.8613280279187083,2.714196543365607,0.6857749607221367,True,0.6248227329513193,2.924622095476306e-42
1807075-41-7,O=C(O)C1=CC=CC(=C1C(=O)O)CC(=O)C,164.56085176573083,199.804649,0.53382,-0.6564,191.91200000000003,5.798154848742831,-8.7187998838705,-0.6293993362065,8.089400547663999,2.700720162864347,1,0,1.2145,2,3,ok,False,8.317894261644156,0.780853955482372,0.780853955482372,6.7874486317130645,9.848339891575248,18.18,0.5,1.0,1.722780631345266e-40,1.0025290255581242e-41,9.098748217126529,3.22281628478773,2.714196543365607,1.1873923768215526,False,0.24416753839818187,2.4478504434325513e-42
2474465-95-5,O=C(O)C=1C=CC=C(C#CCC(C)C)C1C(=O)O,178.39603963450142,254.6466253333333,0.536,-0.65319,227.6080000000001,3.2302256360817894,-8.138925268454999,-0.709128694403,7.429796574051999,2.6342598397331045,1,0,2.4806,2,2,ok,False,8.242911762990929,0.780853955482372,0.780853955482372,6.712466133059837,9.773357392922021,18.18,0.5,1.0,4.761168228952744e-41,2.75116587367608e-42,9.023765718473301,1.050873879701595,2.714196543365607,0.387176780646294,True,0.8607890077428377,2.3681733425375902e-42
1807075-29-1,O=C(O)C1=CC=CC(C(=O)CCCl)=C1C(=O)O,172.50230250690487,216.989333,0.53587,-0.66005,206.8400000000001,3.778298147314476,-9.0886026067,-1.0081818161025,8.0804207905975,3.1540763260488864,1,0,1.8946,2,3,ok,False,8.258543283658366,0.780853955482372,0.780853955482372,6.728097653727274,9.788988913589458,18.18,0.5,1.0,6.229819341042098e-41,3.60508617139264e-42,9.039397239140738,1.8334433706610116,2.714196543365607,0.6755013284290531,True,0.6336224258911256,2.2842634454643548e-42
916425-33-7,O=C(O)C=1C=CC2=CC=C(N=C2C1C(=O)O)C=CC3=CC=C(O)C(O)=C3,178.73054672772955,422.154385,0.53669,-0.66027,293.6000000000001,10.070631422607024,-7.100538814947,-1.2694111125824998,5.8311277023645,3.0035383104773894,1,1,3.212800000000001,4,5,ok,False,8.276929521136577,0.780853955482372,0.780853955482372,6.746483891205485,9.807375151067669,18.18,0.5,1.0,8.542649751892524e-41,4.952028860908198e-42,9.05778347661895,2.8049224852773484,2.714196543365607,1.0334264451605413,False,0.34370545716385564,1.7020393435270595e-42
637341-52-7,O=C(O)C1=CC=2C=CC=CC2C(Cl)=C1C(=O)O,176.88474551167195,246.15778433333327,0.53703,-0.64994,197.33600000000004,3.242178691867553,-7.897288169210999,-1.0326720626475,6.864616106563499,2.904175139026642,1,2,2.8896000000000006,2,2,ok,False,8.216260355003147,0.780853955482372,0.780853955482372,6.685814725072055,9.74670598493424,18.18,0.5,1.0,3.00772266333597e-41,1.7336329712206644e-42,8.99711431048552,1.1762745187163566,2.714196543365607,0.43337853391330855,True,0.8287663960073351,1.4367767495580382e-42
3005636-86-9,O=C(O)C1=CC=C(C(=C1C(=O)O)CCCC)CCCC,168.7172058585601,285.96132900000003,0.53315,-0.66152,272.1840000000001,3.4559490577842724,-8.363691308968,-0.4808251738335,7.882866135134501,2.480870234047578,1,1,3.768200000000003,2,2,ok,False,8.241688657593992,0.780853955482372,0.780853955482372,6.7112430276629,9.772134287525084,18.18,0.5,1.0,4.661976292407585e-41,2.693540495899465e-42,9.022542613076364,2.498906092574685,2.714196543365607,0.9206798596375922,True,0.428419936686028,1.1539664487145013e-42
2385088-93-5,O=C(O)C1=CC=C(C(Br)=C1C(=O)O)C,174.94821461173603,192.910029,0.53696,-0.64968,174.87200000000004,2.962226696254019,-8.5827429586205,-0.729809347041,7.8529336115795,2.760867299253729,1,1,2.1539200000000003,2,2,ok,False,8.205247833266398,0.780853955482372,0.780853955482372,6.6748022033353065,9.73569346319749,18.18,0.5,1.0,2.486945666221673e-41,1.4319853459394471e-42,8.98610178874877,1.4350253338870949,2.714196543365607,0.528710913509477,True,0.7561350886583361,1.082774366509362e-42
100047-07-2,O=C(O)C=1C=C2SC=CC2=C(C=3C=CC(OC)=CC3)C1C(=O)O,166.1048647761014,341.5523313333333,0.53434,-0.65612,270.68800000000005,4.395103403789267,-7.5492545544215,-0.7796061816825,6.769648372739001,2.561799274566597,1,2,3.9733000000000023,2,4,ok,False,8.251332043257982,0.780853955482372,0.780853955482372,6.72088641332689,9.781777673189074,18.18,0.5,1.0,5.503405925910711e-41,3.182568715353977e-42,9.032185998740355,2.9138166188362353,2.714196543365607,1.0735466545186514,False,0.31584540195525695,1.0051996951512026e-42
4371-39-5,O=C(O)C=1C=CC=CC1C=2C=CC=C(C(=O)O)C2C(=O)O,160.58904870927984,275.2905973333333,0.53513,-0.65282,237.72000000000008,5.099527635967865,-8.595532309594,-0.6985162542335,7.897016055360501,2.734556258377798,1,0,2.4482,3,3,ok,False,8.292254817902824,0.780853955482372,0.780853955482372,6.761809187971733,9.822700447833917,18.18,0.5,1.0,1.1109627467224167e-40,6.44935794914602e-42,9.073108773385197,3.835609385570401,2.714196543365607,1.4131656732619078,False,0.13573684647347184,8.754155097956985e-43
62268-17-1,O=C(O)C1=CC(Cl)=C(SC)C(Cl)=C1C(=O)O,178.7934184851617,225.89385666666664,0.5403,-0.64374,204.42400000000004,4.297094839539849,-8.1713068166645,-1.184239477376,6.987067339288501,3.131723304274316,1,2,3.1117000000000017,2,3,ok,False,8.180670204271413,0.780853955482372,0.780853955482372,6.650224574340322,9.711115834202506,18.18,0.5,1.0,1.625826792208281e-41,9.340074861705247e-43,8.961524159753786,1.3309373677050906,2.714196543365607,0.4903614555689938,True,0.7862705322903116,7.343825633144344e-43
2578667-52-2,O=C(O)C=1C=CC=C(C#CC(C)CCC)C1C(=O)O,170.27992423697944,270.78865,0.53622,-0.65307,244.90400000000005,3.24908467110354,-8.126952259032999,-0.702597961991,7.424354297041999,2.6251763448521723,1,0,2.870700000000001,2,2,ok,False,8.204046466054185,0.780853955482372,0.780853955482372,6.673600836123094,9.734492095985278,18.18,0.5,1.0,2.435865427373248e-41,1.4024158822147624e-42,8.984900421536558,2.205203975715976,2.714196543365607,0.8124702616345979,True,0.5167955557836346,7.247622952889744e-43
134331-63-8,O=C(O)C=1C=CC2=CC(=CN=C2C1C(=O)O)C,180.86666832924936,239.9150473333333,0.53651,-0.67014,194.70400000000004,6.014991517866006,-8.2175661712495,-1.154851181522,7.0627149897275,3.1093640038673547,1,1,1.93962,2,3,ok,False,8.167084931187755,0.780853955482372,0.780853955482372,6.636639301256664,9.697530561118848,18.18,0.5,1.0,1.28486491936324e-41,7.371975190132406e-43,8.947938886670128,1.6083967919494868,2.714196543365607,0.5925867070610417,True,0.7038718255463272,5.188925634960729e-43
2504942-49-6,O=C(O)C=1C=CC=C(C#CCCCCCC)C1C(=O)O,177.96480466401192,286.0519073333333,0.53597,-0.65355,261.4800000000001,3.200888596936794,-8.135932016099499,-0.697155684981,7.438776331118499,2.622186595683269,1,0,3.4049000000000014,2,2,ok,False,8.155445248476143,0.780853955482372,0.780853955482372,6.6249996185450515,9.685890878407236,18.18,0.5,1.0,1.0499665327100922e-41,6.017712366263611e-43,8.936299203958516,1.0941830891085509,2.714196543365607,0.4031333293762737,True,0.8500020810097567,5.1150680342422165e-43
2625515-58-2,O=C(O)C=1C=CC=C(C#CC2=CC=CC(=C2)C)C1C(=O)O,171.0703730876742,324.6144356666667,0.53629,-0.65276,248.76000000000005,3.1316078346434124,-7.62463009101,-0.8057291113305001,6.8189009796795,2.6056602263429416,1,0,2.791220000000001,2,2,ok,False,8.176619140977643,0.780853955482372,0.780853955482372,6.646173511046551,9.707064770908735,18.18,0.5,1.0,1.515679570164187e-41,8.704012224350939e-43,8.957473096460015,2.0731024779928515,2.714196543365607,0.7637996898419899,True,0.5580035435333947,4.8568696641458085e-43
1780738-75-1,O=C(O)C1=CC=2OC(=O)NC2C=C1C(=O)O,185.8900323871794,184.77033000000003,0.53318,-0.6622,169.02400000000003,5.791797091577018,-8.2839619507715,-0.6625972259675,7.621364724804001,2.6255442428308418,0,2,0.5175000000000001,3,4,ok,False,8.150512989675109,0.780853955482372,0.780853955482372,6.620067359744017,9.680958619606201,18.18,0.5,1.0,9.638105493774044e-42,5.521390394305423e-43,8.931366945157482,1.2676723587872982,2.714196543365607,0.4670525286335318,True,0.8040144281508148,4.439277540474877e-43
2567615-05-6,O=C(O)C=1C=CC=C(C#CCCC#CCCCC)C1C(=O)O,177.5684133725387,313.9581953333333,0.53618,-0.65282,283.66400000000004,3.1375767480652965,-8.18518462304,-0.7083123528515001,7.476872270188499,2.6446315251215737,1,0,3.408300000000001,2,2,ok,False,8.147227010998646,0.780853955482372,0.780853955482372,6.616781381067555,9.677672640929739,18.18,0.5,1.0,9.103522322347796e-42,5.2135505234205e-43,8.92808096648102,1.1171065309501695,2.714196543365607,0.411579085413231,True,0.8441734098782058,4.401140722928188e-43
2604870-42-8,O=C(O)C=1C=CC=C(C#CC(C)CC)C1C(=O)O,169.77090692038436,254.18725200000003,0.53622,-0.65377,227.57600000000005,3.3753190234405994,-8.140013723857,-0.7115777190575,7.428436004799501,2.6368495004081263,1,0,2.4806,2,2,ok,False,8.173395428592642,0.780853955482372,0.780853955482372,6.64294979866155,9.703841058523734,18.18,0.5,1.0,1.433357350525807e-41,8.228792705711622e-43,8.954249384075014,2.2893860828804073,2.714196543365607,0.8434857411031722,True,0.49092289732435984,4.039702756569508e-43
1804039-27-7,O=C(O)C1=CC=CC(=C1C(=O)O)CC(=O)CCl,164.62286853423018,213.08461133333333,0.53371,-0.6559,207.5600000000001,6.804796068950193,-8.791726395804499,-0.6533453550505001,8.138381040753998,2.740390869267229,1,0,1.4334,2,3,ok,False,8.216988261543198,0.780853955482372,0.780853955482372,6.686542631612107,9.74743389147429,18.18,0.5,1.0,3.0457382550121516e-41,1.755664452126955e-42,8.997842217025571,3.34787109857407,2.714196543365607,1.233466716608041,False,0.21839713769709043,3.834320911010574e-43
691376-11-1,O=C(O)C1=CC(=C2C=CC=CC2=C1C(=O)O)C,178.4866035704159,249.456161,0.53554,-0.65836,198.73600000000005,3.4644439799194333,-7.707352701562,-0.9826031141555,6.7247495874065,2.807365950865317,1,2,2.54462,2,2,ok,False,8.136771792758319,0.780853955482372,0.780853955482372,6.606326162827227,9.667217422689411,18.18,0.5,1.0,7.591145922591159e-42,4.3431982368975144e-43,8.917625748240692,1.044803383957631,2.714196543365607,0.38494020873745327,True,0.8622767843690611,3.745039009589364e-43
52319-98-9,O=C(O)C=1C=C(C=C(C1C(=O)O)C)C(C)(C)C,175.5046289772492,236.75513966666668,0.53347,-0.66296,221.38400000000004,2.9058276497411195,-8.4537609934835,-0.5417786763455,7.911982317138,2.5568729399264605,1,1,2.6889200000000013,2,2,ok,False,8.139095427840214,0.780853955482372,0.780853955482372,6.6086497979091225,9.669541057771307,18.18,0.5,1.0,7.904051279382567e-42,4.523199814786944e-43,8.919949383322587,1.4150134112173003,2.714196543365607,0.5213378576713836,True,0.7620118579202895,3.4467318946105085e-43
3096-67-1,O=C(O)C1=CC=C(C=C1C(=O)O)NO,187.7381974756645,176.41915866666668,0.53239,-0.66269,160.17600000000004,4.183223453271412,-7.804769460041,-0.5118461527905,7.292923307250501,2.3710003635589074,0,1,0.8840999999999999,4,4,ok,False,8.130247527110246,0.780853955482372,0.780853955482372,6.599801897179154,9.660693157041338,18.18,0.5,1.0,6.776908042656625e-42,3.874992701273008e-43,8.911101482592619,1.2714348129122808,2.714196543365607,0.4684387414832163,True,0.8029724660140015,3.1115124451274443e-43
1073323-68-8,O=C(O)C=1C(F)=CC=C(C1C(=O)O)C,169.95284110750944,163.38810366666667,0.53403,-0.65041,160.79200000000003,3.391717886263537,-8.572674746152,-0.6468146226385,7.9258601235135,2.68106498527132,2,0,1.53052,2,2,ok,False,8.156852351171002,0.780853955482372,0.780853955482372,6.626406721239911,9.687297981102095,18.18,0.5,1.0,1.0759207809746877e-41,6.167272063557981e-43,8.937706306653375,2.2535798566329985,2.714196543365607,0.8302935401422908,True,0.5018834473696604,3.095251764125079e-43
99059-17-3,O=C(O)C1=CC=CC(=C1C(=O)O)CC,172.25294483447115,182.755439,0.53472,-0.66133,171.80000000000004,3.041161401504366,-8.607505319016,-0.5929360802395001,8.014569238776499,2.640445151174988,1,0,1.6454,2,2,ok,False,8.136475252086257,0.780853955482372,0.780853955482372,6.606029622155165,9.66692088201735,18.18,0.5,1.0,7.552110132731716e-42,4.320745329733632e-43,8.91732920756863,1.8690860427537122,2.714196543365607,0.6886332706164466,True,0.6223729415727056,2.6891149806528508e-43
671215-10-4,O=C(O)C=1C(F)=C2C(F)=CC(=C(F)C2=C(F)C1C(=O)O)S(=O)(=O)S,178.06420675812862,293.39629933333333,0.53825,-0.63411,255.5360000000001,6.571038801437714,-8.264097639685001,-1.660982943452,6.603114696233002,3.72957419011517,2,2,2.4111,3,4,ok,False,8.14517379569767,0.780853955482372,0.780853955482372,6.614728165766578,9.675619425628762,18.18,0.5,1.0,8.784572397238432e-42,5.0299293318634325e-43,8.926027751180042,2.2244023479020454,2.714196543365607,0.8195435784999504,True,0.510864098062824,2.5696103114421553e-43
2441273-86-3,O=C(O)C=1C=CC=C(C#CCCCC=C)C1C(=O)O,172.48167659415225,271.42114066666664,0.53589,-0.65293,238.8640000000001,3.0171409562696936,-8.1364762438005,-0.6993325957850001,7.4371436480155,2.6243784423381946,1,0,2.790800000000001,2,2,ok,False,8.1252694651345,0.780853955482372,0.780853955482372,6.594823835203408,9.655715095065592,18.18,0.5,1.0,6.214605378509242e-42,3.551830843595683e-43,8.906123420616872,1.8358105182407496,2.714196543365607,0.6763734640839024,True,0.6328758137355065,2.2478678353914882e-43
855764-12-4,O=C(O)C1=CC=C2N=CC=CC2=C1C(=O)O,177.9797954064036,219.2359603333333,0.5361,-0.65254,178.39200000000005,4.3392694615568645,-8.3601538289115,-1.1997499668545,7.160403862057,3.190873110823621,1,1,1.6312,2,3,ok,False,8.109008564316131,0.780853955482372,0.780853955482372,6.578562934385039,9.639454194247223,18.18,0.5,1.0,4.6817846465369904e-42,2.6717485982601947e-43,8.889862519798504,1.4062186630415332,2.714196543365607,0.5180975808398239,True,0.7645826854067972,2.042772717989626e-43
27229-61-4,O=C(O)C1=CC=CC(=C1C(=O)O)N(C)C,168.80721181544186,199.708726,0.53336,-0.65736,183.50400000000005,3.508918930382974,-7.4170072230785,-0.4938866386575,6.923120584421,2.259900030936925,1,0,1.1489999999999998,2,3,ok,False,8.141815853309351,0.780853955482372,0.780853955482372,6.61137022337826,9.672261483240444,18.18,0.5,1.0,8.286724264370548e-42,4.743388012526004e-43,8.922669808791724,2.58189781552894,2.714196543365607,0.9512567620940905,True,0.4045866188121503,1.919111317701982e-43
2733442-76-5,O=C(O)C1=CC=C(SC2=CC=C(N)C=C2)C=C1C(=O)O,185.83267654192585,304.92236933333334,0.53253,-0.66267,240.84800000000007,5.583859699168667,-7.332924043274,-0.6925297495225,6.6403942937515,2.424852566394984,0,1,2.8164000000000007,3,4,ok,False,8.090895186565042,0.780853955482372,0.780853955482372,6.560449556633951,9.621340816496135,18.18,0.5,1.0,3.413312664193091e-42,1.9446087501119746e-43,8.871749142047415,1.2431519508218358,2.714196543365607,0.4580183973266453,True,0.8107619031175896,1.5766146910599016e-43
351892-64-3,O=C(O)C1=CC=C(OCOC2=CC=C(C(=O)O)C(=C2)C(=O)O)C=C1C(=O)O,187.25043926261293,331.534419,0.53286,-0.66077,300.12000000000006,6.286397612305477,-8.3356635823665,-0.5812351846680001,7.7544283976985,2.563408917578635,0,1,1.8947,4,6,ok,False,8.069326218132442,0.780853955482372,0.780853955482372,6.5388805882013505,9.599771848063535,18.18,0.5,1.0,2.3412960817739128e-42,1.3312118690895626e-43,8.850180173614815,1.4189691444017094,2.714196543365607,0.5227952809350298,True,0.7608531528533417,1.0128567477125835e-43
94617-43-3,O=C(O)C1=CC=CC(=C1C(=O)O)S(=O)(=O)N,161.45698664886476,192.235111,0.53695,-0.65502,184.14400000000003,5.165218111561215,-9.3462944231235,-0.8416481395965,8.504646283526998,3.051102015327933,1,0,-0.2695999999999997,3,4,ok,False,8.156330817835169,0.780853955482372,0.780853955482372,6.625885187904077,9.686776447766261,18.18,0.5,1.0,1.066227416495749e-41,6.111412358014968e-43,8.937184773317542,3.6440179225794522,2.714196543365607,1.3425770257819523,False,0.16488400205589954,1.0076741278033897e-43
2621055-66-9,O=C(O)C=1C=CC=C(C#CC)C1C(=O)O,176.39409595203878,202.8130626666667,0.53578,-0.65328,177.79200000000003,3.045379260453449,-8.163415515,-0.6979720265325,7.465443488467501,2.6295888945690358,1,0,1.4544,2,2,ok,False,8.05550107079036,0.780853955482372,0.780853955482372,6.525055440859268,9.585946700721452,18.18,0.5,1.0,1.8379889589231115e-42,1.043710325255593e-43,8.836355026272733,1.2639165171271494,2.714196543365607,0.4656687520351387,True,0.8050528217609256,8.402419424480287e-44
1399179-78-2,O=C(O)C1=CC(=C2C=CC=CC2=C1C(=O)O)CC,178.04968859406503,265.74482133333333,0.53523,-0.65898,214.98400000000004,3.42489798242225,-7.708985384665,-0.9755281540425,6.733457230622499,2.8002247887234777,1,2,2.7986000000000004,2,2,ok,False,8.050486264106066,0.780853955482372,0.780853955482372,6.520040634174975,9.580931894037159,18.18,0.5,1.0,1.683377606247082e-42,9.554719279087258e-44,8.831340219588439,1.078429395481382,2.714196543365607,0.39732914630571603,True,0.8539604049427912,8.159351944684049e-44
89939-50-4,O=C(O)C1=CC(N)=CC(=C1C(=O)O)N(=O)=O,173.05331023844084,194.3977173333333,0.537,-0.65512,174.27200000000005,7.183190825809934,-7.799871410732,-1.809557105825,5.990314304907,3.853767586918482,1,1,0.5734,3,5,ok,False,8.09267130308738,0.780853955482372,0.780853955482372,6.562225673156289,9.623116933018473,18.18,0.5,1.0,3.5208136154758086e-42,2.0061829239926836e-43,8.873525258569753,2.713081782707041,2.714196543365607,0.999589285211754,True,0.3681816902643493,7.386398199351009e-44
4424-29-7,O=C(O)C=1C=C(C=C(C1C(=O)O)C(C)C)C,170.72872966158153,218.596901,0.53415,-0.66451,205.00800000000004,3.2446555656956875,-8.4276380638355,-0.5265403007175,7.901097763118001,2.536904129907537,1,1,2.514820000000001,2,2,ok,False,8.035650387520848,0.780853955482372,0.780853955482372,6.505204757589756,9.56609601745194,18.18,0.5,1.0,1.2977173579541049e-42,7.355687857672184e-44,8.81650434300322,2.148315020009383,2.714196543365607,0.7915104841101409,True,0.5344650993909615,3.931358441939653e-44
2749794-60-1,O=C(O)C=1C=CC=C(OCC(F)(F)F)C1C(=O)O,181.40984169228804,185.5206003333333,0.5365,-0.65616,196.16800000000003,5.17853447415386,-8.339201062423001,-0.7211017038249999,7.618099358598001,2.693883419997441,1,0,2.0241,2,3,ok,False,8.0102897928741,0.780853955482372,0.780853955482372,6.479844162943009,9.540735422805193,18.18,0.5,1.0,8.310998245735078e-43,4.699851832404602e-44,8.791143748356474,1.2232318203025867,2.714196543365607,0.45067916076032494,True,0.8161870633870454,3.8359582654445364e-44
1061605-90-0,O=C(O)C=1C=CC=C(OCC=2C=C(Cl)C=C(Cl)C2)C1C(=O)O,178.17255184997498,297.58274566666665,0.53631,-0.65853,266.1600000000001,3.379575658274275,-8.192803810854,-0.7045027589445,7.488301051909501,2.6428579609787923,1,0,3.9688000000000017,2,3,ok,False,8.002797693822805,0.780853955482372,0.780853955482372,6.472352063891713,9.533243323753897,18.18,0.5,1.0,7.284398801302339e-43,4.1164808973637315e-44,8.783651649305178,1.0977185217964265,2.714196543365607,0.40443590000127777,True,0.8491084203685905,3.495338592237996e-44
1344582-02-0,O=C(O)C1=CC=C(C=C1C(=O)O)C(N)(C)CO,187.02043457154048,219.781102,0.53159,-0.66721,209.84800000000004,3.222277346846482,-8.426821722284,-0.6797403985489999,7.747081323735,2.6761521596048228,0,1,0.2492000000000002,4,4,ok,False,7.999228587842223,0.780853955482372,0.780853955482372,6.468782957911132,9.529674217773316,18.18,0.5,1.0,6.8407277486564406e-43,3.8644930113979863e-44,8.780082543324596,1.2127444697122782,2.714196543365607,0.44681527307837243,True,0.8190223646343128,3.165106204307955e-44
29016-73-7,O=C(O)C1=CC=C(Br)C(C(=O)O)=C1C(=O)O,162.74323767922365,199.7937796666667,0.53646,-0.63396,186.48800000000008,3.0820119159406247,-8.8630202246355,-0.9733512432385,7.889668981397,3.065851174559473,2,0,1.5437000000000003,3,3,ok,False,8.070848201779418,0.780853955482372,0.780853955482372,6.540402571848326,9.60129383171051,18.18,0.5,1.0,2.4044724091233842e-42,1.367324657187676e-43,8.85170215726179,3.338662770951012,2.714196543365607,1.2300740633952272,False,0.22023013714908832,3.011260967797721e-44
75091-74-6,O=C(O)C=1C(F)=C(F)C(F)=C(Cl)C1C(=O)O,174.79803356679255,158.887355,0.53964,-0.63308,169.40000000000003,3.546312466492484,-9.0344519504505,-0.9020574144075,8.132394536043002,3.0352136114497985,2,2,2.1537,2,2,ok,False,7.999776762997801,0.780853955482372,0.780853955482372,6.469331133066709,9.530222392928893,18.18,0.5,1.0,6.907081033900338e-43,3.9021737564368955e-44,8.780630718480174,1.5142393106195087,2.714196543365607,0.5578959690007748,True,0.7325322496549922,2.8584681203473907e-44
1344447-66-0,O=C(O)C1=CC=CC(=C1C(=O)O)C(N)(C(=O)O)C,159.1058599605497,218.040253,0.5334,-0.66356,210.74400000000009,4.61263270920198,-8.600430358903001,-0.5200095683054999,8.0804207905975,2.573579601281759,1,0,0.3414999999999999,4,4,ok,False,8.124439296631818,0.780853955482372,0.780853955482372,6.593993666700727,9.65488492656291,18.18,0.5,1.0,6.125456521392721e-42,3.5006100763720156e-43,8.905293252114191,4.411941201024538,2.714196543365607,1.6255054232563886,False,0.07119961406345925,2.492420864243441e-44
219646-70-5,O=C(O)C1=CC(OCC=C(C)C)=C(C(OC)=C1C(=O)O)C,176.3331011793859,283.9984063333333,0.5353,-0.66113,266.92800000000005,3.0809993654656926,-8.005045254009,-0.6201474652895,7.384897788719499,2.518448852422755,1,2,2.74502,2,4,ok,False,7.976100851436681,0.780853955482372,0.780853955482372,6.445655221505589,9.506546481367772,18.18,0.5,1.0,4.550255347469681e-43,2.565109038108544e-44,8.756954806919053,1.333449137198172,2.714196543365607,0.4912868747318842,True,0.785556580033722,2.015038283390138e-44
76284-57-6,O=C(O)C1=CC=C(F)C(=C1C(=O)O)C(F)(F)F,172.40465155252005,160.699108,0.53841,-0.64261,174.91200000000003,3.596901052294878,-9.2390815660265,-0.8046406559285,8.434440910098001,2.990013124373782,1,1,2.2409000000000003,2,2,ok,False,7.988169048256011,0.780853955482372,0.780853955482372,6.457723418324919,9.518614678187102,18.18,0.5,1.0,5.629599214617541e-43,3.17707483944424e-44,8.769023003738383,1.8485922788817581,2.714196543365607,0.6810826885032805,True,0.6288430172318451,1.9978813280074958e-44
1344576-54-0,O=C(O)C1=CC=C(C=C1C(=O)O)C(N)C(O)C,186.7933098826029,218.6332643333333,0.53208,-0.666,209.64800000000005,3.0041856300834677,-8.6186619868865,-0.6802846262500001,7.938377360636501,2.7231764183552736,0,1,0.4636000000000001,4,4,ok,False,7.968116374041239,0.780853955482372,0.780853955482372,6.4376707441101475,9.498562003972332,18.18,0.5,1.0,3.952013272650098e-43,2.2262361480119546e-44,8.748970329523612,1.234459893850397,2.714196543365607,0.4548159553396473,True,0.8131354702583414,1.8102315771198193e-44
35301-69-0,O=C(O)C=1C=C(C=C(C1C(=O)O)CC)CC,172.08654766223395,218.42746466666668,0.53393,-0.66389,205.57600000000005,3.1124827469401333,-8.44097164251,-0.53334314698,7.90762849553,2.546222485868721,1,1,2.2078,2,2,ok,False,7.982938769497618,0.780853955482372,0.780853955482372,6.452493139566527,9.51338439942871,18.18,0.5,1.0,5.133652970600601e-43,2.895799064497184e-44,8.763792724979991,1.9205836029023537,2.714196543365607,0.7076066792572169,True,0.6061018652728757,1.7551492144471916e-44
3016-76-0,O=C(O)C1=CC=C(C=C1C(=O)O)C(C2=CC=C(C(=O)O)C(=C2)C(=O)O)(C(F)(F)F)C(F)(F)F,185.5253070014132,342.0830946666667,0.53374,-0.65799,345.3520000000001,5.21972360666731,-8.9533620230015,-0.9673647385275,7.985997284473999,3.0810434805763967,0,1,3.890100000000001,4,4,ok,False,7.9650135649364895,0.780853955482372,0.780853955482372,6.434567935005398,9.495459194867582,18.18,0.5,1.0,3.7412507638523275e-43,2.106912208618409e-44,8.745867520418862,1.187927998634357,2.714196543365607,0.43767206230442135,True,0.8256726973902929,1.7396198864545014e-44
81722-04-5,O=C(O)C=1C(OC)=CC=C(C1C(=O)O)C,168.50827188229238,190.1220316666667,0.53153,-0.65809,181.20800000000008,3.687839462341061,-7.8828661351345,-0.487083792395,7.3957823427394995,2.3681085564303315,2,0,1.40002,2,3,ok,False,7.997325254531278,0.780853955482372,0.780853955482372,6.466879624600186,9.52777088446237,18.18,0.5,1.0,6.615225464088038e-43,3.736449117434734e-44,8.77817921001365,2.587097525506815,2.714196543365607,0.9531725076544423,True,0.40311321363735414,1.506212011321571e-44
100578-69-6,O=C(O)C=1C=CC=2C=3C=CC=CC3C=CC2C1C(=O)O,178.50095470668674,312.15262,0.53592,-0.65638,225.59200000000004,3.628482935057019,-7.6080311461295,-0.998113603634,6.6099175424955,2.801310567707897,1,1,3.389400000000002,2,2,ok,False,7.9507542089924,0.780853955482372,0.780853955482372,6.420308579061309,9.481199838923493,18.18,0.5,1.0,2.9076753668701986e-43,1.6353462902517133e-44,8.731608164474773,1.085246061536978,2.714196543365607,0.39984063209780357,True,0.8522524177410173,1.3937278297108261e-44
89939-48-0,O=C(O)C1=CC=C(N)C(=C1C(=O)O)N(=O)=O,171.62004918531045,205.64097833333332,0.5354,-0.65471,172.86400000000003,6.442391562921334,-7.984908829071999,-1.81772052134,6.167188307731999,3.8952735584985207,1,1,0.5734,3,5,ok,False,7.990676487497121,0.780853955482372,0.780853955482372,6.460230857566029,9.521122117428213,18.18,0.5,1.0,5.883982499609973e-43,3.3213995047381017e-44,8.771530442979493,2.6456616454760016,2.714196543365607,0.9747494712359253,True,0.3866882246593236,1.2843460778715332e-44
1574606-20-4,O=C(O)C1=CC(=CC(Cl)=C1C(=O)O)C,178.1762608873201,181.23421666666664,0.53703,-0.65007,170.45600000000005,3.553044490292797,-8.6257369469995,-0.7578370736425,7.867899873357,2.797807001174334,1,1,2.0448200000000005,2,2,ok,False,7.9337646146031515,0.780853955482372,0.780853955482372,6.40331898467206,9.464210244534243,18.18,0.5,1.0,2.152417538150966e-43,1.2086961343814862e-44,8.714618570085523,1.096926787608102,2.714196543365607,0.4041441988751159,True,0.8493087178644445,1.0265561641792504e-44
2582382-14-5,O=C(O)C=1C=CC=C(C#CC(N)C(C)C)C1C(=O)O,164.27269857110167,267.1939806666667,0.53613,-0.65136,239.9120000000001,1.747813522661957,-8.10355046789,-0.7099450359545,7.393605431935501,2.6265163765965505,1,0,1.4178000000000002,3,3,ok,False,7.998316917636349,0.780853955482372,0.780853955482372,6.4678712877052575,9.52876254756744,18.18,0.5,1.0,6.731776861098733e-43,3.8026260929676007e-44,8.779170873118721,3.210991664939608,2.714196543365607,1.1830357948057715,False,0.24670211266275985,9.381158908016433e-45
4841-80-9,O=C(O)C=1C(F)=C(F)C(=C(F)C1C(=O)O)C2=C(F)C(F)=C(C(=O)O)C(C(=O)O)=C2F,180.7367993074124,297.00559733333336,0.5381,-0.63179,296.5680000000001,4.94728016186672,-9.041254796713,-1.4936329253945,7.5476218713184995,3.676120147829541,2,2,2.9810000000000008,4,4,ok,False,7.914742082052344,0.780853955482372,0.780853955482372,6.384296452121252,9.445187711983436,18.18,0.5,1.0,1.536154062538221e-43,8.611381721836016e-45,8.695596037534717,1.7292235818828101,2.714196543365607,0.6371033026733468,True,0.6663763897677776,5.738421462709313e-45
1005516-15-3,O=C(O)C=1C=CC=C(OCCCC=2C=CC=CC2)C1C(=O)O,181.2258705850657,301.388196,0.53618,-0.66046,268.38400000000007,5.205075282836935,-7.984908829071999,-0.6658625921735,7.319046236898499,2.5562021252631864,1,0,3.0946000000000016,2,3,ok,False,7.89381927781527,0.780853955482372,0.780853955482372,6.3633736478841785,9.424264907746362,18.18,0.5,1.0,1.0592853904526278e-43,5.926861834432766e-45,8.674673233297643,1.1992821391156985,2.714196543365607,0.4418553041220026,True,0.8226404016791311,4.8756760001744824e-45
1423616-88-9,O=C(O)C=1C=C(Br)C=C(OC)C1C(=O)O,181.2098047945386,197.45543,0.53789,-0.65447,183.45600000000005,5.272829086932365,-8.2104912111365,-0.8236886254635,7.386802585672999,2.762237259403964,1,1,1.8541,2,3,ok,False,7.893002371128357,0.780853955482372,0.780853955482372,6.362556741197265,9.423448001059448,18.18,0.5,1.0,1.0440088086285528e-43,5.840953582536992e-45,8.673856326610728,1.278929664671168,2.714196543365607,0.47120009337470226,True,0.8008917152578786,4.6779713334597024e-45
2999387-63-0,O=C(O)C1=CC=C(C(=C1C(=O)O)CCCCCC)CC,167.96856354048154,285.9993896666667,0.53389,-0.66267,272.52000000000004,3.988638401760681,-8.3873652139615,-0.5249076176145,7.862457596347,2.5255655134264656,1,1,3.768200000000003,2,2,ok,False,7.8969756107513485,0.780853955482372,0.780853955482372,6.366529980820257,9.42742124068244,18.18,0.5,1.0,1.1204289351050426e-43,6.270767260865689e-45,8.67782956623372,2.637102019801579,2.714196543365607,0.9715958213297146,True,0.389069051814616,2.4397614723351503e-45
1072946-35-0,O=C(O)C1=CC=C(C=C1C(=O)O)B(O)O,186.2041315510129,176.42128433333335,0.53224,-0.66366,172.52000000000004,4.2603364914053445,-8.9500966567955,-0.8337568379320001,8.1163398188635,2.9484900627194097,0,1,-1.2372,4,4,ok,False,7.845186539899924,0.780853955482372,0.780853955482372,6.314740909968832,9.375632169831016,18.18,0.5,1.0,4.4525351420137927e-44,2.4803021560625407e-45,8.626040495382297,1.1387812733318408,2.714196543365607,0.41956477916656343,True,0.8385889643719987,2.0799540163821214e-45
2603990-52-7,O=C(O)C1=CC=C(C#CCNN)C=C1C(=O)O,186.16769814101792,231.35543866666669,0.53311,-0.66159,202.98400000000004,3.128526856205649,-8.164503970401999,-0.969269535481,7.195234434920999,2.8986483766211784,0,1,-0.1022000000000001,4,4,ok,False,7.833683953282795,0.780853955482372,0.780853955482372,6.303238323351703,9.364129583213886,18.18,0.5,1.0,3.625225442179347e-44,2.0173470844552802e-45,8.614537908765167,1.236231869347704,2.714196543365607,0.4554688098654694,True,0.812652380801995,1.6394019110865467e-45
1804038-87-6,O=C(O)C1=CC=CC(C(=O)C(Br)C)=C1C(=O)O,171.19342183444638,229.614483,0.53576,-0.65753,211.51200000000009,5.707451124626473,-9.085337240494,-1.2231517579975,7.862185482496501,3.378988757915876,1,0,2.0491,2,3,ok,False,7.849548015548153,0.780853955482372,0.780853955482372,6.319102385617062,9.379993645479246,18.18,0.5,1.0,4.813184839638165e-44,2.682261656602069e-45,8.630401971030526,2.2070145825875866,2.714196543365607,0.813137349239597,True,0.5162354347168722,1.3846785123203667e-45
75091-75-7,O=C(O)C=1C(F)=C(F)C(F)=C(Br)C1C(=O)O,173.70270392983764,168.55227633333334,0.5396,-0.63187,173.82400000000004,3.6460496705338503,-8.932409256513,-0.8974314789490001,8.034977777564,3.006410582564256,2,2,2.2628000000000004,2,2,ok,False,7.827971041486149,0.780853955482372,0.780853955482372,6.297525411555058,9.358416671417242,18.18,0.5,1.0,3.273119658357891e-44,1.8204692670831086e-45,8.608824996968522,1.668565433431032,2.714196543365607,0.6147548295680935,True,0.6852829224772099,1.247536499626657e-45
28749-88-4,O=C(O)C1=C(F)C(F)=C(O)C(F)=C1C(=O)O,179.45969092884204,152.5542204,0.53675,-0.64017,162.61600000000004,0.6006952638401605,-8.683152969455,-0.7839600032905,7.8991929661645,2.8365628116262074,2,2,1.2059,3,3,ok,False,7.8213524650958215,0.780853955482372,0.780853955482372,6.29090683516473,9.351798095026913,18.18,0.5,1.0,2.907537852831764e-44,1.6161710365694444e-45,8.602206420578193,1.5099783333170704,2.714196543365607,0.5563260836832014,True,0.7338147170016499,1.18597009182647e-45
50472-52-1,O=C(O)C=1C=C2C=CC3=CC=CC=4C=CC(C1C(=O)O)=C2C34,177.7191809721336,369.0544056666667,0.53486,-0.65961,241.8400000000001,3.496884677823963,-7.105164750405501,-1.047638324425,6.057526425980501,2.7432070990184254,1,2,3.980400000000002,2,2,ok,False,7.813147184546701,0.780853955482372,0.780853955482372,6.28270155461561,9.343592814477793,18.18,0.5,1.0,2.5102365170272123e-44,1.3942962241574379e-45,8.594001140029073,1.140203935859848,2.714196543365607,0.42008893521247864,True,0.838219974546688,1.1687269455237907e-45
1779862-38-2,O=C(O)C1=CC=2N=C(NC2C=C1C(=O)O)C3CC3,185.0519856460941,242.88820766666663,0.53055,-0.6756,206.47200000000004,7.294212736135408,-7.930758172822499,-0.4421850070625,7.488573165759999,2.340438423374468,0,2,1.8367,3,3,ok,False,7.821553096190947,0.780853955482372,0.780853955482372,6.291107466259856,9.351998726122039,18.18,0.5,1.0,2.917998373748693e-44,1.6220149488803925e-45,8.60240705167332,1.559885151685963,2.714196543365607,0.5747134103087846,True,0.7187113199871433,1.1657605049487056e-45
1243386-96-0,O=C(O)C=1C=CC=C(OC2CC2)C1C(=O)O,180.76399843257056,200.4018643333333,0.53614,-0.65858,189.59200000000004,4.842351876929226,-8.118788843518,-0.6797403985489999,7.439048444969001,2.6016135462816816,1,0,1.6242,2,3,ok,False,7.813693830696788,0.780853955482372,0.780853955482372,6.283248200765696,9.34413946062788,18.18,0.5,1.0,2.5349376295478905e-44,1.4080857396535043e-45,8.59454778617916,1.1889603346842457,2.714196543365607,0.43805240913391386,True,0.8253977289279252,1.1622307716458002e-45
2550769-15-6,O=C(O)C=1C=CC=C(C#CCC)C1C(=O)O,176.66884015257403,219.93155766666663,0.53608,-0.65356,194.21600000000004,3.274531251950422,-8.156340554887,-0.712394060609,7.443946494278,2.641557597860119,1,0,1.8445,2,2,ok,False,7.794384605427852,0.780853955482372,0.780853955482372,6.26393897549676,9.324830235358943,18.18,0.5,1.0,1.793175223068924e-44,9.94325962364861e-46,8.575238560910224,1.2568436255366504,2.714196543365607,0.4630628642604352,True,0.8070035463330659,8.024245778394815e-46
144328-61-0,O=C(O)C1=CC(OC)=C2C(OC3(C2)CCCCC3)=C1C(=O)O,180.63822513711543,291.7765773333333,0.53064,-0.66711,269.00800000000004,4.991830562028323,-7.880417110480001,-0.5409623347939999,7.339454775686001,2.415698234023615,1,2,2.729400000000001,2,4,ok,False,7.792566589243398,0.780853955482372,0.780853955482372,6.262120959312306,9.32301221917449,18.18,0.5,1.0,1.7356164982863751e-44,9.622517905896527e-46,8.57342054472577,1.2260537284063662,2.714196543365607,0.45171884527052636,True,0.8154216682581922,7.846409603670472e-46
2578150-45-3,O=C(O)C=1C=CC=C(C#CC2=CC=C(C=C2)C)C1C(=O)O,170.88201353356692,327.339021,0.53577,-0.65166,249.11200000000005,3.384162154802869,-7.5117028430525,-0.7638235783535,6.747879264699001,2.537254108474466,1,0,2.791220000000001,2,2,ok,False,7.8110394289077565,0.780853955482372,0.780853955482372,6.280593798976665,9.341485058838849,18.18,0.5,1.0,2.417215496847683e-44,1.3423730384552514e-45,8.59189338439013,2.1239290253925303,2.714196543365607,0.7825258751375668,True,0.5420772580029595,7.27669895902924e-46
2596911-31-6,O=C(O)C=1C=CC=C(C#CC2=CC=C(C=C2)CC)C1C(=O)O,170.5957653316484,344.5110036666667,0.53589,-0.65178,265.63200000000006,3.4328768023335767,-7.519049917016001,-0.767905286111,6.751144630905001,2.543036414309045,1,0,3.045200000000001,2,2,ok,False,7.811894359319182,0.780853955482372,0.780853955482372,6.2814487293880905,9.342339989250274,18.18,0.5,1.0,2.454525153250097e-44,1.3631976295799797e-45,8.592748314801554,2.171705573159195,2.714196543365607,0.8001283394408415,True,0.5271841506121036,7.186561844665545e-46
108604-57-5,O=C(O)C=1C=2OC(=CC2C=C(C1C(=O)O)C)C,170.93239884516075,226.667403,0.53407,-0.66152,197.97600000000008,3.4033156509498204,-7.803408890788501,-0.729809347041,7.073599543747501,2.5735063542998207,2,1,2.446040000000001,2,3,ok,False,7.798798574055568,0.780853955482372,0.780853955482372,6.2683529441244765,9.32924420398666,18.18,0.5,1.0,1.9409477958562137e-44,1.0766946512240036e-45,8.57965252953794,2.1064463416380854,2.714196543365607,0.7760846747767535,True,0.5475467556866271,5.895406631428477e-46
87998-51-4,O=C(O)C1=C(OC)C2=C(OC)C=3C(OC)=C(C(=O)O)C(C(=O)O)=C(OC)C3C(OC)=C2C(OC)=C1C(=O)O,160.3799067614314,528.846942,0.53264,-0.64936,433.9680000000001,4.1558599278609,-7.008020105777,-1.520027968893,5.487992136884,3.3130333530860505,2,2,2.8374000000000006,4,10,ok,False,7.847351350280472,0.780853955482372,0.780853955482372,6.31690572034938,9.377796980211563,18.18,0.5,1.0,4.628050706515834e-44,2.5785787098661566e-45,8.628205305762844,4.113062095993315,2.714196543365607,1.5153884511595144,False,0.10062020888847711,2.594571284221125e-46
2578360-07-1,N#CCCC#CC1=CC=CC(C(=O)O)=C1C(=O)O,178.7236982150851,236.288075,0.53589,-0.65234,212.36000000000004,3.7963710645825968,-8.262464956582,-0.7099450359545,7.552519920627501,2.66481061686098,1,0,1.7382800000000005,2,3,ok,False,7.728056526458936,0.780853955482372,0.780853955482372,6.197610896527844,9.258502156390028,18.18,0.5,1.0,5.4346232527404e-45,2.995636827165789e-46,8.508910481941308,1.1355554971645314,2.714196543365607,0.4183762962708814,True,0.8394245131893416,2.5146109853357064e-46
4464-96-4,O=C(O)C1=CC=C2C(=C1C(=O)O)CCC2,178.36488349001542,197.31235,0.53359,-0.66325,178.88800000000003,3.6771003222648138,-8.362058625865,-0.5532074580665001,7.8088511677985,2.544611481233646,1,1,1.5717,2,2,ok,False,7.722727910686207,0.780853955482372,0.780853955482372,6.192282280755116,9.253173540617299,18.18,0.5,1.0,4.9360894243547257e-45,2.7195410121478867e-46,8.50358186616858,1.1888374114293458,2.714196543365607,0.43800712013109633,True,0.8254304779443855,2.244792037446588e-46
744216-81-7,O=C(O)C=1C(O)=C(C(=O)O)C(C(=O)O)=C(O)C1C(=O)O,173.2329703241387,220.692625,0.54394,-0.64896,207.43200000000004,0.2705042328689147,-7.952799394713001,-1.6669694481630002,6.285829946550001,3.680498572871779,2,2,-0.1094,6,6,ok,False,7.827598843531196,0.780853955482372,0.780853955482372,6.2971532136001045,9.358044473462288,18.18,0.5,1.0,3.251398166413277e-44,1.808327250761733e-45,8.608452799013568,3.927381509365854,2.714196543365607,1.4469775665162024,False,0.12322490738283645,2.228309579929738e-46
13055-36-2,O=C(O)C1=CC2=CC=CC3=C2C(=C1C(=O)O)CC3,175.79323750273963,264.9257426666667,0.53038,-0.67329,205.57600000000005,3.2556900359217247,-7.491022190414499,-0.612800391326,6.878221799088499,2.3869519751831088,1,2,2.3348000000000004,2,2,ok,False,7.7278269040630265,0.780853955482372,0.780853955482372,6.197381274131935,9.258272533994118,18.18,0.5,1.0,5.4121420123146116e-45,2.9831835437686012e-46,8.508680859545398,1.486787536508565,2.714196543365607,0.5477818252118716,True,0.7407701223737274,2.2098532387807566e-46
194360-94-6,O=C(O)C=1C=CC=C(OCCCCC)C1C(=O)O,181.125305254576,237.56034366666668,0.53623,-0.66062,231.08800000000005,5.443605215296201,-8.02191631274,-0.6661347060239999,7.355781606716,2.565404825087831,1,0,2.652,2,3,ok,False,7.719987510761925,0.780853955482372,0.780853955482372,6.189541880830833,9.250433140693017,18.18,0.5,1.0,4.6976998560255914e-45,2.5875656473183142e-46,8.500841466244298,1.2385104076362214,2.714196543365607,0.45630829891945374,True,0.8120305928043379,2.101182466512031e-46
1217498-02-6,O=C(O)C1=CC=C2C(=C1C(=O)O)C3C=CC4C=CC2C43,170.27443724553848,270.87117399999994,0.5337,-0.65753,230.06400000000005,3.5581455858354083,-8.29947244025,-0.596473560296,7.702998879953999,2.5684105787220024,1,1,2.6358000000000006,2,2,ok,False,7.741550371814152,0.780853955482372,0.780853955482372,6.2111047418830605,9.271996001745244,18.18,0.5,1.0,6.93260887591455e-45,3.8259682379564295e-46,8.522404327296524,2.2236758288902236,2.714196543365607,0.8192759048071231,True,0.5110882473959276,1.955407401329637e-46
1061606-01-6,O=C(O)C=1C=CC=C(OCC=2C=CC=C(C2)C)C1C(=O)O,181.27308235951855,287.94269933333334,0.53564,-0.6588,252.23200000000008,5.695997283180532,-8.0766111966905,-0.6402838902265,7.436327306464,2.5544955468228485,1,0,2.9704200000000007,2,3,ok,False,7.714627838539307,0.780853955482372,0.780853955482372,6.184182208608215,9.245073468470398,18.18,0.5,1.0,4.264072592923815e-45,2.3475914372628026e-46,8.495481794021678,1.2687109978890467,2.714196543365607,0.46743519771631703,True,0.8037269643457056,1.8868225393952043e-46
2519894-98-3,O=C(O)C=1C=CC=C(C#CC2=CC=C(C=C2C)C)C1C(=O)O,171.16377623601028,346.29832400000004,0.53567,-0.65253,265.24000000000007,3.394338281609539,-7.4322455987064995,-0.7670889445595,6.665156654146999,2.521661921875675,1,0,3.099640000000001,2,2,ok,False,7.730858434468283,0.780853955482372,0.780853955482372,6.200412804537192,9.261304064399376,18.18,0.5,1.0,5.716544999985168e-45,3.151826442149121e-46,8.511712389950656,2.0815111309787437,2.714196543365607,0.7668977164040108,True,0.5553636761860173,1.7504099196122315e-46
1390993-56-2,O=C(O)C1=CC=C(C=C1C(=O)O)C(N)C(O)C,186.51542270711613,219.6886956666667,0.53212,-0.66538,209.52800000000005,3.075905538211471,-8.525599050015499,-0.7077681251504999,7.817830924864999,2.726301905566765,0,1,0.4636000000000001,4,4,ok,False,7.702299747518049,0.780853955482372,0.780853955482372,6.171854117586958,9.232745377449142,18.18,0.5,1.0,3.41193798793398e-45,1.8763790321886213e-46,8.483153703000422,1.2456612320835834,2.714196543365607,0.4589428997426111,True,0.810074884795462,1.5200075283328178e-46
581794-00-5,O=C(O)C1=CC=2N=NNC2C=C1C(=O)O,184.7921599757001,179.413044,0.53326,-0.66131,160.08000000000004,5.593780120812759,-8.664104999920001,-0.82722610552,7.836878894400001,2.8737641402582224,0,2,0.3543,3,4,ok,False,7.68707367862368,0.780853955482372,0.780853955482372,6.156628048692588,9.217519308554772,18.18,0.5,1.0,2.5898141073480076e-45,1.4223215292952219e-46,8.467927634106053,1.3930584372610644,2.714196543365607,0.5132489173144662,True,0.768415673186414,1.0929341554209178e-46
1073323-66-6,O=C(O)C1=CC(F)=CC(=C1C(=O)O)C,175.24708757350612,163.69547766666668,0.53593,-0.65887,160.82400000000004,3.347824589192212,-8.703833622092999,-0.7031421896919999,8.000691432400998,2.7651108242076003,1,1,1.53052,2,2,ok,False,7.674843770695276,0.780853955482372,0.780853955482372,6.144398140764184,9.205289400626368,18.18,0.5,1.0,2.074807598235944e-45,1.1382390703526633e-46,8.455697726177648,1.4096421847898342,2.714196543365607,0.5193589197641068,True,0.7635828188817465,8.691397979012252e-47
861589-57-3,O=C(O)C1=CC=CC(=C1C(=O)O)S(=O)(=O)C,167.81416159889514,199.15822033333333,0.53737,-0.6476,189.46400000000008,8.107409932894722,-9.3310560474955,-0.8253213085665,8.505734738929,3.0318368772606847,1,0,0.4865000000000001,2,4,ok,False,7.717333173185174,0.780853955482372,0.780853955482372,6.186887543254082,9.247778803116265,18.18,0.5,1.0,4.477726622495631e-45,2.465815468017246e-46,8.498187128667546,3.1649216245487386,2.714196543365607,1.166062064401656,False,0.2567375972557054,6.330675385347004e-47
220596-15-6,O=C(O)C1=C(F)C(F)=C(SSC2=C(F)C(F)=C(C(=O)O)C(C(=O)O)=C2F)C(F)=C1C(=O)O,177.36569909985175,351.70810200000005,0.53804,-0.63045,334.33600000000007,4.661840628979074,-8.9288717764565,-1.712684575047,7.2161872014095,3.9232186756499807,2,2,4.1134,4,6,ok,False,7.668520189348761,0.780853955482372,0.780853955482372,6.138074559417669,9.198965819279852,18.18,0.5,1.0,1.8499000578956032e-45,1.0142833101817026e-46,8.449374144831133,2.1379129067973563,2.714196543365607,0.7876780007045259,True,0.5377096046835418,5.453898777549175e-47
1061606-12-9,O=C(O)C=1C=CC=C(OCC2=CC=C3OCOC3=C2)C1C(=O)O,180.44943349315,292.901208,0.53594,-0.65913,259.87200000000007,5.032601098835472,-7.559866994591,-0.649263647293,6.910603347298,2.437913974684561,1,0,2.3907,2,5,ok,False,7.6341058265842,0.780853955482372,0.780853955482372,6.1036601966531085,9.164551456515293,18.18,0.5,1.0,9.896181013651647e-46,5.409406162284385e-47,8.414959782066573,1.2416273066919377,2.714196543365607,0.4574566678772342,True,0.8111789440845653,4.3879963788463875e-47
1344544-18-8,O=C(O)C1=CC=C(C=C1C(=O)O)C(N)C(O)C,186.49810376613397,220.08452466666665,0.53201,-0.66626,210.01600000000005,2.8032205443025706,-8.3030099203065,-0.651440558097,7.651569362209501,2.619795350944415,0,1,0.4636000000000001,4,4,ok,False,7.631526146602914,0.780853955482372,0.780853955482372,6.101080516671822,9.161971776534006,18.18,0.5,1.0,9.442104255020193e-46,5.160018847511961e-47,8.412380102085287,1.2982359562400787,2.714196543365607,0.4783131713189291,True,0.7955007488419898,4.1047988572345465e-47
1784361-38-1,O=C(O)C1=CC=2N=C(NC2C=C1C(=O)O)C(C)C,184.9384448860216,242.904196,0.53035,-0.6748,213.74400000000009,6.934208833024861,-8.134571446847,-0.4166063051155,7.7179651417315,2.3685854886244546,0,2,2.0827,3,3,ok,False,7.6017826220514895,0.780853955482372,0.780853955482372,6.071336992120398,9.132228251982582,18.18,0.5,1.0,5.489476274908399e-46,2.992045567432897e-47,8.382636577533862,1.464783328773452,2.714196543365607,0.539674745498393,True,0.7473296961376523,2.236044504739636e-47
2476024-17-4,O=C(O)C=1C=CC=C(C#CCCCCCCC#C)C1C(=O)O,170.79368468587444,311.756922,0.53605,-0.65315,283.61600000000004,3.604994314836016,-8.1370204715015,-0.698788368084,7.4382321034175005,2.623994410372972,1,0,3.408300000000001,2,2,ok,False,7.606454604947942,0.780853955482372,0.780853955482372,6.07600897501685,9.136900234879034,18.18,0.5,1.0,5.9781896344742046e-46,3.259767803696078e-47,8.387308560430315,2.1253445867506167,2.714196543365607,0.7830474148770328,True,0.5416348278620379,1.7656037732251386e-47
2528101-78-0,O=C(O)C=1C=CC=C(C#CC(=O)C)C1C(=O)O,175.260533745725,229.679601,0.53672,-0.64668,197.14400000000003,5.793969256045461,-8.6643771137705,-1.3058743685495,7.358502745221001,3.3772466377505803,1,0,1.0235,2,3,ok,False,7.568833671386888,0.780853955482372,0.780853955482372,6.038388041455796,9.09927930131798,18.18,0.5,1.0,3.005226989813351e-46,1.6332377072658361e-47,8.34968762686926,1.8342035290806593,2.714196543365607,0.6757813959950906,True,0.6333826765597473,1.0344644704863404e-47
3001791-62-1,O=C(O)C1=CC=CC(=C1C(=O)O)CC(CC)CCC(O)C,161.76101912730792,288.406375,0.53493,-0.65805,280.92800000000005,4.373040249071577,-8.5185240899025,-0.588854372482,7.9296697174205,2.6149999121302194,1,0,2.8127000000000013,3,3,ok,False,7.600601959711924,0.780853955482372,0.780853955482372,6.070156329780833,9.131047589643016,18.18,0.5,1.0,5.372400127214284e-46,2.927926996523517e-47,8.381455915194296,3.611863126418045,2.714196543365607,1.3307301327336194,False,0.17018951203368712,4.983024668085965e-48
1344546-03-7,O=C(O)C1=CC=CC(=C1C(=O)O)CC(N)CC(=O)O,160.5238504235691,234.019942,0.53394,-0.65909,229.34400000000005,6.005167104252804,-8.575395884656999,-0.5621872151330001,8.013208669523998,2.604931069095934,1,0,0.4274999999999998,4,4,ok,False,7.636419565762269,0.780853955482372,0.780853955482372,6.1059739358311775,9.166865195693362,18.18,0.5,1.0,1.0321897166726354e-45,5.643268559277976e-47,8.417273521244642,4.302968732093928,2.714196543365607,1.585356352550004,False,0.08099606023467908,4.570825201477495e-48
858789-91-0,O=C(O)C1=C2OCOCC2=CC(=C1C(=O)O)C,168.7559937137243,207.25301366666667,0.5314,-0.65599,195.35200000000003,4.056615546240487,-8.034705663713499,-0.573615996854,7.461089666859499,2.482988582115074,2,1,1.25792,2,4,ok,False,7.536663188546201,0.780853955482372,0.780853955482372,6.006217558615109,9.067108818477292,18.18,0.5,1.0,1.6659543932337064e-46,9.02824682385687e-48,8.317517144028573,2.532129965001782,2.714196543365607,0.9329206358290979,True,0.41880874766327547,3.78110874589444e-48
1073323-64-4,O=C(O)C1=CC(Cl)=CC(=C1C(=O)O)C,175.35846749684222,181.03815566666665,0.5361,-0.65729,170.60000000000005,3.510781448623654,-8.6322676794115,-0.7469525196225,7.885315159789,2.7890379065179096,1,1,2.0448200000000005,2,2,ok,False,7.500414913837027,0.780853955482372,0.780853955482372,5.969969283905935,9.030860543768119,18.18,0.5,1.0,8.552504408831214e-47,4.6200830106239575e-48,8.2812688693194,1.405430999792188,2.714196543365607,0.5178073795825604,True,0.7648125695108227,3.533497558708606e-48
2384497-19-0,O=C(O)C1=CC(O)=C(N)C=C1C(=O)O,186.94889980781525,177.7836586666667,0.53052,-0.67108,159.40800000000004,5.193790811151331,-7.5503430098235,-0.4791924907305,7.071150519093,2.279453682274565,0,2,0.3708000000000001,4,4,ok,False,7.4960684508975355,0.780853955482372,0.780853955482372,5.965622820966444,9.026514080828628,18.18,0.5,1.0,7.89421578162352e-47,4.262847745627655e-48,8.276922406379908,1.406938096011088,2.714196543365607,0.5183626437997313,True,0.764372662585835,3.2584042815234354e-48
2590496-53-8,O=C(O)C=1C=CC=C(C#CC=CC(C)C)C1C(=O)O,177.1118379216612,289.19708966666667,0.53635,-0.65279,238.6800000000001,3.5671645126066167,-7.6553789561165,-0.7621908952505,6.8931880608660006,2.56976458414443,1,0,2.6467,2,2,ok,False,7.492950766508532,0.780853955482372,0.780853955482372,5.96250513657744,9.023396396439624,18.18,0.5,1.0,7.453327847961205e-47,4.0236692689909075e-48,8.273804721990905,1.2765811784767909,2.714196543365607,0.47033483319296715,True,0.8015444457040071,3.225149753909564e-48
120956-79-8,O=C(O)C1=CC(OC)=C(OCC)C(OC)=C1C(=O)O,175.42517726252208,236.46548533333336,0.53552,-0.66021,231.97600000000008,3.3616813070248046,-8.0510324947435,-0.6261339700005,7.424898524743001,2.535159827638319,1,2,1.4989,2,5,ok,False,7.4933891239702906,0.780853955482372,0.780853955482372,5.962943494039199,9.023834753901383,18.18,0.5,1.0,7.513805214570085e-47,4.0564738635720935e-48,8.274243079452663,1.45139539175891,2.714196543365607,0.5347421856042812,True,0.7513007772519408,3.047631966603897e-48
84185-83-1,O=C(O)C=1C(O)=CC=C(C=2C=CC(=CC2)C)C1C(=O)O,162.07376168238153,278.7897786666666,0.53217,-0.65101,235.25600000000009,3.961257984529662,-7.658644322322499,-0.4963356633119999,7.162308659010499,2.321308035309072,2,0,2.7640200000000004,3,3,ok,False,7.570592630071227,0.780853955482372,0.780853955482372,6.040147000140135,9.10103826000232,18.18,0.5,1.0,3.1035942377834912e-46,1.6869589067710778e-47,8.3514465855536,3.65461729830657,2.714196543365607,1.3464821872386736,False,0.16316158004611073,2.752468807016287e-48
889943-38-8,O=C(O)C1=CC(N)=C(N)C=C1C(=O)O,186.6143520403136,190.0711776666667,0.52855,-0.68224,162.79200000000003,4.47100074479976,-7.136457843213,-0.416878418966,6.719579424247,2.1226361460837118,0,2,0.2473999999999999,4,4,ok,False,7.482478228171899,0.780853955482372,0.780853955482372,5.952032598240807,9.01292385810299,18.18,0.5,1.0,6.144143947137673e-47,3.3138640357098244e-48,8.26333218365427,1.500485153220496,2.714196543365607,0.5528284813744153,True,0.7366669932455892,2.44121425521105e-48
1344570-43-9,O=C(O)C1=CC=C2C(OCC2N)=C1C(=O)O,185.02702283542288,198.2987263333333,0.53229,-0.66169,183.48800000000008,5.776848907492735,-8.0581074548565,-0.728176663938,7.3299307909185,2.6329985513583134,1,1,0.4752000000000001,3,4,ok,False,7.469563471669049,0.780853955482372,0.780853955482372,5.939117841737957,9.00000910160014,18.18,0.5,1.0,4.840635970513779e-47,2.6078612775617e-48,8.25041742715142,1.2825183779948526,2.714196543365607,0.47252229435254095,True,0.7998929932803783,2.0860099633688198e-48
90772-01-3,O=C(O)C1=CC=CC(C(=O)OC)=C1C(=O)O,173.42890470118573,190.143558,0.53647,-0.65849,183.12000000000003,3.8284610498214553,-9.132412936630502,-0.791851304955,8.340561631675502,2.9521699223097517,1,0,0.8695999999999999,2,4,ok,False,7.476546663874878,0.780853955482372,0.780853955482372,5.946101033943786,9.00699229380597,18.18,0.5,1.0,5.506972460800737e-47,2.968660407856254e-48,8.25740061935725,1.7131260578164027,2.714196543365607,0.6311724410687386,True,0.6714077507343642,1.9931816071329276e-48
3002026-76-5,O=C(O)C1=CC=C(C(=C1C(=O)O)CC)CC,169.41809867826035,219.59366666666665,0.53417,-0.66204,205.0240000000001,3.93581170916496,-8.4390668455565,-0.5287172115215,7.910349634035,2.5416433727645558,1,1,2.2078,2,2,ok,False,7.496976246702514,0.780853955482372,0.780853955482372,5.966530616771422,9.027421876633605,18.18,0.5,1.0,8.027403618105732e-47,4.335113964487885e-48,8.277830202184886,2.3947286371935648,2.714196543365607,0.8822974309090006,True,0.45911766243935587,1.9903273897838867e-48
167993-09-1,O=C(O)C1=CC=2C=CNC2C=C1C(=O)O,184.58444001762672,203.5062673333333,0.52947,-0.67925,168.13600000000005,5.27677297597689,-7.5971465921095,-0.3790545937465,7.218091998363,2.203483461130693,0,2,1.5642999999999998,3,2,ok,False,7.463248370255759,0.780853955482372,0.780853955482372,5.932802740324667,8.993694000186851,18.18,0.5,1.0,4.3074551955135615e-47,2.3193314673895204e-48,8.244102325738131,1.3527072847827069,2.714196543365607,0.498382214835978,True,0.7800596935263352,1.8092169936378545e-48
1822826-56-1,O=C(O)C=1C(OCC=2C=CC=CC2)=CC=C(C(=O)C)C1C(=O)O,166.678257600366,309.90676833333333,0.5331,-0.65001,271.26400000000007,8.081653453347279,-8.2948465047915,-0.735251624051,7.559594880740501,2.696661444923134,2,0,2.864600000000001,2,4,ok,False,7.524378072530969,0.780853955482372,0.780853955482372,5.993932442599878,9.05482370246206,18.18,0.5,1.0,1.3293142095788182e-46,7.196121231694341e-48,8.305232028013341,3.3390222097453766,2.714196543365607,1.2302064925648255,False,0.2201583950149042,1.5842865007025016e-48
1061606-09-4,O=C(O)C=1C=CC=C(OCC=2C=CC=C(OC)C2)C1C(=O)O,180.58549011730804,293.492432,0.53587,-0.65861,261.02400000000006,5.424565801978993,-7.768578317924501,-0.6590597459109999,7.109518572013501,2.4975349109642253,1,0,2.6706000000000003,2,4,ok,False,7.451536736085747,0.780853955482372,0.780853955482372,5.921091106154655,8.981982366016839,18.18,0.5,1.0,3.468602795689867e-47,1.8657431482406086e-48,8.232390691568119,1.2656168154221454,2.714196543365607,0.4662951983030599,True,0.8045829486999753,1.501145123728204e-48
2496412-96-3,O=C(O)C=1C=CC=C(C#CC=2C=CC=CC2N)C1C(=O)O,165.0041498965669,325.955955,0.5354,-0.65742,243.39200000000005,1.913199911143632,-7.070606291392001,-0.7191969068715,6.351409384520501,2.3884869559647104,1,0,2.065,3,3,ok,False,7.478464205259843,0.780853955482372,0.780853955482372,5.948018575328751,9.008909835190934,18.18,0.5,1.0,5.705411677103804e-47,3.076150289675967e-48,8.259318160742215,3.179769271435958,2.714196543365607,1.1715324298118222,False,0.2534754679261057,7.797286340866414e-49
1781442-39-4,O=C(O)C1=CC=2N=C(NC2C=C1C(=O)O)C(C)(C)C,184.6728052460585,260.62124066666667,0.5303,-0.67557,230.25600000000009,6.922917073748608,-8.1315781944915,-0.416334191265,7.715244003226499,2.367611644039157,0,2,2.2568,3,3,ok,False,7.40795682782553,0.780853955482372,0.780853955482372,5.877511197894439,8.938402457756622,18.18,0.5,1.0,1.546225238669639e-47,8.285504382693634e-49,8.188810783307902,1.4613384286119375,2.714196543365607,0.5384055300578476,True,0.7483529793445158,6.200481890160824e-49
63196-12-3,O=C(O)C=1C=CC=C(OC=2C=CC=CC2)C1C(=O)O,180.54825064637907,252.91388899999995,0.5363,-0.65638,218.67200000000005,5.388512196330264,-8.011575986421,-0.731442030144,7.280133956277001,2.6249642004208105,1,0,2.8753,2,3,ok,False,7.403052277198373,0.780853955482372,0.780853955482372,5.872606647267282,8.933497907129466,18.18,0.5,1.0,1.4115611027353605e-47,7.560672815710146e-49,8.183906232680746,1.28247881969891,2.714196543365607,0.4725077197646987,True,0.7999040106207661,6.0478125082779464e-49
2505892-30-6,O=C(O)C=1C=CC=C(C#CCBr)C1C(=O)O,178.04736277461487,231.015552,0.53674,-0.65056,197.73600000000005,4.047899370043678,-8.3579769181075,-0.834301065633,7.5236758524745,2.8077357460372694,1,0,1.8294,2,2,ok,False,7.385659716162654,0.780853955482372,0.780853955482372,5.8552140862315625,8.916105346093746,18.18,0.5,1.0,1.0214751903976008e-47,5.463005442707704e-49,8.166513671645026,1.2195352719943537,2.714196543365607,0.4493172297987413,True,0.8171881041426762,4.46430306064743e-49
77764-01-3,O=C(O)C=1C=CC=C(OCCC)C1C(=O)O,179.94287850109973,204.7475793333333,0.53586,-0.65969,197.47200000000004,4.845161745494158,-8.08178135985,-0.6462703949375,7.4355109649125,2.56131985393238,1,0,1.8718,2,3,ok,False,7.3831039112923635,0.780853955482372,0.780853955482372,5.852658281361272,8.913549541223455,18.18,0.5,1.0,9.740195383067954e-48,5.2080485391715286e-49,8.163957866774735,1.241071819159573,2.714196543365607,0.4572520078522547,True,0.8113308144862637,4.225450263170032e-49
1804397-57-6,N#CCCC=1C=CC=C(C(=O)O)C1C(=O)O,169.73309459337435,199.09751533333332,0.53481,-0.65726,190.33600000000004,4.085902457230226,-8.7601611891465,-0.6198753514390001,8.140285837707498,2.7021497542246604,1,0,1.53918,2,3,ok,False,7.403789185335738,0.780853955482372,0.780853955482372,5.873343555404646,8.93423481526683,18.18,0.5,1.0,1.431023022475314e-47,7.665407355539074e-49,8.18464314081811,2.315983512307171,2.714196543365607,0.8532851159832916,True,0.4828276655223661,3.701070738752905e-49
100613-18-1,O=C(O)C1=CC=C(C(=C1C(=O)O)C)CCCC,178.63200739287478,235.743794,0.53431,-0.66486,221.55200000000005,4.135544313630311,-8.403147817290499,-0.527356642269,7.875791175021499,2.5316158126168955,1,1,2.734020000000001,2,2,ok,False,7.361124104210048,0.780853955482372,0.780853955482372,5.830678474278956,8.89156973414114,18.18,0.5,1.0,6.466958916439706e-48,3.451268986807717e-49,8.14197805969242,1.2252062875796639,2.714196543365607,0.4514066199717455,True,0.8156516321544028,2.815033182093587e-49
1782295-51-5,O=C(O)C1=CC=2N=C(NC2C=C1C(=O)O)C,184.64000598530677,208.660659,0.53035,-0.67473,180.51200000000003,6.877796488701887,-8.137836813053,-0.4242254929295,7.7136113201234995,2.375959453008601,0,2,1.26772,3,3,ok,False,7.364358181685892,0.780853955482372,0.780853955482372,5.833912551754801,8.894803811616985,18.18,0.5,1.0,6.868988238979907e-48,3.666851382560313e-49,8.145212137168265,1.4494495032087333,2.714196543365607,0.5340252557434231,True,0.7518766680225267,2.7570199996532434e-49
1202823-16-2,O=C(O)C=1C=CC=C(S)C1C(=O)O,174.29142073857753,176.83518166666667,0.53481,-0.65797,156.85600000000005,0.3554768487538956,-8.0368825745175,-0.7415102426125,7.295372331905001,2.640721300639816,1,0,1.3717,3,3,ok,False,7.362604482765203,0.780853955482372,0.780853955482372,5.8321588528341115,8.893050112696296,18.18,0.5,1.0,6.647992977628322e-48,3.5483383175116496e-49,8.143458438247576,1.9456261622273785,2.714196543365607,0.7168331884377097,True,0.5981882231973037,2.1225741934552035e-49
5211-66-5,O=C(O)C1=CC(OC)=C(C(=O)OC)C(OC)=C1C(=O)O,176.5090128365953,236.743971,0.53734,-0.65579,235.0480000000001,3.906685364858552,-8.276614876807999,-0.94151392273,7.335100954077999,2.8961393679806835,1,2,0.8868,2,6,ok,False,7.343069213799158,0.780853955482372,0.780853955482372,5.812623583868066,8.87351484373025,18.18,0.5,1.0,4.616767187149563e-48,2.4600116536601906e-49,8.12392316928153,1.3253560032097784,2.714196543365607,0.48830509583006665,True,0.7878544875752383,1.938131220823564e-49
705966-93-4,O=C(O)C1=CC=C(Cl)C(C(=O)O)=C1C(=O)O,163.95170137734544,189.636058,0.53667,-0.63642,181.76000000000005,3.194121084116881,-8.990641620520002,-0.9586570953115,8.031984525208502,3.081073694370593,2,0,1.4346,3,3,ok,False,7.398645733851124,0.780853955482372,0.780853955482372,5.868200103920032,8.929091363782216,18.18,0.5,1.0,1.300559741843327e-47,6.963451136787984e-49,8.179499689333497,3.128975121824453,2.714196543365607,1.1528181809356075,False,0.26474458226569125,1.8435359623364876e-49
1804397-67-8,O=C(O)C1=CC=CC(C(=O)CCBr)=C1C(=O)O,175.12624394811942,227.826743,0.53572,-0.66204,211.24000000000004,5.117181151767055,-9.112004397843,-1.1077754853855002,8.0042289124575,3.2621474849091694,1,0,2.0507,2,3,ok,False,7.348271223657591,0.780853955482372,0.780853955482372,5.817825593726499,8.878716853588683,18.18,0.5,1.0,5.087820895302134e-48,2.7122310351922137e-49,8.129125179139963,1.6985954086043318,2.714196543365607,0.6258188681126502,True,0.6759411549046318,1.83330857829601e-49
1005516-41-5,O=C(O)C1=CC=CC(=C1C(=O)O)N2CCCC(O)C2,162.06417487063263,247.145996,0.53536,-0.66258,232.0480000000001,4.291261033775503,-7.602588869119501,-0.6522568996485001,6.950331969471001,2.4510512219221874,1,0,1.0440999999999998,3,4,ok,False,7.417992712109542,0.780853955482372,0.780853955482372,5.88754708217845,8.948438342040633,18.18,0.5,1.0,1.862925943264355e-47,9.991287670327867e-49,8.198846667591914,3.613680505532355,2.714196543365607,1.3313997154573731,False,0.1698864166955421,1.697384060486352e-49
861555-37-5,O=C(O)C1=CC=C(C(OC)=C1C(=O)O)C,175.81879847909372,189.503784,0.53562,-0.65892,180.68000000000004,3.555195966469359,-8.516075065248,-0.63674641017,7.879328655078,2.658035494777937,1,1,1.40002,2,3,ok,False,7.32838334340146,0.780853955482372,0.780853955482372,5.797937713470368,8.858828973332551,18.18,0.5,1.0,3.508458862343143e-48,1.867083011897245e-49,8.109237298883832,1.3742136972882963,2.714196543365607,0.5063058902817221,True,0.773874429351575,1.4448878003840004e-49
1344538-48-2,O=C(O)C1=CC=C2C(OCC2N)=C1C(=O)O,184.20074596582032,199.45196,0.53228,-0.66173,183.48800000000008,3.551865999724652,-7.999058749298,-0.735251624051,7.263807125247,2.6256264925053965,1,1,0.4752000000000001,3,4,ok,False,7.3190112653322235,0.780853955482372,0.780853955482372,5.788565635401132,8.849456895263316,18.18,0.5,1.0,2.944101992669241e-48,1.5654824787969989e-49,8.099865220814596,1.3126916377854658,2.714196543365607,0.4836391237009412,True,0.791435572691448,1.2389785221451305e-49
89939-55-9,O=C(O)C1=CC=C(NO)C(=C1C(=O)O)N(=O)=O,172.96504162858287,198.85899666666668,0.53664,-0.6426,183.64800000000005,7.952186931278716,-8.2894042277815,-1.6400301769635,6.649374050818,3.706877776939199,1,1,0.7922999999999998,4,6,ok,False,7.355528772846201,0.780853955482372,0.780853955482372,5.825083142915109,8.885974402777293,18.18,0.5,1.0,5.825942749091715e-48,3.1076651740831607e-49,8.136382728328574,3.056437530402082,2.714196543365607,1.1260929271585085,False,0.28136985064793263,8.744032858955605e-50
475-60-5,O=C(O)C1=C(O)C=C(C(C(=O)O)=C1C(=O)O)C,160.15188289850138,200.5928103333333,0.53402,-0.65243,191.48000000000005,4.416647740085233,-8.3879094416625,-0.56055453203,7.827354909632501,2.55753726555604,2,1,0.79522,4,4,ok,False,7.398967461052277,0.780853955482372,0.780853955482372,5.8685218311211855,8.929413090983369,18.18,0.5,1.0,1.3083614416217741e-47,7.005419057777728e-49,8.179821416534649,4.234161366380045,2.714196543365607,1.5600054376053694,False,0.08771898158321452,6.145082253119045e-50
1005516-45-9,O=C(O)C1=CC=CC(=C1C(=O)O)N2CCC(O)(C=3C=CC=CC3)CC2,161.9616954336064,344.479631,0.53493,-0.66124,303.1600000000001,5.129550920889664,-7.6216368386545,-0.6427329148809999,6.9789039237735,2.446652374396876,1,0,2.5710000000000006,3,4,ok,False,7.357816498678174,0.780853955482372,0.780853955482372,5.827370868747082,8.888262128609266,18.18,0.5,1.0,6.080009530666586e-48,3.2438323693539194e-49,8.138670454160547,3.6955663810250585,2.714196543365607,1.3615691870429367,False,0.15662973244279543,5.080805961011835e-50
65726-17-2,O=C(O)C=1C=C(C(=O)O)C(C(=O)O)=C(C(=O)O)C1OC,161.3693903672199,224.4627966666667,0.53554,-0.6395,220.33600000000004,4.727678564581141,-9.0671056125105,-1.1711780125520002,7.895927599958501,3.318877049600032,2,1,0.4880000000000002,4,5,ok,False,7.334741125462891,0.780853955482372,0.780853955482372,5.804295495531799,8.865186755393983,18.18,0.5,1.0,3.951376065783171e-48,2.1039454179003407e-49,8.115595080945264,3.981526015816236,2.714196543365607,1.466926197938171,False,0.1162662487373604,2.446178412874307e-50
2559494-98-1,O=C(O)C=1C=CC=C(C#CCC(C)(C)CO)C1C(=O)O,162.14178021958665,276.0829453333333,0.53683,-0.65361,252.8400000000001,4.849113660247612,-8.1353877883985,-0.7406939010610001,7.3946938873375,2.663559417005331,1,0,1.8431,3,3,ok,False,7.303335763508068,0.780853955482372,0.780853955482372,5.7728901335769764,8.83378139343916,18.18,0.5,1.0,2.1949490706884597e-48,1.165552632134204e-49,8.08418971899044,3.567705600215419,2.714196543365607,1.314461035968847,False,0.17767347647696694,2.070877881681634e-50
1060796-14-6,O=C(O)C1=CC=CC(=C1C(=O)O)N2C=NN=C2,167.9314458200467,204.0547483333333,0.5365,-0.64522,187.78400000000005,7.779598772430362,-8.970777309433501,-0.7978378096659999,8.172939499767502,2.918957167975303,1,0,0.6637,2,5,ok,False,7.275787661964954,0.780853955482372,0.780853955482372,5.745342032033863,8.806233291896046,18.18,0.5,1.0,1.3088326489247383e-48,6.933623333193649e-50,8.056641617447326,3.064894826113945,2.714196543365607,1.1292088753136027,False,0.2793994825718697,1.9372507716425479e-50
39155-66-3,O=C(O)C1=CC=2C=CC=CC2C(C(=O)O)=C1C(=O)O,162.7325091860346,257.43123833333334,0.53414,-0.65086,209.98400000000004,4.582236662373519,-8.001235660102001,-1.057978650744,6.9432570093580015,2.955002379258945,2,1,1.9344,3,3,ok,False,7.285580419393403,0.780853955482372,0.780853955482372,5.7551347894623115,8.816026049324496,18.18,0.5,1.0,1.573131456122765e-48,8.340795546382e-50,8.066434374875776,3.391155278679517,2.714196543365607,1.2494140437134595,False,0.20991859786461364,1.7508881061719235e-50
1005516-43-7,O=C(O)C1=CC=CC(=C1C(=O)O)N2CCC(OC)CC2,171.45825553884697,268.2236233333333,0.53262,-0.65963,248.6800000000001,3.871995852270506,-7.1731932130305,-0.433749477697,6.7394437353335,2.146526455760561,1,0,1.6982,2,4,ok,False,7.232534905775454,0.780853955482372,0.780853955482372,5.702089275844362,8.762980535706546,18.18,0.5,1.0,5.7976492839359104e-49,3.059945224910688e-50,8.013388861257827,2.226974554085797,2.714196543365607,0.8204912645435566,True,0.5100707103179132,1.5607884344041013e-50
2505254-19-1,O=C(O)C=1C=CC=C(C#CCC(C)(C)C)C1C(=O)O,174.22657232102887,272.690068,0.53637,-0.65183,244.20000000000005,3.5943806712700868,-8.1217820958735,-0.7243670700310001,7.3974150258425,2.6446520437225445,1,0,2.870700000000001,2,2,ok,False,7.195154686035551,0.780853955482372,0.780853955482372,5.664709056104459,8.725600315966643,18.18,0.5,1.0,2.8613088725959935e-49,1.505344732713599e-50,7.9760086415179225,1.5837780223249807,2.714196543365607,0.5835163360576291,True,0.7114207056137278,1.0709334119390171e-50
57296-46-5,O=C(O)C1=CC(OC)=C(Cl)C(Cl)=C1C(=O)O,176.89507840873162,205.21972266666663,0.5389,-0.64731,194.08000000000004,4.121956647030631,-8.3302213053565,-0.9303572548595,7.399864050497001,2.897293608528268,1,2,2.3984,2,3,ok,False,7.186377555355961,0.780853955482372,0.780853955482372,5.655931925424869,8.716823185287053,18.18,0.5,1.0,2.423309383706721e-49,1.2739554090706768e-50,7.9672315108383325,1.323752581110177,2.714196543365607,0.48771434196461033,True,0.7883088854194854,1.0042703685986298e-50
1021304-66-4,O=C(O)C1=CC=C2C(C(=O)C=CC2(C)C)=C1C(=O)O,172.1313096744477,259.8074086666668,0.53549,-0.66668,223.80000000000004,7.920914360097576,-8.89268063434,-1.1382522366415,7.7544283976985,3.243940400945635,1,1,2.1131,2,3,ok,False,7.20250115578286,0.780853955482372,0.780853955482372,5.672055525851769,8.732946785713953,18.18,0.5,1.0,3.2878902290218797e-49,1.7308581108588434e-50,7.983355111265232,2.608461946160747,2.714196543365607,0.9610438685940742,True,0.39708484039433944,6.872975166956316e-51
856806-77-4,O=C(O)C1=CC=C(OC)C(Cl)=C1C(=O)O,178.74966893797964,191.04328633333333,0.53619,-0.64818,178.89600000000004,4.436750897898145,-8.2300834083725,-0.580690956967,7.6493924514055,2.5371212619199577,1,1,1.745,2,3,ok,False,7.140078547925192,0.780853955482372,0.780853955482372,5.609632917994101,8.670524177856285,18.18,0.5,1.0,1.00666618713583e-49,5.271277708495786e-51,7.920932503407564,1.2491120242146456,2.714196543365607,0.4602142859800953,True,0.8091287811278736,4.265142507261726e-51
21872-44-6,O=C(O)C=1C=CC=C(OC(=O)C)C1C(=O)O,171.69812341045807,186.32191,0.53601,-0.65026,183.7680000000001,4.154579021994889,-8.9582600723105,-0.7542995935860001,8.2039604787245,2.8746425433251823,1,0,1.0083,2,4,ok,False,7.155524480619097,0.780853955482372,0.780853955482372,5.625078850688006,8.685970110550189,18.18,0.5,1.0,1.3500052310288574e-49,7.078435118828032e-51,7.936378436101469,1.9975023672524237,2.714196543365607,0.7359461024055091,True,0.5818069044216655,4.118282424634941e-51
1344454-49-4,O=C(O)C1=CC=CC(=C1C(=O)O)C(N)CO,160.54493195244947,200.08966266666667,0.53429,-0.65867,192.44800000000004,3.1746614465167777,-8.483421403188,-0.612800391326,7.870621011862,2.628167803096165,1,0,0.0751,4,4,ok,False,7.189817554667536,0.780853955482372,0.780853955482372,5.659371924736444,8.720263184598627,18.18,0.5,1.0,2.5863973663371165e-49,1.3600920384106419e-50,7.9706715101499075,4.125946427489621,2.714196543365607,1.520135466082881,False,0.09918070047889073,1.348948810853298e-51
5656-54-2,O=C(O)C1=CC=C2C=C3OCOC3=CC2=C1C(=O)O,177.44868988467633,260.15995066666665,0.53535,-0.65756,206.48800000000008,4.115971091978174,-7.7500745760905,-0.8974314789490001,6.852643097141501,2.728121102758808,1,1,1.9649,2,4,ok,False,7.0524047041254025,0.780853955482372,0.780853955482372,5.521959074194311,8.582850334056495,18.18,0.5,1.0,1.8890847292099592e-50,9.818665672354051e-52,7.8332586596077745,1.2735154522465073,2.714196543365607,0.46920531800079096,True,0.8023955161164246,7.87845330974315e-52
68621-19-2,O=C(O)C=1C=CC=C(SC=2C=CC=CC2)C1C(=O)O,175.8020289511282,279.6852293333333,0.53612,-0.65264,229.08800000000005,3.7511803382402182,-7.716060344778,-0.735795851752,6.980264493026,2.55842286628939,1,0,3.2342000000000013,2,3,ok,False,7.0398317821255665,0.780853955482372,0.780853955482372,5.509386152194475,8.570277412056658,18.18,0.5,1.0,1.4845715728341458e-50,7.707987344470644e-52,7.820685737607938,1.4243911747403526,2.714196543365607,0.5247929366876674,True,0.7592625646733195,5.8523862396322706e-52
2505738-63-4,O=C(O)C=1C=CC=C(C#CC(Br)C)C1C(=O)O,171.52767516283248,250.50585,0.53637,-0.65012,214.3760000000001,4.078338119871868,-8.3166156128315,-0.7981099235165,7.518505689315,2.7624578950915004,1,0,2.2179,2,2,ok,False,7.054178995416963,0.780853955482372,0.780853955482372,5.523733365485872,8.584624625348056,18.18,0.5,1.0,1.9543874524253684e-50,1.0159604966427357e-51,7.835032950899335,2.0186122398232627,2.714196543365607,0.7437236793913904,True,0.5751497074515511,5.843293824264021e-52
1026350-89-9,O=C(O)C1=CC=C(C(=C1C(=O)O)CCCCCC)CCCCCC,170.36660747481818,351.7120356666667,0.53383,-0.66136,339.5200000000001,4.083845660648795,-8.359609601210499,-0.5259960730165,7.833613528193999,2.519718004778106,1,1,5.328600000000005,2,2,ok,False,7.0532670333369945,0.780853955482372,0.780853955482372,5.522821403405903,8.583712663268086,18.18,0.5,1.0,1.9205468145828456e-50,9.982919782813644e-52,7.834120988819366,2.2474172047902963,2.714196543365607,0.8280230148710956,True,0.5037767259385652,5.029162643493189e-52
71295-20-0,O=C(O)C1=C(O)C=C(OC)C(=C1C(=O)O)CCCC,163.42583791480794,253.2663883333333,0.53755,-0.65844,237.2800000000001,3.306177281998048,-7.8142934448084995,-0.456607041139,7.3576864036695,2.324364993808705,2,1,2.1398,3,4,ok,False,7.098031485574094,0.780853955482372,0.780853955482372,5.567585855643002,8.628477115505186,18.18,0.5,1.0,4.519421931030505e-50,2.358096624108553e-51,7.8788854410564655,3.427434809974952,2.714196543365607,1.2627806259472014,False,0.2029866817434727,4.786622089582802e-52
1344466-13-2,O=C(O)C1=CC=C(C=C1C(=O)O)CC(N)C(=O)O,185.818107134692,220.18497166666663,0.53223,-0.66541,212.78400000000005,3.1589313826039334,-8.4651897752045,-0.7006931650375,7.764496610167,2.705050124054737,0,1,0.0373999999999999,4,4,ok,False,7.005411063722445,0.780853955482372,0.780853955482372,5.474965433791353,8.535856693653537,18.18,0.5,1.0,7.665277679951516e-51,3.968328619348765e-52,7.786265019204817,1.2981354394437494,2.714196543365607,0.47827613759837007,True,0.795528930799353,3.156920223610996e-52
10311-26-9,O=C(O)C=1C(F)=C(C(=O)O)C(C(=O)O)=C(F)C1C(=O)O,178.2126002936714,197.5532683333333,0.5387,-0.6293,204.94400000000005,4.519272641697998,-9.215951888734,-1.5616613880194998,7.654290500714499,3.7938509105582834,2,2,0.7576,4,4,ok,False,7.014092577881732,0.780853955482372,0.780853955482372,5.48364694795064,8.544538207812824,18.18,0.5,1.0,9.057577878418703e-51,4.692554211558071e-52,7.7949465333641035,2.0154776918998856,2.714196543365607,0.7425688080055878,True,0.5761377862675773,2.7035577953876635e-52
602-82-4,O=C(O)C1=CC=CC(C(=O)C=2C=CC=CC2)=C1C(=O)O,174.81991948327635,272.231352,0.53543,-0.65603,229.66400000000004,5.21354262953704,-8.760433302997,-1.1232859748639998,7.637147328133,3.1977878180936656,1,0,2.314,2,3,ok,False,7.0063552876733555,0.780853955482372,0.780853955482372,5.475909657742264,8.536800917604447,18.18,0.5,1.0,7.805739438809373e-51,4.0413671458551305e-52,7.787209243155727,1.721376886655822,2.714196543365607,0.634212319982293,True,0.6688300634994011,2.7029878447866802e-52
1005516-14-2,O=C(O)C=1C=CC=C(OCCCC2CCCCC2)C1C(=O)O,179.52437343325423,298.842297,0.53613,-0.66013,286.83200000000005,5.19670826100523,-8.07089680583,-0.6674952752765,7.4034015305534995,2.5785274460669414,1,0,3.822300000000003,2,3,ok,False,6.9606743187979845,0.780853955482372,0.780853955482372,5.430228688866893,8.491119948729077,18.18,0.5,1.0,3.237143692956766e-51,1.6695879068336383e-52,7.741528274280356,1.3194402314208982,2.714196543365607,0.48612552935639314,True,0.7895295396906944,1.3181889715555124e-52
921759-10-6,O=C(O)C=1C=C(C(=C(C1C(=O)O)C)C)C,177.26152696338522,204.03657966666665,0.53359,-0.66697,187.98400000000004,4.112344378818486,-8.374031635287,-0.4783761491789999,7.895655486108001,2.4812735218866138,1,2,2.00826,2,2,ok,False,6.950535496664705,0.780853955482372,0.780853955482372,5.420089866733614,8.480981126595797,18.18,0.5,1.0,2.6614666392495206e-51,1.3715107478190901e-52,7.731389452147077,1.3602897951800863,2.714196543365607,0.5011758630763435,True,0.7778844826359791,1.0668769284969376e-52
24063-26-1,O=C(O)C1=C(Br)C(Br)=C(C(=O)O)C(C(=O)O)=C1Br,165.21344437196598,250.6797163333333,0.53909,-0.6251,225.36800000000005,2.838789266571226,-8.7737668816715,-0.9972972620825,7.776469619589,3.0693135565287863,2,2,3.0687000000000006,3,3,ok,False,6.993402896870697,0.780853955482372,0.780853955482372,5.462957266939606,8.523848526801789,18.18,0.5,1.0,6.083878575556381e-51,3.146454886929817e-52,7.774256852353069,2.9039090787316946,2.714196543365607,1.0698963882441777,False,0.31832631275740403,1.0015993824138832e-52
36440-00-3,O=C(O)C1=CC=C2C(C=CC(C(=O)O)=C2C(=O)O)=C1,177.35683098781067,260.8716993333333,0.53634,-0.65357,210.08000000000004,2.0509995514382737,-8.0140250110755,-1.4076449486365,6.606380062439,3.35917189106463,1,1,1.9344000000000003,3,3,ok,False,6.939919104783365,0.780853955482372,0.780853955482372,5.409473474852273,8.470364734714456,18.18,0.5,1.0,2.1676853940518174e-51,1.1160618396984055e-52,7.720773060265737,1.4781937782756467,2.714196543365607,0.5446155997393927,True,0.7433367167836943,8.296097436489825e-53
2501557-17-9,O=C(O)C=1C=CC=C(C#CC(C(=O)O)(C)C)C1C(=O)O,162.9429499109571,259.57287033333336,0.53648,-0.65414,238.84800000000007,6.359801758702861,-8.2719889413495,-0.7322583716955,7.539730569654,2.6883079217974863,1,0,1.5453,3,3,ok,False,6.999968796039401,0.780853955482372,0.780853955482372,5.469523166108309,8.530414425970493,18.18,0.5,1.0,6.90337953064388e-51,3.5722560380337994e-52,7.7808227515217725,3.5936140977437523,2.714196543365607,1.3240065854949716,False,0.17325453963880041,6.18909575341471e-53
99865-79-9,O=C(O)C1=CC=C(C(=C1C(=O)O)C)CC,177.37618014571143,202.65479766666667,0.53446,-0.66417,188.0480000000001,4.155327864320697,-8.437162048603,-0.5444998148505,7.8926622337525,2.555229383959745,1,1,1.95382,2,2,ok,False,6.915442476261958,0.780853955482372,0.780853955482372,5.384996846330867,8.44588810619305,18.18,0.5,1.0,1.3496152761634674e-51,6.93446432275022e-53,7.69629643174433,1.32584563117578,2.714196543365607,0.48848549100712135,True,0.7877156732972548,5.462386232950981e-53
39155-65-2,O=C(O)C1=C2C=CC=CC2=C(C(=O)O)C(C(=O)O)=C1C(=O)O,162.0987635875073,280.69683000000003,0.53508,-0.64087,237.48000000000005,5.70064445304213,-8.1353877883985,-1.250091029197,6.8852967592015,3.198381119804829,2,2,1.6326,4,4,ok,False,6.991606752556504,0.780853955482372,0.780853955482372,5.461161122625413,8.522052382487596,18.18,0.5,1.0,5.877086735066427e-51,3.039047444097318e-52,7.772460708038876,3.948043876745145,2.714196543365607,1.4545902677517841,False,0.1205328623013194,3.663050871065587e-53
1390993-11-9,O=C(O)C1=CC=C(C=C1C(=O)O)C(N)C(O)C,185.5037851403967,219.235716,0.53185,-0.66704,210.2800000000001,2.709365169186317,-8.480972378533501,-0.6495357611435,7.83143661739,2.661267113609469,0,1,0.4636000000000001,4,4,ok,False,6.849609163521206,0.780853955482372,0.780853955482372,5.319163533590115,8.380054793452299,18.18,0.5,1.0,3.755007164203049e-52,1.9188068212807697e-53,7.630463119003578,1.38450258588083,2.714196543365607,0.510096657983377,True,0.7708984697890016,1.4792052423460435e-53
100118-13-6,O=C(O)C1=CC=C(C(=C1C(=O)O)C)CCC,177.32252011507344,219.77667266666663,0.5345,-0.66431,204.89600000000004,4.215279953929513,-8.416481395965,-0.540418107093,7.876063288872,2.54651485664263,1,1,2.3439200000000007,2,2,ok,False,6.842460721495138,0.780853955482372,0.780853955482372,5.312015091564047,8.37290635142623,18.18,0.5,1.0,3.266604822382131e-52,1.6682424142597543e-53,7.62331467697751,1.3411862617289274,2.714196543365607,0.49413748794545836,True,0.7833529980033705,1.3068226966067593e-53
1344511-89-2,O=C(O)C1=CC=CC(=C1C(=O)O)C(N)(C)CO,160.97353139485597,217.53211166666668,0.53291,-0.67097,208.8400000000001,3.2973365645623742,-8.4325361131445,-0.4449061455675,7.987629967577001,2.4665946399828,1,0,0.2492000000000002,4,4,ok,False,6.927889108609625,0.780853955482372,0.780853955482372,5.397443478678533,8.458334738540717,18.18,0.5,1.0,1.717543083944276e-51,8.834102895393967e-53,7.708743064091997,4.104172940934488,2.714196543365607,1.5121133917020277,False,0.10162284575063152,8.977466758838284e-54
1344454-40-5,O=C(O)C1=CC=CC(=C1C(=O)O)C(N)C,162.85466588231364,194.83717966666669,0.53441,-0.65644,184.2800000000001,4.489972750474105,-8.4804281508325,-0.549125750309,7.9313024005235,2.569970212213765,1,0,1.1027,3,3,ok,False,6.867692123900855,0.780853955482372,0.780853955482372,5.337246493969763,8.398137753831946,18.18,0.5,1.0,5.3398349188336385e-52,2.732759682835063e-53,7.648546079383227,3.451281986775104,2.714196543365607,1.2715667165707574,False,0.19851672714136387,5.424985083002883e-54
1344553-85-0,O=C(O)C1=CC=CC(=C1C(=O)O)C(N)(C)CCO,161.01034353708363,233.8993713333333,0.53347,-0.65157,225.25600000000009,3.188193949558276,-8.538660514839501,-0.4778319214779999,8.060828593361501,2.5213641163739355,1,0,0.6393,4,4,ok,False,6.896910130264277,0.780853955482372,0.780853955482372,5.366464500333185,8.427355760195368,18.18,0.5,1.0,9.421442321934298e-52,4.833351241678222e-53,7.677764085746649,4.081238709058189,2.714196543365607,1.5036636602585338,False,0.1042457274139346,5.0385621603579036e-54
1822647-91-5,N#CC1=CC=CC(C(=O)O)=C1C(=O)O,177.60821488178172,169.514967,0.53658,-0.64132,156.88000000000002,5.289150382622903,-9.212142294827,-0.8438250504005,8.3683172444265,3.0209920434013133,1,0,0.95468,2,3,ok,False,6.792435924640368,0.780853955482372,0.780853955482372,5.2619902947092765,8.32288155457146,18.18,0.5,1.0,1.2291479727557712e-52,6.251237243252753e-54,7.57328988012274,1.549303662875153,2.714196543365607,0.5708148389850997,True,0.7219282076612354,4.5129444986866223e-54
63181-80-6,O=C(O)C=1C=CC=C(OC2=CC=C(C=C2)C)C1C(=O)O,179.9152462492374,270.451302,0.53578,-0.65709,235.2800000000001,6.33007335344544,-7.999058749298,-0.687903814064,7.311154935234001,2.5804171586345137,1,0,3.183720000000002,2,3,ok,False,6.7869226008506365,0.780853955482372,0.780853955482372,5.256476970919545,8.317368230781728,18.18,0.5,1.0,1.1033454246056943e-52,5.608868981280581e-54,7.567776556333008,1.4483191924345757,2.714196543365607,0.533608811777005,True,0.7522110340574718,4.219053136301944e-54
10311-28-1,O=C(O)C=1C(F)=C(C(=O)O)C(=C(F)C1C(=O)O)C,180.2957740388483,189.38184766666663,0.53739,-0.63815,193.55200000000005,2.4643951834070768,-8.881251852619,-1.0590671061460002,7.822184746473,3.158003301013059,2,2,1.36782,3,3,ok,False,6.699085171583772,0.780853955482372,0.780853955482372,5.168639541652681,8.229530801514864,18.18,0.5,1.0,1.9620798566449442e-53,9.902335786162938e-55,7.479939127066144,1.3664782822384405,2.714196543365607,0.5034559068975918,True,0.7761046961425079,7.685249306421068e-55
2578253-98-0,O=C(O)C=1C=CC=C(C#CC(O)C2CC2)C1C(=O)O,171.30644537118755,255.0011753333333,0.53645,-0.65178,228.90400000000005,0.9406872009334452,-8.29403016324,-0.7322583716955,7.5617717915445,2.693610934113727,1,0,1.2054,3,3,ok,False,6.707935212134732,0.780853955482372,0.780853955482372,5.17748958220364,8.238380842065824,18.18,0.5,1.0,2.33630832141546e-53,1.1799585972901009e-54,7.488789167617104,2.1755990595934014,2.714196543365607,0.8015628289378248,True,0.5259742779190014,6.206278711839786e-55
705971-88-6,O=C(O)C1=CC(OC)=C(OC)C(C(=O)O)=C1C(=O)O,163.2231306898212,222.807008,0.53439,-0.64572,217.3040000000001,6.144889981928074,-8.2001508848175,-0.739605445659,7.4605454391584995,2.6780630149646614,2,1,0.7984,3,5,ok,False,6.740483023552839,0.780853955482372,0.780853955482372,5.2100373936217474,8.270928653483931,18.18,0.5,1.0,4.434775717247528e-53,2.2457999130870348e-54,7.521336979035211,3.52113959466728,2.714196543365607,1.2973045755562944,False,0.18581584771447116,4.17305214647353e-55
1423617-03-1,O=C(O)C=1C(Br)=CC=C(OC)C1C(=O)O,171.3939483983319,197.37480033333333,0.53399,-0.64166,183.88000000000005,4.207719144619802,-8.019195174235001,-0.6182426683360001,7.400952505899001,2.5201260386691,2,0,1.8541,2,3,ok,False,6.680304887494262,0.780853955482372,0.780853955482372,5.14985925756317,8.210750517425353,18.18,0.5,1.0,1.3541044962932942e-53,6.823451109534872e-55,7.461158842976634,2.088587484800366,2.714196543365607,0.7695048797794558,True,0.5531435317765355,3.774347845632639e-55
134030-34-5,O=C(O)C=1C=CC2=CC=C(C=C2C1C(=O)O)C(C)(C)C,174.12457136740767,302.80567333333335,0.53552,-0.65742,248.31200000000007,4.176614814655524,-7.648031882152999,-0.969813763182,6.678218118971,2.7802050728115004,1,1,3.5337000000000023,2,2,ok,False,6.666270491247006,0.780853955482372,0.780853955482372,5.135824861315914,8.196716121178097,18.18,0.5,1.0,1.0259502204910984e-53,5.163912388328877e-55,7.447124446729378,1.6371973892792417,2.714196543365607,0.6031978020460946,True,0.6949971122977524,3.588904198047159e-55
91715-62-7,O=C(O)C1=CC=C(C(=C1C(=O)O)C)C,176.64345445823906,185.66405266666663,0.5347,-0.66465,171.52800000000005,4.23233728689007,-8.4401553009585,-0.52245859296,7.9176967079985,2.536357818881617,1,1,1.69984,2,2,ok,False,6.655832351578892,0.780853955482372,0.780853955482372,5.125386721647801,8.186277981509985,18.18,0.5,1.0,8.344379843759202e-54,4.1963879417850874e-55,7.436686307061264,1.4023269022889309,2.714196543365607,0.5166637271411612,True,0.7657179359053498,3.2132495130417763e-55
103203-38-9,O=C(O)C1=CC(OC)=CC(=C1C(=O)O)C,173.4903577400029,191.69357033333333,0.53281,-0.66626,180.36800000000005,4.01218808382658,-8.042052737677,-0.465314684355,7.576738053322,2.3880758429321265,1,1,1.40002,2,3,ok,False,6.655086854393581,0.780853955482372,0.780853955482372,5.124641224462489,8.185532484324673,18.18,0.5,1.0,8.222093057011966e-54,4.134637764145328e-55,7.4359408098759525,1.8074320100173717,2.714196543365607,0.6659178807206622,True,0.6418204907181382,2.6536952387255e-55
927672-44-4,O=C(O)C=1C=CC=C(NC2=CC=C(OC)C(OC)=C2)C1C(=O)O,179.80079713600702,325.975693,0.53245,-0.66923,271.4560000000001,1.5145134433209897,-6.782165609862,-0.66940007223,6.112765537632,2.270896485915324,1,0,2.8438000000000008,3,5,ok,False,6.640814476528798,0.780853955482372,0.780853955482372,5.110368846597707,8.17126010645989,18.18,0.5,1.0,6.196639425533367e-54,3.112465492220539e-55,7.42166843201117,1.6980925005235794,2.714196543365607,0.6256335801009983,True,0.6760979097288712,2.1043314133935486e-55
137071-78-4,O=C(O)C1=CC(Cl)=C(C(=O)O)C(C(=O)O)=C1Cl,167.8006324109917,204.05906966666663,0.53797,-0.6303,197.36000000000004,2.2478380969278016,-8.825196399416,-1.06668629396,7.758510105456001,3.1529682210087366,2,1,2.088,3,3,ok,False,6.660214307958865,0.780853955482372,0.780853955482372,5.129768678027774,8.190659937889958,18.18,0.5,1.0,9.100668246055514e-54,4.5783665661568764e-55,7.441068263441237,2.4783714279179163,2.714196543365607,0.9131142083191709,True,0.43440519238298353,1.9888662089711974e-55
858789-94-3,O=C(O)C1=CC=C2OCOCC2=C1C(=O)O,175.44212968575908,190.861843,0.53451,-0.65445,178.85600000000005,4.066508901994437,-8.290764797034,-0.5537516857675,7.737013111266501,2.527637949218313,1,1,0.9495,2,4,ok,False,6.629993047888769,0.780853955482372,0.780853955482372,5.099547417957678,8.160438677819862,18.18,0.5,1.0,4.999564278979081e-54,2.508976732538228e-55,7.410847003371141,1.5066961462770216,2.714196543365607,0.5551168171516115,True,0.7348016495959839,1.8436002418670316e-55
248595-23-5,O=C(O)C=1C(O)=CC=C(C1C(=O)O)CCC,163.4026703457103,207.14756033333333,0.53173,-0.65911,197.54400000000004,4.0679514574291575,-7.9802828936134995,-0.474022327571,7.506260566042499,2.380522103652177,2,0,1.7411,3,3,ok,False,6.675410882320168,0.780853955482372,0.780853955482372,5.144965252389077,8.20585651225126,18.18,0.5,1.0,1.229246140720971e-53,6.191795015013754e-55,7.45626483780254,3.4158391755755906,2.714196543365607,1.2585084097631138,False,0.2051849692895813,1.2704632700029797e-55
2513073-44-2,O=C(O)C=1C=CC=C(C#CCCCCCCO)C1C(=O)O,172.09555789275015,291.26192066666664,0.53624,-0.65357,270.33600000000007,0.8936845416588562,-8.139469496156,-0.709128694403,7.430340801753,2.63439093935946,1,0,2.3773000000000004,3,3,ok,False,6.594701532484708,0.780853955482372,0.780853955482372,5.064255902553616,8.1251471624158,18.18,0.5,1.0,2.4792871422151572e-54,1.2406286639298644e-55,7.3755554879670795,2.0942361125370668,2.714196543365607,0.7715860215267283,True,0.5513723158808266,6.84048299579145e-56
1061606-33-4,O=C(O)C=1C=CC=C(OCC=2SC=3C=CC=C(F)C3C2)C1C(=O)O,177.08663066877023,328.82062,0.53589,-0.65822,276.02400000000006,4.450032460555765,-7.632249278824,-0.6830057647550001,6.949243514069,2.4874458025460795,1,0,4.015800000000002,2,4,ok,False,6.574798816527532,0.780853955482372,0.780853955482372,5.044353186596441,8.105244446458624,18.18,0.5,1.0,1.667840287410252e-54,8.332327766697435e-56,7.355652772009904,1.410824084212829,2.714196543365607,0.5197943706992587,True,0.7632373756109142,6.3595439773841e-56
181942-10-9,O=C(O)C1=C(F)C(F)=C(C(F)=C1C(=O)O)CC(=O)O,181.15717505011924,184.455517,0.53692,-0.6373,199.0960000000001,2.642220530160191,-8.9686003986295,-0.917567903886,8.051032494743499,3.0349002991067926,2,2,1.1274000000000002,3,3,ok,False,6.536102270337899,0.780853955482372,0.780853955482372,5.005656640406808,8.066547900268992,18.18,0.5,1.0,7.701903393975178e-55,3.8357132072301204e-56,7.316956225820271,1.3467877189956745,2.714196543365607,0.49620125052758934,True,0.7817535973239635,2.998582598055184e-56
1803844-35-0,O=CCCC=1C=CC=C(C(=O)O)C1C(=O)O,167.95805082112474,199.1950833333333,0.53416,-0.66224,191.86400000000003,6.21737912628786,-8.5522662073645,-0.5771534769105,7.975112730454001,2.6126998635818395,1,0,1.2145,2,3,ok,False,6.575362778685934,0.780853955482372,0.780853955482372,5.044917148754842,8.105808408617026,18.18,0.5,1.0,1.686696696598726e-54,8.426918370424444e-56,7.356216734168306,2.787919901821279,2.714196543365607,1.0271621296681246,False,0.3481708259007003,2.9340071288284626e-56
138370-78-2,O=C(O)C1=CC=CC(=C1)S(=O)(=O)C2=CC=C(C(=O)O)C(C(=O)O)=C2C(=O)O,173.19605426866968,333.763909,0.53788,-0.64049,300.38400000000007,8.33843980190539,-9.2418027045315,-1.271315909536,7.9704867949955,3.4667162068083868,1,1,1.3122,4,6,ok,False,6.574729573937866,0.780853955482372,0.780853955482372,5.044283944006774,8.105175203868958,18.18,0.5,1.0,1.6655396385718625e-54,8.320787175629924e-56,7.355583529420238,3.0878964716460855,2.714196543365607,1.1376834441831136,False,0.27408318626374484,2.2805878613191557e-56
2528842-36-4,O=C(O)C=1C=CC=C(C#CCCCO)C1C(=O)O,163.27206328632377,241.52102133333327,0.53677,-0.65324,219.96800000000005,4.997275055467729,-8.161238604196,-0.741238128762,7.420000475434,2.6702859468557825,1,0,1.207,3,3,ok,False,6.562262867786994,0.780853955482372,0.780853955482372,5.031817237855902,8.092708497718085,18.18,0.5,1.0,1.298869534951236e-54,6.482389701778133e-56,7.343116823269366,3.3941451931896074,2.714196543365607,1.2505156273542606,False,0.20934130216127075,1.3570319012870459e-56
1344469-51-7,O=C(O)C1=CC=CC(=C1C(=O)O)C(N)(C)CO,161.66390344562603,217.58799033333327,0.53294,-0.67103,208.87200000000004,2.9024418616055,-8.373487407586,-0.4364706162019999,7.937016791384,2.4447271065736444,1,0,0.2492000000000002,4,4,ok,False,6.5786007789889025,0.780853955482372,0.780853955482372,5.048155149057811,8.109046408919994,18.18,0.5,1.0,1.799143474404911e-54,8.991080942860831e-56,7.359454734471274,4.00997676971443,2.714196543365607,1.4774083990034317,False,0.11273271935994815,1.0135890046741081e-56
91066-04-5,O=C(O)C1=CC(OC)=C(OCC)C(Br)=C1C(=O)O,178.78947814340748,240.198212,0.53744,-0.65027,225.48000000000005,5.5902106847595645,-8.194980721658,-0.7398775595095,7.4551031621485,2.6770820861968,1,2,2.2528,2,4,ok,False,6.461252650070239,0.780853955482372,0.780853955482372,4.930807020139148,7.991698280001331,18.18,0.5,1.0,1.716035987067624e-55,8.494705936210944e-57,7.242106605552611,1.4090202366821636,2.714196543365607,0.5191297734595803,True,0.7637645471351973,6.487955232416824e-57
1015443-55-6,O=C(O)C1=CC(OC)=CC(=C1C(=O)O)CC,171.7988640926514,207.963704,0.53349,-0.66624,197.48800000000008,4.328897145925276,-8.040964282275,-0.477287693777,7.563676588498001,2.3983249375659432,1,1,1.654,2,3,ok,False,6.466072911765833,0.780853955482372,0.780853955482372,4.9356272818347415,7.996518541696925,18.18,0.5,1.0,1.8907716133986844e-55,9.363316004007734e-57,7.246926867248205,2.076965580932994,2.714196543365607,0.7652229850523479,True,0.556790508372272,5.213405477921697e-57
4961-06-2,O=C(O)C1=CC(O)=C(C(=O)O)C(C(=O)O)=C1C(=O)O,164.84956805848188,210.820223,0.54239,-0.64433,201.23200000000008,5.691484496157395,-8.5773006816105,-1.3646509602575,7.212649721353,3.426008688478922,2,1,0.1849999999999999,5,5,ok,False,6.540997157240844,0.780853955482372,0.780853955482372,5.010551527309753,8.071442787171936,18.18,0.5,1.0,8.493812609312944e-55,4.231779393376174e-56,7.321851112723216,4.099630075711834,2.714196543365607,1.5104396495282126,False,0.10213825575946311,4.322265659982814e-57
910480-65-8,O=C(O)C1=CC=C2C(=C1C(=O)O)N(C(C3=COC=C3)=C2C4CCCC4)C,168.44840530526616,376.9202813333333,0.53301,-0.65748,311.5680000000001,5.552346405799984,-7.1095185720135,-0.6473588503395,6.462159721674,2.327749155735163,1,1,4.492300000000003,2,4,ok,False,6.477969915459442,0.780853955482372,0.780853955482372,4.947524285528351,8.008415545390534,18.18,0.5,1.0,2.401639672885113e-55,1.1904604706374216e-56,7.258823870941814,2.7508975505346545,2.714196543365607,1.0135218679202715,False,0.35799846627001025,4.261830226432715e-57
98588-75-1,O=C(O)C=1C(Cl)=CC=C(OC)C1C(=O)O,172.68476977835326,186.9910703333333,0.53434,-0.64293,179.66400000000004,4.281476634293361,-8.0504882670425,-0.6043648619605,7.446123405082,2.514949008012986,2,0,1.745,2,3,ok,False,6.395835867022042,0.780853955482372,0.780853955482372,4.86539023709095,7.926281496953133,18.18,0.5,1.0,4.5853925221148385e-56,2.2579590274054733e-57,7.176689822504414,1.897600927701422,2.714196543365607,0.6991390996867142,True,0.6133647590914294,1.3849524948828764e-57
958781-11-8,O=C(O)C1=CC=CC(C(=O)C)=C1C(=O)O,171.8405787618705,186.67268166666668,0.53564,-0.665,174.46400000000006,6.895470018062583,-9.088058378999,-0.9461398581885,8.1419185208105,3.091566625416005,1,0,1.2856,2,3,ok,False,6.408024530703341,0.780853955482372,0.780853955482372,4.877578900772249,7.938470160634433,18.18,0.5,1.0,5.866752520605688e-56,2.8917562352247134e-57,7.188878486185713,2.3365612266566322,2.714196543365607,0.8608666282358807,True,0.4765935005106081,1.3781922267691236e-57
2383978-89-8,O=C(O)C=1C(F)=CC=C(OC)C1C(=O)O,177.50238830498478,169.80170866666666,0.53542,-0.64808,169.36800000000005,4.81674358981252,-8.082869815252002,-0.6914412941204999,7.391428521131502,2.6039802463067065,2,0,1.2307,2,3,ok,False,6.381392449451417,0.780853955482372,0.780853955482372,4.850946819520326,7.911838079382509,18.18,0.5,1.0,3.4231126736452397e-56,1.683675466507857e-57,7.162246404933789,1.3927022215285965,2.714196543365607,0.5131176756277362,True,0.7685191873497255,1.2939369012812881e-57
24096-46-6,O=C(O)C=1C(Br)=CC(Br)=C(O)C1C(=O)O,170.4130734828616,205.6622483333333,0.53577,-0.63682,186.20800000000008,1.3074062719751651,-8.278247559911,-0.84355293655,7.434694623361,2.7979375250930167,2,1,2.3136000000000005,3,3,ok,False,6.39773428156467,0.780853955482372,0.780853955482372,4.8672886516335785,7.928179911495762,18.18,0.5,1.0,4.764883346421578e-56,2.3467016664789614e-57,7.178588237047042,2.2364152129852437,2.714196543365607,0.8239695163018984,True,0.5071615110994715,1.190156763271118e-57
36978-40-2,O=C(O)C1=CC=C(C=C1C(=O)O)C=2C=CC=C(C(=O)O)C2C(=O)O,184.40442475677148,304.5512333333333,0.53247,-0.66317,266.0400000000001,5.70846511244485,-8.5201567730055,-0.8783835094140001,7.641773263591499,2.889792604195484,0,1,2.1464,4,4,ok,False,6.369468600121998,0.780853955482372,0.780853955482372,4.839022970190906,7.899914230053089,18.18,0.5,1.0,2.688443683262891e-56,1.3210639634690966e-57,7.15032255560437,1.3364963032510573,2.714196543365607,0.49240955173931517,True,0.784689511145748,1.0366250356868297e-57
927672-59-1,O=C(O)C=1C=CC=C(NC2=CC=C(OC)C(OCC)=C2)C1C(=O)O,179.62859796136144,342.882476,0.53248,-0.66925,288.75200000000007,1.6848559612026186,-6.766110892682501,-0.660148201313,6.1059626913695,2.2580110180292263,1,0,3.233900000000001,3,5,ok,False,6.36782596054803,0.780853955482372,0.780853955482372,4.837380330616939,7.898271590479122,18.18,0.5,1.0,2.6003938823722417e-56,1.2776296915487514e-57,7.148679916030402,1.695833896102369,2.714196543365607,0.6248014353446685,True,0.6768017847790215,8.647020555268657e-58
2586119-39-1,N#CC=1C=CC=CC1C#CC2=CC=CC(C(=O)O)=C2C(=O)O,171.2063398042878,328.75857233333335,0.53608,-0.65054,250.24000000000007,6.148212694759348,-7.8991929661645,-1.1485925629605,6.750600403204,3.0316719288476115,1,0,2.35448,2,3,ok,False,6.376728758973039,0.780853955482372,0.780853955482372,4.8462831290419475,7.907174388904131,18.18,0.5,1.0,3.1145585034860084e-56,1.5313399013799222e-57,7.157582714455411,2.2474755317871935,2.714196543365607,0.8280445044706752,True,0.5037587977366665,7.714259476453352e-58
857171-36-9,O=C(O)C=1C=C(C(C(=O)O)=C(O)C1C(=O)O)C,182.4888223271762,204.51686000000004,0.5372,-0.65604,189.20000000000005,4.38021083168379,-8.242328531645,-1.316486808719,6.925841722926,3.2981893886168736,1,2,0.79522,4,4,ok,False,6.353979775106694,0.780853955482372,0.780853955482372,4.823534145175603,7.884425405037786,18.18,0.5,1.0,1.9636368165341194e-56,9.637102968089325e-58,7.134833730589066,1.424590913321484,2.714196543365607,0.5248665270036007,True,0.759203917875069,7.316526330338872e-58
1061605-86-4,O=C(O)C=1C=CC=C(OCC2=CC=C(Cl)C=C2)C1C(=O)O,177.9412038610075,282.13500300000004,0.53604,-0.65877,250.71200000000005,5.163659617945397,-8.1555242133355,-0.677019260044,7.4785049532915,2.60793516539702,1,0,3.315400000000002,2,3,ok,False,6.300865058550625,0.780853955482372,0.780853955482372,4.770419428619533,7.831310688481716,18.18,0.5,1.0,6.666308325260611e-57,3.257858682542845e-58,7.081719014032997,1.4051216725739,2.714196543365607,0.5176934131791161,True,0.7649028321280169,2.491945332949872e-58
62268-18-2,O=C(O)C1=CC(Cl)=C(Cl)C(SC)=C1C(=O)O,171.96597093395218,225.53362433333328,0.53896,-0.65183,204.38400000000004,5.517093849120205,-8.2904926831835,-1.0277740133385,7.262718669844999,2.988897759045516,1,2,3.111700000000001,2,3,ok,False,6.310847196816452,0.780853955482372,0.780853955482372,4.78040156688536,7.8412928267475435,18.18,0.5,1.0,8.169827648004566e-57,3.995808558291633e-58,7.091701152298824,2.049564088622547,2.714196543365607,0.7551273667459192,True,0.5654025407516163,2.2592403112151425e-58
1005516-42-6,O=C(O)C1=CC=CC(=C1C(=O)O)N2CCCC(CO)C2,168.82287715424883,270.88730066666665,0.53082,-0.66638,247.9360000000001,9.20483718161272,-7.0257075060595,-0.3415028823775,6.684204623682,2.0300017714596907,1,0,1.2916999999999998,3,4,ok,False,6.358899246520211,0.780853955482372,0.780853955482372,4.82845361658912,7.889344876451303,18.18,0.5,1.0,2.1697756314749577e-56,1.0652973069763356e-57,7.139753202002583,3.588632258132756,2.714196543365607,1.3221711106016103,False,0.17409808255994738,1.854662185008557e-58
858789-93-2,O=C(O)C=1C=C(C=2OCOCC2C1C(=O)O)C,175.04621351325926,209.3952803333333,0.53484,-0.65668,195.29600000000005,4.363247781183186,-8.1707625889635,-0.5064038757805001,7.664358713183,2.4559529594880054,1,2,1.25792,2,4,ok,False,6.289056201205996,0.780853955482372,0.780853955482372,4.758610571274905,7.819501831137088,18.18,0.5,1.0,5.239656147444271e-57,2.5582437736308246e-58,7.069910156688368,1.6141239769893279,2.714196543365607,0.594696791923481,True,0.7021106443624183,1.796170184340083e-58
2594253-99-1,O=C(O)C=1C=CC=C(C#CCOC)C1C(=O)O,173.99220075972997,224.054222,0.53645,-0.6513,203.57600000000005,4.406846076277228,-8.249947719459,-0.729809347041,7.520138372418,2.6806699883711462,1,0,1.0809,2,3,ok,False,6.289884555905938,0.780853955482372,0.780853955482372,4.759438925974846,7.8203301858370295,18.18,0.5,1.0,5.328956309231462e-57,2.6020155349809223e-58,7.07073851138831,1.6912898266139795,2.714196543365607,0.6231272494794272,True,0.6782172809235416,1.7647319010555756e-58
882175-90-8,O=C(O)C1=CC=C2C(C(=O)CCC2(C)C)=C1C(=O)O,171.65202140831798,254.5821753333333,0.53511,-0.6674,229.18400000000003,6.319565517501975,-8.8494145321105,-0.9548475014045,7.894567030706001,3.0439780182988554,1,1,2.3371000000000004,2,3,ok,False,6.291883814739534,0.780853955482372,0.780853955482372,4.761438184808442,7.8223294446706255,18.18,0.5,1.0,5.55077915205582e-57,2.7107575586775228e-58,7.072737770221906,2.225106605841512,2.714196543365607,0.8198030504756214,True,0.5106468408168114,1.3842397835589693e-58
103988-64-3,O=C(O)C=1C=C(C(OC)=C(OC)C1C(=O)O)C,176.15140443866633,213.53472466666668,0.53506,-0.65937,206.15200000000004,4.539831380128562,-8.3944401740745,-0.6046369758110001,7.7898031982635,2.599019111536865,1,2,1.40862,2,4,ok,False,6.271366613823045,0.780853955482372,0.780853955482372,4.740920983891954,7.801812243754137,18.18,0.5,1.0,3.651351474094668e-57,1.780257156479026e-58,7.052220569305417,1.4734572862924937,2.714196543365607,0.5428705190470123,True,0.744748724198446,1.3258442460329078e-58
1344594-19-9,O=C(O)C1=CC=CC(=C1C(=O)O)C(N)CCO,162.93624913096954,216.157551,0.53451,-0.65467,209.22400000000005,6.551092310447166,-8.405868955795501,-0.5548401411695,7.851028814626002,2.556808458365602,1,0,0.4651999999999999,4,4,ok,False,6.355518436476316,0.780853955482372,0.780853955482372,4.825072806545225,7.885964066407408,18.18,0.5,1.0,2.025922002335001e-56,9.944007130651383e-58,7.136372391958688,3.9978413102432127,2.714196543365607,1.4729372933641292,False,0.11422966291387122,1.1359005825474393e-58
92379-37-8,O=C(O)C1=CC=2C=CC=CC2C(OC)=C1C(=O)O,175.35522974578726,253.145719,0.53505,-0.65869,208.0960000000001,4.507669496535876,-7.74980246224,-0.8685874107959999,6.881215051444,2.698529382106099,1,2,2.2448,2,3,ok,False,6.262028680846216,0.780853955482372,0.780853955482372,4.731583050915124,7.792474310777307,18.18,0.5,1.0,3.016942194578232e-57,1.4698546973953871e-58,7.042882636328588,1.5350759146512671,2.714196543365607,0.5655728647962137,True,0.7262415068625491,1.067469490305422e-58
2167121-79-9,O=C(O)C1=CC=CC(=C1C(=O)O)C(N)C=C,168.99291182406958,213.383343,0.53476,-0.65935,195.60000000000005,1.5534310573694603,-8.362602853565999,-0.6062696589140001,7.756333194651999,2.592741703018355,1,0,1.2688,3,3,ok,False,6.264257638466139,0.780853955482372,0.780853955482372,4.733812008535048,7.794703268397231,18.18,0.5,1.0,3.15760347923695e-57,1.5386568413753402e-58,7.045111593948511,2.483938259074548,2.714196543365607,0.9151652134942525,True,0.43277930549621174,6.658988392074146e-59
478-52-4,O=C(O)C1=CC=2OCOC2C(OC)=C1C(=O)O,178.778600377847,197.42887800000003,0.53595,-0.65838,188.00800000000004,6.737024248880212,-7.898920852313999,-0.5885822586315,7.310338593682499,2.463555830388062,1,2,0.8203,2,5,ok,False,6.235306477446194,0.780853955482372,0.780853955482372,4.704860847515103,7.765752107377286,18.18,0.5,1.0,1.7459420578906727e-57,8.488246365245839e-59,7.016160432928566,1.5771142812996888,2.714196543365607,0.5810611929171736,True,0.7134577136428024,6.056004844585124e-59
153356-62-8,O=C(O)C1=CC(OC)=C(OC)C(Br)=C1C(=O)O,177.04433245667593,222.97106266666665,0.53733,-0.64917,208.96800000000005,4.932105165139932,-8.209946983435499,-0.742870811865,7.467076171570499,2.6835452268793207,1,2,1.8627,2,4,ok,False,6.20769162042773,0.780853955482372,0.780853955482372,4.677245990496639,7.738137250358822,18.18,0.5,1.0,9.90889944379877e-58,4.806905735849235e-59,6.988545575910102,1.450740449161276,2.714196543365607,0.5345008830356686,True,0.7514946462002043,3.6123639252797536e-59
53812-59-2,O=C(O)C=1C=C(C(=O)O)C(C(=O)O)=C(C1C(=O)O)C(F)(F)F,168.3258975925949,214.61532166666663,0.53988,-0.63676,225.15200000000004,6.444553540005701,-9.580584448404,-1.420978527311,8.159605921093,3.708340484794216,1,2,1.4982000000000002,4,4,ok,False,6.233283085671192,0.780853955482372,0.780853955482372,4.7028374557401005,7.763728715602284,18.18,0.5,1.0,1.6750315757596667e-57,8.142197250290952e-59,7.014137041153564,3.2563609874612274,2.714196543365607,1.19975135751346,False,0.23706917095618685,1.9302639518882201e-59
39155-64-1,O=C(O)C=1C=CC=2C(=CC=C(C(=O)O)C2C(=O)O)C1C(=O)O,178.27043252239164,284.1562146666667,0.53758,-0.65055,236.99200000000005,5.769288879922724,-8.1625991734485,-1.585335293013,6.5772638804355,3.611768817922824,1,1,1.6326000000000005,4,4,ok,False,6.182837387663006,0.780853955482372,0.780853955482372,4.652391757731914,7.713283017594097,18.18,0.5,1.0,5.944990062358661e-58,2.8783251913367397e-59,6.963691343145378,2.0787732671811994,2.714196543365607,0.7658889966028466,True,0.5562230171807753,1.6009907223527536e-59
110978-93-3,O=C(O)C1=CC(O)=C(O)C(F)=C1C(=O)O,184.20791325825047,163.32678333333334,0.53554,-0.6501,160.77600000000004,1.8855207105730765,-8.13620412995,-0.6220522622429999,7.514151867707,2.5520862627573324,1,2,0.6333,4,4,ok,False,6.171606710941546,0.780853955482372,0.780853955482372,4.641161081010455,7.702052340872638,18.18,0.5,1.0,4.7179230895949486e-58,2.2822088210834327e-59,6.952460666423918,1.7038095817195635,2.714196543365607,0.6277399423723522,True,0.6743153256591365,1.538928384411029e-59
1806531-01-0,O=C(O)C1=CC=CC(C(=O)CC)=C1C(=O)O,173.5682398880874,202.821958,0.53527,-0.66346,191.44000000000003,7.464943340039494,-9.0562210584905,-0.8949824542945001,8.161238604196,3.0334381873711944,1,0,1.6757,2,3,ok,False,6.160503582786034,0.780853955482372,0.780853955482372,4.630057952854942,7.6909492127171255,18.18,0.5,1.0,3.7532100123859356e-58,1.8139607197771258e-59,6.941357538268406,2.2941435693936514,2.714196543365607,0.8452385568765446,True,0.48947190300752114,8.878828054902026e-60
92497-14-8,O=C(O)C=1C=CC=C(OCC=2C=CC=CC2)C1C(=O)O,178.11404746288977,269.79432733333334,0.53577,-0.65909,235.68800000000005,5.660050801892153,-8.101917784787,-0.6566107212565,7.4453070635305,2.575844788421678,1,0,2.662000000000001,2,3,ok,False,6.119996807019218,0.780853955482372,0.780853955482372,4.5895511770881265,7.65044243695031,18.18,0.5,1.0,1.626360283923564e-58,7.835378737686299e-60,6.90085076250159,1.4540585741788141,2.714196543365607,0.5357233903097451,True,0.7505120658732226,5.880546283320067e-60
53464-95-2,O=C(O)C=1C=CC=C(OC2=CC=C(C=C2)C(C3=CC=C(OC4=CC=CC(C(=O)O)=C4C(=O)O)C=C3)(C)C)C1C(=O)O,182.3848123414205,561.085335,0.53651,-0.65655,474.9600000000001,8.009556679991721,-7.612657081588001,-0.7621908952505,6.850466186337501,2.559609693973769,1,0,6.389900000000004,4,6,ok,False,6.109454923693969,0.780853955482372,0.780853955482372,4.579009293762877,7.63990055362506,18.18,0.5,1.0,1.3076956921460168e-58,6.294931782340797e-60,6.890308879176341,2.0340985905493314,2.714196543365607,0.7494293644730115,True,0.5702705553072657,3.5898142431368416e-60
1099520-06-5,O=C(O)C=1C=CC=C(OC(C)C)C1C(=O)O,177.2111871540061,205.84793166666668,0.53575,-0.66121,197.18400000000003,5.094369288734376,-8.026542248198501,-0.6440934841335,7.382448764065001,2.545900635597372,1,0,1.8702,2,3,ok,False,6.0956767571530825,0.780853955482372,0.780853955482372,4.565231127221991,7.626122387084174,18.18,0.5,1.0,9.831107005606934e-59,4.727353950423211e-60,6.8765307126354545,1.4659696808488931,2.714196543365607,0.5401118369383409,True,0.7469770655460378,3.5312249816846e-60
2564768-54-1,O=C(O)C=1C=CC=C(C#CC=CC)C1C(=O)O,171.49994681609334,255.55473733333332,0.53638,-0.65327,204.92000000000004,4.803605696765712,-7.619187814000001,-0.767905286111,6.851282527889001,2.5667942601837046,1,0,2.0106,2,2,ok,False,6.1069176105035945,0.780853955482372,0.780853955482372,4.576471980572503,7.637363240434686,18.18,0.5,1.0,1.240792806750111e-58,5.971690111329426e-60,6.887771565985966,2.128235221732216,2.714196543365607,0.7841124206477699,True,0.5407315747631907,3.229081397896934e-60
1005840-39-0,O=C(O)C1=CC=CC(C=2C=CC=CC2O)=C1C(=O)O,166.12868529290847,255.0321693333333,0.5353,-0.65446,218.72000000000008,2.598514292821958,-7.8855872736395,-0.6881759279145,7.197411345725,2.553328269891904,1,0,2.455600000000001,3,3,ok,False,6.122095190823693,0.780853955482372,0.780853955482372,4.591649560892601,7.652540820754784,18.18,0.5,1.0,1.6984766688906835e-58,8.184163435107916e-60,6.902949146306065,2.9066607746522184,2.714196543365607,1.0709102042580732,False,0.31763617162601415,2.5995863414892874e-60
1095282-49-7,O=C(O)C=1C=CC=C(N=NC2=CC=CC(C(=O)O)=C2C(=O)O)C1C(=O)O,166.81080808912202,345.02908899999994,0.53556,-0.65752,283.9600000000001,4.544673168666808,-8.5092722189855,-1.6792145714355,6.83005764755,3.799574924371943,1,0,2.8948,4,6,ok,False,6.119016420437555,0.780853955482372,0.780853955482372,4.588570790506464,7.649462050368647,18.18,0.5,1.0,1.5937203815280485e-58,7.67753792937617e-60,6.899870375919927,3.293651130956596,2.714196543365607,1.2134902827900829,False,0.22933793456088175,1.7607506912359597e-60
1344481-31-7,O=C(O)C1=CC=CC(=C1C(=O)O)C(N)C=C,168.0152178230287,213.7346213333333,0.5354,-0.65895,195.08000000000004,1.9300071865151176,-8.3612422843135,-0.627494539253,7.7337477450605,2.6118446174736305,1,0,1.2688,3,3,ok,False,6.083769501973076,0.780853955482372,0.780853955482372,4.553323872041984,7.614215131904167,18.18,0.5,1.0,7.680939954439326e-59,3.6899923510067693e-60,6.864623457455448,2.615686605301063,2.714196543365607,0.9637056725662203,True,0.39505565576475715,1.4577523479939173e-60
597565-48-5,O=C(O)C1=CC=C(C=C1)C=2C=CC=C(C(=O)O)C2C(=O)O,169.23663188241116,280.870433,0.53483,-0.6558,237.8640000000001,1.704836502424793,-8.400154564934999,-0.7812388647855,7.618915700149499,2.766075535842346,1,0,2.4482,3,3,ok,False,6.072036941301353,0.780853955482372,0.780853955482372,4.5415913113702615,7.602482571232445,18.18,0.5,1.0,6.021441846822589e-59,2.8901027943901257e-60,6.852890896783725,2.3842200975495915,2.714196543365607,0.8784257364771217,True,0.46225815148522714,1.335973575337069e-60
102326-94-3,O=C(O)C1=CC=2NC(=S)NC2C=C1C(=O)O,185.1729093757269,233.32833966666664,0.53179,-0.6682,181.44800000000004,4.978200495158869,-7.347618191201,-0.5621872151330001,6.785430976068,2.305123351292476,0,2,1.6218899999999998,4,3,ok,False,6.025358681513895,0.780853955482372,0.780853955482372,4.494913051582803,7.555804311444986,18.18,0.5,1.0,2.2811196750292363e-59,1.090886993609331e-60,6.806212636996267,1.471293963809317,2.714196543365607,0.5420734793158755,True,0.7453930193313942,8.131395499158066e-61
3453-47-2,O=C(O)C1=CC=C2C(C(=O)CC2)=C1C(=O)O,174.27400012159285,201.96643,0.53686,-0.65393,181.32000000000005,6.072046410395757,-8.919075677838501,-0.921921725494,7.997153952344501,3.027490481910918,1,1,1.2119,2,3,ok,False,6.02566369210189,0.780853955482372,0.780853955482372,4.495218062170799,7.556109322032982,18.18,0.5,1.0,2.295660419581819e-59,1.0978668021523439e-60,6.806517647584262,1.8952048709626237,2.714196543365607,0.6982563129391387,True,0.6141218740711515,6.742240180182995e-61
844882-64-0,O=C(O)C=1C=C(C(=O)O)C(C(=O)O)=C(C1)S(=O)(=O)O,167.523300336307,213.1185553333333,0.53948,-0.63628,208.9120000000001,6.18568673309601,-9.619768842876,-1.378528766633,8.241240076243,3.6694280590135273,1,1,0.0279000000000001,4,5,ok,False,6.069953511532217,0.780853955482372,0.780853955482372,4.539507881601126,7.600399141463309,18.18,0.5,1.0,5.766575195967209e-59,2.767324330374787e-60,6.850807467014589,3.323918369424323,2.714196543365607,1.2246417369991416,False,0.22318653351701226,6.176295244136359e-61
108171-24-0,O=C(O)C1=CC=C2C(C(=O)OC2(C)C)=C1C(=O)O,175.41157500862826,221.654807,0.53788,-0.64742,206.71200000000005,7.223302827654396,-9.161529118634,-0.8242328531645,8.3372962654695,2.9900413450103582,1,1,1.4885000000000002,2,4,ok,False,6.022423957639026,0.780853955482372,0.780853955482372,4.491978327707934,7.552869587570117,18.18,0.5,1.0,2.1458178438294514e-59,1.0259479528172922e-60,6.803277913121398,2.062501019119778,2.714196543365607,0.7598937608852283,True,0.5613343690030894,5.75899846724706e-61
88687-92-7,O=C(O)C=1C=CC=C(N=NC2=CC=CC(C(=O)O)=C2C(=O)O)C1C(=O)O,167.02173083538142,344.93935933333336,0.53557,-0.65693,284.10400000000004,4.619583028802492,-8.5016530311715,-1.680030912987,6.8216221181845,3.799194903452258,1,0,2.8948,4,6,ok,False,6.059071320387842,0.780853955482372,0.780853955482372,4.52862569045675,7.5895169503189335,18.18,0.5,1.0,4.6000522589372e-59,2.205646018729587e-60,6.839925275870214,3.2709890214723574,2.714196543365607,1.2051408102584669,False,0.23401633168121252,5.161571902903689e-61
19617-59-5,O=C(O)C1=CC=CC(C2=CC=C(OC)C=C2)=C1C(=O)O,168.97043840235185,276.64308966666664,0.5343,-0.6589,235.76000000000005,6.972425301141634,-7.5976908198105,-0.5825957539205,7.015095065890001,2.3847534423923715,1,0,2.7586000000000004,2,3,ok,False,6.036796667309959,0.780853955482372,0.780853955482372,4.5063510373788676,7.567242297241051,18.18,0.5,1.0,2.89459491181097e-59,1.3854995668015972e-60,6.817650622792331,2.8736711616217563,2.714196543365607,1.0587557369955238,False,0.32596550678515274,4.516250684430922e-61
36440-01-4,O=C(O)C1=CC=C2C=CC(C(=O)O)=C(C(=O)O)C2=C1,177.5758725252949,260.651674,0.53617,-0.65278,209.98400000000004,1.926467580832857,-8.029535500554001,-1.185327932778,6.844207567776001,3.101663240560938,1,1,1.9344,3,3,ok,False,5.9688388140921145,0.780853955482372,0.780853955482372,4.438393184161023,7.499284444023206,18.18,0.5,1.0,7.008843252175665e-60,3.3371147785417166e-61,6.749692769574486,1.393270044510021,2.714196543365607,0.5133268804411505,True,0.7683541754537161,2.564086074060831e-61
922508-37-0,O=C(O)C1=CC=C2C(C(=O)CCC2)=C1C(=O)O,172.58604692716196,219.346109,0.53533,-0.66616,196.63200000000003,6.217222178754753,-8.8232916024625,-0.89797570665,7.925315895812501,2.981049567536859,1,1,1.602,2,3,ok,False,5.958331608401174,0.780853955482372,0.780853955482372,4.427885978470083,7.488777238332266,18.18,0.5,1.0,5.624979172916975e-60,2.6760370739289668e-61,6.739185563883546,2.0948725069668823,2.714196543365607,0.7718204903353233,True,0.5511728209877579,1.4749589031052538e-61
42760-54-3,O=C(O)C1=CC=C(C(OC(=O)C)=C1C(=O)O)C,172.7972271021748,206.16074966666667,0.53561,-0.65135,200.40000000000003,5.095977065293759,-8.7797533863825,-0.6859990171105,8.093754369272,2.767580546563236,1,1,1.31672,2,4,ok,False,5.908594199466666,0.780853955482372,0.780853955482372,4.378148569535575,7.439039829397758,18.18,0.5,1.0,1.980952220944269e-60,9.38804750014014e-62,6.689448154949038,1.9279453235941613,2.714196543365607,0.7103189812494223,True,0.6037753694391221,5.66827184770914e-62
55289-21-9,O=C(O)C1=CC=C(OC)C(=C1C(=O)O)C,175.85249728695484,193.564744,0.53384,-0.66166,180.36000000000004,5.115981670217359,-8.014297124926001,-0.404361181843,7.609935943083001,2.3283312834765377,1,1,1.4000199999999998,2,3,ok,False,5.881966241929871,0.780853955482372,0.780853955482372,4.3515206119987795,7.412411871860963,18.18,0.5,1.0,1.1310903385555529e-60,5.349425371176191e-62,6.662820197412243,1.673811554733127,2.714196543365607,0.6166876745991278,True,0.683653760238866,3.6571547701217947e-62
29016-74-8,O=C(O)C1=CC(Cl)=CC(C(=O)O)=C1C(=O)O,173.3757793420351,189.45444466666663,0.53848,-0.65324,181.40800000000004,1.8871365053964693,-8.9441101520845,-1.06124401695,7.8828661351345,3.1748322986747004,1,1,1.4346,3,3,ok,False,5.877156634753793,0.780853955482372,0.780853955482372,4.346711004822701,7.4076022646848845,18.18,0.5,1.0,1.0220787079978878e-60,4.832071590689626e-62,6.658010590236165,1.7882163654974381,2.714196543365607,0.6588382001548229,True,0.6478683453790004,3.1305462262129624e-62
1061605-83-1,O=C(O)C=1C=CC=C(OCC=2C=CC=C(Cl)C2)C1C(=O)O,177.8847372844773,282.27922433333333,0.5362,-0.65817,250.5840000000001,6.741668369179843,-8.171578930515,-0.690624952569,7.480953977946,2.62462039924596,1,0,3.315400000000002,2,3,ok,False,5.872239025397173,0.780853955482372,0.780853955482372,4.341793395466081,7.402684655328264,18.18,0.5,1.0,9.214379237937793e-61,4.354624678342309e-62,6.653092980879545,1.674720599026271,2.714196543365607,0.6170225966575049,True,0.683371335056721,2.975825680109728e-62
1344625-62-2,O=C(O)C1=CC=CC(=C1C(=O)O)C(N)C(O)C,162.1774855203022,216.6960733333333,0.53355,-0.66204,209.12800000000004,3.511116057609033,-8.624376377747,-0.5613708735815,8.063005504165499,2.616206590758801,1,0,0.4636000000000001,4,4,ok,False,5.944695734109537,0.780853955482372,0.780853955482372,4.414250104178445,7.475141364040629,18.18,0.5,1.0,4.2270232372996155e-60,2.0088494428754003e-61,6.725549689591909,3.866502055069259,2.714196543365607,1.4245475569999775,False,0.13142279078035504,2.640086000402465e-62
2551177-31-0,O=C(O)C=1C=CC=C(C#CCNN)C1C(=O)O,162.47944558969823,227.22842766666668,0.53581,-0.65409,202.8640000000001,2.823215765753656,-8.209674869585001,-0.7104892636555,7.499185605929501,2.6525989735817417,1,0,-0.1022,4,4,ok,False,5.93541965263755,0.780853955482372,0.780853955482372,4.404974022706458,7.465865282568641,18.18,0.5,1.0,3.4797416324207834e-60,1.6525254356997117e-61,6.716273608119922,3.8191909132564463,2.714196543365607,1.407116563681363,False,0.13807240965561846,2.2816816892425996e-62
94035-95-7,O=C(O)C=1C(OC)=CC(OC)=C(OC)C1C(=O)O,169.6522904921045,222.36052200000003,0.53112,-0.65476,215.20800000000008,7.093723700567988,-7.742727502127001,-0.362999876567,7.379727625560001,2.225787307858931,2,1,1.1088,2,5,ok,False,5.88605258580187,0.780853955482372,0.780853955482372,4.355606955870779,7.416498215732962,18.18,0.5,1.0,1.2327605483761643e-60,5.832103882823222e-62,6.666906541284242,2.860595782147024,2.714196543365607,1.053938333662411,False,0.3293000258292125,1.9205119592523375e-62
518-90-1,O=C(O)C1=CC=C(OC)C(OC)=C1C(=O)O,177.63992982250932,198.1071203333333,0.53433,-0.65795,189.33600000000004,6.360190720410828,-8.0825977014015,-0.4933424109565,7.589255290445,2.42272614360949,1,1,1.1001999999999998,2,4,ok,False,5.810615287026801,0.780853955482372,0.780853955482372,4.280169657095709,7.341060916957892,18.18,0.5,1.0,2.5053965677878168e-61,1.1784374123031368e-62,6.591469242509173,1.595064224408214,2.714196543365607,0.5876745471167436,True,0.7079644677590139,8.342918153884999e-63
2517761-41-8,O=C(O)C=1C=CC=C(C#CC(O)C(C)C)C1C(=O)O,165.040924225949,259.3163646666667,0.53638,-0.6515,236.5600000000001,3.753781525342145,-8.314166588176999,-0.7336189409480001,7.5805476472289985,2.699752933119806,1,0,1.4514,3,3,ok,False,5.84334656122249,0.780853955482372,0.780853955482372,4.312900931291399,7.373792191153582,18.18,0.5,1.0,5.007527796376886e-61,2.361258399206377e-62,6.624200516704862,3.0252371099423883,2.714196543365607,1.1145976577625032,False,0.2887113327435544,6.81722059386785e-63
2597372-85-3,O=C(O)C=1C=CC=C(C#CCCC(O)C)C1C(=O)O,176.28913786591593,258.43869666666666,0.53638,-0.65366,236.68800000000005,1.2485571592842677,-8.1664087673555,-0.722190159227,7.444218608128501,2.6533070506343663,1,0,1.5955,3,3,ok,False,5.788469337658121,0.780853955482372,0.780853955482372,4.2580237077270295,7.318914967589213,18.18,0.5,1.0,1.5666073537044914e-61,7.356210845133609e-63,6.569323293140493,1.6158648834017666,2.714196543365607,0.5953381995682937,True,0.701574929514893,5.160933105171303e-63
52060-73-8,O=C(O)C1=CC(OC)=C(C(=O)O)C(=C1)C(=O)O,180.97884498691036,199.43462866666667,0.53776,-0.65212,191.67200000000005,3.407548237369502,-8.3013772372035,-1.0642372693055,7.237139967898,3.0300206806007184,1,1,0.7898000000000001,3,4,ok,False,5.765150439043725,0.780853955482372,0.780853955482372,4.234704809112634,7.295596068974817,18.18,0.5,1.0,9.547008327612873e-62,4.474944120371948e-63,6.546004394526097,1.431070130342263,2.714196543365607,0.5272536853826121,True,0.7572995108697916,3.388872993527326e-63
1061606-48-1,O=C(O)C=1C=CC=C(OCC2=CC=C(OC)C=C2)C1C(=O)O,177.52484156934736,291.9919693333333,0.53581,-0.6594,261.1840000000001,6.221778708697377,-7.6978287167945,-0.6528011273495,7.045027589445,2.474547399160786,1,0,2.6706000000000003,2,4,ok,False,5.7600964642995125,0.780853955482372,0.780853955482372,4.229650834368421,7.290542094230604,18.18,0.5,1.0,8.574300427611457e-62,4.0174594857929526e-63,6.540950419781884,1.5846346120544859,2.714196543365607,0.5838319321155486,True,0.7111586590208945,2.8570511005872884e-63
2505300-44-5,O=C(O)C=1C=CC=C(C#CC=2C=CC=C(O)C2)C1C(=O)O,170.92827335863987,312.701482,0.53637,-0.65196,240.8880000000001,1.513251284486486,-7.62463009101,-0.83266838253,6.791961708480001,2.6327407507774754,1,0,2.1884,3,3,ok,False,5.742770699435195,0.780853955482372,0.780853955482372,4.212325069504104,7.273216329366287,18.18,0.5,1.0,5.930267632743929e-62,2.7749384334563147e-63,6.523624654917567,2.1750369409403136,2.714196543365607,0.8013557257881057,True,0.5261489143126589,1.4600308440475104e-63
2604213-85-4,N#CC1=CC=CC(C#CC2=CC=CC(C(=O)O)=C2C(=O)O)=C1,171.35816687631342,327.3379923333333,0.53677,-0.6512,249.95200000000008,6.823573645825185,-7.8659950764035,-0.958929209162,6.9070658672415,2.8188267689514124,1,0,2.35448,2,3,ok,False,5.74145312517601,0.780853955482372,0.780853955482372,4.211007495244918,7.2718987551071015,18.18,0.5,1.0,5.766185097539545e-62,2.6978887449667076e-63,6.522307080658382,2.3893440656715024,2.714196543365607,0.8803135762263969,True,0.4607258987719317,1.2429872168114652e-63
18245-63-1,O=C(O)C=1C=CC=C(SCC)C1C(=O)O,171.26335760826476,211.155993,0.53628,-0.65881,191.18400000000003,5.541439070313775,-8.164503970401999,-0.7121219467584999,7.452382023643499,2.643265180958965,1,0,2.195,2,3,ok,False,5.73164331631011,0.780853955482372,0.780853955482372,4.201197686379018,7.262088946241201,18.18,0.5,1.0,4.678674890977933e-62,2.1874283272669503e-63,6.512497271792482,2.2119091519221166,2.714196543365607,0.8149406708695262,True,0.5147220169106703,1.1259175204583785e-63
601-97-8,O=C(O)C=1C=CC=C(O)C1C(=O)O,182.42492572506205,155.08731466666666,0.53479,-0.65864,147.39200000000002,3.851036952562257,-8.241784303944,-0.6587876320605,7.5829966718835,2.6117702610145623,1,0,0.7886,3,3,ok,False,5.6976115639833855,0.780853955482372,0.780853955482372,4.167165934052294,7.228057193914477,18.18,0.5,1.0,2.2631484212372175e-62,1.0553587917417594e-63,6.478465519465757,1.3903618306531125,2.714196543365607,0.5122553980298944,True,0.7691989788544075,8.117809049327826e-64
1193545-29-7,O=C(O)C1=CC=C(C(=C1C(=O)O)S(=O)(=O)O)C,165.73766674209355,206.612674,0.53705,-0.64684,197.13600000000005,6.65695308305534,-9.096221794514,-0.790218621852,8.306003172662,2.9418994332935524,1,1,0.6381200000000001,3,4,ok,False,5.745651792218303,0.780853955482372,0.780853955482372,4.2152061622872115,7.276097422149395,18.18,0.5,1.0,6.3054497441377136e-62,2.9511445630220006e-63,6.526505747700675,3.171067137765493,2.714196543365607,1.1683262752347943,False,0.25538417845489036,7.5367562972899e-64
597565-53-2,O=C(O)C1=CC=CC(C2=CC=C3OCCOC3=C2)=C1C(=O)O,170.5339949086189,293.49571366666663,0.53476,-0.65824,250.03200000000007,5.718888938421519,-7.510342273800001,-0.591031283286,6.919310990514001,2.371343534111653,1,0,2.5212000000000003,2,4,ok,False,5.715728293483457,0.780853955482372,0.780853955482372,4.185282663552365,7.246173923414548,18.18,0.5,1.0,3.332138888918357e-62,1.555994733096708e-63,6.4965822489658285,2.4549097378724416,2.714196543365607,0.9044701437974534,True,0.44128416718390623,6.866358399371252e-64
113665-35-3,O=C(O)C1=CC(O)=C(C(=O)O)C(=C1)C(=O)O,180.04444143197148,185.388509,0.5408,-0.6559,173.45600000000005,2.650497021315059,-8.3895421247655,-1.418801616507,6.9707405082584994,3.450264962272781,1,1,0.4868,4,4,ok,False,5.689559552195581,0.780853955482372,0.780853955482372,4.159113922264489,7.220005182126672,18.18,0.5,1.0,1.9053111090456822e-62,8.879479398919521e-64,6.470413507677953,1.6803438242514503,2.714196543365607,0.619094379277273,True,0.6816234835790976,6.0524616802603564e-64
73322-57-3,O=C(O)C1=CC=C(OC)C(C(=O)O)=C1C(=O)O,166.34686067425082,200.908179,0.53391,-0.64976,191.63200000000003,2.8672370829772693,-8.337024151619,-0.546948839505,7.790075312113999,2.532869482798452,2,0,0.7897999999999998,3,4,ok,False,5.722615125680501,0.780853955482372,0.780853955482372,4.192169495749409,7.2530607556115925,18.18,0.5,1.0,3.859479715475423e-62,1.803189205831376e-63,6.503469081162873,2.8727955941855527,2.714196543365607,1.058433148921221,False,0.3261882107121949,5.881790606256802e-64
2511739-37-8,O=C(O)C=1C=NC=C(OC2=CC=CC(C(=O)O)=C2C(=O)O)C1,179.65899578610438,270.88468866666665,0.53638,-0.65338,242.43200000000004,2.205383594751716,-8.2768869906585,-0.9194727008395,7.357414289819,2.8737348558867737,1,0,1.9685,3,5,ok,False,5.679651637762671,0.780853955482372,0.780853955482372,4.149206007831579,7.2100972676937625,18.18,0.5,1.0,1.5414420353467508e-62,7.178312113448357e-64,6.460505593245043,1.3695527153106144,2.714196543365607,0.5045886299790093,True,0.7752190181385168,5.564764068479257e-64
2083622-36-8,O=C(O)C1=CC=C(C=C1C(=O)O)CN(CC=2C=CC=CC2C)CCC(=O)O,182.091037621336,368.2082173333333,0.53202,-0.66673,334.4720000000001,3.559302164750838,-7.698645058346,-0.644365597984,7.054279460362,2.4667943481241106,0,1,2.8683200000000006,3,4,ok,False,5.6559046203705865,0.780853955482372,0.780853955482372,4.125458990439495,7.186350250301678,18.18,0.5,1.0,9.269317198604602e-63,4.3088502941628425e-64,6.436758575852958,1.4200871793092644,2.714196543365607,0.523207202065166,True,0.7605253942718094,3.276990068826398e-64
2590155-61-4,O=C(O)C=1C=CC=C(C#CCC(O)C(C)C)C1C(=O)O,164.59644274459583,275.633278,0.53615,-0.65304,253.1200000000001,4.724902731273946,-8.149809822475,-0.7077681251504999,7.4420416973245,2.63559014747484,1,0,1.8415,3,3,ok,False,5.701718623729669,0.780853955482372,0.780853955482372,4.171272993798578,7.232164253660761,18.18,0.5,1.0,2.4707073633003407e-62,1.1525078314002196e-63,6.482572579212041,3.169414433881988,2.714196543365607,1.1677173643261332,False,0.25574770624010307,2.947512343043616e-64
1061606-39-0,O=C(O)C=1C=CC=C(OCC=2SC(Cl)=CC2)C1C(=O)O,176.80306794739374,273.0535396666667,0.53593,-0.65811,242.2800000000001,5.752277618474268,-8.0956591662255,-0.6702164137815,7.425442752444001,2.587070469935003,1,0,3.376900000000002,2,4,ok,False,5.650793516664389,0.780853955482372,0.780853955482372,4.120347886733297,7.18123914659548,18.18,0.5,1.0,8.307210341268992e-63,3.8601204000262135e-64,6.431647472146761,1.5702910725048649,2.714196543365607,0.5785472965630197,True,0.7155405740252452,2.762072766841316e-64
488131-69-7,O=C(O)C=1C(OCCC)=CC=C(OCCC)C1C(=O)O,170.71925120812153,262.3680753333333,0.53141,-0.65595,256.6480000000001,5.951005084857515,-7.470069423926,-0.4971520048635,6.9729174190625,2.2758270850100266,2,0,2.6606000000000005,2,4,ok,False,5.631273692503991,0.780853955482372,0.780853955482372,4.1008280625729,7.161719322435083,18.18,0.5,1.0,5.46416555900555e-63,2.5352944571723165e-64,6.412127647986363,2.516012395022023,2.714196543365607,0.9269823886453575,True,0.42345994558357014,1.0735956528725162e-64
4775-35-3,O=C(O)C1=C(OC)C=C(OC)C(=C1C(=O)O)C,171.3585937718206,217.4604063333333,0.53021,-0.66074,205.41600000000005,6.030833372760352,-7.679869202661499,-0.279733038314,7.400136164347499,2.140341286548762,2,1,1.40862,2,4,ok,False,5.6259995993282175,0.780853955482372,0.780853955482372,4.095553969397126,7.156445229259309,18.18,0.5,1.0,4.878890961576926e-63,2.2628335717864365e-64,6.406853554810589,2.48402913331996,2.714196543365607,0.9151986945793398,True,0.43275278448088395,9.792475290074046e-65
2563599-08-4,O=C(O)C=1C=CC=C(C#CC(N)(C)CC)C1C(=O)O,168.91427037678014,268.0383316666667,0.53616,-0.65315,239.49600000000007,1.9995206975672943,-8.0733458304845,-0.7181084514695,7.355237379015,2.627028347589436,1,0,1.5619,3,3,ok,False,5.624168571038356,0.780853955482372,0.780853955482372,4.093722941107265,7.154614200969448,18.18,0.5,1.0,4.6906667728451363e-63,2.1752341763021626e-64,6.405022526520728,2.4606086855073164,2.714196543365607,0.906569825063648,True,0.4396093234595388,9.562532246102609e-65
110978-92-2,O=C(O)C1=CC(O)=CC(F)=C1C(=O)O,182.31046498207763,155.0460628333333,0.53462,-0.65617,152.45600000000005,4.01041409707277,-8.411039118955,-0.705863328197,7.705175790757999,2.696820698451233,1,1,0.9277,3,3,ok,False,5.585405788137425,0.780853955482372,0.780853955482372,4.054960158206334,7.115851418068517,18.18,0.5,1.0,2.0368314937301996e-63,9.417961050308586e-65,6.366259743619797,1.4050480451924172,2.714196543365607,0.5176662864105471,True,0.764924315462314,7.204027409458031e-65
2647715-71-5,O=C(O)C=1C=CC=C(C#CC(O)(C)C)C1C(=O)O,168.75965861865507,243.1321103333333,0.53577,-0.65124,219.82400000000004,2.0678927655949666,-8.282057153818,-0.709128694403,7.572928459415,2.668763589623772,1,0,1.2054,3,3,ok,False,5.611300744886656,0.780853955482372,0.780853955482372,4.080855114955565,7.141746374817748,18.18,0.5,1.0,3.5570445013759304e-63,1.647930350385072e-64,6.392154700369028,2.473067945954426,2.714196543365607,0.911160229718596,True,0.43595643331255957,7.184258379013926e-65
39521-06-7,O=C(O)C=1C(N)=CC=C(C1C(=O)O)C,165.7446314665676,186.96806433333336,0.53293,-0.66829,166.12000000000003,3.5568633822512776,-7.2945559903534996,-0.525723959166,6.768832031187499,2.258764075067748,2,0,0.9736200000000002,3,3,ok,False,5.624082372808647,0.780853955482372,0.780853955482372,4.093636742877555,7.154528002739738,18.18,0.5,1.0,4.68198642832534e-63,2.1711946469022624e-64,6.4049363282910186,3.089192374084152,2.714196543365607,1.1381608976089659,False,0.27378552657029664,5.9444166968874525e-65
2476480-11-0,O=C(O)C=1C=CC=C(C#CC(C)(C)CO)C1C(=O)O,167.01252698298353,260.7042663333333,0.53572,-0.65376,236.16000000000005,2.6830294314449854,-8.1930759247045,-0.6957951157285,7.497280808976,2.6346895089901308,1,0,1.4529999999999998,3,3,ok,False,5.597873143453146,0.780853955482372,0.780853955482372,4.067427513522055,7.128318773384238,18.18,0.5,1.0,2.6643554150586703e-63,1.2331102462909013e-64,6.378727098935518,2.738374785444562,2.714196543365607,1.008908066049253,False,0.3613546164614376,4.455900801031175e-65
2494739-65-8,O=C(O)C=1C=CC=C(C#CCC(O)CC)C1C(=O)O,164.7171997208768,258.1655686666666,0.53642,-0.65361,236.36800000000005,5.566664556985629,-8.159878034943501,-0.7211017038249999,7.438776331118501,2.6506980990433067,1,0,1.5955,3,3,ok,False,5.604899474980168,0.780853955482372,0.780853955482372,4.074453845049076,7.135345104911259,18.18,0.5,1.0,3.099400279136468e-63,1.4352167719130606e-64,6.38575343046254,3.220822534259169,2.714196543365607,1.1866578130209189,False,0.244593711543368,3.5104499711150695e-65
1344417-23-7,O=C(O)C1=CC=CC(=C1C(=O)O)CCC(N)C,165.29815076347617,228.59011633333333,0.53467,-0.66063,217.75200000000004,3.796455901232096,-8.3922632632705,-0.595385104894,7.796878158376501,2.590069433847287,1,0,1.3628000000000002,3,3,ok,False,5.595937030628723,0.780853955482372,0.780853955482372,4.065491400697631,7.126382660559814,18.18,0.5,1.0,2.555561224965995e-63,1.1825858005010017e-64,6.376790986111095,3.0224307372133317,2.714196543365607,1.1135636969994493,False,0.28937724175819324,3.4221341709138487e-65
727-57-1,O=C(O)C1=CC(OC)=C(C(=O)O)C(=C1C(=O)O)C,175.5674838222854,215.21131766666667,0.53599,-0.66036,208.27200000000005,1.369361475286931,-8.219470968203,-0.7562043905395,7.4632665776635,2.6986423205975987,1,2,1.09822,3,4,ok,False,5.544987742143694,0.780853955482372,0.780853955482372,4.014542112212602,7.0754333720747855,18.18,0.5,1.0,8.512745361810574e-64,3.924202894046787e-65,6.325841697626066,1.6333914165584875,2.714196543365607,0.601795555502801,True,0.6961724400634919,2.731921904052768e-65
1193544-66-9,O=C(O)C=1C=C(C=C(C1C(=O)O)S(=O)(=O)O)C,166.04478384012435,204.84034166666663,0.53748,-0.64234,197.72000000000008,3.8815335178251393,-9.0252000795335,-0.8264097639685001,8.198790315565,2.959406594541541,1,1,0.6381200000000001,3,4,ok,False,5.548651754970168,0.780853955482372,0.780853955482372,4.018206125039076,7.079097384901259,18.18,0.5,1.0,9.214345644492303e-64,4.248795291173062e-65,6.32950571045254,2.819099083891698,2.714196543365607,1.038649574137329,False,0.34000568604307874,1.4446145578318993e-65
2631705-26-3,O=C(O)C1=CC(=CC(C(=O)O)=C1C(=O)O)C=2C=C(C(=O)O)C(C(=O)O)=C(C2)C(=O)O,176.0147635685093,360.849448,0.53687,-0.65625,320.29600000000005,3.7786824608585463,-8.534578807082,-1.0778429618305,7.456735845251499,3.0978250464076384,1,1,1.5428000000000002,6,6,ok,False,5.551795723230702,0.780853955482372,0.780853955482372,4.021350093299611,7.082241353161794,18.18,0.5,1.0,9.862113403698804e-64,4.548559310967291e-65,6.332649678713074,3.1927465243365476,2.714196543365607,1.1763136800614808,False,0.2506459548857439,1.140077991851838e-65
2523955-12-4,O=C(O)C#CC1=CC=CC(C(=O)O)=C1C(=O)O,175.0455724795814,216.64119866666667,0.53667,-0.64571,189.40800000000004,2.565562024196648,-8.74029687806,-1.2193421640905,7.5209547139695,3.2972678876022155,1,0,0.5191000000000001,3,3,ok,False,5.502938786535031,0.780853955482372,0.780853955482372,3.9724931566039396,7.033384416466123,18.18,0.5,1.0,3.425035594070965e-64,1.5739025809142275e-65,6.283792742017403,1.6595288897754217,2.714196543365607,0.6114254672646527,True,0.68808623865637,1.0829807069128237e-65
2304464-21-7,O=C(O)C1=CC=C(N)C(F)=C1C(=O)O,182.43001773553732,170.39746866666664,0.53379,-0.64973,155.44800000000004,5.398504609611813,-7.6706173317444994,-0.489260703199,7.181356628545499,2.317932842956413,1,1,0.8043000000000002,3,3,ok,False,5.49573598210199,0.780853955482372,0.780853955482372,3.965290352170898,7.026181612033081,18.18,0.5,1.0,2.9295984254997062e-64,1.3455094911806868e-65,6.276589937584362,1.4471249717370642,2.714196543365607,0.53316882127579,True,0.7525641837469036,1.0125822519541051e-65
1344408-17-8,O=C(O)C1=CC=C2C(=C1C(=O)O)CCC2N,177.32009841938816,210.5196576666667,0.53362,-0.6623,190.96000000000004,1.5335595977985337,-8.2790639014625,-0.6119840497745,7.667079851688,2.5776023988387085,1,1,1.029,3,3,ok,False,5.458352939431434,0.780853955482372,0.780853955482372,3.927907309500342,6.988798569362525,18.18,0.5,1.0,1.3002717851816997e-64,5.955248421360509e-66,6.2392068949138055,1.5608257136787205,2.714196543365607,0.5750599445327178,True,0.7184250166955503,4.2783994465420733e-66
1344389-47-4,O=C(O)C1=CC=CC(=C1C(=O)O)CC(N)C,165.67161313836897,212.9258686666667,0.53495,-0.65876,200.84800000000004,3.6000850059408323,-8.241240076243,-0.6190590098875,7.622181066355501,2.5748830686470963,1,0,0.9727,3,3,ok,False,5.489603592358317,0.780853955482372,0.780853955482372,3.9591579624272253,7.020049222289408,18.18,0.5,1.0,2.5645215827359844e-64,1.1772964378406476e-65,6.270457547840689,2.9670453858284933,2.714196543365607,1.0931578971614757,False,0.302705713464345,3.563743581755851e-66
1005516-62-0,O=C(O)C1=CC=CC(C2=CC=CC(O)=C2)=C1C(=O)O,169.990876354863,258.0653026666667,0.53487,-0.65568,218.44000000000003,1.843808683133909,-7.855382636234,-0.6253176284490001,7.230065007785,2.486916677165133,1,0,2.4556,3,3,ok,False,5.45320706563242,0.780853955482372,0.780853955482372,3.9227614357013287,6.983652695563512,18.18,0.5,1.0,1.1625086860298482e-64,5.322249734827849e-66,6.234061021114792,2.346153623777918,2.714196543365607,0.8644007853862655,True,0.4736963768133158,2.521130415883583e-66
2555640-49-6,O=C(O)C=1C=CC=C(C#CC=2C=CC=CC2O)C1C(=O)O,165.18475840108366,314.1597263333333,0.53584,-0.65051,240.8400000000001,4.163110006953936,-7.5144239815575,-0.7804225232340001,6.7340014583235,2.5543682669167915,1,0,2.1884,3,3,ok,False,5.467195858911608,0.780853955482372,0.780853955482372,3.9367502289805163,6.997641488842699,18.18,0.5,1.0,1.57605736252264e-64,7.223112502864895e-66,6.24804981439398,3.0677691172686723,2.714196543365607,1.1302678594766151,False,0.2787317486167343,2.0133107783789282e-66
1824458-55-0,O=C(O)C1=CC=CC(=C1C(=O)O)CS,167.88441545347922,193.131325,0.53468,-0.65824,173.57600000000005,2.434674017194088,-8.2257295867645,-0.6359300686185,7.589799518145999,2.5866629171196287,1,0,1.5128,3,3,ok,False,5.450350876301327,0.780853955482372,0.780853955482372,3.9199052463702353,6.980796506232418,18.18,0.5,1.0,1.0924256136467503e-64,5.00032712732968e-66,6.231204831783699,2.61446758343948,2.714196543365607,0.9632565444938402,True,0.3953977057912357,1.9771178743518356e-66
64019-77-8,O=C(O)C=1C(OC)=CC=C(OC)C1C(=O)O,174.9424080217027,196.39206866666663,0.53162,-0.65502,189.96800000000005,5.692600029863331,-7.550615123674,-0.5347037162325,7.0159114074415,2.3294329470013366,2,0,1.1002,2,4,ok,False,5.404051753381289,0.780853955482372,0.780853955482372,3.8736061234501973,6.93449738331238,18.18,0.5,1.0,3.9796155733673085e-65,1.815310602377801e-66,6.184905708863661,1.8315140453839842,2.714196543365607,0.6747905010272044,True,0.6342308841365428,1.1513260483285129e-66
20736-29-2,O=C(O)C1=CC(OC)=C(O)C(OC)=C1C(=O)O,175.94506146830858,204.23781666666665,0.53552,-0.65545,197.99200000000005,1.484955224914206,-7.8997371938655006,-0.53334314698,7.3663940468855005,2.413556876760582,1,2,0.8057999999999998,3,5,ok,False,5.376352069005949,0.780853955482372,0.780853955482372,3.8459064390748576,6.906797698937041,18.18,0.5,1.0,2.1713955113420098e-65,9.884523369318599e-67,6.157206024488321,1.7359766860366626,2.714196543365607,0.639591370153338,True,0.6642630018695177,6.565923165352972e-67
100039-01-8,O=C(O)C1=CC=C2C(=O)C=3C=CC=CC3NC2=C1C(=O)O,176.6182321415962,308.67107500000003,0.5381,-0.65635,229.06400000000005,7.186891535288396,-7.457280072952501,-1.471591703504,5.985688369448501,3.329807128254616,1,1,2.0777,3,3,ok,False,5.37281005620054,0.780853955482372,0.780853955482372,3.842364426269448,6.903255686131631,18.18,0.5,1.0,2.0093531338925903e-65,9.144479759464272e-67,6.1536640116829115,2.2583824660503025,2.714196543365607,0.8320629806896391,True,0.5004093558437099,4.57598322595936e-67
2411-45-2,O=C(O)C1=CC(OC)=C(C(=O)O)C(OC)=C1C(=O)O,173.90576478845054,221.03038266666667,0.53769,-0.6553,217.8640000000001,1.779815386493779,-8.2888600000805,-1.0158010039165,7.273058996164001,2.9759388877831623,1,2,0.7984,3,5,ok,False,5.350242849461859,0.780853955482372,0.780853955482372,3.8197972195307672,6.88068847939295,18.18,0.5,1.0,1.2253070843763504e-65,5.567005459078011e-67,6.131096804944231,1.7093541683523803,2.714196543365607,0.6297827519273085,True,0.672585313973526,3.744286114586317e-67
52060-74-9,O=C(O)C1=CC(OC)=C(C(=O)O)C(C(=O)O)=C1C(=O)O,163.43259306716806,224.279337,0.53833,-0.64399,219.40800000000004,3.133944393252695,-8.4390668455565,-1.0299509241425,7.409115921414,3.0254047336380365,2,1,0.4879999999999998,4,5,ok,False,5.3899033374568965,0.780853955482372,0.780853955482372,3.859457707525805,6.920348967387988,18.18,0.5,1.0,2.920936473319912e-65,1.3309923798437442e-66,6.1707572929392684,3.5994576106492326,2.714196543365607,1.3261595294001447,False,0.1722688230734766,2.2928849079544755e-67
40073-01-6,O=C(O)C1=CC=C2C(=C1C(=O)O)CCCC2,174.5040363153179,214.255114,0.5338,-0.66389,194.0480000000001,5.593726999058856,-8.400698792636,-0.5129346081924999,7.887764184443499,2.5182313563919965,1,1,1.9618,2,2,ok,False,5.319638386864438,0.780853955482372,0.780853955482372,3.789192756933346,6.850084016795529,18.18,0.5,1.0,6.256788897175815e-66,2.8362565277532373e-67,6.10049234234681,1.8306963696913727,2.714196543365607,0.674489242190732,True,0.634488740260793,1.7995728313506026e-67
1630310-03-0,O=C(O)C1=CC=C2NC(C)CC2=C1C(=O)O,181.00746895737743,220.92869733333336,0.53139,-0.66383,190.47200000000004,6.871864929551512,-7.2270717554295,-0.3434076793309999,6.8836640760985,2.081455393470292,1,1,1.4395,3,3,ok,False,5.315051808435862,0.780853955482372,0.780853955482372,3.78460617850477,6.845497438366953,18.18,0.5,1.0,5.656518528702638e-66,2.563280514112098e-67,6.095905763918234,1.738328220390752,2.714196543365607,0.6404577533781776,True,0.6635267338477351,1.7008051474643437e-67
37950-94-0,O=C(O)C=1C=C(C(=O)O)C(C(=O)O)=C(Cl)C1C(=O)O,177.3198026804771,215.83143933333332,0.54059,-0.63595,208.9120000000001,5.269701108222363,-9.1677877371955,-1.4141756810485,7.753612056147,3.6105091721825,1,2,1.1328,4,4,ok,False,5.324136493914843,0.780853955482372,0.780853955482372,3.793690863983751,6.854582123845934,18.18,0.5,1.0,6.907078238550807e-66,3.132078775092953e-67,6.1049904493972145,2.1337541906294204,2.714196543365607,0.7861457917795307,True,0.5390078167103952,1.6882149423278215e-67
1005516-20-0,O=C(O)C=1C=CC=C(OCCCO)C1C(=O)O,182.25997464890685,209.62313333333336,0.53588,-0.66015,205.95200000000008,4.434218670746854,-8.0575632271555,-0.6576991766585,7.399864050496999,2.566121426319729,1,0,0.8442000000000001,3,4,ok,False,5.307450099213906,0.780853955482372,0.780853955482372,3.777004469282814,6.837895729144997,18.18,0.5,1.0,4.785410911337826e-66,2.1673172672178e-67,6.088304054696278,1.3969979210104255,2.714196543365607,0.5147003537474654,True,0.7672700495283741,1.6629176269619016e-67
106113-16-0,O=C(O)C1=CC=C(C(=C1C(=O)O)CC=C(C)C)C,171.95361724692864,256.173724,0.53423,-0.66394,232.69600000000003,5.9505396469564,-7.9884463091285,-0.5088529004350001,7.4795934086935,2.413369614881939,1,1,2.900120000000001,2,2,ok,False,5.316808699903085,0.780853955482372,0.780853955482372,3.7863630699719932,6.847254329834176,18.18,0.5,1.0,5.879352102010787e-66,2.6646043149609633e-67,6.097662655385457,2.275829602271241,2.714196543365607,0.8384910841604749,True,0.4950644622044198,1.3191509021737257e-67
22481-10-3,O=C(O)C=1C(O)=C(C=C(C1C(=O)O)C)C,166.59024539856875,193.676718,0.53856,-0.66329,178.40000000000003,3.148252316762429,-7.822184746473,-0.6590597459109999,7.163125000562,2.5104792996754344,2,1,1.40544,3,3,ok,False,5.316615182754709,0.780853955482372,0.780853955482372,3.7861695528236172,6.8470608126858,18.18,0.5,1.0,5.854384935510243e-66,2.6532509353808606e-67,6.097469138237081,2.8419306710697816,2.714196543365607,1.0470614878706552,False,0.3340923726634195,8.86430900272829e-68
488131-67-5,O=C(O)C=1C(OCC)=CC=C(OCC)C1C(=O)O,173.69144942416827,229.1261483333333,0.53123,-0.65625,223.20800000000008,6.104400556975271,-7.470885765477501,-0.4966077771625,6.974277988315001,2.2755385381242608,2,0,1.8804,2,4,ok,False,5.23158189973958,0.780853955482372,0.780853955482372,3.7011362698084884,6.7620275296706716,18.18,0.5,1.0,8.970037243418265e-67,4.0399219507586075e-68,6.012435855221952,2.078171823644943,2.714196543365607,0.7656674048622903,True,0.556411820322929,2.2478603265841552e-68
675139-09-0,O=C(O)C1=CC=C(C=C1C(=O)O)CNC(=O)OC(C)(C)C,181.9216432577986,266.345892,0.5321,-0.66498,262.68000000000006,4.406165093366339,-8.744106471967001,-0.6811009678015,8.0630055041655,2.754386538517613,0,1,2.1077,3,4,ok,False,5.200100736208867,0.780853955482372,0.780853955482372,3.6696551062777756,6.730546366139959,18.18,0.5,1.0,4.4655759541625444e-67,2.0065688755984226e-68,5.980954691691239,1.4618013828195306,2.714196543365607,0.5385760977378945,True,0.7482155208318922,1.5013459763409382e-68
1005516-38-0,O=C(O)C1=CC=CC(=C1C(=O)O)N2CCC(O)CC2,167.28233935012454,253.81399666666667,0.53162,-0.66561,231.7040000000001,3.3439434235644594,-7.084756211617999,-0.398374677132,6.686381534485999,2.093705227908035,1,0,1.0440999999999998,3,4,ok,False,5.221927948110259,0.780853955482372,0.780853955482372,3.691482318179167,6.75237357804135,18.18,0.5,1.0,7.243979024196902e-67,3.260230878395452e-68,6.002781903592631,2.924248536299035,2.714196543365607,1.0773901187984578,False,0.31324505605229486,1.0212512042464057e-68
927672-42-2,O=C(O)C=1C=CC=C(NC2=CC=C3OCOC3=C2)C1C(=O)O,178.8965486291302,300.40862866666663,0.53265,-0.66861,245.4000000000001,2.2585590561240587,-6.9135965996535,-0.6805567401005,6.233039859553,2.3131235419306586,1,0,2.5553,3,5,ok,False,5.183081682479814,0.780853955482372,0.780853955482372,3.652636052548722,6.713527312410905,18.18,0.5,1.0,3.0607259179180186e-67,1.373599786646329e-68,5.9639356379621855,1.6515329101740615,2.714196543365607,0.6084794832603238,True,0.690563545899127,9.485579393127733e-69
2517863-45-3,O=C(O)C=1C=CC=C(C#CC(O)CCCCC)C1C(=O)O,170.66913008464792,291.3051503333333,0.53602,-0.65161,270.44800000000004,1.92090156957612,-8.3166156128315,-0.725999753134,7.5906158596974995,2.6930915148449497,1,0,2.3757,3,3,ok,False,5.18273910311403,0.780853955482372,0.780853955482372,3.6522934731829384,6.7131847330451215,18.18,0.5,1.0,3.037526523977564e-67,1.3631541596246591e-68,5.963593058596402,2.167196459765596,2.714196543365607,0.7984670325599449,True,0.528586084643784,7.205443200018863e-69
872814-86-3,O=C(O)C1=CC=C(OC)C(O)=C1C(=O)O,181.98277587114296,182.116604,0.53434,-0.65753,171.84800000000004,6.043264542447235,-7.8692604426095,-0.4857232231425,7.383537219467,2.363560647833433,1,1,0.7971999999999999,3,4,ok,False,5.142804996722317,0.780853955482372,0.780853955482372,3.6123593667912255,6.673250626653409,18.18,0.5,1.0,1.2495775512305094e-67,5.591415308878886e-69,5.923658952204689,1.475227578442003,2.714196543365607,0.5435227533716918,True,0.7442211948475681,4.1612497820628287e-69
1344395-08-9,O=C(O)C1=CC=CC(=C1C(=O)O)C(N)CC,165.4305184287372,211.664342,0.53338,-0.66986,200.13600000000005,4.528308347495784,-8.336479923918,-0.491981841704,7.844498082214001,2.483961890556405,1,0,1.4928,3,3,ok,False,5.169055913716074,0.780853955482372,0.780853955482372,3.638610283784982,6.699501543647165,18.18,0.5,1.0,2.2411464433743784e-67,1.004756464639239e-68,5.9499098691984456,3.0830013720849223,2.714196543365607,1.1358799272001123,False,0.2752093470258856,2.765183705534023e-69
2556479-29-7,O=C(O)C=1C=CC=C(C#CCCCCC(=O)O)C1C(=O)O,171.8490820783649,275.435113,0.53621,-0.65353,256.24800000000005,1.741941990997404,-8.151170391727499,-0.7126661744595001,7.438504217267999,2.640571154402393,1,0,2.0795,3,3,ok,False,5.134265479026299,0.780853955482372,0.780853955482372,3.603819849095207,6.66471110895739,18.18,0.5,1.0,1.0330609567740685e-67,4.6197041012404735e-69,5.915119434508671,2.0220538773836068,2.714196543365607,0.7449916927814879,True,0.5740650151221568,2.6520105047385024e-69
2243517-25-9,O=C(O)C1=CC=C(F)C(N)=C1C(=O)O,178.15374081639527,166.40827133333335,0.53307,-0.66788,154.88800000000003,1.909821617324508,-7.652385703761001,-0.7213738176755,6.931011886085502,2.529206762133067,1,1,0.8043,3,3,ok,False,5.1178612242512855,0.780853955482372,0.780853955482372,3.587415594320194,6.648306854182377,18.18,0.5,1.0,7.165327509030573e-68,3.200408621107613e-69,5.898715179733657,1.5346181050031944,2.714196543365607,0.5654041925424701,True,0.7263800611387822,2.3247130098692334e-69
113665-36-4,O=C(O)C1=CC=C(O)C(C(=O)O)=C1C(=O)O,163.2416647317163,186.6115726666667,0.54134,-0.65324,172.49600000000004,3.7318410858448954,-8.4635570921015,-0.8487230997095,7.614833992392,2.8470273435191187,2,0,0.4867999999999999,4,4,ok,False,5.183255964647379,0.780853955482372,0.780853955482372,3.6528103347162872,6.71370159457847,18.18,0.5,1.0,3.072595954068993e-67,1.3789444231586216e-68,5.964109920129751,3.6531864583074194,2.714196543365607,1.3459550183412523,False,0.1633933309909536,2.2531032255128624e-69
858442-77-0,O=C(O)C1=CC=C(OC)C(OCC)=C1C(=O)O,174.5572009167148,215.0541503333333,0.53459,-0.65812,206.22400000000005,6.325630458697378,-8.0657266426705,-0.4895328170494999,7.576193825621,2.415212246009597,1,1,1.4903,2,4,ok,False,5.116974772369099,0.780853955482372,0.780853955482372,3.5865291424380077,6.647420402300191,18.18,0.5,1.0,7.024970814096542e-68,3.1375155822301784e-69,5.897828727851471,1.9443005668467634,2.714196543365607,0.7163447951473066,True,0.5986070743139027,1.878139023293088e-69
2733477-28-4,O=C(O)C=1C=CC=C(OO)C1C(=O)O,181.6508607359438,162.646186,0.53599,-0.65239,156.57600000000005,3.96242499487372,-8.4085900943005,-0.7088565805525,7.699733513748,2.699049055410876,1,0,0.9348,3,4,ok,False,5.098696244992631,0.780853955482372,0.780853955482372,3.5682506150615394,6.6291418749237225,18.18,0.5,1.0,4.670507470999462e-68,2.0831862063688187e-69,5.879550200475003,1.4527786098098852,2.714196543365607,0.5352518089970146,True,0.7508912091463072,1.564246209377191e-69
695154-17-7,O=C(O)C1=C(F)C(F)=C(C(F)=C1C(=O)O)CCS,181.3494354172432,203.268156,0.53689,-0.63938,206.20800000000008,3.9646631269251618,-8.231988205326001,-0.871852777002,7.360135428324001,2.815162894712784,2,2,1.9726000000000004,3,3,ok,False,5.056538398183484,0.780853955482372,0.780853955482372,3.5260927682523926,6.586984028114576,18.18,0.5,1.0,1.8179316485121546e-68,8.083749586993182e-70,5.837392353665856,1.4699888410780848,2.714196543365607,0.5415926288283076,True,0.7457815309662104,6.028711142935246e-70
2580788-26-5,O=C(O)C=1C=CC=C(C#CC(N)COC)C1C(=O)O,170.19060783884544,254.02070766666668,0.53629,-0.65249,232.6080000000001,2.082608801479529,-8.1800144598805,-0.7317141439945001,7.448300315886,2.665672144681666,1,0,0.4082,3,4,ok,False,5.057856920487518,0.780853955482372,0.780853955482372,3.5274112905564268,6.58830255041861,18.18,0.5,1.0,1.8724623127740467e-68,8.327025274008263e-70,5.83871087596989,2.241760915231221,2.714196543365607,0.8259390502544206,True,0.5055161387426633,4.209445663729225e-70
1772627-93-6,O=C(O)C1=CC(N)=CC(F)=C1C(=O)O,181.76559673546132,170.41246933333332,0.53174,-0.66175,155.51200000000003,6.016220685779404,-7.6477597683025,-0.5243633899135,7.123396378389001,2.343811623190685,1,1,0.8043000000000002,3,3,ok,False,5.000855688139628,0.780853955482372,0.780853955482372,3.470410058208537,6.53130131807072,18.18,0.5,1.0,5.204648968290453e-69,2.305036903851429e-70,5.781709643622,1.4931176054661424,2.714196543365607,0.5501140324991626,True,0.7388757913984373,1.7031359665358282e-70
1005516-40-4,O=C(O)C1=CC=CC(=C1C(=O)O)N2CCC(CCO)CC2,166.73084802474415,288.61782466666665,0.5314,-0.6675,265.02400000000006,4.200500926080126,-6.99876823486,-0.368442153577,6.630326081283,2.0464977228160484,1,0,1.6817999999999995,3,4,ok,False,5.033000405353372,0.780853955482372,0.780853955482372,3.50255477542228,6.563446035284463,18.18,0.5,1.0,1.0720930681082325e-68,4.7591310962154665e-70,5.813854360835744,3.062009287784045,2.714196543365607,1.128145747318339,False,0.28007080656501543,1.3328936846657117e-70
22895-28-9,O=C(O)C=1C=CC=C(N=N(=O)C=2C=CC=C(C(=O)O)C2C(=O)O)C1C(=O)O,171.42780835634724,351.0494343333333,0.5371,-0.65306,291.85600000000005,4.3124409514798,-8.414848712862,-1.69254815011,6.722300562752,3.799274905665397,1,0,2.4051,4,6,ok,False,5.009350318340713,0.780853955482372,0.780853955482372,3.4789046884096217,6.539795948271805,18.18,0.5,1.0,6.300848715296868e-69,2.792234178145532e-70,5.790204273823085,2.650750041023946,2.714196543365607,0.976624204869487,True,0.3852761852709789,1.0757813325391575e-70
1005516-18-6,O=C(O)C=1C=CC=C(OCCCCC(=O)O)C1C(=O)O,181.3102222676179,242.82341600000004,0.53557,-0.65967,242.59200000000007,6.84477307951111,-8.081237132149,-0.6430050287315,7.4382321034175005,2.5581482341319712,1,0,1.7167,3,4,ok,False,4.9164513260483425,0.780853955482372,0.780853955482372,3.386005696117251,6.446896955979434,18.18,0.5,1.0,7.741542124014956e-70,3.4078162468388137e-71,5.697305281530714,1.6035314390468556,2.714196543365607,0.5907941497333404,True,0.7053665181519989,2.403759480534507e-71
108085-51-4,O=C(O)C1=CC=C(C(O)=C1C(=O)O)C,181.9076631871617,174.29240833333333,0.53533,-0.66048,163.39200000000005,5.154738563690694,-8.1212378681725,-0.594840877193,7.526396990979499,2.5234527485881846,1,1,1.09702,3,3,ok,False,4.890851121359333,0.780853955482372,0.780853955482372,3.3604054914282413,6.421296751290424,18.18,0.5,1.0,4.3333526731472745e-70,1.904038823534321e-71,5.671705076841705,1.4512052491189382,2.714196543365607,0.5346721307512395,True,0.7513570650586612,1.4306130222084936e-71
84185-82-0,O=C(O)C=1C(O)=CC=C(C=2C=CC(=CC2)NC(=O)C)C1C(=O)O,163.97644888830757,315.7261766666667,0.53207,-0.6529,266.27200000000005,4.9969445334123925,-7.478232839441,-0.5107576973885,6.967475142052501,2.290068084073201,2,0,2.414,4,4,ok,False,4.930598218797401,0.780853955482372,0.780853955482372,3.4001525888663098,6.461043848728493,18.18,0.5,1.0,1.0663189452275611e-69,4.698690299661508e-71,5.711452174279773,3.790437414008764,2.714196543365607,1.3965228211913558,False,0.1422348107681413,6.683173256304556e-72
927672-63-7,O=C(O)C=1C=CC=C(NC=2C=CC=3C=CC=CC3C2)C1C(=O)O,179.62433545066966,362.84492066666667,0.5345,-0.66921,264.27200000000005,2.764938948693081,-7.028700758415,-0.7023258481405,6.3263749102745,2.3618886502521432,1,0,3.979800000000002,3,3,ok,False,4.8537234439762695,0.780853955482372,0.780853955482372,3.323277814045178,6.384169073907361,18.18,0.5,1.0,1.864316220350184e-70,8.169926171716251e-72,5.6345773994586414,1.5935833463132674,2.714196543365607,0.5871289425257399,True,0.7084184029990257,5.78772605118717e-72
40112-15-0,O=C(O)C1=CC=C2C=C(C(=O)O)C(=CC2=C1C(=O)O)C(=O)O,177.44255310626883,285.582751,0.53651,-0.65031,238.29600000000005,1.1029815274971744,-8.183551939937,-1.346963559975,6.836588379962,3.3214931427013803,1,1,1.6326,4,4,ok,False,4.857574514619216,0.780853955482372,0.780853955482372,3.3271288846881246,6.388020144550308,18.18,0.5,1.0,2.0349794435880686e-70,8.920271166800274e-72,5.638428470101588,2.097553971051185,2.714196543365607,0.7728084306121086,True,0.5503323720696738,4.909113990729912e-72
2168743-95-9,O=C(O)C1=CC=C2C(NC(C)C2)=C1C(=O)O,181.3097189013035,217.40024466666668,0.53093,-0.67178,190.04000000000005,4.690765316022536,-7.1971392318745,-0.580690956967,6.6164482749075,2.285767224837103,1,1,1.4395,3,3,ok,False,4.813486077519713,0.780853955482372,0.780853955482372,3.283040447588621,6.343931707450804,18.18,0.5,1.0,7.454688960439353e-71,3.257479479596615e-72,5.5943400330020845,1.5117087067934218,2.714196543365607,0.5569636106451235,True,0.7332940751795811,2.3886904024072627e-72
2553438-90-5,O=C(O)C=1C=CC=C(C#CC(O)(C)CC)C1C(=O)O,167.33512578554226,258.878227,0.53618,-0.65177,236.8160000000001,3.289236418988456,-8.3013772372035,-0.7208295899745,7.580547647229,2.684509741922551,1,0,1.5955,3,3,ok,False,4.842503752466003,0.780853955482372,0.780853955482372,3.3120581225349115,6.372949382397095,18.18,0.5,1.0,1.4442177568682151e-70,6.323875884075266e-72,5.623357707948375,2.680943822869632,2.714196543365607,0.9877485952234168,True,0.3769482807193624,2.3837741419848096e-72
2495650-98-9,O=C(O)C=1C=CC=C(C#CCC(=O)O)C1C(=O)O,173.79328746784836,225.40098533333332,0.53629,-0.65176,206.03200000000004,1.788777554644512,-8.3062752865125,-0.7328025993964999,7.573472687116,2.697076110359704,1,0,0.9091999999999998,3,3,ok,False,4.813656417705063,0.780853955482372,0.780853955482372,3.283210787773972,6.344102047636155,18.18,0.5,1.0,7.483714626788056e-71,3.2702025158449236e-72,5.594510373187435,1.7567484858955122,2.714196543365607,0.6472443899427939,True,0.6577533274007785,2.1509865860713957e-72
13943-86-7,O=C(O)C=1C(Br)=CC=C(O)C1C(=O)O,169.7939903460703,182.395721,0.54158,-0.64683,165.16800000000003,2.465731741288983,-8.114435021910001,-0.8960709096965,7.218364112213501,2.811898093577167,2,0,1.5511,3,3,ok,False,4.812401575259084,0.780853955482372,0.780853955482372,3.2819559453279927,6.342847205190176,18.18,0.5,1.0,7.27250535495389e-71,3.177625162922626e-72,5.593255530741456,2.2570963254716525,2.714196543365607,0.8315891238564656,True,0.5008040005465448,1.5913673938290175e-72
2597115-40-5,O=C(O)C=1C=CC=C(C#CCCC(=O)O)C1C(=O)O,178.1809269155704,242.09912066666664,0.53643,-0.65298,222.4720000000001,2.209063136263878,-8.226001700615,-0.738516990257,7.487484710358001,2.6832306998844966,1,0,1.2993,3,3,ok,False,4.73869655286733,0.780853955482372,0.780853955482372,3.208250922936238,6.269142182798421,18.18,0.5,1.0,1.3472308808505418e-71,5.855808352894832e-73,5.519550508349702,1.447515965218194,2.714196543365607,0.5333128762382374,True,0.7524485747014612,4.406194648860628e-73
2536344-79-1,O=C(O)C=1C=CC=C(C#CCCCC(=O)O)C1C(=O)O,168.80277814619376,258.632906,0.53587,-0.65284,239.20000000000005,2.6878007608451933,-8.168313564309,-0.6996047096355,7.468708854673501,2.6323149035375204,1,0,1.6894,3,3,ok,False,4.732640129505015,0.780853955482372,0.780853955482372,3.202194499573923,6.263085759436106,18.18,0.5,1.0,1.1724690422893147e-71,5.0940111615329035e-73,5.513494084987387,2.453008585140804,2.714196543365607,0.903769696095431,True,0.44184344186251584,2.25075542449777e-73
858442-54-3,O=C(O)C=1C=CC=CC1CC=2C=CC=C(C(=O)O)C2C(=O)O,168.90772762501365,289.29638366666666,0.53452,-0.6595,254.72000000000008,2.645230228165405,-8.3792017984465,-0.6057254312129999,7.7734763672335,2.5962939072717384,1,0,2.372,3,3,ok,False,4.7237421170534155,0.780853955482372,0.780853955482372,3.193296487122324,6.254187746984507,18.18,0.5,1.0,9.558780978265034e-72,4.150375833915372e-73,5.504596072535787,2.447046477862927,2.714196543365607,0.9015730580912855,True,0.4435991325099308,1.8411031195150397e-73
136682-11-6,O=C(O)C=1C=C(C(=O)O)C(C(=O)O)=C(C1)C=2C=CC=CC2,168.1585863171865,278.23246266666666,0.53637,-0.65018,238.11200000000005,3.8798766642768423,-8.301921464904499,-1.0783871895315,7.223534275372999,3.0452610556742807,1,1,2.448200000000001,3,3,ok,False,4.6330931655884005,0.780853955482372,0.780853955482372,3.102647535657309,6.163538795519492,18.18,0.5,1.0,1.1846072571480795e-72,5.110715731588091e-74,5.413947121070772,2.4977613887546823,2.714196543365607,0.9202581127958608,True,0.42875269527476934,2.1912331447015586e-74
706809-70-3,O=C(O)C=1C=C(C(O)=C(C(=O)O)C1C(=O)O)C,163.89239830970885,204.9543123333333,0.54098,-0.65598,189.01600000000005,3.892682955237943,-8.2850504061735,-0.7855926863935,7.49945771978,2.74275051567152,2,1,0.79522,4,4,ok,False,4.610077350505527,0.780853955482372,0.780853955482372,3.0796317205744357,6.140522980436619,18.18,0.5,1.0,6.956670300119473e-73,2.996445023874969e-74,5.390931305987899,3.578873863757271,2.714196543365607,1.31857579455888,False,0.17575889709350148,5.266518725975753e-75
41819-13-0,O=C(O)C=1C(Br)=C(C(=O)O)C(C(=O)O)=C(Br)C1C(=O)O,165.17462151382404,249.79071733333333,0.5391,-0.6236,233.8400000000001,4.505593195129804,-8.822747374761502,-1.1534906122695,7.669256762492002,3.244294964168771,2,2,2.0044,4,4,ok,False,4.599422643901653,0.780853955482372,0.780853955482372,3.068977013970561,6.129868273832744,18.18,0.5,1.0,5.4357214004997526e-73,2.3395766600697755e-74,5.3802765993840245,3.379583018487744,2.714196543365607,1.2451504393624557,False,0.21216317294868664,4.9637200755709445e-75
1344588-40-4,O=C(O)C1=CC=CC(=C1C(=O)O)C(N)CCO,164.02394420459385,216.58460533333331,0.53331,-0.66743,209.47200000000004,3.4330623778195464,-8.556347915122,-0.510485583538,8.045862331584,2.554339929783475,1,0,0.4651999999999999,4,4,ok,False,4.595663896736625,0.780853955482372,0.780853955482372,3.065218266805533,6.126109526667716,18.18,0.5,1.0,4.982414044327312e-73,2.143904223214008e-74,5.3765178522189965,3.6038570480726433,2.714196543365607,1.3277804280171457,False,0.17152935428253546,3.6774250705149954e-75
1344630-45-0,O=C(O)C1=CC=CC(=C1C(=O)O)CC(N)C,166.29753692421406,212.51750733333333,0.53435,-0.66037,201.17600000000004,4.830198524905576,-8.353350982649,-0.5899428278840001,7.763408154764999,2.57562473165946,1,0,0.9727,3,3,ok,False,4.5449509685714435,0.780853955482372,0.780853955482372,3.014505338640352,6.075396598502535,18.18,0.5,1.0,1.5354223543089176e-73,6.583413807564543e-75,5.3258049240538154,2.939317053428283,2.714196543365607,1.082941860129085,False,0.30951055859855,2.0376360850647085e-75
1823508-88-8,O=C(O)C1=CC=CC(=C1C(=O)O)CC(N)C,166.30152896042688,212.51814466666667,0.53436,-0.66036,201.18400000000003,4.831588562781397,-8.353350982649,-0.5902149417345001,7.7631360409145,2.57587175537797,1,0,0.9727,3,3,ok,False,4.542230515440705,0.780853955482372,0.780853955482372,3.0117848855096137,6.072676145371797,18.18,0.5,1.0,1.4412944121691974e-73,6.1786474683214335e-75,5.323084470923077,2.9387106839435075,2.714196543365607,1.0827184535057666,False,0.30966034311323287,1.9132820950161227e-75
2520421-11-6,O=C(O)C=1C=CC=C(C#CCO)C1C(=O)O,176.13025067498566,208.26909166666667,0.53626,-0.65239,186.34400000000005,2.082067054635849,-8.372943179884999,-0.747768861174,7.625174318710998,2.727392996504671,1,0,0.4267999999999999,3,3,ok,False,4.450003924297608,0.780853955482372,0.780853955482372,2.9195582943665164,5.9804495542286995,18.18,0.5,1.0,1.6757261209155203e-74,7.13761796854404e-76,5.23085787977998,1.520780155755081,2.714196543365607,0.5603058332206524,True,0.7305609416191109,5.2144649040170193e-76
1019854-29-5,O=C(O)C=1C=CC=C(NC2=CC=CC(=C2)C(F)(F)F)C1C(=O)O,179.3788584816981,293.51689166666665,0.53291,-0.66709,253.1200000000001,2.958083835864021,-7.175642237685,-0.7172921099180001,6.458350127767,2.411545185035946,1,0,3.8454000000000015,3,3,ok,False,4.440896984135534,0.780853955482372,0.780853955482372,2.910451354204443,5.971342614066626,18.18,0.5,1.0,1.3539199766275838e-74,5.763266079878536e-76,5.221750939617906,1.584290774684315,2.714196543365607,0.5837052510279128,True,0.7112638506361563,4.0992028242151527e-76
16524-16-6,O=C(O)C=1C=CC=C(NC(=O)C=2C=CC=CC2)C1C(=O)O,172.7944114249513,282.4592426666666,0.53503,-0.64688,241.26400000000007,8.602624056065684,-8.385460417008,-0.6870874725125,7.6983729444955,2.6730039516498443,1,0,2.3353,3,3,ok,False,4.378075916452305,0.780853955482372,0.780853955482372,2.8476302865212135,5.908521546383397,18.18,0.5,1.0,3.098491079812847e-75,1.3132168708907806e-76,5.158929871934677,2.7802667752181933,2.714196543365607,1.0243424640761862,False,0.35019067619645533,4.598763040098356e-77
1344470-12-7,O=C(O)C1=CC=CC(=C1C(=O)O)C(N)C(O)C,164.46936790608228,216.4408513333333,0.53549,-0.65677,209.3040000000001,5.148104735725566,-8.6007024727535,-0.6261339700005,7.974568502753001,2.6689378463531583,1,0,0.4636000000000001,4,4,ok,False,4.3744608259118785,0.780853955482372,0.780853955482372,2.844015195980787,5.90490645584297,18.18,0.5,1.0,2.8458378909938117e-75,1.2058349752744597e-76,5.15531478139425,3.600974820782543,2.714196543365607,1.326718519918727,False,0.17201354915824943,2.0741995379610975e-77
569-51-7,O=C(O)C1=CC=CC(C(=O)O)=C1C(=O)O,172.5591806954674,173.87504966666663,0.53638,-0.65415,166.56000000000003,2.4828779692123413,-9.184386682076,-0.7714427661675001,8.4129439159085,2.94541782856426,1,0,0.7811999999999999,3,3,ok,False,4.317980635865435,0.780853955482372,0.780853955482372,2.787535005934344,5.848426265796527,18.18,0.5,1.0,7.514034193735579e-76,3.171461587556758e-77,5.098834591347807,1.8533692949760134,2.714196543365607,0.6828426996218311,True,0.6273352749819943,1.989569727124751e-77
108347-27-9,O=C(O)C1=CC=CC(=C1C(=O)O)CC(Cl)C(=O)O,168.7539415697582,219.62307666666663,0.5348,-0.65542,215.69600000000003,3.102617069507612,-8.809958023787999,-0.6108955943725001,8.199062429415498,2.706177799561372,1,0,1.3175,3,3,ok,False,4.331235728358665,0.780853955482372,0.780853955482372,2.8007900984275738,5.861681358289757,18.18,0.5,1.0,1.0275525417031756e-75,4.340969120610959e-77,5.112089683841037,2.448067818348231,2.714196543365607,0.90194935379021,True,0.44329818266370213,1.924343722166087e-77
114841-61-1,O=C(O)C=1C=C(C(=O)O)C(C(=O)O)=C(C1)CC,173.33978057951776,209.75435566666667,0.53683,-0.65398,199.44000000000003,2.719652053112677,-8.831727131828,-0.986684821913,7.845042309915,3.072042491457534,1,1,1.3436,3,3,ok,False,4.29964546843812,0.780853955482372,0.780853955482372,2.7691998385070287,5.830091098369212,18.18,0.5,1.0,4.871250779923849e-76,2.0534261339379298e-77,5.080499423920492,1.7755604136664374,2.714196543365607,0.6541753278724393,True,0.651847031010141,1.3385197288060716e-77
1344496-53-2,O=C(O)C1=CC=CC(=C1C(=O)O)C(N)C=C,172.13519736800905,213.4500746666667,0.53519,-0.65866,194.99200000000005,2.210770919837693,-8.369949927529499,-0.637834865572,7.732115061957499,2.623479676280476,1,0,1.2688,3,3,ok,False,4.297706140290527,0.780853955482372,0.780853955482372,2.767260510359436,5.828151770221619,18.18,0.5,1.0,4.652827761753313e-76,1.961090711914674e-77,5.078560095772899,1.967147774431878,2.714196543365607,0.7247624639565019,True,0.5913893799727619,1.1597682201895612e-77
36439-98-2,O=C(O)C1=CC(C(=O)O)=C(C(=O)O)C=2C=CC=CC12,177.46321204884123,257.502,0.53765,-0.64953,209.84800000000004,5.4410443648255615,-8.011303872570501,-1.31158875941,6.699715113160501,3.243284436703261,1,2,1.9344,3,3,ok,False,4.248485581862269,0.780853955482372,0.780853955482372,2.7180399519311775,5.778931211793361,18.18,0.5,1.0,1.4493051185248664e-76,6.087988461594383e-78,5.029339537344641,1.9410732644129454,2.714196543365607,0.715155749924437,True,0.5996268423565942,3.65052129752922e-78
65726-16-1,O=C(O)C1=CC=C(C(=O)O)C(C(=O)O)=C1OC,175.3581224041808,198.13613633333333,0.53784,-0.65439,192.16800000000003,5.001226874477902,-8.784923549542,-1.2579823308615,7.5269412186805,3.3499649988074545,1,1,0.7898000000000001,3,4,ok,False,4.240121416142497,0.780853955482372,0.780853955482372,2.709675786211405,5.770567046073588,18.18,0.5,1.0,1.1882514038042201e-76,4.988541332821263e-78,5.020975371624869,1.9648966963656398,2.714196543365607,0.7239330921588919,True,0.5921003656346948,2.9537171471472574e-78
24953-75-1,O=C(O)C1=CC(OC)=CC(O)=C1C(=O)O,178.62731108161,184.277347,0.5377,-0.65816,171.29600000000005,2.8175407397232077,-8.080692904448,-0.5031385095745,7.5775543948735,2.4309347681558133,1,1,0.7971999999999999,3,4,ok,False,4.197080524852229,0.780853955482372,0.780853955482372,2.6666348949211374,5.7275261547833205,18.18,0.5,1.0,4.268584412315916e-77,1.7867807778738743e-78,4.977934480334601,1.587543491975016,2.714196543365607,0.5849036599267274,True,0.7102684431962007,1.2690940014333733e-78
2089723-18-0,O=C(O)C=1C=CC=2C=CNC2C1C(=O)O,178.58793403840883,202.2753603333333,0.53389,-0.66849,167.33600000000004,2.758857020579356,-7.6129291954385,-0.8525326936165,6.760396501822,2.6501420802658693,1,1,1.5643,3,2,ok,False,4.176035527031583,0.780853955482372,0.780853955482372,2.645589897100492,5.706481156962675,18.18,0.5,1.0,2.5846646990925443e-77,1.080359149978083e-78,4.956889482513955,1.4662375486168515,2.714196543365607,0.5402105283056308,True,0.7468974282237248,8.069174706765997e-79
1784088-05-6,O=C(O)C1=C(N)C=C2OC=CC2=C1C(=O)O,171.31823164230929,210.71133566666663,0.53256,-0.66266,175.54400000000004,2.50511102747962,-7.131287680053501,-0.6593318597615001,6.471955820292001,2.344490386655982,2,1,1.4114,3,4,ok,False,4.1600135862111784,0.780853955482372,0.780853955482372,2.629567956280087,5.69045921614227,18.18,0.5,1.0,1.7632648433801558e-77,7.362197046833083e-79,4.94086754169355,2.2129408319815718,2.714196543365607,0.8153207760103925,True,0.5144031575329696,3.787137407270842e-79
1005516-39-1,O=C(O)C1=CC=CC(=C1C(=O)O)N2CCC(CO)CC2,168.31825849064236,271.63705566666664,0.53075,-0.66694,248.26400000000007,6.441216773250222,-7.0161835212920005,-0.3371490607695,6.679034460522501,2.023926526431533,1,0,1.2916999999999998,3,4,ok,False,4.173033738166987,0.780853955482372,0.780853955482372,2.6425881082358957,5.703479368098079,18.18,0.5,1.0,2.406029474995368e-77,1.0054860070934402e-78,4.953887693649359,3.0525461944733308,2.714196543365607,1.124659229979038,False,0.28227926869037867,2.838278547607452e-79
2496284-72-9,O=C(O)C=1C=CC=C(C#CC2=CC=C(O)C=C2)C1C(=O)O,170.35139454235204,317.21586766666667,0.53575,-0.65213,241.10400000000007,2.6777753266471027,-7.3359172956295,-0.735795851752,6.6001214438775,2.467854329939986,1,0,2.1884,3,3,ok,False,4.11559025599507,0.780853955482372,0.780853955482372,2.585144626063978,5.646035885926161,18.18,0.5,1.0,6.093443605027751e-78,2.536535612595939e-79,4.896444211477442,2.2838648653899725,2.714196543365607,0.8414515415151097,True,0.4926084218460909,1.2495188050772928e-79
113678-62-9,O=C(O)C=1C=C(C(=O)O)C(C(=O)O)=C(C(=O)O)C1O,167.13104223170208,211.804799,0.53607,-0.64324,201.10400000000004,2.137511826867865,-8.6436964611325,-1.20818549622,7.435510964912499,3.2633795632749067,2,1,0.1850000000000001,5,5,ok,False,4.1533691937579675,0.780853955482372,0.780853955482372,2.622923563826876,5.683814823689059,18.18,0.5,1.0,1.5044818622967333e-77,6.278854245629342e-79,4.9342231492403394,3.742610976469122,2.714196543365607,1.378901975841543,False,0.14936375208517907,9.378332289231552e-80
73322-58-4,O=C(O)C1=CC(OC)=CC(C(=O)O)=C1C(=O)O,171.841456253472,199.1672526666667,0.53638,-0.65803,191.99200000000005,2.4825041490398365,-8.2877715446785,-0.7845042309915,7.503267313687001,2.7423449115184395,1,1,0.7898000000000001,3,4,ok,False,4.059199297160278,0.780853955482372,0.780853955482372,2.5287536672291866,5.58964492709137,18.18,0.5,1.0,1.5742488730497595e-78,6.528179464765106e-80,4.84005325264265,1.9728394391343145,2.714196543365607,0.7268594619489093,True,0.5895918993539637,3.848961729954401e-80
1344460-88-3,O=C(O)C1=CC=CC(=C1C(=O)O)CC(N)C(=O)O,164.77727315094012,217.537232,0.53502,-0.65617,212.5600000000001,3.182272661165288,-8.690227929568,-0.6057254312129999,8.084502498355,2.672234590297883,1,0,0.0373999999999999,4,4,ok,False,4.095712810092657,0.780853955482372,0.780853955482372,2.565267180161565,5.626158440023748,18.18,0.5,1.0,3.783803811261914e-78,1.572972422712636e-79,4.876566765575029,3.457583671978381,2.714196543365607,1.2738884663418564,False,0.19734697113382274,3.104213432993698e-80
1344583-36-3,O=C(O)C1=CC=CC(=C1C(=O)O)CCC(N)C,167.074028510614,228.978678,0.53492,-0.66042,217.87200000000004,5.0391285417222695,-8.349541388742,-0.5951129910435,7.754428397698501,2.5793919896649578,1,0,1.3628000000000002,3,3,ok,False,4.029088559918547,0.780853955482372,0.780853955482372,2.4986429299874553,5.559534189849638,18.18,0.5,1.0,7.625881685507623e-79,3.1559144297387353e-80,4.809942515400919,2.836555919948058,2.714196543365607,1.045081251349147,False,0.3354793676021525,1.0587441770952587e-80
36439-99-3,O=C(O)C1=CC=CC=2C1=CC=C(C(=O)O)C2C(=O)O,177.76872944124796,257.16142833333333,0.53653,-0.65357,209.52800000000005,4.881552885097118,-8.051848836295001,-1.2443766383365,6.807472197958501,3.173711385156454,1,1,1.9344,3,3,ok,False,3.9737739261442773,0.780853955482372,0.780853955482372,2.4433282962131857,5.504219556075369,18.18,0.5,1.0,2.0060525497529845e-79,8.271018369040166e-81,4.754627881626649,1.8169384094879018,2.714196543365607,0.6694203534851223,True,0.6388257141218797,5.283739216117269e-81
2621755-16-4,O=C(O)C=1C=CC=C(C#CCC(O)C(=O)O)C1C(=O)O,164.80206671695368,247.94621633333333,0.53671,-0.65276,231.1200000000001,4.763019615747976,-8.2284507252695,-0.741782356463,7.4866683688065,2.6869455669984363,1,0,0.2700999999999999,4,4,ok,False,3.9885588040633344,0.780853955482372,0.780853955482372,2.458113174132243,5.519004433994426,18.18,0.5,1.0,2.867923521157994e-79,1.1836308047963327e-80,4.769412759545706,3.514329706014356,2.714196543365607,1.2947955867840664,False,0.18702824859040357,2.2137239639870793e-81
69933-19-3,O=C(O)C1=CC=C(C(=O)O)C(C(=O)O)=C1O,179.48992595883493,185.53930466666665,0.54187,-0.65207,172.82400000000004,6.174848903414561,-8.424372697629499,-1.1164831286015,7.307889569027999,3.114029332172618,1,1,0.4867999999999999,4,4,ok,False,3.936793390067514,0.780853955482372,0.780853955482372,2.4063477601364225,5.467239019998606,18.18,0.5,1.0,8.19231655718636e-80,3.369338874070455e-81,4.717647345549886,1.8954389424172358,2.714196543365607,0.6983425526240222,True,0.6140479123074245,2.0689355014792112e-81
828922-44-7,O=C(O)C=1C=C(C(=O)O)C(C(=O)O)=C(Br)C1C(=O)O,176.05895316033673,226.052838,0.5405,-0.63577,213.24800000000005,3.9185169669149063,-9.0257443072345,-1.39866519157,7.6270791156645,3.5619242881453284,1,2,1.2419000000000002,4,4,ok,False,3.9300039600411676,0.780853955482372,0.780853955482372,2.399558330110076,5.460449589972259,18.18,0.5,1.0,6.948557842893726e-80,2.85650432617395e-81,4.7108579155235395,2.1001862590261533,2.714196543365607,0.7737782527797047,True,0.5495075395563985,1.5696706640080554e-81
1089857-47-5,O=C(O)C=1C=CC=2N=CNC2C1C(=O)O,179.1068695311451,188.99290266666665,0.53538,-0.66373,163.11200000000005,3.886271800839463,-8.319064637486,-0.948044655142,7.371019982343999,2.9127351047487746,1,1,0.9593,3,3,ok,False,3.89616860221261,0.780853955482372,0.780853955482372,2.3657229722815183,5.426614232143701,18.18,0.5,1.0,3.0550881670893847e-80,1.2530827392962071e-81,4.677022557694982,1.5549908956449048,2.714196543365607,0.5729102041065582,True,0.7202001626196977,9.024703926170646e-82
315664-32-5,O=C(O)C1=CC=CC(=C1C(=O)O)P(=O)(O)O,166.73014924669997,188.350192,0.53639,-0.64912,186.35200000000003,6.308128189883272,-9.203434651611,-0.747768861174,8.455665790437001,2.9278135455891383,1,0,-0.1140000000000001,4,3,ok,False,3.8937831418052884,0.780853955482372,0.780853955482372,2.363337511874197,5.42422877173638,18.18,0.5,1.0,2.882922363416345e-80,1.1822780898020255e-81,4.67463709728766,3.3662621043856005,2.714196543365607,1.2402425729315207,False,0.21476698275915876,2.5391429812904275e-82
444287-98-3,O=C(O)C=1C=CC=C(NCCCCC)C1C(=O)O,179.5243457963353,255.9445633333333,0.53159,-0.67155,232.89600000000004,4.036859975277815,-7.159315406655,-0.616065757532,6.543249649123,2.3098825312471853,1,0,2.6851000000000003,3,3,ok,False,3.8336191245336764,0.780853955482372,0.780853955482372,2.303173494602585,5.364064754464768,18.18,0.5,1.0,6.655118935605969e-81,2.7183048444494166e-82,4.614473080016048,1.646443063131405,2.714196543365607,0.6066042148479835,True,0.6921388636570682,1.8814444261107229e-82
856195-04-5,O=C(O)C=1C=C(C(C(=O)O)=C(OC)C1C(=O)O)C,175.20123655948186,214.33004266666663,0.53692,-0.65437,208.8880000000001,3.0357706533926434,-8.661111747564501,-0.9962088066805,7.6649029408840015,3.041911978753861,1,2,1.09822,3,4,ok,False,3.8140749668280822,0.780853955482372,0.780853955482372,2.2836293368969907,5.344520596759174,18.18,0.5,1.0,4.128376306231316e-81,1.6840557026118916e-82,4.594928922310454,1.60294315045441,2.714196543365607,0.5905774047102568,True,0.7055471548923404,1.1881807096580415e-82
22481-07-8,O=C(O)C=1C(O)=CC=C(C1C(=O)O)C,168.27186792324463,173.20667733333335,0.53126,-0.65869,163.69600000000003,3.8723728720256263,-7.999330863148501,-0.5363363993354999,7.462994463813001,2.440629427273373,2,0,1.09702,3,3,ok,False,3.818079992323055,0.780853955482372,0.780853955482372,2.2876343623919633,5.348525622254146,18.18,0.5,1.0,4.552997076441389e-81,1.857762968938792e-82,4.598933947805427,2.637669036750768,2.714196543365607,0.971804729174128,True,0.38891112510067155,7.225046864203496e-83
2961390-78-1,O=C(O)C1=CC=C2C(OC3(CNC3)CC2)=C1C(=O)O,179.90420436011158,243.25035666666665,0.53506,-0.66011,223.36800000000005,4.146882426594707,-7.968309884191499,-0.6234128314955,7.344897052695999,2.5125505059378823,1,1,0.75,3,4,ok,False,3.728834451636107,0.780853955482372,0.780853955482372,2.1983888217050156,5.259280081567199,18.18,0.5,1.0,5.1067926340195544e-82,2.0714237601136025e-83,4.509688407118479,1.5637135165518694,2.714196543365607,0.576123906860799,True,0.7175456167219068,1.4863410394431259e-83
203194-63-2,O=C(O)C=1C=CC=C(NCC)C1C(=O)O,179.23398672807986,206.2888773333333,0.53193,-0.6715,182.88000000000005,3.9634609699100105,-7.1857104501535005,-0.6027321788575,6.5829782712960005,2.3036624186461725,1,0,1.5148,3,3,ok,False,3.7221194321511284,0.780853955482372,0.780853955482372,2.191673802220037,5.25256506208222,18.18,0.5,1.0,4.32940450478931e-82,1.7553186435878855e-83,4.5029733876335,1.6699683843546271,2.714196543365607,0.6152717232053742,True,0.6848473629389228,1.2021253441786903e-83
2167306-51-4,O=CC=1C(O)=C(O)C=C(C(=O)O)C1C(=O)O,173.3370464443239,189.35641866666663,0.536,-0.66061,174.24000000000004,7.648147588795603,-8.1587895795415,-1.12110906406,7.037680515481499,3.059122911521692,1,2,0.3067,4,5,ok,False,3.7516925849010594,0.780853955482372,0.780853955482372,2.221246954969968,5.282138214832151,18.18,0.5,1.0,8.954584043360041e-82,3.637671862380209e-83,4.532546540383431,2.8688214514438726,2.714196543365607,1.0569689429662785,False,0.32720010727525106,1.1902466236029668e-83
82297-95-8,O=C(O)C1=CC(O)=C(O)C(O)=C1C(=O)O,179.3844153968164,173.83875633333332,0.53806,-0.66144,162.28800000000004,6.050811291884751,-7.857559547038001,-0.5646362397875,7.292923307250501,2.431582606973957,1,2,0.1997999999999998,5,5,ok,False,3.709873063814724,0.780853955482372,0.780853955482372,2.1794274338836326,5.240318693745816,18.18,0.5,1.0,3.2029327313614585e-82,1.2975496537552127e-83,4.490727019297096,2.5017138298739816,2.714196543365607,0.921714323153567,True,0.4276041932050481,5.548376728374872e-84
2594928-07-9,O=C(O)C=1C=CC=C(C#CCON)C1C(=O)O,175.18562396039425,220.962345,0.5361,-0.65059,199.51200000000009,2.5060114724398206,-8.3645076505195,-0.7235507284795,7.640956922039999,2.7023056779007177,1,0,0.3248,3,4,ok,False,3.680909458665509,0.780853955482372,0.780853955482372,2.1504638287344173,5.2113550885966005,18.18,0.5,1.0,1.5688512420354323e-82,6.343477678440229e-84,4.461763414147881,1.5974019956643566,2.714196543365607,0.5885358595599625,True,0.707247603001186,4.48640938276838e-84
2444490-86-0,O=C(O)C=1C=CC=C(C#CCCCCO)C1C(=O)O,179.51013228946954,258.4802423333333,0.53572,-0.65315,236.80800000000005,3.8064889714801486,-8.150898277877,-0.6892643833165,7.461633894560499,2.6183432804619926,1,0,1.5971,3,3,ok,False,3.677910859803035,0.780853955482372,0.780853955482372,2.147465229871943,5.208356489734126,18.18,0.5,1.0,1.456991348819864e-82,5.890019456868483e-84,4.458764815285407,1.5471143292756726,2.714196543365607,0.5700082158962774,True,0.7225928420171844,4.25608589887511e-84
444288-68-0,O=C(O)C=1C=CC=C(NCC=2SC=CC2)C1C(=O)O,176.23011914848323,273.007493,0.53273,-0.66957,228.8880000000001,2.783925201940598,-7.351972012808999,-0.63674641017,6.715225602638999,2.375929932144192,1,0,2.7566000000000006,3,4,ok,False,3.5209842909858704,0.780853955482372,0.780853955482372,1.9905386610547786,5.051429920916962,18.18,0.5,1.0,2.9740381256455237e-84,1.189965809616366e-85,4.301838246468242,1.7028113997114354,2.714196543365607,0.6273721790242748,True,0.6746266508294065,8.027826487429921e-86
858242-89-4,O=C(O)C1=CC=C(OC)C(N)=C1C(=O)O,179.10200603426316,195.86098033333332,0.53082,-0.67872,174.71200000000005,4.378413554017026,-7.259453303639001,-0.552935344216,6.706517959423,2.275152946521921,1,1,0.6738,3,4,ok,False,3.4883711625467306,0.780853955482372,0.780853955482372,1.9579255326156388,5.018816792477822,18.18,0.5,1.0,1.3179688016783106e-84,5.262225133204443e-86,4.2692251180291025,1.6700092906033284,2.714196543365607,0.6152867944237063,True,0.6848346618664883,3.6037541697634016e-86
1185302-72-0,O=C(O)C=1C=CC=C(NC(=O)OC(C)(C)C)C1C(=O)O,177.50885079368746,256.78022166666665,0.53469,-0.66372,244.7040000000001,3.063988678177516,-8.129945511388499,-0.759197642895,7.370747868493499,2.680083060333177,1,0,2.43,3,4,ok,False,3.42910336321356,0.780853955482372,0.780853955482372,1.8986577332824683,4.959548993144652,18.18,0.5,1.0,2.989937910060374e-85,1.1891944249548442e-86,4.209957318695932,1.5009822514054973,2.714196543365607,0.5530116288278363,True,0.7365178098610914,8.758628733667619e-87
2513468-04-5,O=C(O)C=1C=CC=C(C#CC(O)(CC)CC)C1C(=O)O,168.24167548957962,275.328022,0.53645,-0.65248,253.28800000000007,5.55334053160798,-8.249403491758,-0.729809347041,7.519594144717001,2.680539057453584,1,0,1.9856,3,3,ok,False,3.4272635702087424,0.780853955482372,0.780853955482372,1.8968179402776506,4.957709200139834,18.18,0.5,1.0,2.8551151154571e-85,1.1354354989304557e-86,4.208117525691114,2.692053306577633,2.714196543365607,0.9918416973737222,True,0.37390633554609687,4.2454652665404085e-87
2494068-06-1,O=C(O)C=1C=CC=C(C#CCCCN)C1C(=O)O,168.70530464112014,248.041403,0.5362,-0.65341,223.55200000000005,4.157782912803409,-8.1391973823055,-0.7099450359545,7.429252346351,2.635101013129214,1,0,1.1734,3,3,ok,False,3.4227457595661672,0.780853955482372,0.780853955482372,1.8923001296350754,4.953191389497259,18.18,0.5,1.0,2.5492158093929653e-85,1.013486926679983e-86,4.203599715048539,2.537467874946046,2.714196543365607,0.9348872988393033,True,0.4172731392024255,4.229008714363749e-87
775530-42-2,O=C(O)C1=CC=C2C(=C1C(=O)O)CNCC2,174.93055911420987,209.09889533333333,0.53411,-0.66156,189.99200000000005,2.663774168355869,-8.079604449046,-0.5488536364585,7.5307508125875,2.471542704907517,1,1,0.7286999999999999,3,3,ok,False,3.402786619692119,0.780853955482372,0.780853955482372,1.872340989761027,4.93323224962321,18.18,0.5,1.0,1.544536713623305e-85,6.132645236285708e-87,4.183640575174491,1.7299351236150091,2.714196543365607,0.6373654582397661,True,0.6661537845546068,4.0852848334825055e-87
21021-54-5,O=C(O)C=1C(Cl)=C(C(=O)O)C(C(=O)O)=C(Cl)C1C(=O)O,168.00586678834583,229.5893223333333,0.53899,-0.62546,224.97600000000008,4.565780465594026,-8.9871041404635,-1.2307709458115,7.756333194652001,3.365152342562678,2,2,1.7862000000000002,4,4,ok,False,3.4318802512392512,0.780853955482372,0.780853955482372,1.9014346213081594,4.962325881170343,18.18,0.5,1.0,3.2055514907491316e-85,1.2751806774612449e-86,4.212734206721623,3.0210163408819795,2.714196543365607,1.1130425864944606,False,0.28971320333681133,3.6943667890050245e-87
374071-85-9,O=C(O)C1=C2C=CNC2=C3C(=C1C(=O)O)CCC3,168.3306140219295,251.264507,0.52941,-0.67206,207.36000000000004,5.758786511931137,-7.304624202822,-0.597562015698,6.707062187124,2.327567021521227,2,2,2.053,3,2,ok,False,3.409550401684289,0.780853955482372,0.780853955482372,1.879104771753197,4.93999603161538,18.18,0.5,1.0,1.8305153514376198e-85,7.2713212534218225e-87,4.190404357166661,2.841800774459929,2.714196543365607,1.0470136296526606,False,0.3341258566456802,2.4295364427455074e-87
476-73-3,O=C(O)C1=CC=C(C(=O)O)C(C(=O)O)=C1C(=O)O,170.4265741261286,199.49602366666667,0.53628,-0.64508,194.12800000000004,3.888676168055139,-9.3212599488775,-1.32247331343,7.998786635447501,3.5408200931719502,1,1,0.4794000000000001,4,4,ok,False,3.3880756855248553,0.780853955482372,0.780853955482372,1.8576300555937635,4.918521315455947,18.18,0.5,1.0,1.067156884554653e-85,4.233154861440745e-87,4.168929641007227,2.6978726958522032,2.714196543365607,0.9939857533334111,True,0.3723177294500272,1.5760786064219628e-87
1185300-97-3,O=C(O)C=1C=CC=C(NC(=O)OCC2C=3C=CC=CC3C=4C=CC=CC42)C1C(=O)O,172.2083890514532,427.1767136666666,0.53522,-0.66321,343.8640000000001,2.828921004552796,-7.492110645816501,-0.7845042309915,6.707606414825001,2.553159412707831,1,0,4.444000000000003,3,4,ok,False,3.3683154974568748,0.780853955482372,0.780853955482372,1.837869867525783,4.898761127387966,18.18,0.5,1.0,6.490881747471543e-86,2.5714878373417763e-87,4.149169452939247,1.9964843639289858,2.714196543365607,0.735571036227665,True,0.5821281017696734,1.496935333475571e-87
2167429-89-0,O=C(O)C1=CC=C2NC(C)CC2=C1C(=O)O,176.98237283285138,221.571878,0.53167,-0.66312,190.62400000000005,7.007579749100255,-7.2433985864595,-0.341230768527,6.9021678179325,2.083642558757527,1,1,1.4395,3,3,ok,False,3.3679233043443553,0.780853955482372,0.780853955482372,1.8374776744132635,4.898368934275447,18.18,0.5,1.0,6.427103537326001e-86,2.5461563183550828e-87,4.148777259826727,2.1652212471146894,2.714196543365607,0.7977392987280916,True,0.5292004540570489,1.3474270797737336e-87
1630495-48-5,O=C(O)C1=CC=C2NC(C)CC2=C1C(=O)O,176.9796683945458,221.57293633333333,0.53167,-0.6631,190.61600000000004,7.005622742483356,-7.2433985864595,-0.341230768527,6.9021678179325,2.083642558757527,1,1,1.4395,3,3,ok,False,3.3656980145966457,0.780853955482372,0.780853955482372,1.835252384665554,4.896143644527737,18.18,0.5,1.0,6.076884657875223e-86,2.4070676286646584e-87,4.146551970079018,2.165104957837962,2.714196543365607,0.7976964539027926,True,0.5292366294075751,1.2739083585505684e-87
109803-51-2,O=C(O)C1=CC(Cl)=C(O)C(Cl)=C1C(=O)O,178.96866849338542,187.828857,0.53848,-0.64121,176.83200000000005,4.148937166311391,-8.543830677998999,-0.7589255290445001,7.784905148954499,2.7791370412299985,1,2,2.0954,3,3,ok,False,3.35162412528034,0.780853955482372,0.780853955482372,1.8211784953492482,4.882069755211432,18.18,0.5,1.0,4.262817345221405e-86,1.686976953779752e-87,4.132478080762712,1.5726390653670843,2.714196543365607,0.5794123749848307,True,0.7148241573682005,1.2058918794851848e-87
1630295-49-6,O=C(O)C1=CC=C2C(NC(C)C2)=C1C(=O)O,178.54302660534705,219.0393273333333,0.53081,-0.67336,190.05600000000004,4.102645251541985,-7.194690207220001,-0.592663966389,6.602026240831001,2.296373977210683,1,1,1.4395,3,3,ok,False,3.2798277845684343,0.780853955482372,0.780853955482372,1.7493821546373425,4.810273414499526,18.18,0.5,1.0,6.9498192197042885e-87,2.737644447078923e-88,4.060681740050806,1.7066979093775043,2.714196543365607,0.6288040980485506,True,0.6734142617748146,1.8435688143315734e-88
1005516-60-8,O=C(O)C1=CC=CC(=C1C(=O)O)CCCO,168.3844846565172,204.217397,0.5347,-0.66045,197.7680000000001,4.98824055755133,-8.5849198694245,-0.5874938032295001,7.997426066195,2.630007826453053,1,0,1.0078999999999998,3,3,ok,False,3.297860019640698,0.780853955482372,0.780853955482372,1.7674143897096062,4.8283056495717895,18.18,0.5,1.0,1.0968847355565527e-86,4.3258176959261956e-88,4.07871397512307,2.6318984064250612,2.714196543365607,0.9696786376278794,True,0.39051977910352026,1.689317371055197e-88
444288-77-1,O=C(O)C=1C=CC=C(NCC=2C=NC=CC2)C1C(=O)O,175.95891472630322,275.2477983333334,0.53256,-0.67048,233.59200000000004,2.917690819809392,-7.355781606716,-0.6666789337250001,6.689102672991,2.405400106310325,1,0,2.0901,3,4,ok,False,3.259710735846065,0.780853955482372,0.780853955482372,1.7292651059149733,4.790156365777157,18.18,0.5,1.0,4.174454847411237e-87,1.6422605726569886e-88,4.040564691328437,1.707547632278023,2.714196543365607,0.6291171641389911,True,0.6731491150389576,1.1054862511474235e-88
108670-54-8,O=C(O)C=1C(O)=CC=2C=CC=CC2C1C(=O)O,170.82385363623305,236.93882900000003,0.53279,-0.65263,190.85600000000005,3.317131551506512,-7.562588133096,-0.9227380670455,6.639850066050499,2.7109332291608177,2,1,1.9418,3,3,ok,False,3.2621480673979804,0.780853955482372,0.780853955482372,1.7317024374668886,4.792593697329072,18.18,0.5,1.0,4.440543888138105e-87,1.7472153044983274e-88,4.043002022880352,2.1565111761980695,2.714196543365607,0.7945302198064084,True,0.5319114397219787,9.293638081199808e-89
108199-16-2,O=C(O)C1=C(O)C=C(C(OC)=C1C(=O)O)C,168.34966762318348,199.213488,0.53855,-0.65926,187.98400000000004,5.240675728377019,-7.963139721032,-0.7009652788880001,7.262174442144,2.584168008069665,2,1,1.10562,3,4,ok,False,3.271819733032821,0.780853955482372,0.780853955482372,1.7413741031017291,4.8022653629639125,18.18,0.5,1.0,5.673944355232108e-87,2.233907100714034e-88,4.052673688515193,2.673152839951574,2.714196543365607,0.9848781387942014,True,0.37908874400008447,8.468490370225533e-89
1936231-13-8,O=C(O)C=1C=C(Br)C=C(N)C1C(=O)O,178.2381565848778,196.42170933333333,0.53356,-0.66299,169.29600000000005,3.498846577087941,-7.617283017046501,-0.760286098297,6.856996918749501,2.5588338858097583,1,1,1.4277,3,3,ok,False,3.2465160965397732,0.780853955482372,0.780853955482372,1.7160704666086815,4.776961726470865,18.18,0.5,1.0,2.987074513584663e-87,1.1741420257126214e-88,4.027370052022145,1.5892350568212248,2.714196543365607,0.5855268885025443,True,0.709750529806986,8.333479248181809e-89
2639423-68-8,O=C(O)C=1C=CC=C(NC(=O)OCC=2C=CC=CC2)C1C(=O)O,168.5106185084381,297.304967,0.53307,-0.66133,266.8400000000001,4.67741947338487,-8.3416500870775,-0.574160224555,7.7674898625225,2.558473680685224,1,0,2.8317000000000005,3,4,ok,False,3.2633621656960337,0.780853955482372,0.780853955482372,1.7329165357649419,4.793807795627125,18.18,0.5,1.0,4.579335901260375e-87,1.8019660973092454e-88,4.044216121178406,2.6193137703734584,2.714196543365607,0.965042040443212,True,0.3940387044663297,7.100443864759833e-89
13935-09-6,O=C(O)C1=CC=C(Cl)C(O)=C1C(=O)O,178.62156463928952,172.53050766666664,0.54128,-0.65681,160.64800000000002,4.554240285711767,-8.261920728881,-0.927364002504,7.334556726377,2.878256894884539,1,1,1.442,3,3,ok,False,3.2406965209446597,0.780853955482372,0.780853955482372,1.7102508910135679,4.771142150875751,18.18,0.5,1.0,2.576900280411121e-87,1.012535132691673e-88,4.021550476427032,1.6388653666910789,2.714196543365607,0.6038123402290108,True,0.6944817866810978,7.031872080290955e-89
1005516-19-7,O=C(O)C=1C=CC=C(OCCO)C1C(=O)O,179.43055320574334,193.2056113333333,0.53606,-0.65869,189.31200000000004,4.622970535272748,-8.1381089269035,-0.6623251121170001,7.4757838147865,2.5899504718811373,1,0,0.4541,3,4,ok,False,3.2345734368544754,0.780853955482372,0.780853955482372,1.7041278069233836,4.765019066785567,18.18,0.5,1.0,2.2058585319566233e-87,8.664024425988584e-89,4.015427392336847,1.5835655269939735,2.714196543365607,0.5834380457320715,True,0.7114857048596201,6.164329525645454e-89
198330-12-0,O=C(O)C1=CC=C(OC2=CC=CC(C(=O)O)=C2C(=O)O)C=C1,176.6470471259671,282.0958586666667,0.5365,-0.65106,246.2800000000001,3.0703254827460884,-8.2251853590635,-0.788585938749,7.436599420314501,2.7313583943799538,1,0,2.5735,3,4,ok,False,3.2225788196997787,0.780853955482372,0.780853955482372,1.6921331897686869,4.75302444963087,18.18,0.5,1.0,1.6264264459892798e-87,6.383262152331924e-89,4.003432775182151,1.5230042776482937,2.714196543365607,0.5611252734703459,True,0.7298899040911111,4.659078600153967e-89
1826827-36-4,O=C(O)C=1C=CC=C(OC2=CC=CC(C(=O)O)=C2C(=O)O)C1,177.67546073998082,279.2888146666666,0.53683,-0.65416,246.55200000000005,3.444448328832935,-8.14708868397,-0.8411039118955,7.305984772074501,2.764432470799968,1,0,2.5735,3,4,ok,False,3.2163978197637633,0.780853955482372,0.780853955482372,1.6859521898326715,4.746843449694855,18.18,0.5,1.0,1.3899402642835343e-87,5.452962334404105e-89,3.997251775246135,1.521577903831489,2.714196543365607,0.5605997500625841,True,0.7303202957468539,3.982409064758461e-89
169542-84-1,O=C(O)C1=C(F)C(F)=C(N)C(F)=C1C(=O)O,179.51825667798056,166.815195,0.53591,-0.64382,166.00800000000004,4.9671055585723165,-7.9628676071815,-0.657971290509,7.3048963166725,2.543460580347669,2,2,1.0825000000000002,3,3,ok,False,3.2152511353225854,0.780853955482372,0.780853955482372,1.6848055053914937,4.745696765253677,18.18,0.5,1.0,1.3499999271703228e-87,5.295881094371588e-89,3.9961050908049573,1.598209816549092,2.714196543365607,0.5888334875584618,True,0.7069998140698438,3.7441869490567135e-89
2527380-64-7,O=C(O)C=1C=CC=C(C#CC(O)CCCC)C1C(=O)O,178.08525339136304,274.0334476666667,0.5369,-0.65257,253.45600000000007,3.62238614313825,-8.3917190355695,-0.764639919905,7.6270791156644995,2.74806738104072,1,0,1.9856,3,3,ok,False,3.206185417928669,0.780853955482372,0.780853955482372,1.6757397879975773,4.736631047859761,18.18,0.5,1.0,1.0719922865273293e-87,4.202852675161103e-89,3.987039373411041,1.544913664599282,2.714196543365607,0.5691974180630218,True,0.7232605844045591,3.039757682003284e-89
444288-74-8,O=C(O)C=1C=CC=C(NCC=2C=CC=C(Cl)C2)C1C(=O)O,179.16876751890155,302.295552,0.53213,-0.67044,253.10400000000007,4.786664398096027,-7.256187937433,-0.654705924303,6.60148201313,2.37000727894053,1,0,3.3485000000000014,3,3,ok,False,3.1906577364117137,0.780853955482372,0.780853955482372,1.660212106480622,4.721103366342805,18.18,0.5,1.0,7.219938759636523e-88,2.8278396329742107e-89,3.9715116918940856,1.636049474737026,2.714196543365607,0.6027748722678434,True,0.6953516802596786,1.9663430402935305e-89
5434-20-8,O=C(O)C=1C=CC=C(N)C1C(=O)O,177.7420603771048,169.24276733333332,0.53203,-0.66992,149.76800000000003,3.508018085757256,-7.4741511316835005,-0.611711935924,6.8624391957595,2.3818492114472902,1,0,0.6652,3,3,ok,False,3.1858640022866673,0.780853955482372,0.780853955482372,1.6554183723555755,4.716309632217759,18.18,0.5,1.0,6.390050523485795e-88,2.5020299641193347e-89,3.9667179577690392,1.704562359141521,2.714196543365607,0.628017290534112,True,0.674080514688334,1.6865696459791947e-89
1005516-63-1,O=C(O)C1=CC=CC(C2=CC=C(O)C=C2)=C1C(=O)O,169.34886825974695,259.1211573333333,0.53433,-0.6588,218.6320000000001,6.6308489878747805,-7.6766038364555005,-0.588854372482,7.0877494639735,2.40971410427762,1,0,2.4556000000000004,3,3,ok,False,3.204892762771463,0.780853955482372,0.780853955482372,1.6744471328403712,4.7353383927025545,18.18,0.5,1.0,1.0373084733480362e-87,4.06653500670022e-89,3.985746718253835,2.8053775831923415,2.714196543365607,1.0335941183219068,False,0.34358635503614754,1.3972059405790245e-89
2167510-34-9,O=C(O)C1=CC=CC(=C1C(=O)O)C(N)CC,169.5819671176013,211.8649463333333,0.53553,-0.66112,200.47200000000004,3.843061781965,-8.386004644709,-0.6108955943725001,7.775109050336501,2.602671338367967,1,0,1.4928,3,3,ok,False,3.190132159790247,0.780853955482372,0.780853955482372,1.6596865298591552,4.720577789721339,18.18,0.5,1.0,7.12394043637967e-88,2.7901461564854966e-89,3.970986115272619,2.391893532834513,2.714196543365607,0.8812528844608144,True,0.4599641872332589,1.2833673091298526e-89
24953-89-7,O=C(O)C1=C(O)C=C(OC)C(=C1C(=O)O)C,170.29873645439335,202.79275933333332,0.53746,-0.66091,186.69600000000003,3.632422435510496,-7.8523893838785,-0.4606887488965,7.391700634982,2.337326396667246,2,1,1.10562,3,4,ok,False,3.180457678833992,0.780853955482372,0.780853955482372,1.6500120489029004,4.710903308765084,18.18,0.5,1.0,5.56773937188146e-88,2.1793004558165455e-89,3.961311634316364,2.3744533976188036,2.714196543365607,0.8748273603924344,True,0.4651836940239423,1.0137750364248018e-89
66650-92-8,O=C(O)C1=CC(=CC(N)=C1C(=O)O)C(C)(C)C,177.99424129697638,240.9878643333333,0.53094,-0.67215,215.6800000000001,4.084753982799944,-7.3930612042345,-0.4862674508435,6.906793753391,2.2472011714644093,1,1,1.9627,3,3,ok,False,3.1477417359486015,0.780853955482372,0.780853955482372,1.6172961060175097,4.678187365879693,18.18,0.5,1.0,2.4166132107186948e-88,9.439276818982999e-90,3.9285956914309734,1.748357040383541,2.714196543365607,0.644152703184706,True,0.6603847197861047,6.233554177087561e-90
37141-01-8,O=C(O)C1=CC(N)=CC(C(=O)O)=C1C(=O)O,172.64175950014325,193.82896,0.53513,-0.6654,178.16000000000005,7.848272277386916,-7.6542905007145,-0.759197642895,6.8950928578195,2.566563794074965,1,1,0.3633999999999999,4,4,ok,False,3.1220107109963777,0.780853955482372,0.780853955482372,1.591565081065286,4.652456340927469,18.18,0.5,1.0,1.2519574386504704e-88,4.882130566681083e-90,3.9028646664787496,2.9835942646454483,2.714196543365607,1.0992550528215572,False,0.29868622505215103,1.4582251491736917e-90
13935-10-9,O=C(O)C=1C(Cl)=CC(Cl)=C(O)C1C(=O)O,171.83882363158676,187.95235966666667,0.54317,-0.64337,175.67200000000005,3.970730318216033,-8.2317160914755,-1.0658699524085,7.165846139067,3.015872255899488,2,1,2.0954,3,3,ok,False,3.0917580861109766,0.780853955482372,0.780853955482372,1.5613124561798848,4.622203716042068,18.18,0.5,1.0,5.7700554944829256e-89,2.2457658030467846e-90,3.8726120415933485,2.0599573073043183,2.714196543365607,0.7589565731116762,True,0.5621339682260699,1.2624212425730956e-90
2243517-19-1,O=C(O)C=1C=C(F)C=C(N)C1C(=O)O,177.03947870345837,166.99688766666668,0.53335,-0.66274,154.50400000000005,3.377405638948334,-7.6129291954385,-0.5738881107045001,7.039041084734,2.380437079331784,1,1,0.8043000000000002,3,3,ok,False,3.0569933789645916,0.780853955482372,0.780853955482372,1.5265477490334998,4.587439008895683,18.18,0.5,1.0,2.364792381646101e-89,9.183738564575049e-91,3.8378473344469635,1.7122365393814625,2.714196543365607,0.6308447129839341,True,0.6716855013840436,6.168584042326568e-91
34163-34-3,O=C(O)C1=CC(Br)=CC(C(=O)O)=C1C(=O)O,172.59647938243486,199.327666,0.53826,-0.64972,186.35200000000003,4.132777843049394,-8.825196399416,-0.9907665296705,7.834429869745501,3.074669434379992,1,1,1.5437,3,3,ok,False,3.060120643891132,0.780853955482372,0.780853955482372,1.5296750139600401,4.5905662738222235,18.18,0.5,1.0,2.5625693348644602e-89,9.953783925458112e-91,3.840974599373504,1.9959114074743816,2.714196543365607,0.7353599400725229,True,0.5823088851945889,5.796176821101332e-91
927672-71-7,O=C(O)C=1C=CC=C(NC=2C=CC=CC2OC=3C=CC=CC3)C1C(=O)O,172.82182452554773,382.9288153333334,0.53328,-0.66751,300.80000000000007,3.09116788447344,-7.078769706907,-0.692801863373,6.385967843534,2.3644546195585137,1,0,4.618900000000004,3,4,ok,False,3.0515705911557856,0.780853955482372,0.780853955482372,1.5211249612246938,4.582016221086877,18.18,0.5,1.0,2.0572585377006556e-89,7.986677082894536e-91,3.8324245466381575,2.0373056505976908,2.714196543365607,0.7506109517299102,True,0.5692606867338273,4.5465012809298644e-91
109803-70-5,O=C(O)C1=CC=C(O)C(Cl)=C1C(=O)O,178.51715431954895,172.96854166666665,0.53653,-0.64762,162.12000000000003,3.945440957611709,-8.360425942762001,-0.6038206342595,7.756605308502501,2.589976977607607,1,1,1.442,3,3,ok,False,3.0416309429640513,0.780853955482372,0.780853955482372,1.5111853130329596,4.572076572895143,18.18,0.5,1.0,1.593434151283931e-89,6.182127423461283e-91,3.8224848984464233,1.6009552042191495,2.714196543365607,0.5898449794037255,True,0.7061574144298194,4.365555117027101e-91
1824374-56-2,O=C(O)C1=CC=CC(C(=O)N)=C1C(=O)O,169.94222325120245,179.24633233333336,0.53549,-0.64986,170.44000000000003,6.121561040290295,-9.02329528258,-0.7012373927385,8.3220578898415,2.840839880144666,1,0,0.1819,3,3,ok,False,3.0293295630028165,0.780853955482372,0.780853955482372,1.4988839330717247,4.559775192933908,18.18,0.5,1.0,1.1612307436432094e-89,4.501779354193452e-91,3.8101835184851884,2.528929040744609,2.714196543365607,0.931741309201114,True,0.4197307405290444,1.889535182033981e-91
927672-46-6,O=C(O)C=1C=CC=C(NCC2CC2)C1C(=O)O,177.73031177994895,235.5444403333333,0.53192,-0.67122,208.46400000000008,3.81978952430628,-7.2118333798015,-0.6326647024125001,6.579168677389,2.338295048329733,1,0,1.9049,3,3,ok,False,3.0036122819503266,0.780853955482372,0.780853955482372,1.4731666520192348,4.534057911881418,18.18,0.5,1.0,5.988112465634817e-90,2.3176589541285038e-91,3.7844662374326985,1.7333612522781259,2.714196543365607,0.6386277576379034,True,0.6650816839742779,1.541432520089849e-91
2503103-60-2,O=C(O)C=1C=CC=C(C#CC(NC)C)C1C(=O)O,171.40607741621915,248.572242,0.53635,-0.65305,223.2800000000001,3.324554968713858,-8.0760669689895,-0.717836337619,7.3582306313705,2.627422924075171,1,0,1.0423999999999998,3,3,ok,False,2.9976405890901567,0.780853955482372,0.780853955482372,1.467194959159065,4.528086219021248,18.18,0.5,1.0,5.133739125488035e-90,1.9862301933966723e-91,3.7784945445725286,2.1016656832405802,2.714196543365607,0.7743233217129192,True,0.5490440485443226,1.0905278667234819e-91
1344645-40-4,O=C(O)C1=CC=CC(=C1C(=O)O)CC(N)C(=O)O,170.07580985264286,218.064551,0.53426,-0.65726,212.4480000000001,1.1774933842701625,-8.4439648948655,-0.5989225849505,7.845042309915,2.605907359774934,1,0,0.0373999999999999,4,4,ok,False,3.015076862422408,0.780853955482372,0.780853955482372,1.484631232491316,4.545522492353499,18.18,0.5,1.0,8.045828422093985e-90,3.1163410564478407e-91,3.7959308179047797,2.804369340348959,2.714196543365607,1.033222648228539,False,0.3438502483986696,1.0715546463545625e-91
84638-34-6,O=C(O)C1=CC(O)=C(C(=O)O)C(O)=C1C(=O)O,178.7794450454173,192.4352913333333,0.53985,-0.65193,181.49600000000004,5.398175617743462,-8.329404963805,-0.7409660149115,7.588438948893501,2.710426684777469,1,2,0.1923999999999999,5,5,ok,False,2.9981166329648534,0.780853955482372,0.780853955482372,1.4676710030337616,4.528562262895945,18.18,0.5,1.0,5.1971383699282205e-90,2.0108196402207048e-91,3.7789705884472253,2.3554621855786153,2.714196543365607,0.8678303681935425,True,0.4708905697444565,9.468760060368706e-92
444288-83-9,O=C(O)C=1C=CC=C(NCC=2OC(=C(C2)C)C)C1C(=O)O,178.6649996093211,285.73910100000006,0.53272,-0.66977,253.59200000000007,4.636004949307107,-7.292923307250501,-0.6326647024125001,6.660258604838001,2.357826813709803,1,0,2.9049400000000007,3,4,ok,False,2.9735002671309267,0.780853955482372,0.780853955482372,1.443054637199835,4.503945897062018,18.18,0.5,1.0,2.7536726480016393e-90,1.0637671447961151e-91,3.7543542226132987,1.6670305181217375,2.714196543365607,0.6141893158756357,True,0.6857593491874225,7.294882649023466e-92
1525857-54-8,O=C(O)C1=CC=CC(C2=NC(=CS2)CN)=C1C(=O)O,170.61766299893557,260.928959,0.53556,-0.64941,226.00800000000007,3.617580210582759,-8.151170391727499,-0.7132104021605,7.437959989566999,2.6410886509630447,1,0,1.6652,3,5,ok,False,2.9765433240348287,0.780853955482372,0.780853955482372,1.446097694103737,4.50698895396592,18.18,0.5,1.0,2.9787650500778823e-90,1.150943079815692e-91,3.7573972795172006,2.2199682213341583,2.714196543365607,0.8179098992519513,True,0.5122325267173841,5.8955048188187975e-92
1521080-76-1,O=C(O)C1=CC=CC(C2=NN=C(O2)CN)=C1C(=O)O,176.16395470013993,232.106296,0.53605,-0.65191,212.76000000000005,7.130490427032352,-8.604784180511,-0.733074713247,7.871709467264,2.769271690042515,1,0,0.5917000000000001,3,6,ok,False,2.9423046002563105,0.780853955482372,0.780853955482372,1.4118589703252187,4.472750230187402,18.18,0.5,1.0,1.229458516505008e-90,4.740179158747686e-92,3.7231585557386824,2.136226169916038,2.714196543365607,0.7870565509110533,True,0.5382360747944815,2.551335424226962e-92
2578630-50-7,O=C(O)C=1C=CC=C(C#CCNC)C1C(=O)O,171.25942120199062,231.52641000000003,0.53645,-0.65315,206.70400000000004,3.4478981495978096,-8.065998756521001,-0.730353574742,7.335645181779001,2.63698053880488,1,0,0.6538999999999999,3,3,ok,False,2.919444562786932,0.780853955482372,0.780853955482372,1.3889989328558403,4.449890192718024,18.18,0.5,1.0,6.80222680690445e-91,2.6188322564263545e-92,3.700298518269304,2.125124701665083,2.714196543365607,0.7829664019208888,True,0.5417035480281719,1.4186307249967795e-92
143330-20-5,N#CC1=CC=C(C=C1)C(=O)NC2=CC=CC(C(=O)O)=C2C(=O)O,172.50236553260535,307.489247,0.5366,-0.64686,259.04800000000006,6.358201337642588,-8.409406435852,-1.025324988684,7.384081447168,3.013718012524987,1,0,2.20698,3,4,ok,False,2.918233251843052,0.780853955482372,0.780853955482372,1.3877876219119603,4.448678881774144,18.18,0.5,1.0,6.592034483873588e-91,2.5377158233904056e-92,3.699087207325424,2.304068000651548,2.714196543365607,0.8488950464119673,True,0.4864492011222692,1.2344698349636044e-92
858000-56-3,O=C(O)C=1C=C(C(=O)O)C(C(=O)O)=C(C1)C,175.27646088421517,193.005323,0.53637,-0.65417,183.12000000000003,5.364673802758189,-8.827917537921,-1.0201548255245,7.807762712396499,3.1053879596544114,1,1,1.08962,3,3,ok,False,2.9104793330137344,0.780853955482372,0.780853955482372,1.3800337030826426,4.440924962944826,18.18,0.5,1.0,5.391816283220456e-91,2.0746606150615607e-92,3.6913332884961063,1.97814290943712,2.714196543365607,0.7288134362533011,True,0.5879172778768379,1.219728821325279e-92
916849-63-3,O=C(O)C=1C=CC=C(OC2=CC=C(O)C(N)=C2)C1C(=O)O,180.65620361136405,275.3597153333333,0.53568,-0.65722,238.80800000000005,6.041486608443322,-7.1427164617745005,-0.6783798292965,6.464336632478,2.3656544620092053,1,0,2.1631,4,5,ok,False,2.907375850800424,0.780853955482372,0.780853955482372,1.3769302208693321,4.4378214807315155,18.18,0.5,1.0,4.974939545713456e-91,1.9138819400501447e-92,3.688229806282796,1.99456174816754,2.714196543365607,0.7348626808338209,True,0.5827347562659047,1.1152855258568379e-92
1504528-59-9,O=C(O)C1=CC=CC(C(=S)N)=C1C(=O)O,170.22498555546653,211.744244,0.53548,-0.64865,179.55200000000005,6.788555148925285,-7.711162295469001,-0.6968835711305,7.014278724338501,2.5196901232887647,1,0,0.7172000000000001,3,3,ok,False,2.9233678960854554,0.780853955482372,0.780853955482372,1.3929222661543637,4.453813526016547,18.18,0.5,1.0,7.530012022339865e-91,2.8997417733421427e-92,3.7042218515678274,2.6797673522640735,2.714196543365607,0.9873151444446093,True,0.37727112164343923,1.0939888313051257e-92
671215-17-1,O=C(O)C1=C(F)C(F)=C(C(=O)O)C(C(=O)O)=C1S,171.90181722251845,200.18213866666667,0.53807,-0.63346,194.34400000000005,1.5336328993602086,-8.2910369108845,-1.1959403729475,7.095096537937001,3.171300682897896,2,2,1.3481,4,4,ok,False,2.9029513015193302,0.780853955482372,0.780853955482372,1.3725056715882384,4.433396931450422,18.18,0.5,1.0,4.4356023014112635e-91,1.705922496042935e-92,3.683805257001702,2.4426034685715363,2.714196543365607,0.8999361061534273,True,0.44490922999628024,7.589806641477947e-93
1344532-28-0,O=C(O)C1=CC=CC(=C1C(=O)O)C(N)C,171.01307628553417,194.92170366666667,0.53488,-0.6593,183.96000000000004,3.568424512302313,-8.5740353154045,-0.6000110403525,7.974024275051999,2.638665360001975,1,0,1.1027,3,3,ok,False,2.8822383347777087,0.780853955482372,0.780853955482372,1.351792704846617,4.4126839647088,18.18,0.5,1.0,2.59101787588863e-91,9.952055361297331e-93,3.6630922902600807,2.1649086940989957,2.714196543365607,0.7976241438339268,True,0.5292976844717978,5.2675998584698185e-93
855891-47-3,O=C(O)C1=C(O)C=C(OC)C(OC)=C1C(=O)O,169.11883874907994,207.3706273333333,0.53768,-0.65671,196.59200000000004,5.0835621182395325,-7.8888526398455,-0.5442277010000001,7.3446249388455005,2.420710540950158,2,1,0.8057999999999998,3,5,ok,False,2.8864786930661914,0.780853955482372,0.780853955482372,1.3560330631350996,4.416924322997283,18.18,0.5,1.0,2.892635397463271e-91,1.111351754069702e-92,3.6673326485485633,2.624711520489321,2.714196543365607,0.9670307505567285,True,0.39252758164472473,4.3623621638160305e-93
444287-94-9,O=C(O)C=1C=CC=C(NCCOC)C1C(=O)O,178.4852051205894,227.50396333333336,0.53163,-0.6716,208.61600000000004,5.723157343634719,-7.184894108602,-0.624773400748,6.560120707854,2.3243058063541677,1,0,1.1413,3,4,ok,False,2.863093560665982,0.780853955482372,0.780853955482372,1.3326479307348904,4.393539190597074,18.18,0.5,1.0,1.5754122255124663e-91,6.043877224553776e-93,3.643947516148354,1.7491803031500723,2.714196543365607,0.6444560204844586,True,0.6601266540220817,3.98972444956495e-93
1344634-71-4,O=C(O)C1=CC=C2C(=C1C(=O)O)C(N)CCC2,169.8226045384941,227.35511133333335,0.53419,-0.66007,205.93600000000004,4.127157056618999,-8.224369017512,-0.543139245598,7.681229771914,2.5018520284593686,1,1,1.4191,3,3,ok,False,2.8733262300023394,0.780853955482372,0.780853955482372,1.3428806000712477,4.403771859933431,18.18,0.5,1.0,2.0554974440711551e-91,7.890721750748309e-93,3.6541801854847114,2.4135093894660367,2.714196543365607,0.8892168827513435,True,0.45352419253788545,3.5786332105492566e-93
1824333-97-2,O=C(O)C1=CC=C(C(S)=C1C(=O)O)C,177.6128721525576,196.6349393333333,0.53506,-0.65458,173.35200000000003,3.683306995079286,-8.037698916068999,-0.6217801483925,7.415918767676499,2.527892362935808,1,1,1.68012,3,3,ok,False,2.8384568855477283,0.780853955482372,0.780853955482372,1.3080112556166366,4.36890251547882,18.18,0.5,1.0,8.297568171054464e-92,3.1783576685348025e-93,3.6193108410301003,1.649181222501754,2.714196543365607,0.6076130435479692,True,0.6912915560580049,2.197171818390316e-93
2583588-26-3,O=C(O)C=1C=CC=C(C#CC(O)C)C1C(=O)O,170.72240102646376,225.29270266666663,0.53609,-0.65076,203.0480000000001,3.81642669260134,-8.347908705639,-0.7257276392835,7.6221810663555,2.700371317709478,1,0,0.8152999999999999,3,3,ok,False,2.823501427082462,0.780853955482372,0.780853955482372,1.2930557971513703,4.353947057013554,18.18,0.5,1.0,5.619712046543551e-92,2.15060225171032e-93,3.604355382564834,2.2110320364367047,2.714196543365607,0.814617512442567,True,0.5149931437168866,1.1075454144929128e-93
769908-43-2,O=C(O)C1=CC=C(C(N)=C1C(=O)O)C,177.65071887695976,188.2153783333333,0.53097,-0.67347,165.84800000000004,4.04398535852938,-7.414013970722999,-0.58776591708,6.826248053642999,2.344936811176902,1,1,0.97362,3,3,ok,False,2.8023137139273455,0.780853955482372,0.780853955482372,1.2718680839962537,4.332759343858437,18.18,0.5,1.0,3.233558308758892e-92,1.235811743178645e-93,3.5831676694097174,1.7206567391067042,2.714196543365607,0.6339469937475817,True,0.6690551465862563,8.268262069854053e-94
1323408-36-1,O=C(O)C=1C=CC=C(OCC2=CC=C(C=C2)CO)C1C(=O)O,177.54924159611298,291.63587133333334,0.53615,-0.65874,261.03200000000004,6.726452118316163,-8.142734862362,-0.6827336509045,7.4600012114575,2.61021721950367,1,0,2.1543,3,4,ok,False,2.7891607359366724,0.780853955482372,0.780853955482372,1.2587151060055806,4.319606365867764,18.18,0.5,1.0,2.2935674733179584e-92,8.75844353990149e-94,3.5700146914190443,1.9328590231202571,2.714196543365607,0.7121293510762156,True,0.6022225529750624,5.274532228687418e-94
1822790-02-2,O=C(O)C1=CC=C2C(=C1C(=O)O)CCC2N,177.395301721507,208.840474,0.53363,-0.66231,190.80000000000004,3.6954295081898128,-8.491856932553501,-0.6054533173625,7.886403615191002,2.623535955724171,1,1,1.029,3,3,ok,False,2.75011134382107,0.780853955482372,0.780853955482372,1.219665713889978,4.280556973752161,18.18,0.5,1.0,8.258941732933551e-93,3.1461830515366057e-94,3.5309652993034417,1.6157668574946513,2.714196543365607,0.5953020835739105,True,0.7016050986977806,2.2073780703946248e-94
1344437-44-0,O=C(O)C1=CC=C2C(=C1C(=O)O)CCC2N,177.39532816668765,208.84017766666668,0.53363,-0.66231,190.80000000000004,3.6955026681089,-8.491584818703,-0.6054533173625,7.8861315013405,2.6234695311307896,1,1,1.029,3,3,ok,False,2.75003215016479,0.780853955482372,0.780853955482372,1.2195865202336982,4.2804777800958815,18.18,0.5,1.0,8.2418307080592e-93,3.1396492713677844e-94,3.530886105647162,1.6158048249490213,2.714196543365607,0.5953160720429705,True,0.7015934136146267,2.2027572498515992e-94
2531109-04-1,O=C(C#CC1=CC=CC(C(=O)O)=C1C(=O)O)N,172.0003557283699,221.682079,0.53645,-0.6476,192.32000000000005,5.18907112786094,-8.6273696301025,-1.0027395390925,7.624630091009999,3.0407705522645534,1,0,-0.0801999999999997,3,3,ok,False,2.741911873207373,0.780853955482372,0.780853955482372,1.2114662432762813,4.272357503138465,18.18,0.5,1.0,6.662599463685999e-93,2.5367747926215116e-94,3.522765828689745,2.165172405340191,2.714196543365607,0.797721303798941,True,0.5292156477262978,1.342500915012938e-94
2574957-27-8,O=C(O)C=1C=CC=C(C#CC(O)CCC)C1C(=O)O,170.7003555597624,258.420879,0.53664,-0.65194,236.6320000000001,3.939611365350648,-8.283417723070501,-0.7404217872105,7.542995935860001,2.6988507020196484,1,0,1.5955,3,3,ok,False,2.7360474125943597,0.780853955482372,0.780853955482372,1.205601782663268,4.266493042525451,18.18,0.5,1.0,5.713441449903874e-93,2.1745916873968218e-94,3.5169013680767316,2.2272038528321185,2.714196543365607,0.8205757458044594,True,0.5099999993172226,1.109041759087617e-94
2576356-83-5,O=C(O)C=1C=CC=C(C#CCCNC)C1C(=O)O,177.0296405997099,248.35304,0.53633,-0.65329,223.2160000000001,3.582998029583605,-8.04368542078,-0.7243670700310001,7.319318350748999,2.625884706659529,1,0,1.0439999999999998,3,3,ok,False,2.7212990521272413,0.780853955482372,0.780853955482372,1.1908534221961495,4.251744682058333,18.18,0.5,1.0,3.880899508336939e-93,1.4757560568779037e-94,3.5021530076096132,1.6099074326753189,2.714196543365607,0.59314327719209,True,0.7034074642841197,1.0380578258704174e-94
1344577-98-5,O=C(O)C1=CC=C2C(=C1C(=O)O)C(N)CC2,173.69647174897088,209.4069473333333,0.53246,-0.66417,191.06400000000005,7.395893115777161,-8.464645547503501,-0.5665410367410001,7.898104510762501,2.581705870322918,1,1,1.029,3,3,ok,False,2.7189995797949216,0.780853955482372,0.780853955482372,1.1885539498638298,4.249445209726013,18.18,0.5,1.0,3.6536787127383748e-93,1.3891544912157382e-94,3.4998535352772935,2.400003874768203,2.714196543365607,0.8842410033402354,True,0.45754403296125706,6.35599348317092e-95
130684-37-6,O=C(O)C=1C(F)=C(F)C(F)=C(O)C1C(=O)O,176.6747059253045,152.1984075,0.54321,-0.63785,161.04000000000005,5.520907565790248,-8.472536849168002,-0.96872530778,7.503811541388002,2.969738466397119,2,2,1.2059,3,3,ok,False,2.6936567014709887,0.780853955482372,0.780853955482372,1.163211071539897,4.22410233140208,18.18,0.5,1.0,1.8780375059327322e-93,7.12921793541454e-95,3.4745106569533606,1.8484395231955868,2.714196543365607,0.6810264082436416,True,0.6288912260933155,4.4835026084893056e-95
1344512-07-7,O=C(O)C1=CC=C2OCC(N)C2=C1C(=O)O,174.98676480185603,199.695008,0.53195,-0.65899,183.24800000000005,7.377303422660614,-8.048039242388,-0.5227307068105,7.5253085355775005,2.440368297684913,1,1,0.4752000000000001,3,4,ok,False,2.699887687876446,0.780853955482372,0.780853955482372,1.1694420579453542,4.2303333178075375,18.18,0.5,1.0,2.2121198485665406e-93,8.400671525479065e-95,3.480741643358818,2.2872553689798503,2.714196543365607,0.8427007154550609,True,0.4915731620576231,4.12954466518718e-95
2511070-60-1,O=C(O)C=1C=CC=C(C#CCNCC)C1C(=O)O,170.93329496349952,247.81062966666664,0.53652,-0.65331,223.23200000000008,3.802733277525522,-7.992528016885999,-0.7300814608915001,7.262446555994499,2.6190869535216548,1,0,1.0439999999999998,3,3,ok,False,2.691818855903726,0.780853955482372,0.780853955482372,1.1613732259726344,4.222264485834818,18.18,0.5,1.0,1.7894788433704032e-93,6.79226685804955e-95,3.472672811386098,2.2009677829884424,2.714196543365607,0.8109095077761906,True,0.5181066189560732,3.519118416871443e-95
927673-52-7,O=C(O)C=1C=CC=C(NC2=CC=C3C(=C2)CCC3)C1C(=O)O,172.05754399848405,309.0819066666666,0.53612,-0.65734,261.83200000000005,3.5342694209694883,-7.051014094156001,-0.722190159227,6.328823934929001,2.386806181766906,1,0,3.315300000000001,3,3,ok,False,2.6799048698750294,0.780853955482372,0.780853955482372,1.1494592399439376,4.210350499806121,18.18,0.5,1.0,1.3082137960882134e-93,4.9618818542569355e-95,3.4607588253574013,2.128792180725813,2.714196543365607,0.7843176228078562,True,0.5405575708862567,2.6821828021617242e-95
29049-77-2,O=C(O)C=1C=C(C(=O)O)C(C(=O)O)=C(OC)C1C(=O)O,174.34927098595207,221.88802566666664,0.53926,-0.64362,219.75200000000007,4.675539948497927,-9.0366288612545,-1.281656235855,7.754972625399501,3.432217381287897,1,2,0.4879999999999998,4,5,ok,False,2.667018646073135,0.780853955482372,0.780853955482372,1.1365730161420433,4.197464276004227,18.18,0.5,1.0,9.319984396848168e-94,3.532128646902056e-95,3.447872601555507,2.3169156479564297,2.714196543365607,0.8536285456628913,True,0.4825447125638028,1.7044100026577264e-95
1005516-64-2,O=C(O)C=1C=CC=C(C1)C=2C=CC=C(C(=O)O)C2C(=O)O,170.9965618313654,277.713864,0.53484,-0.65608,238.17600000000004,3.927854246277476,-8.3781133430445,-0.7066796697485,7.671433673296001,2.6896362401133924,1,0,2.4482,3,3,ok,False,2.6302553611184702,0.780853955482372,0.780853955482372,1.0998097311873785,4.160700991049562,18.18,0.5,1.0,3.537011621000232e-94,1.3374303112094273e-95,3.411109316600842,2.189411716810267,2.714196543365607,0.806651869836734,True,0.5216871297376882,6.977201802790292e-96
2502276-72-2,O=C(O)C=1C=CC=C(C#CCCC(O)CC)C1C(=O)O,177.47294789209897,274.9862856666667,0.53573,-0.65283,253.2800000000001,3.93605107055282,-8.133482991445,-0.6919855218215001,7.441497469623499,2.616707685402169,1,0,1.9856,3,3,ok,False,2.598111636065701,0.780853955482372,0.780853955482372,1.067666006134609,4.128557265996792,18.18,0.5,1.0,1.5133680365412438e-94,5.711081728205418e-96,3.3789655915480727,1.64445083358735,2.714196543365607,0.6058702114284726,True,0.6927551139982088,3.956381073676032e-96
1344520-24-6,O=C(O)C1=CC=C2C(=C1C(=O)O)C(N)CCC2,169.64846650995676,226.6227966666667,0.53284,-0.66663,206.3760000000001,5.070465846448431,-8.398521881832,-0.5088529004350001,7.889668981397,2.514089174680348,1,1,1.4191,3,3,ok,False,2.6029310439559126,0.780853955482372,0.780853955482372,1.0724854140248208,4.133376673887004,18.18,0.5,1.0,1.7189785800257452e-94,6.48893234799847e-96,3.3837849994382845,2.5165785026475858,2.714196543365607,0.927190961464797,True,0.42329621251193683,2.7467404861539413e-96
500348-77-6,O=C(O)C=1C=CC=C(NC(=O)N)C1C(=O)O,178.2652942509352,193.095739,0.53514,-0.6519,182.20000000000005,6.97274309723225,-8.2300834083725,-0.634569499366,7.595513909006501,2.586463276747368,1,0,0.5736,4,3,ok,False,2.580595653004652,0.780853955482372,0.780853955482372,1.05015002307356,4.1110412829357434,18.18,0.5,1.0,9.521937302220458e-95,3.5894734229921432e-96,3.361449608487024,2.2482382023772987,2.714196543365607,0.8283254976036041,True,0.5035243885412295,1.8073874104971129e-96
1504454-39-0,O=C(O)C1=CC=CC(=C1C(=O)O)CN,171.0699437352554,177.95586400000002,0.53334,-0.66554,167.66400000000004,3.923985639627138,-8.510360674387499,-0.5597381904785,7.950622483908999,2.586800391571236,1,0,0.5417000000000001,3,3,ok,False,2.536135584828978,0.780853955482372,0.780853955482372,1.0056899548978862,4.0665812147600695,18.18,0.5,1.0,2.930894018448575e-95,1.1018408740728163e-96,3.31698954031135,2.20537975960132,2.714196543365607,0.8125350262463478,True,0.5167411696153492,5.693665419983858e-97
479-47-0,O=C(O)C=1C=C(C(=O)O)C(C(=O)O)=C(C1)C(=O)O,172.64966927384305,200.748917,0.53811,-0.64907,194.0240000000001,4.11732917071249,-9.4143228857485,-1.2125393178280002,8.2017835679205,3.442245194554536,1,1,0.4794000000000001,4,4,ok,False,2.4852355413470875,0.780853955482372,0.780853955482372,0.9547899114159957,4.015681171278179,18.18,0.5,1.0,7.575784946140672e-96,2.839172560899549e-97,3.2660894968294594,2.4270781951222054,2.714196543365607,0.8942160806500127,True,0.44949866326872534,1.276204270913591e-97
75543-83-8,O=C(O)C=1C=C(C(=O)O)C(C(=O)O)=C(C1C(=O)O)C,175.50427239666135,217.990348,0.53812,-0.64919,210.04000000000005,2.92709186394961,-9.010233817756,-1.201110536107,7.809123281649001,3.338132519888694,1,2,0.78782,4,4,ok,False,2.4699554040824836,0.780853955482372,0.780853955482372,0.9395097741513918,4.000401034013575,18.18,0.5,1.0,5.04289252572308e-96,1.8881566662588488e-97,3.2508093595648555,2.053560481693777,2.714196543365607,0.7565997704600123,True,0.5641454263064226,1.065194947419912e-97
2548717-39-9,O=C(O)C=1C=CC=C(C#CC(N)CO)C1C(=O)O,167.28921417611608,238.373475,0.5358,-0.6522,215.59200000000004,2.9371990364971863,-8.198790315565,-0.702597961991,7.496192353574001,2.642498669008747,1,0,-0.2458999999999998,4,4,ok,False,2.468326431732603,0.780853955482372,0.780853955482372,0.937880801801511,3.9987720616636944,18.18,0.5,1.0,4.82866779376468e-96,1.807766766391215e-97,3.2491803872149747,3.1070649460015765,2.714196543365607,1.1447457456963717,False,0.26970060050026246,4.8755578246012837e-98
2385606-35-7,O=C(O)C=1C(F)=CC=C(O)C1C(=O)O,176.9851826465636,153.11109866666666,0.53432,-0.64774,152.36800000000002,3.979200495074356,-8.214028691193,-0.7257276392835,7.488301051909501,2.6681366939672992,2,0,0.9277,3,3,ok,False,2.4313542986728027,0.780853955482372,0.780853955482372,0.9009086687417109,3.9617999286038943,18.18,0.5,1.0,1.8006744070797515e-96,6.726202502681995e-98,3.2122082541551746,1.651935615231261,2.714196543365607,0.608627853155711,True,0.6904388537509113,4.644031546048267e-98
1005516-26-6,O=C(O)C=1C=CC=C(NCCCC)C1C(=O)O,176.10664630394697,239.33301733333332,0.5319,-0.67089,216.29600000000005,3.9468568887153737,-7.185982564004,-0.6114398220735,6.5745427419305,2.311940094295049,1,0,2.295,3,3,ok,False,2.432897295047871,0.780853955482372,0.780853955482372,0.9024516651167793,3.9633429249789627,18.18,0.5,1.0,1.8764333786689675e-96,7.009850649699752e-98,3.213751250530243,1.826721103683592,2.714196543365607,0.6730246223873145,True,0.6357422008831974,4.456457879902632e-98
109844-55-5,O=C(O)C=1C=C(C(=O)O)C(C(=O)O)=C(OC)C1OC,174.66933514338484,224.152558,0.5367,-0.65093,217.76000000000005,6.459760036564825,-8.4532167657825,-0.8819209894705,7.571295776312,2.8774730074010693,1,2,0.7983999999999999,3,5,ok,False,2.433570000701561,0.780853955482372,0.780853955482372,0.9031243707704693,3.9640156306326526,18.18,0.5,1.0,1.910449916134654e-96,7.137220121721076e-98,3.214423956183933,2.119461232884841,2.714196543365607,0.7808797922410978,True,0.543474087891235,3.878894195731331e-98
1070979-76-8,O=C(O)C1=CC(N)=CC(=C1C(=O)O)C,173.28856148725305,188.967048,0.53038,-0.66901,167.05600000000004,4.135715525758512,-7.4752395870855,-0.37551711369,7.0997224733955,2.170309508777682,1,1,0.9736200000000002,3,3,ok,False,2.4217797432619843,0.780853955482372,0.780853955482372,0.8913341133308925,3.952225373193076,18.18,0.5,1.0,1.394239851752588e-96,5.204975911701475e-98,3.202633698744356,2.139944365037399,2.714196543365607,0.7884264572763272,True,0.5370756718209444,2.795465934588902e-98
82784-82-5,O=C(O)C1=CC=C(O)C(O)=C1C(=O)O,180.8334811175037,163.68261,0.53499,-0.65644,155.55200000000005,5.09748380478055,-8.2153892604455,-0.521914365259,7.6934748951865,2.4806890152950323,1,1,0.4941999999999998,4,4,ok,False,2.4062961625195207,0.780853955482372,0.780853955482372,0.8758505325884289,3.9367417924506123,18.18,0.5,1.0,9.215883112157389e-97,3.437229469974728e-98,3.1871501180018926,1.80758253903123,2.714196543365607,0.6659733406003919,True,0.6417730834184928,2.2059213553625928e-98
927672-55-7,O=C(O)C=1C=CC=C(NC2=CC=C(OC)C=C2OC)C1C(=O)O,176.68896989229128,324.28875966666664,0.53233,-0.66919,271.65600000000006,4.437054286348094,-6.83549992456,-0.6530732412,6.182426683359999,2.267666522025916,1,0,2.8438000000000008,3,5,ok,False,2.3980237602579084,0.780853955482372,0.780853955482372,0.8675781303268166,3.928469390189,18.18,0.5,1.0,7.385930540351308e-97,2.753328780134355e-98,3.1788777157402803,1.7940934328176907,2.714196543365607,0.6610035066189469,True,0.6460194703697077,1.7787040002960696e-98
2645936-93-0,O=C(O)C=1C=CC=C(C#CCN)C1C(=O)O,171.69479813367096,214.665054,0.53584,-0.65225,189.7920000000001,3.890511921328606,-8.147632911671002,-0.6996047096355,7.448028202035502,2.627326703276627,1,0,0.3932,3,3,ok,False,2.3906901062381305,0.780853955482372,0.780853955482372,0.8602444763070387,3.921135736169222,18.18,0.5,1.0,6.069344611411104e-97,2.2615221698640888e-98,3.1715440617205024,2.113813793225728,2.714196543365607,0.7787990882210013,True,0.5452406512708301,1.2330738207601167e-98
1344512-43-1,O=C(O)C1=CC=CC(=C1C(=O)O)C2CNCC2,171.92759022287424,222.9961383333333,0.53504,-0.66189,207.15200000000004,3.793914508789042,-8.0178346049825,-0.5989225849505,7.418912020032,2.5020011111394003,1,0,1.1599,3,3,ok,False,2.388845732613655,0.780853955482372,0.780853955482372,0.8584001026825632,3.9192913625447465,18.18,0.5,1.0,5.776868752724489e-97,2.152300102586968e-98,3.169699688096027,2.113951613080805,2.714196543365607,0.778849865625244,True,0.5451975280553368,1.1734286955636628e-98
111342-37-1,O=C(O)C=1C(O)=C(O)C=C(C1C(=O)O)C,167.5140887833733,182.315893,0.53938,-0.66354,170.13600000000005,2.863938319866544,-7.7223189633395,-0.7126661744595001,7.00965278888,2.53753561045704,2,1,0.8026199999999999,4,4,ok,False,2.410397809136736,0.780853955482372,0.780853955482372,0.8799521792056442,3.9408434390678275,18.18,0.5,1.0,1.0284501424910976e-96,3.836748174976005e-98,3.191251764619108,3.099720496863102,2.714196543365607,1.1420398071170794,False,0.2713746552844061,1.0411962133971875e-98
444288-59-9,O=C(O)C=1C=CC=C(NCC=2OC(=CC2)C)C1C(=O)O,176.38491566051695,270.861078,0.53257,-0.66942,236.9360000000001,3.9658985841798833,-7.30897802443,-0.646542508788,6.662435515642,2.374893790936545,1,0,2.59652,3,4,ok,False,2.3736374426742515,0.780853955482372,0.780853955482372,0.8431918127431597,3.904083072605343,18.18,0.5,1.0,3.843565424735676e-97,1.430681691197689e-98,3.1544913981566234,1.7811063148514965,2.714196543365607,0.6562186217520277,True,0.6501040320871568,9.300919360808903e-99
927672-52-4,O=C(O)C=1C=CC=C(NC2=CC=C(C=C2)C(C)C)C1C(=O)O,171.72634192576658,314.10511833333334,0.53606,-0.65694,272.05600000000004,3.960618624659537,-7.141628006372501,-0.7235507284795,6.418077277893,2.4096405298923327,1,0,3.950000000000002,3,3,ok,False,2.3665865389324825,0.780853955482372,0.780853955482372,0.8361409090013907,3.897032168863574,18.18,0.5,1.0,3.1815350763496875e-97,1.1837483821863584e-98,3.1474404944148544,2.1791423621402024,2.714196543365607,0.8028682990797944,True,0.5248737583101911,6.2131846225176246e-99
851039-75-3,O=C(O)C=1C(O)=C(C(=C(C1C(=O)O)C)CC)CC=C,170.56521369841693,265.4399,0.53825,-0.6789,238.8400000000001,4.653536209163952,-7.810755964752,-0.617154212934,7.193601751818001,2.4685016078764823,2,2,2.3879200000000003,3,3,ok,False,2.3196003058248635,0.780853955482372,0.780853955482372,0.7891546758937718,3.850045935755955,18.18,0.5,1.0,9.008404816417978e-98,3.3422022047247317e-99,3.1004542613072354,2.3598136226590953,2.714196543365607,0.8694335818926818,True,0.4695808675452903,1.5694342108064216e-99
2499042-41-8,O=C(O)C=1C=CC=C(C#CCCCCCO)C1C(=O)O,174.7419484683613,274.8855223333333,0.53599,-0.65311,253.59200000000007,3.619077115785183,-8.1381089269035,-0.7020537342900001,7.436055192613501,2.6273499137683727,1,0,1.9872,3,3,ok,False,2.268326869706332,0.780853955482372,0.780853955482372,0.7378812397752401,3.7987724996374235,18.18,0.5,1.0,2.2639574887670634e-98,8.373485467122028e-100,3.049180825188704,1.7691717583852942,2.714196543365607,0.6518215354410256,True,0.653853921519589,5.475036309465026e-100
2541919-62-2,O=C(O)C=1C=CC=C(C#CC2=CC=CC(N)=C2)C1C(=O)O,171.0425787488922,323.3680336666667,0.53632,-0.65223,244.46400000000008,4.330587622944489,-7.25455525433,-0.7991983789185,6.455356875411501,2.5119814766603707,1,0,2.065,3,3,ok,False,2.2771620572517843,0.780853955482372,0.780853955482372,0.7467164273206925,3.807607687182876,18.18,0.5,1.0,2.8731122311707376e-98,1.0632181391350133e-99,3.0580160127341562,2.254005937621759,2.714196543365607,0.8304505225059307,True,0.5017526196312034,5.334724865504062e-100
13935-08-5,O=C(O)C=1C(Cl)=CC=C(O)C1C(=O)O,173.01629705833275,169.88149966666666,0.53419,-0.64358,162.49600000000004,3.729060704788808,-8.1696741335615,-0.6500799888445,7.519594144717,2.586178897512333,2,0,1.442,3,3,ok,False,2.230300673598686,0.780853955482372,0.780853955482372,0.6998550436675941,3.7607463035297775,18.18,0.5,1.0,8.106694761915193e-99,2.9914767975672364e-100,3.011154629081058,1.9592296361643922,2.714196543365607,0.7218451592805232,True,0.5938904323383271,1.77660944863728e-100
2604857-47-6,O=C(O)C=1C=CC=C(C#CC(N)CC)C1C(=O)O,173.15111487416283,249.17903866666668,0.53605,-0.65255,223.39200000000005,3.753248893958406,-8.137836813053,-0.7110334913565001,7.426803321696499,2.6358078392728226,1,0,1.1718,3,3,ok,False,2.2144484809703613,0.780853955482372,0.780853955482372,0.6840028510392695,3.744894110901453,18.18,0.5,1.0,5.2796316735001145e-99,1.946394308102653e-100,2.995302436452733,1.933479193489918,2.714196543365607,0.7123578424031155,True,0.6020265716865434,1.171781092457242e-100
927672-69-3,O=C(O)C=1C=CC=C(NC2=CC(OC)=CC=C2OC)C1C(=O)O,176.84013806461977,327.063416,0.53267,-0.66797,271.4560000000001,5.597234396556928,-6.836588379962,-0.6832778786055,6.153310501356501,2.297478265328714,1,0,2.8438000000000008,3,5,ok,False,2.1900653619369486,0.780853955482372,0.780853955482372,0.6596197320058568,3.72051099186804,18.18,0.5,1.0,2.7276512605425793e-99,1.0041048461241651e-100,2.9709193174193205,1.8317911785364802,2.714196543365607,0.6748926060693663,True,0.6341434871490785,6.36746548584467e-101
4821-92-5,O=C(O)C1=CC(O)=CC(=C1C(=O)O)C,173.49639442910006,174.32698533333334,0.5329,-0.66578,163.92800000000005,3.77751008469865,-8.166136653505,-0.5129346081924999,7.653202045312499,2.4606131368163715,1,1,1.09702,3,3,ok,False,2.163292951677935,0.780853955482372,0.780853955482372,0.6328473217468431,3.6937385816090265,18.18,0.5,1.0,1.3194184043798303e-99,4.849248322128229e-101,2.944146907160307,1.95170786819777,2.714196543365607,0.7190738905656588,True,0.5962666813325811,2.8914452039929864e-101
2890-08-6,O=C(O)C=1C=CC2=CC=C(N)C=C2C1C(=O)O,177.3753538363475,253.13627866666664,0.5344,-0.66036,194.23200000000008,5.012651319411714,-7.0970013348905,-0.9238265224475,6.173174812443,2.6053724976074992,1,1,1.8184,3,3,ok,False,2.135527337819479,0.780853955482372,0.780853955482372,0.605081707888387,3.6659729677505704,18.18,0.5,1.0,6.204934207260817e-100,2.276701016395675e-101,2.9163812933018507,1.686056295143884,2.714196543365607,0.6211990429599369,True,0.6798464936188297,1.5478072030150254e-101
2612215-19-5,O=C(O)C=1C=CC=C(C#CC=CCO)C1C(=O)O,177.1517663834154,258.7499136666667,0.53656,-0.65213,214.13600000000005,4.813746151387711,-7.789531084413,-0.815797323799,6.973733760614,2.654663898678168,1,0,0.983,3,3,ok,False,2.1153620781374958,0.780853955482372,0.780853955482372,0.584916448206404,3.6458077080685873,18.18,0.5,1.0,3.5845577713540377e-100,1.3136510357059026e-101,2.8962160336198677,1.6874119726370203,2.714196543365607,0.6216985194980122,True,0.6794245771346101,8.925267994369254e-102
858442-56-5,O=C(O)C1=CC(OC)=C(O)C(Br)=C1C(=O)O,177.18380097124822,207.959387,0.53665,-0.65,191.5600000000001,4.988837752422903,-8.019739401936,-0.6098071389705,7.4099322629655004,2.512474839812785,1,2,1.5597,3,4,ok,False,2.0587385297004754,0.780853955482372,0.780853955482372,0.5282928997693837,3.589184159631567,18.18,0.5,1.0,7.651481184452106e-101,2.7946074339803544e-102,2.8395924851828473,1.703135414201673,2.714196543365607,0.6274915567056847,True,0.6745255974891524,1.8850342491532254e-102
22931-21-1,O=C(O)C1=CC=C2NC=3C=CC=CC3C2=C1C(=O)O,171.78212558258787,281.555719,0.53382,-0.65596,210.92800000000005,5.73580927681526,-7.4240821831915005,-0.5210980237075,6.902984159484,2.286181130568404,1,1,2.717500000000001,3,2,ok,False,2.0453268811566225,0.780853955482372,0.780853955482372,0.5148812512255307,3.575772511087714,18.18,0.5,1.0,5.3034015515854057e-101,1.935452662176027e-102,2.8261808366389944,2.3605981635564497,2.714196543365607,0.8697226327719455,True,0.4693448663920017,9.083947711370512e-103
1344468-67-2,O=C(O)C1=CC=CC(=C1C(=O)O)C(N)C(O)C,167.4674777050107,217.05513033333327,0.53478,-0.65834,209.69600000000003,3.7825724381695593,-8.404508386543,-0.593752421791,7.810755964752,2.591576856971056,1,0,0.4636000000000001,4,4,ok,False,2.001850974635399,0.780853955482372,0.780853955482372,0.4714053447043074,3.5322966045664907,18.18,0.5,1.0,1.612997427322159e-101,5.871349487189037e-103,2.782704930117771,3.123495908503941,2.714196543365607,1.1507994570764586,False,0.2659786090850714,1.5616533700548875e-103
2556285-34-6,O=C(O)C=1C=CC=C(C#CCOCCN)C1C(=O)O,175.32367673573955,252.565485,0.5363,-0.65127,232.7920000000001,4.392716068675507,-8.357432690406501,-0.7434150395660001,7.614017650840501,2.719504774033544,1,0,0.4098000000000004,3,4,ok,False,1.8765510879262273,0.780853955482372,0.780853955482372,0.3461054579951355,3.406996717857319,18.18,0.5,1.0,5.132453660653807e-103,1.8544132524885846e-104,2.657405043408599,1.7704853780676644,2.714196543365607,0.6523055164871223,True,0.6534413569390686,1.2117503120319324e-104
2436698-26-7,O=C(O)C=1C=CC=C(C#CCOCCO)C1C(=O)O,174.83986676950855,245.60687666666664,0.53648,-0.6513,228.75200000000007,6.203358091388889,-8.2627370704325,-0.7338910547985,7.528846015634,2.687640225860085,1,0,0.4434,3,4,ok,False,1.8785899447105798,0.780853955482372,0.780853955482372,0.34814431477948804,3.4090355746416714,18.18,0.5,1.0,5.429730542349615e-103,1.962058780327707e-104,2.6594439001929517,2.0256361816638533,2.714196543365607,0.7463115324552223,True,0.5729362050392341,1.1241345116648648e-104
2545866-65-5,O=C(O)C=1C=CC=C(C#CC2=CC=CC(=C2)CO)C1C(=O)O,171.85999441487675,329.491378,0.53603,-0.65144,257.9920000000001,4.9265227432744085,-7.6836787965685,-0.8147088683970001,6.8689699281715,2.6285816381228213,1,0,1.9751,3,3,ok,False,1.8473594302886749,0.780853955482372,0.780853955482372,0.3169138003575831,3.3778050602197665,18.18,0.5,1.0,2.290276258048227e-103,8.260796559219762e-105,2.628213385771047,2.1870275092104046,2.714196543365607,0.8057734487048193,True,0.5224265649151038,4.3156595698956885e-105
65489-46-5,O=C(O)C=1C(O)=CC=C(OC)C1C(=O)O,173.78601901918924,181.26020633333331,0.53973,-0.65854,171.02400000000003,4.164423933751221,-7.5966023644085,-0.7801504093835,6.816451955024999,2.5735524689462363,2,0,0.7971999999999999,3,4,ok,False,1.8247612870061793,0.780853955482372,0.780853955482372,0.29431565707508756,3.355206916937271,18.18,0.5,1.0,1.2251463358337343e-103,4.41310527913009e-105,2.6056152424885513,1.9055660971733996,2.714196543365607,0.7020737322178207,True,0.6108477543129435,2.6957354493032112e-105
2477073-01-9,O=C(O)C=1C=CC=C(C#CC(O)CC(C)C)C1C(=O)O,174.5085434255539,276.1886216666667,0.53659,-0.65173,253.25600000000009,4.4149011823595785,-8.2594717042265,-0.744503494968,7.514968209258501,2.6970030720765004,1,0,1.8415,3,3,ok,False,1.7683567502039708,0.780853955482372,0.780853955482372,0.23791112027287897,3.2988023801350623,18.18,0.5,1.0,2.5612179616383824e-104,9.195263244802823e-106,2.5492107056863427,1.8383994150550076,2.714196543365607,0.677327299509191,True,0.6320591669279039,5.811950426192846e-106
2493699-24-2,O=C(O)C=1C=CC=C(C#CC(O)C(=O)O)C1C(=O)O,167.82250524264518,230.71635333333333,0.53617,-0.64924,214.52800000000005,4.320237378894822,-8.456754245839,-0.7491294304264999,7.707624815412501,2.7488459898652966,1,0,-0.1200000000000002,4,4,ok,False,1.786989667030296,0.780853955482372,0.780853955482372,0.25654403709920426,3.3174352969613876,18.18,0.5,1.0,4.2977916404386635e-104,1.544677166445703e-105,2.567843622512668,3.0585252233709106,2.714196543365607,1.126862102468945,False,0.28088268217559476,4.338730656066667e-106
3209-07-2,O=C(O)C=1C=C(O)C=C(O)C1C(=O)O,178.34687072236298,166.68031499999998,0.53777,-0.65807,154.22400000000005,2.264522684805785,-8.1816471429835,-0.5485815226080001,7.6330656203755005,2.4962739855813707,1,1,0.4942,4,4,ok,False,1.7124627662648901,0.780853955482372,0.780853955482372,0.18201713633379835,3.2429083961959817,18.18,0.5,1.0,5.402903264512808e-105,1.933409263111186e-106,2.493316721747262,2.059385374796498,2.714196543365607,0.75874585421248,True,0.5623137722448144,1.0871826560331178e-106
14170-96-8,O=C(O)C=1C(O)=CC(O)=C(OC)C1C(=O)O,168.15438491062986,186.911177,0.53203,-0.65099,181.08000000000004,4.449997238201391,-7.980555007464,-0.460416635046,7.520138372418,2.368640001724745,2,1,0.5027999999999999,4,5,ok,False,1.7377740511809545,0.780853955482372,0.780853955482372,0.20732842124986273,3.268219681112046,18.18,0.5,1.0,1.093813774048744e-104,3.9199716245303046e-106,2.5186280066633264,3.143111913643149,2.714196543365607,1.1580266437690199,False,0.26157722916108755,1.0253753159347242e-106
2507522-56-5,O=C(O)C=1C=CC=C(C#CC(O)CC)C1C(=O)O,173.93216022029137,241.84404400000005,0.5362,-0.6512,219.8400000000001,4.599758251256255,-8.2556621103195,-0.7211017038249999,7.5345604064945,2.6737554756836004,1,0,1.2054,3,3,ok,False,1.6651703795710358,0.780853955482372,0.780853955482372,0.13472474963994396,3.1956160095021273,18.18,0.5,1.0,1.442368660253402e-105,5.1472365806066507e-107,2.4460243350534077,1.9137146049128522,2.714196543365607,0.7050759126455315,True,0.6082726606089364,3.1309232896692515e-107
2497967-30-1,O=C(O)C=1C=CC=C(C#CCC(O)(C)C)C1C(=O)O,175.1858249599304,259.8397003333334,0.53617,-0.65306,236.0240000000001,5.476459427403804,-8.167225108907001,-0.7240949561805,7.443130152726501,2.6553201031581,1,0,1.5955,3,3,ok,False,1.6174697545556143,0.780853955482372,0.780853955482372,0.08702412462452247,3.147915384486706,18.18,0.5,1.0,3.79283520273103e-106,1.349758410718335e-107,2.398323710037986,1.8853704539687883,2.714196543365607,0.6946329876431596,True,0.6172291146100208,8.331101887851068e-108
128885-97-2,O=C(O)C=1C(O)=CC=C(OC=2C=CC=CC2)C1C(=O)O,173.35598288285638,259.95701133333336,0.53345,-0.65136,227.51200000000009,4.7134755170680585,-7.799871410732,-0.635113727067,7.164757683665,2.4826022531474874,2,0,2.5809,3,4,ok,False,1.6075238113927934,0.780853955482372,0.780853955482372,0.07707818146170164,3.137969441323885,18.18,0.5,1.0,2.869474555692856e-106,1.0205715324960134e-107,2.3883777668751653,2.0282104255141897,2.714196543365607,0.7472599692427603,True,0.572125182150692,5.838946739270925e-108
1344399-19-4,O=C(O)C1=CC=CC(=C1C(=O)O)C(N)CC,173.54714036035,211.3691433333333,0.53581,-0.66082,200.77600000000004,5.600355540499192,-8.511177015939,-0.6353858409174999,7.875791175021499,2.655593902735701,1,0,1.4928,3,3,ok,False,1.5969834696055436,0.780853955482372,0.780853955482372,0.06653783967445182,3.127429099536635,18.18,0.5,1.0,2.1346322667821381e-106,7.587492962012479e-108,2.3778374250879155,2.066793978321784,2.714196543365607,0.7614754293950124,True,0.5599852529753264,4.248884165781066e-108
1344627-58-2,O=C(O)C1=CC=C2OCC(N)C2=C1C(=O)O,172.8942935564903,199.4452493333333,0.53267,-0.65993,182.82400000000004,5.37430842155528,-8.0771554243915,-0.5221864791095,7.554968945281999,2.447021348098604,1,1,0.4752000000000001,3,4,ok,False,1.593356106348761,0.780853955482372,0.780853955482372,0.06291047641766911,3.1238017362798525,18.18,0.5,1.0,1.927923574651568e-106,6.851309646240813e-108,2.374210061831133,2.137609616758154,2.714196543365607,0.7875662585980291,True,0.5378042612565068,3.68466352293612e-108
2170725-07-0,O=C(O)C=1C=C(C=C(C1)C=2C=C(C(=O)O)C(C(=O)O)=C(C2)C(=O)O)C(=O)O,176.00273917006,334.848287,0.53656,-0.65304,293.4000000000001,2.7559303801075963,-8.445597577968499,-0.940425467328,7.505172110640499,2.9345572395980213,1,1,1.8446,5,5,ok,False,1.594251083855804,0.780853955482372,0.780853955482372,0.06380545392471215,3.1246967137868955,18.18,0.5,1.0,1.976989359895872e-106,7.026040930752394e-108,2.375105039338176,2.5203015432933418,2.714196543365607,0.928562653081919,True,0.42222007307661624,2.9665355152215727e-108
1344582-70-2,O=C(O)C1=CC=C2C(=C1C(=O)O)C(N)CC2,173.58901151773804,209.4647193333333,0.53289,-0.6628,190.61600000000004,4.7397656197326885,-8.4684551414105,-0.577969818462,7.8904853229485,2.5929268354567823,1,1,1.029,3,3,ok,False,1.5775430186381652,0.780853955482372,0.780853955482372,0.04709738870707336,3.1079886485692567,18.18,0.5,1.0,1.2363760585086564e-106,4.389710994692705e-108,2.358396974120537,1.978111170167144,2.714196543365607,0.728801742453877,True,0.5879272990472478,2.58083092870769e-108
1823242-79-0,O=C(O)C1=CC=C2C(=C1C(=O)O)C(N)CC2,173.58422340843757,209.46208066666668,0.53287,-0.66281,190.60800000000003,4.742532338318844,-8.4684551414105,-0.5782419323125001,7.890213209097999,2.5931722557679926,1,1,1.029,3,3,ok,False,1.5771862677170336,0.780853955482372,0.780853955482372,0.04674063778594184,3.107631897648125,18.18,0.5,1.0,1.224040349073112e-106,4.3458235706778144e-108,2.3580402231994055,1.9788794249636337,2.714196543365607,0.729084792993591,True,0.5876847376227329,2.5539741848884794e-108
2611109-09-0,O=C(O)C=1C=CC=C(C#CCCCCN)C1C(=O)O,174.16885460023258,265.03657066666665,0.53644,-0.65351,240.05600000000007,5.283613858903771,-8.11987729892,-0.719469020722,7.400408278198,2.639517997566285,1,0,1.5635,3,3,ok,False,1.5187992977074867,0.780853955482372,0.780853955482372,-0.011646332223605116,3.0492449276385782,18.18,0.5,1.0,2.3650915949527785e-107,8.368667563352748e-109,2.2996532531898586,1.9641870762738727,2.714196543365607,0.7236716445885228,True,0.592324501895245,4.95696684598981e-109
27229-82-9,O=C(O)C1=C(O)C=C(C(O)=C1C(=O)O)C,174.0513893485517,188.62143633333332,0.53352,-0.69357,169.84000000000003,1.8517999756993195,-7.7038152215055,-1.035121087302,6.6686941342035,2.8629671069220306,2,1,0.8026199999999999,4,4,ok,False,1.4085864483004613,0.780853955482372,0.780853955482372,-0.12185918163063048,2.939032078231553,18.18,0.5,1.0,1.0461076671320858e-108,3.678129644008241e-110,2.1894404037828332,2.1756396559035975,2.714196543365607,0.8015777859645351,True,0.525961666144835,1.9345551958592832e-110
1344518-77-9,O=C(O)C1=CC=CC(=C1C(=O)O)CC(N)CC(=O)O,168.3152857334783,234.7049693333333,0.53461,-0.65829,229.36000000000004,3.999424079789489,-8.468727255261,-0.5820515262195,7.8866757290414995,2.5966769576201814,1,0,0.4274999999999998,4,4,ok,False,1.4256816332450608,0.780853955482372,0.780853955482372,-0.10476399668603098,2.9561272631761524,18.18,0.5,1.0,1.6990418504173132e-108,5.979726721160362e-110,2.2065355887274327,3.028402066294298,2.714196543365607,1.115763732621616,False,0.28796143702399807,1.7219306996361382e-110
62351-68-2,O=C(O)C=1C=C(N)C=C(N)C1C(=O)O,177.72008621036824,191.87851933333332,0.52934,-0.6713,160.90400000000002,5.1124615538896725,-7.372380551596501,-0.304223284859,7.068157266737501,2.084356793361368,1,1,0.2473999999999999,4,4,ok,False,1.4036393777413636,0.780853955482372,0.780853955482372,-0.12680625218972819,2.934085007672455,18.18,0.5,1.0,9.090449849993185e-109,3.195307403771768e-110,2.1844933332237355,2.270504377198916,2.714196543365607,0.8365290946776787,True,0.496694104517208,1.587090349573623e-110
1400887-47-9,O=C(O)C=1C(O)=CC(O)=C(O)C1C(=O)O,174.94064504161304,170.59398833333333,0.53968,-0.65975,162.12800000000004,2.251221721643605,-7.556057400684,-0.759197642895,6.796859757789,2.5432136642414034,2,1,0.1997999999999998,5,5,ok,False,1.334078895563092,0.780853955482372,0.780853955482372,-0.19636673436799978,2.8645245254941836,18.18,0.5,1.0,1.2564700639794786e-109,4.39894251569406e-111,2.114932851045464,2.824511617175445,2.714196543365607,1.0406437308600531,False,0.3385987927931876,1.4894766253806364e-111
99595-55-8,O=C(O)C=1C(N)=CC=C(N)C1C(=O)O,169.1025303363783,191.07099433333332,0.52734,-0.69874,161.00000000000003,3.5327110085598568,-6.837132607663,-0.771714880018,6.065417727644999,2.3862560952280853,2,0,0.2473999999999999,4,4,ok,False,1.276909172818426,0.780853955482372,0.780853955482372,-0.2535364571126657,2.8073548027495177,18.18,0.5,1.0,2.4560322934273996e-110,8.570626250319927e-112,2.057763128300798,2.9590620194378046,2.714196543365607,1.0902165602821687,False,0.3046559571764678,2.6110923438929786e-112
444288-80-6,O=C(O)C=1OC(=CC1)CNC2=CC=CC(C(=O)O)=C2C(=O)O,178.87764487477466,281.8279163333333,0.53277,-0.66988,248.1440000000001,5.271936536985248,-7.4142860845735,-0.690080724868,6.7242053597055,2.4419525381975253,1,0,1.9863,4,5,ok,False,1.2322943799775175,0.780853955482372,0.780853955482372,-0.29815124995357434,2.762740009908609,18.18,0.5,1.0,6.845198926589215e-111,2.382656356583614e-112,2.0131483354598894,2.0271568453079722,2.714196543365607,0.746871795361693,True,0.5724571012322082,1.3639685511223503e-112
93236-57-8,O=C(O)C1=C(Cl)C(O)=C(O)C(Cl)=C1C(=O)O,168.98067025147867,194.83657133333332,0.53565,-0.64053,185.36000000000004,3.4794182746545435,-8.2904926831835,-0.535520057784,7.7549726253995,2.5112435809439,2,2,1.8010000000000002,4,4,ok,False,1.2104333423818705,0.780853955482372,0.780853955482372,-0.3200122875492213,2.740878972312962,18.18,0.5,1.0,3.65591976279121e-111,1.2709617134762303e-112,1.9912872978642424,2.923991723083162,2.714196543365607,1.0772955002946871,False,0.3133089248124742,3.9820364792705757e-113
1344571-16-9,O=C(O)C1=CC=CC(=C1C(=O)O)C(N)CO,170.95817857442287,200.71636066666667,0.53565,-0.6595,192.64000000000004,2.4619168020061117,-8.525599050015499,-0.6348416132165,7.890757436798999,2.658606408088851,1,0,0.0751,4,4,ok,False,0.9926538717054658,0.780853955482372,0.780853955482372,-0.537791758225626,2.5230995016365574,18.18,0.5,1.0,6.774944833744804e-114,2.3264988772488254e-115,1.7735078271878377,2.597725672889779,2.714196543365607,0.9570882695431466,True,0.4001091253535458,9.308534309120339e-116
2567208-51-7,O=C(O)C=1C=CC=C(C#CCC(N)CO)C1C(=O)O,178.39577982899746,254.0491483333333,0.53677,-0.65319,231.88000000000005,4.810253687696732,-8.1381089269035,-0.731442030144,7.406666896759501,2.655341980279982,1,0,0.1442000000000002,4,4,ok,False,0.7992222704900662,0.780853955482372,0.780853955482372,-0.7312233594410256,2.329667900421158,18.18,0.5,1.0,2.3767932837195172e-116,8.074221212916144e-118,1.5800762259724381,1.971380937596083,2.714196543365607,0.7263221016233291,True,0.5900524809317171,4.764214258272669e-118
2167757-40-4,O=C(O)C1=CC=CC(=C1C(=O)O)C(N)CO,169.49784332957725,200.414544,0.53578,-0.65973,192.72800000000004,3.670189666761106,-8.3993382233835,-0.629671450057,7.769666773326501,2.6231181484820265,1,0,0.0751,4,4,ok,False,0.8168861396024223,0.780853955482372,0.780853955482372,-0.7135594903286695,2.347331769533514,18.18,0.5,1.0,3.992766634779456e-116,1.3577167304382733e-117,1.5977400950847942,2.837605672905876,2.714196543365607,1.0454680151450055,False,0.33520822580266096,4.551178163528033e-118
1451010-89-1,O=C(O)C1=CC=C(O)C(N)=C1C(=O)O,178.06302611085988,177.453095,0.53088,-0.67715,157.92000000000004,3.789506065439136,-7.3522441266595,-0.592663966389,6.7595801602705,2.33452237825306,1,1,0.3707999999999999,4,4,ok,False,0.7516871979345954,0.780853955482372,0.780853955482372,-0.7787584319964964,2.282132827865687,18.18,0.5,1.0,5.8699456059696996e-117,1.9888358243981817e-118,1.5325411534169673,2.114324644411284,2.714196543365607,0.7789873027358288,True,0.5450808112305628,1.084076244567366e-118
1547163-18-7,O=C(O)C=1C=C(O)C=C(N)C1C(=O)O,176.82137535634538,177.624052,0.53139,-0.66695,157.96000000000004,5.199842329340381,-7.496192353574,-0.3975583355805,7.0986340179935,2.194482057554365,1,1,0.3708000000000001,4,4,ok,False,0.7478008325386867,0.780853955482372,0.780853955482372,-0.7826447973924051,2.2782464624697782,18.18,0.5,1.0,5.234880943173372e-117,1.7732837605708006e-118,1.5286547880210586,2.3022820826121224,2.714196543365607,0.8482370549913418,True,0.4869927215662625,8.635762846696308e-119
1344470-19-4,O=C(O)C1=CC=CC(=C1C(=O)O)C(N)C(O)C,169.60034099741705,216.868277,0.53499,-0.657,209.15200000000004,3.743328279753193,-8.583287186321499,-0.597017787997,7.986269398324499,2.638215517722778,1,0,0.4636000000000001,4,4,ok,False,0.7448169889309231,0.780853955482372,0.780853955482372,-0.7856286410001687,2.2752626188620146,18.18,0.5,1.0,4.794245887113434e-117,1.6237531750549058e-118,1.525670944413295,2.8270695643133577,2.714196543365607,1.0415861633983912,False,0.33793499118055265,5.487230148915739e-119
312303-68-7,O=C(O)C=1C=CC=C(NN)C1C(=O)O,178.1008263494847,183.240218,0.53219,-0.67114,161.60000000000005,3.711156040912319,-7.338366320283999,-0.635113727067,6.703252593216999,2.371102057598025,1,0,0.3686000000000001,4,4,ok,False,0.7235942841113943,0.780853955482372,0.780853955482372,-0.8068513458196975,2.254039914042486,18.18,0.5,1.0,2.564098335928111e-117,8.674103914721536e-119,1.5044482395937662,2.100012464000146,2.714196543365607,0.7737142209296781,True,0.5495619923001619,4.766957828793001e-119
50662-94-7,O=C(O)C=1C=CC=C(OC2=CC=CC(C(=O)O)=C2C(=O)O)C1C(=O)O,177.73207833308558,304.2032546666667,0.5364,-0.65441,274.59200000000004,4.621041238725316,-8.2877715446785,-0.866410499992,7.421361044686501,2.8229002875074274,1,0,2.2717,4,5,ok,False,0.7099236383367789,0.780853955482372,0.780853955482372,-0.8205219915943129,2.2403692682678704,18.18,0.5,1.0,1.7127496316118e-117,5.789696184492538e-119,1.4907775938191508,1.9760377072400686,2.714196543365607,0.7280378099626417,True,0.5885819834931768,3.407710864091496e-119
955-04-4,O=C(O)C1=CC(O)=C(C(=O)O)C(=C1C(=O)O)C,174.39298104054873,203.58091266666668,0.53569,-0.65557,189.66400000000004,4.267127188167702,-8.2915811385855,-1.1423339443990002,7.149247194186499,3.1121722111291983,1,2,0.79522,4,4,ok,False,0.7153184050500521,0.780853955482372,0.780853955482372,-0.8151272248810397,2.2457640349811436,18.18,0.5,1.0,2.0084637575436163e-117,6.791337585680294e-119,1.496172360532424,2.2715625972078306,2.714196543365607,0.8369189780158994,True,0.49637014238263355,3.3710172043726587e-119
444288-63-5,O=C(O)C=1C=CC=C(NCC=2OC(=CC2)CO)C1C(=O)O,175.0955013030239,276.32946066666665,0.53252,-0.66915,245.80800000000005,6.024380553218729,-7.328570221666,-0.6473588503395,6.6812113713265004,2.3803858696447806,1,0,1.7804,4,5,ok,False,0.6050880070266924,0.780853955482372,0.780853955482372,-0.9253576229043994,2.135533636957784,18.18,0.5,1.0,7.680938697647942e-119,2.581479093521056e-120,1.3859419625090643,2.4483637815302566,2.714196543365607,0.9020583964395896,True,0.44321098837693035,1.1441399005138494e-120
6274-40-4,O=C(O)C1=CC(O)=CC(C(=O)O)=C1C(=O)O,172.56726126529276,181.81516066666669,0.53594,-0.65731,175.13600000000005,2.565939784952094,-8.421379445273999,-0.7866811417955001,7.634698303478498,2.7764155309356378,1,1,0.4868,4,4,ok,False,0.5448079822317897,0.780853955482372,0.780853955482372,-0.9856376476993021,2.0752536121628813,18.18,0.5,1.0,1.2782664027758043e-119,4.28193748382948e-121,1.3256619377141616,2.3581268287856854,2.714196543365607,0.8688121111014331,True,0.4700884152594961,2.012889206013634e-121
93236-56-7,O=C(O)C1=C(Cl)C(Cl)=C(O)C(O)=C1C(=O)O,171.6434888150853,196.78568600000003,0.54279,-0.64513,183.66400000000004,5.332536320551412,-8.0640939595675,-0.9499494520955,7.114144507472001,2.855332026992317,2,2,1.8010000000000002,4,4,ok,False,0.5493796264657149,0.780853955482372,0.780853955482372,-0.9810660034653769,2.0798252563968065,18.18,0.5,1.0,1.464790975105342e-119,4.907985792617023e-121,1.3302335819480868,2.6971410629916073,2.714196543365607,0.9937161955291377,True,0.3725172709552146,1.8283094733526592e-121
58974-91-7,O=C(O)C=1C=CC=C(SC2=CC=CC(C(=O)O)=C2C(=O)O)C1C(=O)O,176.1588397930557,330.5939396666667,0.53596,-0.65179,284.05600000000004,3.073801595744267,-8.010487531018999,-0.8443692781015,7.166118252917499,2.73538917244722,1,0,2.6306,4,5,ok,False,0.21884677794478513,0.780853955482372,0.780853955482372,-1.3115988519863067,1.749292407875877,18.18,0.5,1.0,7.088950313065743e-124,2.333027023333253e-125,0.9997007334271572,2.1005668403346625,2.714196543365607,0.7739184715525269,True,0.5493883004926664,1.2817377513525202e-125
202262-76-8,O=C(O)C=1C=CC=C(NO)C1C(=O)O,171.9182299867726,170.00416666666666,0.53441,-0.6647,159.63200000000003,5.093633408481612,-7.993344358437501,-0.5874938032295001,7.405850555208,2.4855613480122645,1,0,0.8840999999999999,4,4,ok,False,0.04948497811887975,0.780853955482372,0.780853955482372,-1.480960651812212,1.5799306080499715,18.18,0.5,1.0,4.0683758312070756e-126,1.3268462496448016e-127,0.8303389336012518,2.6633969811368328,2.714196543365607,0.9812837569361198,True,0.38177730497971535,5.065597853118349e-128
93236-58-9,O=C(O)C1=CC(O)=C(O)C(Cl)=C1C(=O)O,177.0615350420876,179.42272866666667,0.53708,-0.64748,170.12000000000003,4.111520728392355,-8.171034702814,-0.6239570591965,7.5470776436174996,2.562312319631705,1,2,1.1475999999999995,4,4,ok,False,0.020512416927484622,0.780853955482372,0.780853955482372,-1.5099332130036072,1.5509580468585764,18.18,0.5,1.0,1.6748848399145527e-126,5.453989582143457e-128,0.8013663724098566,2.1198095956733054,2.714196543365607,0.7810081406428803,True,0.5433651508320281,2.963507871937689e-128
1498086-40-0,O=C(O)C1=C(O)C=C(OC)C(O)=C1C(=O)O,175.81534367331972,191.13772766666668,0.53775,-0.65648,178.65600000000003,4.716886936317215,-7.5938812259035,-0.5428671317475,7.051014094156,2.347416731538285,2,1,0.5027999999999999,4,5,ok,False,-0.0692926781507861,0.780853955482372,0.780853955482372,-1.599738308081878,1.4611529517803057,18.18,0.5,1.0,1.060404837986182e-127,3.436609727815146e-129,0.7115612773315859,2.314062779727362,2.714196543365607,0.8525774544160024,True,0.48341087417353923,1.6612945127164082e-129
1005516-29-9,O=C(O)C=1C=CC=C(NC(=O)CO)C1C(=O)O,173.4786145782297,205.952725,0.53425,-0.66277,194.7680000000001,4.2403139718657625,-8.320969434439501,-0.758653415194,7.562316019245501,2.725340718431516,1,0,0.0138,4,4,ok,False,-0.437196907212936,0.780853955482372,0.780853955482372,-1.9676425371440278,1.0932487227181558,18.18,0.5,1.0,1.1367311600064171e-132,3.6135462290865575e-134,0.343657048269436,2.4193548494169193,2.714196543365607,0.8913705440125999,True,0.4517883564575371,1.6325581118223466e-134
148870-39-7,O=C(O)C1=C(O)C=2C=CC=CC2C(O)=C1C(=O)O,174.9147355804996,247.02482166666664,0.53854,-0.66193,197.20800000000008,4.548948166334719,-7.317141439944999,-0.8802883063674999,6.436853133577499,2.609887667593152,2,2,1.6474000000000002,4,4,ok,False,-0.45988695786678946,0.780853955482372,0.780853955482372,-1.9903325877978812,1.0705586720643023,18.18,0.5,1.0,5.571850607257166e-133,1.769145481013866e-134,0.32096699761558256,2.330777488647454,2.714196543365607,0.8587357073844354,True,0.4783431030659203,8.462585391632229e-135
610-27-5,O=C(O)C1=CC=C(C=C1C(=O)O)N(=O)=O,187.00675119298228,174.77171633333333,0.53739,-0.64925,162.72800000000004,6.39552193726204,-9.4339150829845,-1.997859890371,7.4360551926135,4.393642719706132,0,1,0.9912,2,4,ok,True,15.665795538786004,0.780853955482372,0.780853955482372,14.135349908854911,17.196241168717094,18.18,0.5,1.0,0.0,0.0,-inf,2.1569385114630277,2.714196543365607,0.7946876642869869,True,0.5317783649033805,0.0
2479-49-4,O=C(O)C1=CC=C(C=C1C(=O)O)C(=O)C2=CC=C(C(=O)O)C(=C2)C(=O)O,189.46882237701325,324.62148833333333,0.53452,-0.65679,285.6960000000001,4.47250366237972,-9.0540441476865,-1.455809100175,7.5982350475115,3.634298445655505,0,1,1.7104,4,5,ok,True,13.990846488983362,0.780853955482372,0.780853955482372,12.46040085905227,15.521292118914454,18.18,0.5,1.0,0.0,0.0,-inf,1.3170764008562812,2.714196543365607,0.4852546157998952,True,0.7901977549262561,0.0
88-99-3,O=C(O)C=1C=CC=CC1C(=O)O,186.15748215999335,148.1550736,0.53177,-0.66663,139.36000000000004,1.2822034393964166,-8.984110888108,-0.6887201556155,8.2953907324925,2.8197484427688977,0,0,1.083,2,2,ok,True,13.329866199873562,0.780853955482372,0.780853955482372,11.79942056994247,14.860311829804655,18.18,0.5,1.0,0.0,0.0,-inf,0.6500597088161598,2.714196543365607,0.23950355047246688,True,0.9442522347597364,0.0
10595-31-0,O=C(O)C1=CC=C(C=C1C(=O)O)S(=O)(=O)C2=CC=C(C(=O)O)C(=C2)C(=O)O,189.0335683550712,334.0900596666666,0.5374,-0.65043,300.20000000000005,8.779619449611697,-9.209421156322,-1.237573792074,7.971847364248001,3.4226603466242773,0,1,1.3122000000000005,4,6,ok,True,13.029767317137651,0.780853955482372,0.780853955482372,11.499321687206558,14.560212947068743,18.18,0.5,1.0,0.0,0.0,-inf,1.7252680631348447,2.714196543365607,0.6356459584151964,True,0.667613554250078,0.0
603-11-2,O=C(O)C1=CC=CC(=C1C(=O)O)N(=O)=O,173.77697112917815,174.16463066666665,0.53835,-0.64676,162.20000000000005,4.908302645518102,-9.4061594702335,-1.8996267903405,7.506532679892999,4.256985495852321,1,0,0.9912,2,4,ok,True,12.497058378347132,0.780853955482372,0.780853955482372,10.96661274841604,14.027504008278225,18.18,0.5,1.0,0.0,0.0,-inf,2.2026008766186527,2.714196543365607,0.8115111936173292,True,0.5176010965001278,0.0
1885-13-8,O=C(O)C1=CC=C(OC)C=C1C(=O)O,186.9281764623113,175.53717500000002,0.53269,-0.66232,164.19200000000004,3.7278227640272816,-8.170218361262501,-0.5477651810565,7.622453180206001,2.492742009931602,0,1,1.0916,2,3,ok,True,12.336226018140362,0.780853955482372,0.780853955482372,10.80578038820927,13.866671648071454,18.18,0.5,1.0,0.0,0.0,-inf,0.4969296291468629,2.714196543365607,0.1830853518554222,True,0.9670353323739537,0.0
89-05-4,O=C(O)C=1C=C(C(=O)O)C(=CC1C(=O)O)C(=O)O,185.99041085287317,200.623436,0.53569,-0.65158,195.0480000000001,3.419398349125179,-9.337858893758002,-1.4568975555769998,7.8809613381810015,3.6964642319687817,0,2,0.4794000000000001,4,4,ok,True,12.114911567553351,0.780853955482372,0.780853955482372,10.584465937622259,13.645357197484444,18.18,0.5,1.0,0.0,0.0,-inf,1.245809960895784,2.714196543365607,0.4589976963683618,True,0.8100341390152008,0.0
2169-87-1,O=C(O)C1=CC=2C=CC=CC2C=C1C(=O)O,185.0290207783152,232.25085633333333,0.53127,-0.67131,182.84800000000004,2.5326000098712784,-7.8404163744565,-0.6898086110175,7.150607763439,2.5440053737407617,0,2,2.2362,2,2,ok,True,11.959308102413035,0.780853955482372,0.780853955482372,10.428862472481942,13.489753732344127,18.18,0.5,1.0,0.0,0.0,-inf,0.5289881198956046,2.714196543365607,0.1948967627965728,True,0.9627276241579039,0.0
651-97-8,O=C(O)C=1C(F)=CC=C(F)C1C(=O)O,179.0190944252998,143.91094203333333,0.53586,-0.64279,149.46400000000003,0.918522019333233,-8.8450607105025,-0.8704922077495,7.974568502753,2.959155986771219,2,0,1.3612000000000002,2,2,ok,True,11.839934907745445,0.780853955482372,0.780853955482372,10.309489277814352,13.370380537676537,18.18,0.5,1.0,0.0,0.0,-inf,0.8896096467349179,2.714196543365607,0.3277616902539419,True,0.8981414327399522,0.0
528-44-9,O=C(O)C1=CC=C(C(=O)O)C(=C1)C(=O)O,186.09190747153525,174.987838,0.53528,-0.65516,166.96800000000005,1.9379577007767737,-9.2075163593685,-1.152130043017,8.0553863163515,3.330761225088828,0,1,0.7811999999999999,3,3,ok,True,11.82968472002287,0.780853955482372,0.780853955482372,10.299239090091778,13.360130349953963,18.18,0.5,1.0,0.0,0.0,-inf,1.2306639098600134,2.714196543365607,0.4534173889758141,True,0.8141689912034751,0.0
18959-91-6,O=C(O)C1=CC=C(OC2=CC=CC(OC3=CC=C(C(=O)O)C(=C3)C(=O)O)=C2)C=C1C(=O)O,190.58449235351785,413.08934,0.53319,-0.66022,355.0160000000001,5.812796361476979,-8.313622360476,-0.5684458336945,7.7451765267815,2.5464602108519774,0,1,4.064000000000003,4,6,ok,True,10.067982203841664,0.780853955482372,0.780853955482372,8.537536573910572,11.598427833772757,18.18,0.5,1.0,0.0,0.0,-inf,1.429503088287222,2.714196543365607,0.526676335131809,True,0.7577604578226143,0.0
27563-65-1,O=C(O)C=1C=CC=C(Cl)C1C(=O)O,178.43293502144806,162.448114,0.53766,-0.64776,153.97600000000003,2.109936404254877,-8.7900937127015,-0.811987729892,7.978105982809501,2.8891559045737982,1,0,1.7364000000000002,2,2,ok,True,9.986719648783112,0.780853955482372,0.780853955482372,8.45627401885202,11.517165278714204,18.18,0.5,1.0,0.0,0.0,-inf,0.8094161571709211,2.714196543365607,0.2982157497582117,True,0.9149072056826938,0.0
14963-97-4,O=C(O)C=1C=CC=C(OC)C1C(=O)O,182.10747297796223,171.9812003333333,0.5353,-0.65898,163.81600000000003,4.315474756037856,-8.1065437202455,-0.6353858409174999,7.471157879328,2.5572118032663407,1,0,1.0916,2,3,ok,True,8.961124170525233,0.780853955482372,0.780853955482372,7.430678540594141,10.491569800456325,18.18,0.5,1.0,0.0,0.0,-inf,0.9445687694489487,2.714196543365607,0.34801045331731295,True,0.8859353711016945,0.0
10351-75-4,O=C(O)C1=CC=2N=CNC2C=C1C(=O)O,184.6104120852949,188.57241966666663,0.53081,-0.67271,164.04800000000003,6.223521663013635,-8.3073637419145,-0.4408244378099999,7.8665393041045,2.432162144919947,0,2,0.9593,3,3,ok,True,7.154113374536038,0.780853955482372,0.780853955482372,5.623667744604947,8.68455900446713,18.18,0.5,1.0,0.0,0.0,-inf,1.284281713298666,2.714196543365607,0.47317196554460095,True,0.7994016977096244,0.0
3786-46-7,O=C(O)C=1C(O)=CC=C(O)C1C(=O)O,174.1235627185381,168.58690256666668,0.53398,-0.69209,153.15200000000004,2.548500580733699,-7.778102302692,-1.119476380957,6.658625921735,2.972343970146659,2,0,0.4941999999999998,4,4,ok,True,0.8702574747327443,0.780853955482372,0.780853955482372,-0.6601881551983475,2.400703104663836,18.18,0.5,1.0,0.0,0.0,-inf,2.1003607230582295,2.714196543365607,0.7738425311137489,True,0.549452878097336,0.0
